WARNING - 2026-01-03 00:45:59 --> [DEPRECATED] Optional parameter $colores declared before required parameter $buscar is implicitly treated as a required parameter in APPPATH\Models\producto_Model.php on line 74.
 1 SYSTEMPATH\Autoloader\Autoloader.php(311): include_once('C:\\xampp\\htdocs\\proyecto_espinola_emilia\\system\\Debug\\Exceptions.php')
 2 SYSTEMPATH\Autoloader\Autoloader.php(290): CodeIgniter\Autoloader\Autoloader->includeFile('C:\\xampp\\htdocs\\proyecto_espinola_emilia\\app\\Models\\producto_Model.php')
 3 SYSTEMPATH\Autoloader\Autoloader.php(266): CodeIgniter\Autoloader\Autoloader->loadInNamespace('App\\Models\\producto_Model')
 4 APPPATH\Controllers\Home.php(12): CodeIgniter\Autoloader\Autoloader->loadClass('App\\Models\\producto_Model')
 5 SYSTEMPATH\CodeIgniter.php(943): App\Controllers\Home->inicio()
 6 SYSTEMPATH\CodeIgniter.php(503): CodeIgniter\CodeIgniter->runController(Object(App\Controllers\Home))
 7 SYSTEMPATH\CodeIgniter.php(361): CodeIgniter\CodeIgniter->handleRequest(null, Object(Config\Cache), false)
 8 FCPATH\index.php(79): CodeIgniter\CodeIgniter->run()
WARNING - 2026-01-03 00:45:59 --> [DEPRECATED] Optional parameter $talles declared before required parameter $buscar is implicitly treated as a required parameter in APPPATH\Models\producto_Model.php on line 0.
 1 SYSTEMPATH\Autoloader\Autoloader.php(311): include_once('C:\\xampp\\htdocs\\proyecto_espinola_emilia\\system\\Debug\\Exceptions.php')
 2 SYSTEMPATH\Autoloader\Autoloader.php(290): CodeIgniter\Autoloader\Autoloader->includeFile('C:\\xampp\\htdocs\\proyecto_espinola_emilia\\app\\Models\\producto_Model.php')
 3 SYSTEMPATH\Autoloader\Autoloader.php(266): CodeIgniter\Autoloader\Autoloader->loadInNamespace('App\\Models\\producto_Model')
 4 APPPATH\Controllers\Home.php(12): CodeIgniter\Autoloader\Autoloader->loadClass('App\\Models\\producto_Model')
 5 SYSTEMPATH\CodeIgniter.php(943): App\Controllers\Home->inicio()
 6 SYSTEMPATH\CodeIgniter.php(503): CodeIgniter\CodeIgniter->runController(Object(App\Controllers\Home))
 7 SYSTEMPATH\CodeIgniter.php(361): CodeIgniter\CodeIgniter->handleRequest(null, Object(Config\Cache), false)
 8 FCPATH\index.php(79): CodeIgniter\CodeIgniter->run()
WARNING - 2026-01-03 00:45:59 --> [DEPRECATED] Optional parameter $categoria_id declared before required parameter $buscar is implicitly treated as a required parameter in APPPATH\Models\producto_Model.php on line 0.
 1 SYSTEMPATH\Autoloader\Autoloader.php(311): include_once('C:\\xampp\\htdocs\\proyecto_espinola_emilia\\system\\Debug\\Exceptions.php')
 2 SYSTEMPATH\Autoloader\Autoloader.php(290): CodeIgniter\Autoloader\Autoloader->includeFile('C:\\xampp\\htdocs\\proyecto_espinola_emilia\\app\\Models\\producto_Model.php')
 3 SYSTEMPATH\Autoloader\Autoloader.php(266): CodeIgniter\Autoloader\Autoloader->loadInNamespace('App\\Models\\producto_Model')
 4 APPPATH\Controllers\Home.php(12): CodeIgniter\Autoloader\Autoloader->loadClass('App\\Models\\producto_Model')
 5 SYSTEMPATH\CodeIgniter.php(943): App\Controllers\Home->inicio()
 6 SYSTEMPATH\CodeIgniter.php(503): CodeIgniter\CodeIgniter->runController(Object(App\Controllers\Home))
 7 SYSTEMPATH\CodeIgniter.php(361): CodeIgniter\CodeIgniter->handleRequest(null, Object(Config\Cache), false)
 8 FCPATH\index.php(79): CodeIgniter\CodeIgniter->run()
INFO - 2026-01-03 00:46:00 --> Session: Class initialized using 'CodeIgniter\Session\Handlers\FileHandler' driver.
INFO - 2026-01-03 00:46:11 --> Session: Class initialized using 'CodeIgniter\Session\Handlers\FileHandler' driver.
INFO - 2026-01-03 00:46:25 --> Session: Class initialized using 'CodeIgniter\Session\Handlers\FileHandler' driver.
INFO - 2026-01-03 00:46:25 --> Session: Class initialized using 'CodeIgniter\Session\Handlers\FileHandler' driver.
WARNING - 2026-01-03 00:46:25 --> [DEPRECATED] Optional parameter $colores declared before required parameter $buscar is implicitly treated as a required parameter in APPPATH\Models\producto_Model.php on line 74.
 1 SYSTEMPATH\Autoloader\Autoloader.php(311): include_once('C:\\xampp\\htdocs\\proyecto_espinola_emilia\\system\\Debug\\Exceptions.php')
 2 SYSTEMPATH\Autoloader\Autoloader.php(290): CodeIgniter\Autoloader\Autoloader->includeFile('C:\\xampp\\htdocs\\proyecto_espinola_emilia\\app\\Models\\producto_Model.php')
 3 SYSTEMPATH\Autoloader\Autoloader.php(266): CodeIgniter\Autoloader\Autoloader->loadInNamespace('App\\Models\\producto_Model')
 4 APPPATH\Controllers\producto_controller.php(14): CodeIgniter\Autoloader\Autoloader->loadClass('App\\Models\\producto_Model')
 5 SYSTEMPATH\CodeIgniter.php(943): App\Controllers\producto_controller->index()
 6 SYSTEMPATH\CodeIgniter.php(503): CodeIgniter\CodeIgniter->runController(Object(App\Controllers\producto_controller))
 7 SYSTEMPATH\CodeIgniter.php(361): CodeIgniter\CodeIgniter->handleRequest(null, Object(Config\Cache), false)
 8 FCPATH\index.php(79): CodeIgniter\CodeIgniter->run()
WARNING - 2026-01-03 00:46:25 --> [DEPRECATED] Optional parameter $talles declared before required parameter $buscar is implicitly treated as a required parameter in APPPATH\Models\producto_Model.php on line 74.
 1 SYSTEMPATH\Autoloader\Autoloader.php(311): include_once('C:\\xampp\\htdocs\\proyecto_espinola_emilia\\system\\Debug\\Exceptions.php')
 2 SYSTEMPATH\Autoloader\Autoloader.php(290): CodeIgniter\Autoloader\Autoloader->includeFile('C:\\xampp\\htdocs\\proyecto_espinola_emilia\\app\\Models\\producto_Model.php')
 3 SYSTEMPATH\Autoloader\Autoloader.php(266): CodeIgniter\Autoloader\Autoloader->loadInNamespace('App\\Models\\producto_Model')
 4 APPPATH\Controllers\producto_controller.php(14): CodeIgniter\Autoloader\Autoloader->loadClass('App\\Models\\producto_Model')
 5 SYSTEMPATH\CodeIgniter.php(943): App\Controllers\producto_controller->index()
 6 SYSTEMPATH\CodeIgniter.php(503): CodeIgniter\CodeIgniter->runController(Object(App\Controllers\producto_controller))
 7 SYSTEMPATH\CodeIgniter.php(361): CodeIgniter\CodeIgniter->handleRequest(null, Object(Config\Cache), false)
 8 FCPATH\index.php(79): CodeIgniter\CodeIgniter->run()
WARNING - 2026-01-03 00:46:25 --> [DEPRECATED] Optional parameter $categoria_id declared before required parameter $buscar is implicitly treated as a required parameter in APPPATH\Models\producto_Model.php on line 74.
 1 SYSTEMPATH\Autoloader\Autoloader.php(311): include_once('C:\\xampp\\htdocs\\proyecto_espinola_emilia\\system\\Debug\\Exceptions.php')
 2 SYSTEMPATH\Autoloader\Autoloader.php(290): CodeIgniter\Autoloader\Autoloader->includeFile('C:\\xampp\\htdocs\\proyecto_espinola_emilia\\app\\Models\\producto_Model.php')
 3 SYSTEMPATH\Autoloader\Autoloader.php(266): CodeIgniter\Autoloader\Autoloader->loadInNamespace('App\\Models\\producto_Model')
 4 APPPATH\Controllers\producto_controller.php(14): CodeIgniter\Autoloader\Autoloader->loadClass('App\\Models\\producto_Model')
 5 SYSTEMPATH\CodeIgniter.php(943): App\Controllers\producto_controller->index()
 6 SYSTEMPATH\CodeIgniter.php(503): CodeIgniter\CodeIgniter->runController(Object(App\Controllers\producto_controller))
 7 SYSTEMPATH\CodeIgniter.php(361): CodeIgniter\CodeIgniter->handleRequest(null, Object(Config\Cache), false)
 8 FCPATH\index.php(79): CodeIgniter\CodeIgniter->run()
INFO - 2026-01-03 00:46:32 --> Session: Class initialized using 'CodeIgniter\Session\Handlers\FileHandler' driver.
WARNING - 2026-01-03 00:47:26 --> [DEPRECATED] Optional parameter $colores declared before required parameter $buscar is implicitly treated as a required parameter in APPPATH\Models\producto_Model.php on line 74.
 1 SYSTEMPATH\Autoloader\Autoloader.php(311): include_once('C:\\xampp\\htdocs\\proyecto_espinola_emilia\\system\\Debug\\Exceptions.php')
 2 SYSTEMPATH\Autoloader\Autoloader.php(290): CodeIgniter\Autoloader\Autoloader->includeFile('C:\\xampp\\htdocs\\proyecto_espinola_emilia\\app\\Models\\producto_Model.php')
 3 SYSTEMPATH\Autoloader\Autoloader.php(266): CodeIgniter\Autoloader\Autoloader->loadInNamespace('App\\Models\\producto_Model')
 4 APPPATH\Controllers\producto_controller.php(106): CodeIgniter\Autoloader\Autoloader->loadClass('App\\Models\\producto_Model')
 5 SYSTEMPATH\CodeIgniter.php(943): App\Controllers\producto_controller->create()
 6 SYSTEMPATH\CodeIgniter.php(503): CodeIgniter\CodeIgniter->runController(Object(App\Controllers\producto_controller))
 7 SYSTEMPATH\CodeIgniter.php(361): CodeIgniter\CodeIgniter->handleRequest(null, Object(Config\Cache), false)
 8 FCPATH\index.php(79): CodeIgniter\CodeIgniter->run()
WARNING - 2026-01-03 00:47:26 --> [DEPRECATED] Optional parameter $talles declared before required parameter $buscar is implicitly treated as a required parameter in APPPATH\Models\producto_Model.php on line 0.
 1 SYSTEMPATH\Autoloader\Autoloader.php(311): include_once('C:\\xampp\\htdocs\\proyecto_espinola_emilia\\system\\Debug\\Exceptions.php')
 2 SYSTEMPATH\Autoloader\Autoloader.php(290): CodeIgniter\Autoloader\Autoloader->includeFile('C:\\xampp\\htdocs\\proyecto_espinola_emilia\\app\\Models\\producto_Model.php')
 3 SYSTEMPATH\Autoloader\Autoloader.php(266): CodeIgniter\Autoloader\Autoloader->loadInNamespace('App\\Models\\producto_Model')
 4 APPPATH\Controllers\producto_controller.php(106): CodeIgniter\Autoloader\Autoloader->loadClass('App\\Models\\producto_Model')
 5 SYSTEMPATH\CodeIgniter.php(943): App\Controllers\producto_controller->create()
 6 SYSTEMPATH\CodeIgniter.php(503): CodeIgniter\CodeIgniter->runController(Object(App\Controllers\producto_controller))
 7 SYSTEMPATH\CodeIgniter.php(361): CodeIgniter\CodeIgniter->handleRequest(null, Object(Config\Cache), false)
 8 FCPATH\index.php(79): CodeIgniter\CodeIgniter->run()
WARNING - 2026-01-03 00:47:26 --> [DEPRECATED] Optional parameter $categoria_id declared before required parameter $buscar is implicitly treated as a required parameter in APPPATH\Models\producto_Model.php on line 0.
 1 SYSTEMPATH\Autoloader\Autoloader.php(311): include_once('C:\\xampp\\htdocs\\proyecto_espinola_emilia\\system\\Debug\\Exceptions.php')
 2 SYSTEMPATH\Autoloader\Autoloader.php(290): CodeIgniter\Autoloader\Autoloader->includeFile('C:\\xampp\\htdocs\\proyecto_espinola_emilia\\app\\Models\\producto_Model.php')
 3 SYSTEMPATH\Autoloader\Autoloader.php(266): CodeIgniter\Autoloader\Autoloader->loadInNamespace('App\\Models\\producto_Model')
 4 APPPATH\Controllers\producto_controller.php(106): CodeIgniter\Autoloader\Autoloader->loadClass('App\\Models\\producto_Model')
 5 SYSTEMPATH\CodeIgniter.php(943): App\Controllers\producto_controller->create()
 6 SYSTEMPATH\CodeIgniter.php(503): CodeIgniter\CodeIgniter->runController(Object(App\Controllers\producto_controller))
 7 SYSTEMPATH\CodeIgniter.php(361): CodeIgniter\CodeIgniter->handleRequest(null, Object(Config\Cache), false)
 8 FCPATH\index.php(79): CodeIgniter\CodeIgniter->run()
CRITICAL - 2026-01-03 00:47:26 --> ErrorException: Undefined variable $idProducto
in APPPATH\Controllers\producto_controller.php on line 114.
 1 APPPATH\Controllers\producto_controller.php(114): CodeIgniter\Debug\Exceptions->errorHandler(2, 'Undefined variable $idProducto', 'C:\\xampp\\htdocs\\proyecto_espinola_emilia\\app\\Controllers\\producto_controller.php', 114)
 2 SYSTEMPATH\CodeIgniter.php(943): App\Controllers\producto_controller->create()
 3 SYSTEMPATH\CodeIgniter.php(503): CodeIgniter\CodeIgniter->runController(Object(App\Controllers\producto_controller))
 4 SYSTEMPATH\CodeIgniter.php(361): CodeIgniter\CodeIgniter->handleRequest(null, Object(Config\Cache), false)
 5 FCPATH\index.php(79): CodeIgniter\CodeIgniter->run()
WARNING - 2026-01-03 00:54:42 --> [DEPRECATED] Optional parameter $colores declared before required parameter $buscar is implicitly treated as a required parameter in APPPATH\Models\producto_Model.php on line 74.
 1 SYSTEMPATH\Autoloader\Autoloader.php(311): include_once('C:\\xampp\\htdocs\\proyecto_espinola_emilia\\system\\Debug\\Exceptions.php')
 2 SYSTEMPATH\Autoloader\Autoloader.php(290): CodeIgniter\Autoloader\Autoloader->includeFile('C:\\xampp\\htdocs\\proyecto_espinola_emilia\\app\\Models\\producto_Model.php')
 3 SYSTEMPATH\Autoloader\Autoloader.php(266): CodeIgniter\Autoloader\Autoloader->loadInNamespace('App\\Models\\producto_Model')
 4 APPPATH\Controllers\producto_controller.php(106): CodeIgniter\Autoloader\Autoloader->loadClass('App\\Models\\producto_Model')
 5 SYSTEMPATH\CodeIgniter.php(943): App\Controllers\producto_controller->create()
 6 SYSTEMPATH\CodeIgniter.php(503): CodeIgniter\CodeIgniter->runController(Object(App\Controllers\producto_controller))
 7 SYSTEMPATH\CodeIgniter.php(361): CodeIgniter\CodeIgniter->handleRequest(null, Object(Config\Cache), false)
 8 FCPATH\index.php(79): CodeIgniter\CodeIgniter->run()
WARNING - 2026-01-03 00:54:42 --> [DEPRECATED] Optional parameter $talles declared before required parameter $buscar is implicitly treated as a required parameter in APPPATH\Models\producto_Model.php on line 0.
 1 SYSTEMPATH\Autoloader\Autoloader.php(311): include_once('C:\\xampp\\htdocs\\proyecto_espinola_emilia\\system\\Debug\\Exceptions.php')
 2 SYSTEMPATH\Autoloader\Autoloader.php(290): CodeIgniter\Autoloader\Autoloader->includeFile('C:\\xampp\\htdocs\\proyecto_espinola_emilia\\app\\Models\\producto_Model.php')
 3 SYSTEMPATH\Autoloader\Autoloader.php(266): CodeIgniter\Autoloader\Autoloader->loadInNamespace('App\\Models\\producto_Model')
 4 APPPATH\Controllers\producto_controller.php(106): CodeIgniter\Autoloader\Autoloader->loadClass('App\\Models\\producto_Model')
 5 SYSTEMPATH\CodeIgniter.php(943): App\Controllers\producto_controller->create()
 6 SYSTEMPATH\CodeIgniter.php(503): CodeIgniter\CodeIgniter->runController(Object(App\Controllers\producto_controller))
 7 SYSTEMPATH\CodeIgniter.php(361): CodeIgniter\CodeIgniter->handleRequest(null, Object(Config\Cache), false)
 8 FCPATH\index.php(79): CodeIgniter\CodeIgniter->run()
WARNING - 2026-01-03 00:54:42 --> [DEPRECATED] Optional parameter $categoria_id declared before required parameter $buscar is implicitly treated as a required parameter in APPPATH\Models\producto_Model.php on line 0.
 1 SYSTEMPATH\Autoloader\Autoloader.php(311): include_once('C:\\xampp\\htdocs\\proyecto_espinola_emilia\\system\\Debug\\Exceptions.php')
 2 SYSTEMPATH\Autoloader\Autoloader.php(290): CodeIgniter\Autoloader\Autoloader->includeFile('C:\\xampp\\htdocs\\proyecto_espinola_emilia\\app\\Models\\producto_Model.php')
 3 SYSTEMPATH\Autoloader\Autoloader.php(266): CodeIgniter\Autoloader\Autoloader->loadInNamespace('App\\Models\\producto_Model')
 4 APPPATH\Controllers\producto_controller.php(106): CodeIgniter\Autoloader\Autoloader->loadClass('App\\Models\\producto_Model')
 5 SYSTEMPATH\CodeIgniter.php(943): App\Controllers\producto_controller->create()
 6 SYSTEMPATH\CodeIgniter.php(503): CodeIgniter\CodeIgniter->runController(Object(App\Controllers\producto_controller))
 7 SYSTEMPATH\CodeIgniter.php(361): CodeIgniter\CodeIgniter->handleRequest(null, Object(Config\Cache), false)
 8 FCPATH\index.php(79): CodeIgniter\CodeIgniter->run()
INFO - 2026-01-03 00:54:43 --> Session: Class initialized using 'CodeIgniter\Session\Handlers\FileHandler' driver.
WARNING - 2026-01-03 00:54:43 --> [DEPRECATED] Optional parameter $colores declared before required parameter $buscar is implicitly treated as a required parameter in APPPATH\Models\producto_Model.php on line 74.
 1 SYSTEMPATH\Autoloader\Autoloader.php(311): include_once('C:\\xampp\\htdocs\\proyecto_espinola_emilia\\system\\Debug\\Exceptions.php')
 2 SYSTEMPATH\Autoloader\Autoloader.php(290): CodeIgniter\Autoloader\Autoloader->includeFile('C:\\xampp\\htdocs\\proyecto_espinola_emilia\\app\\Models\\producto_Model.php')
 3 SYSTEMPATH\Autoloader\Autoloader.php(266): CodeIgniter\Autoloader\Autoloader->loadInNamespace('App\\Models\\producto_Model')
 4 APPPATH\Controllers\producto_controller.php(14): CodeIgniter\Autoloader\Autoloader->loadClass('App\\Models\\producto_Model')
 5 SYSTEMPATH\CodeIgniter.php(943): App\Controllers\producto_controller->index()
 6 SYSTEMPATH\CodeIgniter.php(503): CodeIgniter\CodeIgniter->runController(Object(App\Controllers\producto_controller))
 7 SYSTEMPATH\CodeIgniter.php(361): CodeIgniter\CodeIgniter->handleRequest(null, Object(Config\Cache), false)
 8 FCPATH\index.php(79): CodeIgniter\CodeIgniter->run()
WARNING - 2026-01-03 00:54:43 --> [DEPRECATED] Optional parameter $talles declared before required parameter $buscar is implicitly treated as a required parameter in APPPATH\Models\producto_Model.php on line 74.
 1 SYSTEMPATH\Autoloader\Autoloader.php(311): include_once('C:\\xampp\\htdocs\\proyecto_espinola_emilia\\system\\Debug\\Exceptions.php')
 2 SYSTEMPATH\Autoloader\Autoloader.php(290): CodeIgniter\Autoloader\Autoloader->includeFile('C:\\xampp\\htdocs\\proyecto_espinola_emilia\\app\\Models\\producto_Model.php')
 3 SYSTEMPATH\Autoloader\Autoloader.php(266): CodeIgniter\Autoloader\Autoloader->loadInNamespace('App\\Models\\producto_Model')
 4 APPPATH\Controllers\producto_controller.php(14): CodeIgniter\Autoloader\Autoloader->loadClass('App\\Models\\producto_Model')
 5 SYSTEMPATH\CodeIgniter.php(943): App\Controllers\producto_controller->index()
 6 SYSTEMPATH\CodeIgniter.php(503): CodeIgniter\CodeIgniter->runController(Object(App\Controllers\producto_controller))
 7 SYSTEMPATH\CodeIgniter.php(361): CodeIgniter\CodeIgniter->handleRequest(null, Object(Config\Cache), false)
 8 FCPATH\index.php(79): CodeIgniter\CodeIgniter->run()
WARNING - 2026-01-03 00:54:43 --> [DEPRECATED] Optional parameter $categoria_id declared before required parameter $buscar is implicitly treated as a required parameter in APPPATH\Models\producto_Model.php on line 74.
 1 SYSTEMPATH\Autoloader\Autoloader.php(311): include_once('C:\\xampp\\htdocs\\proyecto_espinola_emilia\\system\\Debug\\Exceptions.php')
 2 SYSTEMPATH\Autoloader\Autoloader.php(290): CodeIgniter\Autoloader\Autoloader->includeFile('C:\\xampp\\htdocs\\proyecto_espinola_emilia\\app\\Models\\producto_Model.php')
 3 SYSTEMPATH\Autoloader\Autoloader.php(266): CodeIgniter\Autoloader\Autoloader->loadInNamespace('App\\Models\\producto_Model')
 4 APPPATH\Controllers\producto_controller.php(14): CodeIgniter\Autoloader\Autoloader->loadClass('App\\Models\\producto_Model')
 5 SYSTEMPATH\CodeIgniter.php(943): App\Controllers\producto_controller->index()
 6 SYSTEMPATH\CodeIgniter.php(503): CodeIgniter\CodeIgniter->runController(Object(App\Controllers\producto_controller))
 7 SYSTEMPATH\CodeIgniter.php(361): CodeIgniter\CodeIgniter->handleRequest(null, Object(Config\Cache), false)
 8 FCPATH\index.php(79): CodeIgniter\CodeIgniter->run()
INFO - 2026-01-03 00:54:53 --> Session: Class initialized using 'CodeIgniter\Session\Handlers\FileHandler' driver.
WARNING - 2026-01-03 00:54:53 --> [DEPRECATED] Optional parameter $colores declared before required parameter $buscar is implicitly treated as a required parameter in APPPATH\Models\producto_Model.php on line 74.
 1 SYSTEMPATH\Autoloader\Autoloader.php(311): include_once('C:\\xampp\\htdocs\\proyecto_espinola_emilia\\system\\Debug\\Exceptions.php')
 2 SYSTEMPATH\Autoloader\Autoloader.php(290): CodeIgniter\Autoloader\Autoloader->includeFile('C:\\xampp\\htdocs\\proyecto_espinola_emilia\\app\\Models\\producto_Model.php')
 3 SYSTEMPATH\Autoloader\Autoloader.php(266): CodeIgniter\Autoloader\Autoloader->loadInNamespace('App\\Models\\producto_Model')
 4 APPPATH\Controllers\producto_controller.php(137): CodeIgniter\Autoloader\Autoloader->loadClass('App\\Models\\producto_Model')
 5 SYSTEMPATH\CodeIgniter.php(943): App\Controllers\producto_controller->edit('114')
 6 SYSTEMPATH\CodeIgniter.php(503): CodeIgniter\CodeIgniter->runController(Object(App\Controllers\producto_controller))
 7 SYSTEMPATH\CodeIgniter.php(361): CodeIgniter\CodeIgniter->handleRequest(null, Object(Config\Cache), false)
 8 FCPATH\index.php(79): CodeIgniter\CodeIgniter->run()
WARNING - 2026-01-03 00:54:53 --> [DEPRECATED] Optional parameter $talles declared before required parameter $buscar is implicitly treated as a required parameter in APPPATH\Models\producto_Model.php on line 74.
 1 SYSTEMPATH\Autoloader\Autoloader.php(311): include_once('C:\\xampp\\htdocs\\proyecto_espinola_emilia\\system\\Debug\\Exceptions.php')
 2 SYSTEMPATH\Autoloader\Autoloader.php(290): CodeIgniter\Autoloader\Autoloader->includeFile('C:\\xampp\\htdocs\\proyecto_espinola_emilia\\app\\Models\\producto_Model.php')
 3 SYSTEMPATH\Autoloader\Autoloader.php(266): CodeIgniter\Autoloader\Autoloader->loadInNamespace('App\\Models\\producto_Model')
 4 APPPATH\Controllers\producto_controller.php(137): CodeIgniter\Autoloader\Autoloader->loadClass('App\\Models\\producto_Model')
 5 SYSTEMPATH\CodeIgniter.php(943): App\Controllers\producto_controller->edit('114')
 6 SYSTEMPATH\CodeIgniter.php(503): CodeIgniter\CodeIgniter->runController(Object(App\Controllers\producto_controller))
 7 SYSTEMPATH\CodeIgniter.php(361): CodeIgniter\CodeIgniter->handleRequest(null, Object(Config\Cache), false)
 8 FCPATH\index.php(79): CodeIgniter\CodeIgniter->run()
WARNING - 2026-01-03 00:54:53 --> [DEPRECATED] Optional parameter $categoria_id declared before required parameter $buscar is implicitly treated as a required parameter in APPPATH\Models\producto_Model.php on line 74.
 1 SYSTEMPATH\Autoloader\Autoloader.php(311): include_once('C:\\xampp\\htdocs\\proyecto_espinola_emilia\\system\\Debug\\Exceptions.php')
 2 SYSTEMPATH\Autoloader\Autoloader.php(290): CodeIgniter\Autoloader\Autoloader->includeFile('C:\\xampp\\htdocs\\proyecto_espinola_emilia\\app\\Models\\producto_Model.php')
 3 SYSTEMPATH\Autoloader\Autoloader.php(266): CodeIgniter\Autoloader\Autoloader->loadInNamespace('App\\Models\\producto_Model')
 4 APPPATH\Controllers\producto_controller.php(137): CodeIgniter\Autoloader\Autoloader->loadClass('App\\Models\\producto_Model')
 5 SYSTEMPATH\CodeIgniter.php(943): App\Controllers\producto_controller->edit('114')
 6 SYSTEMPATH\CodeIgniter.php(503): CodeIgniter\CodeIgniter->runController(Object(App\Controllers\producto_controller))
 7 SYSTEMPATH\CodeIgniter.php(361): CodeIgniter\CodeIgniter->handleRequest(null, Object(Config\Cache), false)
 8 FCPATH\index.php(79): CodeIgniter\CodeIgniter->run()
INFO - 2026-01-03 02:49:19 --> Session: Class initialized using 'CodeIgniter\Session\Handlers\FileHandler' driver.
WARNING - 2026-01-03 02:49:19 --> [DEPRECATED] Optional parameter $colores declared before required parameter $buscar is implicitly treated as a required parameter in APPPATH\Models\producto_Model.php on line 74.
 1 SYSTEMPATH\Autoloader\Autoloader.php(311): include_once('C:\\xampp\\htdocs\\proyecto_espinola_emilia\\system\\Debug\\Exceptions.php')
 2 SYSTEMPATH\Autoloader\Autoloader.php(290): CodeIgniter\Autoloader\Autoloader->includeFile('C:\\xampp\\htdocs\\proyecto_espinola_emilia\\app\\Models\\producto_Model.php')
 3 SYSTEMPATH\Autoloader\Autoloader.php(266): CodeIgniter\Autoloader\Autoloader->loadInNamespace('App\\Models\\producto_Model')
 4 APPPATH\Controllers\producto_controller.php(130): CodeIgniter\Autoloader\Autoloader->loadClass('App\\Models\\producto_Model')
 5 SYSTEMPATH\CodeIgniter.php(943): App\Controllers\producto_controller->edit('114')
 6 SYSTEMPATH\CodeIgniter.php(503): CodeIgniter\CodeIgniter->runController(Object(App\Controllers\producto_controller))
 7 SYSTEMPATH\CodeIgniter.php(361): CodeIgniter\CodeIgniter->handleRequest(null, Object(Config\Cache), false)
 8 FCPATH\index.php(79): CodeIgniter\CodeIgniter->run()
WARNING - 2026-01-03 02:49:19 --> [DEPRECATED] Optional parameter $talles declared before required parameter $buscar is implicitly treated as a required parameter in APPPATH\Models\producto_Model.php on line 74.
 1 SYSTEMPATH\Autoloader\Autoloader.php(311): include_once('C:\\xampp\\htdocs\\proyecto_espinola_emilia\\system\\Debug\\Exceptions.php')
 2 SYSTEMPATH\Autoloader\Autoloader.php(290): CodeIgniter\Autoloader\Autoloader->includeFile('C:\\xampp\\htdocs\\proyecto_espinola_emilia\\app\\Models\\producto_Model.php')
 3 SYSTEMPATH\Autoloader\Autoloader.php(266): CodeIgniter\Autoloader\Autoloader->loadInNamespace('App\\Models\\producto_Model')
 4 APPPATH\Controllers\producto_controller.php(130): CodeIgniter\Autoloader\Autoloader->loadClass('App\\Models\\producto_Model')
 5 SYSTEMPATH\CodeIgniter.php(943): App\Controllers\producto_controller->edit('114')
 6 SYSTEMPATH\CodeIgniter.php(503): CodeIgniter\CodeIgniter->runController(Object(App\Controllers\producto_controller))
 7 SYSTEMPATH\CodeIgniter.php(361): CodeIgniter\CodeIgniter->handleRequest(null, Object(Config\Cache), false)
 8 FCPATH\index.php(79): CodeIgniter\CodeIgniter->run()
WARNING - 2026-01-03 02:49:19 --> [DEPRECATED] Optional parameter $categoria_id declared before required parameter $buscar is implicitly treated as a required parameter in APPPATH\Models\producto_Model.php on line 74.
 1 SYSTEMPATH\Autoloader\Autoloader.php(311): include_once('C:\\xampp\\htdocs\\proyecto_espinola_emilia\\system\\Debug\\Exceptions.php')
 2 SYSTEMPATH\Autoloader\Autoloader.php(290): CodeIgniter\Autoloader\Autoloader->includeFile('C:\\xampp\\htdocs\\proyecto_espinola_emilia\\app\\Models\\producto_Model.php')
 3 SYSTEMPATH\Autoloader\Autoloader.php(266): CodeIgniter\Autoloader\Autoloader->loadInNamespace('App\\Models\\producto_Model')
 4 APPPATH\Controllers\producto_controller.php(130): CodeIgniter\Autoloader\Autoloader->loadClass('App\\Models\\producto_Model')
 5 SYSTEMPATH\CodeIgniter.php(943): App\Controllers\producto_controller->edit('114')
 6 SYSTEMPATH\CodeIgniter.php(503): CodeIgniter\CodeIgniter->runController(Object(App\Controllers\producto_controller))
 7 SYSTEMPATH\CodeIgniter.php(361): CodeIgniter\CodeIgniter->handleRequest(null, Object(Config\Cache), false)
 8 FCPATH\index.php(79): CodeIgniter\CodeIgniter->run()
INFO - 2026-01-03 02:49:26 --> Session: Class initialized using 'CodeIgniter\Session\Handlers\FileHandler' driver.
WARNING - 2026-01-03 02:49:26 --> [DEPRECATED] Optional parameter $colores declared before required parameter $buscar is implicitly treated as a required parameter in APPPATH\Models\producto_Model.php on line 74.
 1 SYSTEMPATH\Autoloader\Autoloader.php(311): include_once('C:\\xampp\\htdocs\\proyecto_espinola_emilia\\system\\Debug\\Exceptions.php')
 2 SYSTEMPATH\Autoloader\Autoloader.php(290): CodeIgniter\Autoloader\Autoloader->includeFile('C:\\xampp\\htdocs\\proyecto_espinola_emilia\\app\\Models\\producto_Model.php')
 3 SYSTEMPATH\Autoloader\Autoloader.php(266): CodeIgniter\Autoloader\Autoloader->loadInNamespace('App\\Models\\producto_Model')
 4 APPPATH\Controllers\producto_controller.php(14): CodeIgniter\Autoloader\Autoloader->loadClass('App\\Models\\producto_Model')
 5 SYSTEMPATH\CodeIgniter.php(943): App\Controllers\producto_controller->index()
 6 SYSTEMPATH\CodeIgniter.php(503): CodeIgniter\CodeIgniter->runController(Object(App\Controllers\producto_controller))
 7 SYSTEMPATH\CodeIgniter.php(361): CodeIgniter\CodeIgniter->handleRequest(null, Object(Config\Cache), false)
 8 FCPATH\index.php(79): CodeIgniter\CodeIgniter->run()
WARNING - 2026-01-03 02:49:26 --> [DEPRECATED] Optional parameter $talles declared before required parameter $buscar is implicitly treated as a required parameter in APPPATH\Models\producto_Model.php on line 74.
 1 SYSTEMPATH\Autoloader\Autoloader.php(311): include_once('C:\\xampp\\htdocs\\proyecto_espinola_emilia\\system\\Debug\\Exceptions.php')
 2 SYSTEMPATH\Autoloader\Autoloader.php(290): CodeIgniter\Autoloader\Autoloader->includeFile('C:\\xampp\\htdocs\\proyecto_espinola_emilia\\app\\Models\\producto_Model.php')
 3 SYSTEMPATH\Autoloader\Autoloader.php(266): CodeIgniter\Autoloader\Autoloader->loadInNamespace('App\\Models\\producto_Model')
 4 APPPATH\Controllers\producto_controller.php(14): CodeIgniter\Autoloader\Autoloader->loadClass('App\\Models\\producto_Model')
 5 SYSTEMPATH\CodeIgniter.php(943): App\Controllers\producto_controller->index()
 6 SYSTEMPATH\CodeIgniter.php(503): CodeIgniter\CodeIgniter->runController(Object(App\Controllers\producto_controller))
 7 SYSTEMPATH\CodeIgniter.php(361): CodeIgniter\CodeIgniter->handleRequest(null, Object(Config\Cache), false)
 8 FCPATH\index.php(79): CodeIgniter\CodeIgniter->run()
WARNING - 2026-01-03 02:49:26 --> [DEPRECATED] Optional parameter $categoria_id declared before required parameter $buscar is implicitly treated as a required parameter in APPPATH\Models\producto_Model.php on line 74.
 1 SYSTEMPATH\Autoloader\Autoloader.php(311): include_once('C:\\xampp\\htdocs\\proyecto_espinola_emilia\\system\\Debug\\Exceptions.php')
 2 SYSTEMPATH\Autoloader\Autoloader.php(290): CodeIgniter\Autoloader\Autoloader->includeFile('C:\\xampp\\htdocs\\proyecto_espinola_emilia\\app\\Models\\producto_Model.php')
 3 SYSTEMPATH\Autoloader\Autoloader.php(266): CodeIgniter\Autoloader\Autoloader->loadInNamespace('App\\Models\\producto_Model')
 4 APPPATH\Controllers\producto_controller.php(14): CodeIgniter\Autoloader\Autoloader->loadClass('App\\Models\\producto_Model')
 5 SYSTEMPATH\CodeIgniter.php(943): App\Controllers\producto_controller->index()
 6 SYSTEMPATH\CodeIgniter.php(503): CodeIgniter\CodeIgniter->runController(Object(App\Controllers\producto_controller))
 7 SYSTEMPATH\CodeIgniter.php(361): CodeIgniter\CodeIgniter->handleRequest(null, Object(Config\Cache), false)
 8 FCPATH\index.php(79): CodeIgniter\CodeIgniter->run()
INFO - 2026-01-03 02:49:30 --> Session: Class initialized using 'CodeIgniter\Session\Handlers\FileHandler' driver.
WARNING - 2026-01-03 02:49:55 --> [DEPRECATED] Optional parameter $colores declared before required parameter $buscar is implicitly treated as a required parameter in APPPATH\Models\producto_Model.php on line 74.
 1 SYSTEMPATH\Autoloader\Autoloader.php(311): include_once('C:\\xampp\\htdocs\\proyecto_espinola_emilia\\system\\Debug\\Exceptions.php')
 2 SYSTEMPATH\Autoloader\Autoloader.php(290): CodeIgniter\Autoloader\Autoloader->includeFile('C:\\xampp\\htdocs\\proyecto_espinola_emilia\\app\\Models\\producto_Model.php')
 3 SYSTEMPATH\Autoloader\Autoloader.php(266): CodeIgniter\Autoloader\Autoloader->loadInNamespace('App\\Models\\producto_Model')
 4 APPPATH\Controllers\producto_controller.php(99): CodeIgniter\Autoloader\Autoloader->loadClass('App\\Models\\producto_Model')
 5 SYSTEMPATH\CodeIgniter.php(943): App\Controllers\producto_controller->create()
 6 SYSTEMPATH\CodeIgniter.php(503): CodeIgniter\CodeIgniter->runController(Object(App\Controllers\producto_controller))
 7 SYSTEMPATH\CodeIgniter.php(361): CodeIgniter\CodeIgniter->handleRequest(null, Object(Config\Cache), false)
 8 FCPATH\index.php(79): CodeIgniter\CodeIgniter->run()
WARNING - 2026-01-03 02:49:55 --> [DEPRECATED] Optional parameter $talles declared before required parameter $buscar is implicitly treated as a required parameter in APPPATH\Models\producto_Model.php on line 0.
 1 SYSTEMPATH\Autoloader\Autoloader.php(311): include_once('C:\\xampp\\htdocs\\proyecto_espinola_emilia\\system\\Debug\\Exceptions.php')
 2 SYSTEMPATH\Autoloader\Autoloader.php(290): CodeIgniter\Autoloader\Autoloader->includeFile('C:\\xampp\\htdocs\\proyecto_espinola_emilia\\app\\Models\\producto_Model.php')
 3 SYSTEMPATH\Autoloader\Autoloader.php(266): CodeIgniter\Autoloader\Autoloader->loadInNamespace('App\\Models\\producto_Model')
 4 APPPATH\Controllers\producto_controller.php(99): CodeIgniter\Autoloader\Autoloader->loadClass('App\\Models\\producto_Model')
 5 SYSTEMPATH\CodeIgniter.php(943): App\Controllers\producto_controller->create()
 6 SYSTEMPATH\CodeIgniter.php(503): CodeIgniter\CodeIgniter->runController(Object(App\Controllers\producto_controller))
 7 SYSTEMPATH\CodeIgniter.php(361): CodeIgniter\CodeIgniter->handleRequest(null, Object(Config\Cache), false)
 8 FCPATH\index.php(79): CodeIgniter\CodeIgniter->run()
WARNING - 2026-01-03 02:49:55 --> [DEPRECATED] Optional parameter $categoria_id declared before required parameter $buscar is implicitly treated as a required parameter in APPPATH\Models\producto_Model.php on line 0.
 1 SYSTEMPATH\Autoloader\Autoloader.php(311): include_once('C:\\xampp\\htdocs\\proyecto_espinola_emilia\\system\\Debug\\Exceptions.php')
 2 SYSTEMPATH\Autoloader\Autoloader.php(290): CodeIgniter\Autoloader\Autoloader->includeFile('C:\\xampp\\htdocs\\proyecto_espinola_emilia\\app\\Models\\producto_Model.php')
 3 SYSTEMPATH\Autoloader\Autoloader.php(266): CodeIgniter\Autoloader\Autoloader->loadInNamespace('App\\Models\\producto_Model')
 4 APPPATH\Controllers\producto_controller.php(99): CodeIgniter\Autoloader\Autoloader->loadClass('App\\Models\\producto_Model')
 5 SYSTEMPATH\CodeIgniter.php(943): App\Controllers\producto_controller->create()
 6 SYSTEMPATH\CodeIgniter.php(503): CodeIgniter\CodeIgniter->runController(Object(App\Controllers\producto_controller))
 7 SYSTEMPATH\CodeIgniter.php(361): CodeIgniter\CodeIgniter->handleRequest(null, Object(Config\Cache), false)
 8 FCPATH\index.php(79): CodeIgniter\CodeIgniter->run()
INFO - 2026-01-03 02:49:55 --> Session: Class initialized using 'CodeIgniter\Session\Handlers\FileHandler' driver.
WARNING - 2026-01-03 02:49:55 --> [DEPRECATED] Optional parameter $colores declared before required parameter $buscar is implicitly treated as a required parameter in APPPATH\Models\producto_Model.php on line 74.
 1 SYSTEMPATH\Autoloader\Autoloader.php(311): include_once('C:\\xampp\\htdocs\\proyecto_espinola_emilia\\system\\Debug\\Exceptions.php')
 2 SYSTEMPATH\Autoloader\Autoloader.php(290): CodeIgniter\Autoloader\Autoloader->includeFile('C:\\xampp\\htdocs\\proyecto_espinola_emilia\\app\\Models\\producto_Model.php')
 3 SYSTEMPATH\Autoloader\Autoloader.php(266): CodeIgniter\Autoloader\Autoloader->loadInNamespace('App\\Models\\producto_Model')
 4 APPPATH\Controllers\producto_controller.php(14): CodeIgniter\Autoloader\Autoloader->loadClass('App\\Models\\producto_Model')
 5 SYSTEMPATH\CodeIgniter.php(943): App\Controllers\producto_controller->index()
 6 SYSTEMPATH\CodeIgniter.php(503): CodeIgniter\CodeIgniter->runController(Object(App\Controllers\producto_controller))
 7 SYSTEMPATH\CodeIgniter.php(361): CodeIgniter\CodeIgniter->handleRequest(null, Object(Config\Cache), false)
 8 FCPATH\index.php(79): CodeIgniter\CodeIgniter->run()
WARNING - 2026-01-03 02:49:55 --> [DEPRECATED] Optional parameter $talles declared before required parameter $buscar is implicitly treated as a required parameter in APPPATH\Models\producto_Model.php on line 74.
 1 SYSTEMPATH\Autoloader\Autoloader.php(311): include_once('C:\\xampp\\htdocs\\proyecto_espinola_emilia\\system\\Debug\\Exceptions.php')
 2 SYSTEMPATH\Autoloader\Autoloader.php(290): CodeIgniter\Autoloader\Autoloader->includeFile('C:\\xampp\\htdocs\\proyecto_espinola_emilia\\app\\Models\\producto_Model.php')
 3 SYSTEMPATH\Autoloader\Autoloader.php(266): CodeIgniter\Autoloader\Autoloader->loadInNamespace('App\\Models\\producto_Model')
 4 APPPATH\Controllers\producto_controller.php(14): CodeIgniter\Autoloader\Autoloader->loadClass('App\\Models\\producto_Model')
 5 SYSTEMPATH\CodeIgniter.php(943): App\Controllers\producto_controller->index()
 6 SYSTEMPATH\CodeIgniter.php(503): CodeIgniter\CodeIgniter->runController(Object(App\Controllers\producto_controller))
 7 SYSTEMPATH\CodeIgniter.php(361): CodeIgniter\CodeIgniter->handleRequest(null, Object(Config\Cache), false)
 8 FCPATH\index.php(79): CodeIgniter\CodeIgniter->run()
WARNING - 2026-01-03 02:49:55 --> [DEPRECATED] Optional parameter $categoria_id declared before required parameter $buscar is implicitly treated as a required parameter in APPPATH\Models\producto_Model.php on line 74.
 1 SYSTEMPATH\Autoloader\Autoloader.php(311): include_once('C:\\xampp\\htdocs\\proyecto_espinola_emilia\\system\\Debug\\Exceptions.php')
 2 SYSTEMPATH\Autoloader\Autoloader.php(290): CodeIgniter\Autoloader\Autoloader->includeFile('C:\\xampp\\htdocs\\proyecto_espinola_emilia\\app\\Models\\producto_Model.php')
 3 SYSTEMPATH\Autoloader\Autoloader.php(266): CodeIgniter\Autoloader\Autoloader->loadInNamespace('App\\Models\\producto_Model')
 4 APPPATH\Controllers\producto_controller.php(14): CodeIgniter\Autoloader\Autoloader->loadClass('App\\Models\\producto_Model')
 5 SYSTEMPATH\CodeIgniter.php(943): App\Controllers\producto_controller->index()
 6 SYSTEMPATH\CodeIgniter.php(503): CodeIgniter\CodeIgniter->runController(Object(App\Controllers\producto_controller))
 7 SYSTEMPATH\CodeIgniter.php(361): CodeIgniter\CodeIgniter->handleRequest(null, Object(Config\Cache), false)
 8 FCPATH\index.php(79): CodeIgniter\CodeIgniter->run()
INFO - 2026-01-03 02:51:00 --> Session: Class initialized using 'CodeIgniter\Session\Handlers\FileHandler' driver.
WARNING - 2026-01-03 02:51:37 --> [DEPRECATED] Optional parameter $colores declared before required parameter $buscar is implicitly treated as a required parameter in APPPATH\Models\producto_Model.php on line 74.
 1 SYSTEMPATH\Autoloader\Autoloader.php(311): include_once('C:\\xampp\\htdocs\\proyecto_espinola_emilia\\system\\Debug\\Exceptions.php')
 2 SYSTEMPATH\Autoloader\Autoloader.php(290): CodeIgniter\Autoloader\Autoloader->includeFile('C:\\xampp\\htdocs\\proyecto_espinola_emilia\\app\\Models\\producto_Model.php')
 3 SYSTEMPATH\Autoloader\Autoloader.php(266): CodeIgniter\Autoloader\Autoloader->loadInNamespace('App\\Models\\producto_Model')
 4 APPPATH\Controllers\producto_controller.php(99): CodeIgniter\Autoloader\Autoloader->loadClass('App\\Models\\producto_Model')
 5 SYSTEMPATH\CodeIgniter.php(943): App\Controllers\producto_controller->create()
 6 SYSTEMPATH\CodeIgniter.php(503): CodeIgniter\CodeIgniter->runController(Object(App\Controllers\producto_controller))
 7 SYSTEMPATH\CodeIgniter.php(361): CodeIgniter\CodeIgniter->handleRequest(null, Object(Config\Cache), false)
 8 FCPATH\index.php(79): CodeIgniter\CodeIgniter->run()
WARNING - 2026-01-03 02:51:37 --> [DEPRECATED] Optional parameter $talles declared before required parameter $buscar is implicitly treated as a required parameter in APPPATH\Models\producto_Model.php on line 0.
 1 SYSTEMPATH\Autoloader\Autoloader.php(311): include_once('C:\\xampp\\htdocs\\proyecto_espinola_emilia\\system\\Debug\\Exceptions.php')
 2 SYSTEMPATH\Autoloader\Autoloader.php(290): CodeIgniter\Autoloader\Autoloader->includeFile('C:\\xampp\\htdocs\\proyecto_espinola_emilia\\app\\Models\\producto_Model.php')
 3 SYSTEMPATH\Autoloader\Autoloader.php(266): CodeIgniter\Autoloader\Autoloader->loadInNamespace('App\\Models\\producto_Model')
 4 APPPATH\Controllers\producto_controller.php(99): CodeIgniter\Autoloader\Autoloader->loadClass('App\\Models\\producto_Model')
 5 SYSTEMPATH\CodeIgniter.php(943): App\Controllers\producto_controller->create()
 6 SYSTEMPATH\CodeIgniter.php(503): CodeIgniter\CodeIgniter->runController(Object(App\Controllers\producto_controller))
 7 SYSTEMPATH\CodeIgniter.php(361): CodeIgniter\CodeIgniter->handleRequest(null, Object(Config\Cache), false)
 8 FCPATH\index.php(79): CodeIgniter\CodeIgniter->run()
WARNING - 2026-01-03 02:51:37 --> [DEPRECATED] Optional parameter $categoria_id declared before required parameter $buscar is implicitly treated as a required parameter in APPPATH\Models\producto_Model.php on line 0.
 1 SYSTEMPATH\Autoloader\Autoloader.php(311): include_once('C:\\xampp\\htdocs\\proyecto_espinola_emilia\\system\\Debug\\Exceptions.php')
 2 SYSTEMPATH\Autoloader\Autoloader.php(290): CodeIgniter\Autoloader\Autoloader->includeFile('C:\\xampp\\htdocs\\proyecto_espinola_emilia\\app\\Models\\producto_Model.php')
 3 SYSTEMPATH\Autoloader\Autoloader.php(266): CodeIgniter\Autoloader\Autoloader->loadInNamespace('App\\Models\\producto_Model')
 4 APPPATH\Controllers\producto_controller.php(99): CodeIgniter\Autoloader\Autoloader->loadClass('App\\Models\\producto_Model')
 5 SYSTEMPATH\CodeIgniter.php(943): App\Controllers\producto_controller->create()
 6 SYSTEMPATH\CodeIgniter.php(503): CodeIgniter\CodeIgniter->runController(Object(App\Controllers\producto_controller))
 7 SYSTEMPATH\CodeIgniter.php(361): CodeIgniter\CodeIgniter->handleRequest(null, Object(Config\Cache), false)
 8 FCPATH\index.php(79): CodeIgniter\CodeIgniter->run()
INFO - 2026-01-03 02:51:37 --> Session: Class initialized using 'CodeIgniter\Session\Handlers\FileHandler' driver.
WARNING - 2026-01-03 02:51:37 --> [DEPRECATED] Optional parameter $colores declared before required parameter $buscar is implicitly treated as a required parameter in APPPATH\Models\producto_Model.php on line 74.
 1 SYSTEMPATH\Autoloader\Autoloader.php(311): include_once('C:\\xampp\\htdocs\\proyecto_espinola_emilia\\system\\Debug\\Exceptions.php')
 2 SYSTEMPATH\Autoloader\Autoloader.php(290): CodeIgniter\Autoloader\Autoloader->includeFile('C:\\xampp\\htdocs\\proyecto_espinola_emilia\\app\\Models\\producto_Model.php')
 3 SYSTEMPATH\Autoloader\Autoloader.php(266): CodeIgniter\Autoloader\Autoloader->loadInNamespace('App\\Models\\producto_Model')
 4 APPPATH\Controllers\producto_controller.php(14): CodeIgniter\Autoloader\Autoloader->loadClass('App\\Models\\producto_Model')
 5 SYSTEMPATH\CodeIgniter.php(943): App\Controllers\producto_controller->index()
 6 SYSTEMPATH\CodeIgniter.php(503): CodeIgniter\CodeIgniter->runController(Object(App\Controllers\producto_controller))
 7 SYSTEMPATH\CodeIgniter.php(361): CodeIgniter\CodeIgniter->handleRequest(null, Object(Config\Cache), false)
 8 FCPATH\index.php(79): CodeIgniter\CodeIgniter->run()
WARNING - 2026-01-03 02:51:37 --> [DEPRECATED] Optional parameter $talles declared before required parameter $buscar is implicitly treated as a required parameter in APPPATH\Models\producto_Model.php on line 74.
 1 SYSTEMPATH\Autoloader\Autoloader.php(311): include_once('C:\\xampp\\htdocs\\proyecto_espinola_emilia\\system\\Debug\\Exceptions.php')
 2 SYSTEMPATH\Autoloader\Autoloader.php(290): CodeIgniter\Autoloader\Autoloader->includeFile('C:\\xampp\\htdocs\\proyecto_espinola_emilia\\app\\Models\\producto_Model.php')
 3 SYSTEMPATH\Autoloader\Autoloader.php(266): CodeIgniter\Autoloader\Autoloader->loadInNamespace('App\\Models\\producto_Model')
 4 APPPATH\Controllers\producto_controller.php(14): CodeIgniter\Autoloader\Autoloader->loadClass('App\\Models\\producto_Model')
 5 SYSTEMPATH\CodeIgniter.php(943): App\Controllers\producto_controller->index()
 6 SYSTEMPATH\CodeIgniter.php(503): CodeIgniter\CodeIgniter->runController(Object(App\Controllers\producto_controller))
 7 SYSTEMPATH\CodeIgniter.php(361): CodeIgniter\CodeIgniter->handleRequest(null, Object(Config\Cache), false)
 8 FCPATH\index.php(79): CodeIgniter\CodeIgniter->run()
WARNING - 2026-01-03 02:51:37 --> [DEPRECATED] Optional parameter $categoria_id declared before required parameter $buscar is implicitly treated as a required parameter in APPPATH\Models\producto_Model.php on line 74.
 1 SYSTEMPATH\Autoloader\Autoloader.php(311): include_once('C:\\xampp\\htdocs\\proyecto_espinola_emilia\\system\\Debug\\Exceptions.php')
 2 SYSTEMPATH\Autoloader\Autoloader.php(290): CodeIgniter\Autoloader\Autoloader->includeFile('C:\\xampp\\htdocs\\proyecto_espinola_emilia\\app\\Models\\producto_Model.php')
 3 SYSTEMPATH\Autoloader\Autoloader.php(266): CodeIgniter\Autoloader\Autoloader->loadInNamespace('App\\Models\\producto_Model')
 4 APPPATH\Controllers\producto_controller.php(14): CodeIgniter\Autoloader\Autoloader->loadClass('App\\Models\\producto_Model')
 5 SYSTEMPATH\CodeIgniter.php(943): App\Controllers\producto_controller->index()
 6 SYSTEMPATH\CodeIgniter.php(503): CodeIgniter\CodeIgniter->runController(Object(App\Controllers\producto_controller))
 7 SYSTEMPATH\CodeIgniter.php(361): CodeIgniter\CodeIgniter->handleRequest(null, Object(Config\Cache), false)
 8 FCPATH\index.php(79): CodeIgniter\CodeIgniter->run()
INFO - 2026-01-03 02:51:42 --> Session: Class initialized using 'CodeIgniter\Session\Handlers\FileHandler' driver.
WARNING - 2026-01-03 02:51:42 --> [DEPRECATED] Optional parameter $colores declared before required parameter $buscar is implicitly treated as a required parameter in APPPATH\Models\producto_Model.php on line 74.
 1 SYSTEMPATH\Autoloader\Autoloader.php(311): include_once('C:\\xampp\\htdocs\\proyecto_espinola_emilia\\system\\Debug\\Exceptions.php')
 2 SYSTEMPATH\Autoloader\Autoloader.php(290): CodeIgniter\Autoloader\Autoloader->includeFile('C:\\xampp\\htdocs\\proyecto_espinola_emilia\\app\\Models\\producto_Model.php')
 3 SYSTEMPATH\Autoloader\Autoloader.php(266): CodeIgniter\Autoloader\Autoloader->loadInNamespace('App\\Models\\producto_Model')
 4 APPPATH\Controllers\producto_controller.php(130): CodeIgniter\Autoloader\Autoloader->loadClass('App\\Models\\producto_Model')
 5 SYSTEMPATH\CodeIgniter.php(943): App\Controllers\producto_controller->edit('117')
 6 SYSTEMPATH\CodeIgniter.php(503): CodeIgniter\CodeIgniter->runController(Object(App\Controllers\producto_controller))
 7 SYSTEMPATH\CodeIgniter.php(361): CodeIgniter\CodeIgniter->handleRequest(null, Object(Config\Cache), false)
 8 FCPATH\index.php(79): CodeIgniter\CodeIgniter->run()
WARNING - 2026-01-03 02:51:42 --> [DEPRECATED] Optional parameter $talles declared before required parameter $buscar is implicitly treated as a required parameter in APPPATH\Models\producto_Model.php on line 74.
 1 SYSTEMPATH\Autoloader\Autoloader.php(311): include_once('C:\\xampp\\htdocs\\proyecto_espinola_emilia\\system\\Debug\\Exceptions.php')
 2 SYSTEMPATH\Autoloader\Autoloader.php(290): CodeIgniter\Autoloader\Autoloader->includeFile('C:\\xampp\\htdocs\\proyecto_espinola_emilia\\app\\Models\\producto_Model.php')
 3 SYSTEMPATH\Autoloader\Autoloader.php(266): CodeIgniter\Autoloader\Autoloader->loadInNamespace('App\\Models\\producto_Model')
 4 APPPATH\Controllers\producto_controller.php(130): CodeIgniter\Autoloader\Autoloader->loadClass('App\\Models\\producto_Model')
 5 SYSTEMPATH\CodeIgniter.php(943): App\Controllers\producto_controller->edit('117')
 6 SYSTEMPATH\CodeIgniter.php(503): CodeIgniter\CodeIgniter->runController(Object(App\Controllers\producto_controller))
 7 SYSTEMPATH\CodeIgniter.php(361): CodeIgniter\CodeIgniter->handleRequest(null, Object(Config\Cache), false)
 8 FCPATH\index.php(79): CodeIgniter\CodeIgniter->run()
WARNING - 2026-01-03 02:51:42 --> [DEPRECATED] Optional parameter $categoria_id declared before required parameter $buscar is implicitly treated as a required parameter in APPPATH\Models\producto_Model.php on line 74.
 1 SYSTEMPATH\Autoloader\Autoloader.php(311): include_once('C:\\xampp\\htdocs\\proyecto_espinola_emilia\\system\\Debug\\Exceptions.php')
 2 SYSTEMPATH\Autoloader\Autoloader.php(290): CodeIgniter\Autoloader\Autoloader->includeFile('C:\\xampp\\htdocs\\proyecto_espinola_emilia\\app\\Models\\producto_Model.php')
 3 SYSTEMPATH\Autoloader\Autoloader.php(266): CodeIgniter\Autoloader\Autoloader->loadInNamespace('App\\Models\\producto_Model')
 4 APPPATH\Controllers\producto_controller.php(130): CodeIgniter\Autoloader\Autoloader->loadClass('App\\Models\\producto_Model')
 5 SYSTEMPATH\CodeIgniter.php(943): App\Controllers\producto_controller->edit('117')
 6 SYSTEMPATH\CodeIgniter.php(503): CodeIgniter\CodeIgniter->runController(Object(App\Controllers\producto_controller))
 7 SYSTEMPATH\CodeIgniter.php(361): CodeIgniter\CodeIgniter->handleRequest(null, Object(Config\Cache), false)
 8 FCPATH\index.php(79): CodeIgniter\CodeIgniter->run()
INFO - 2026-01-03 02:51:56 --> Session: Class initialized using 'CodeIgniter\Session\Handlers\FileHandler' driver.
WARNING - 2026-01-03 02:51:56 --> [DEPRECATED] Optional parameter $colores declared before required parameter $buscar is implicitly treated as a required parameter in APPPATH\Models\producto_Model.php on line 74.
 1 SYSTEMPATH\Autoloader\Autoloader.php(311): include_once('C:\\xampp\\htdocs\\proyecto_espinola_emilia\\system\\Debug\\Exceptions.php')
 2 SYSTEMPATH\Autoloader\Autoloader.php(290): CodeIgniter\Autoloader\Autoloader->includeFile('C:\\xampp\\htdocs\\proyecto_espinola_emilia\\app\\Models\\producto_Model.php')
 3 SYSTEMPATH\Autoloader\Autoloader.php(266): CodeIgniter\Autoloader\Autoloader->loadInNamespace('App\\Models\\producto_Model')
 4 APPPATH\Controllers\producto_controller.php(14): CodeIgniter\Autoloader\Autoloader->loadClass('App\\Models\\producto_Model')
 5 SYSTEMPATH\CodeIgniter.php(943): App\Controllers\producto_controller->index()
 6 SYSTEMPATH\CodeIgniter.php(503): CodeIgniter\CodeIgniter->runController(Object(App\Controllers\producto_controller))
 7 SYSTEMPATH\CodeIgniter.php(361): CodeIgniter\CodeIgniter->handleRequest(null, Object(Config\Cache), false)
 8 FCPATH\index.php(79): CodeIgniter\CodeIgniter->run()
WARNING - 2026-01-03 02:51:56 --> [DEPRECATED] Optional parameter $talles declared before required parameter $buscar is implicitly treated as a required parameter in APPPATH\Models\producto_Model.php on line 74.
 1 SYSTEMPATH\Autoloader\Autoloader.php(311): include_once('C:\\xampp\\htdocs\\proyecto_espinola_emilia\\system\\Debug\\Exceptions.php')
 2 SYSTEMPATH\Autoloader\Autoloader.php(290): CodeIgniter\Autoloader\Autoloader->includeFile('C:\\xampp\\htdocs\\proyecto_espinola_emilia\\app\\Models\\producto_Model.php')
 3 SYSTEMPATH\Autoloader\Autoloader.php(266): CodeIgniter\Autoloader\Autoloader->loadInNamespace('App\\Models\\producto_Model')
 4 APPPATH\Controllers\producto_controller.php(14): CodeIgniter\Autoloader\Autoloader->loadClass('App\\Models\\producto_Model')
 5 SYSTEMPATH\CodeIgniter.php(943): App\Controllers\producto_controller->index()
 6 SYSTEMPATH\CodeIgniter.php(503): CodeIgniter\CodeIgniter->runController(Object(App\Controllers\producto_controller))
 7 SYSTEMPATH\CodeIgniter.php(361): CodeIgniter\CodeIgniter->handleRequest(null, Object(Config\Cache), false)
 8 FCPATH\index.php(79): CodeIgniter\CodeIgniter->run()
WARNING - 2026-01-03 02:51:56 --> [DEPRECATED] Optional parameter $categoria_id declared before required parameter $buscar is implicitly treated as a required parameter in APPPATH\Models\producto_Model.php on line 74.
 1 SYSTEMPATH\Autoloader\Autoloader.php(311): include_once('C:\\xampp\\htdocs\\proyecto_espinola_emilia\\system\\Debug\\Exceptions.php')
 2 SYSTEMPATH\Autoloader\Autoloader.php(290): CodeIgniter\Autoloader\Autoloader->includeFile('C:\\xampp\\htdocs\\proyecto_espinola_emilia\\app\\Models\\producto_Model.php')
 3 SYSTEMPATH\Autoloader\Autoloader.php(266): CodeIgniter\Autoloader\Autoloader->loadInNamespace('App\\Models\\producto_Model')
 4 APPPATH\Controllers\producto_controller.php(14): CodeIgniter\Autoloader\Autoloader->loadClass('App\\Models\\producto_Model')
 5 SYSTEMPATH\CodeIgniter.php(943): App\Controllers\producto_controller->index()
 6 SYSTEMPATH\CodeIgniter.php(503): CodeIgniter\CodeIgniter->runController(Object(App\Controllers\producto_controller))
 7 SYSTEMPATH\CodeIgniter.php(361): CodeIgniter\CodeIgniter->handleRequest(null, Object(Config\Cache), false)
 8 FCPATH\index.php(79): CodeIgniter\CodeIgniter->run()
INFO - 2026-01-03 02:54:53 --> Session: Class initialized using 'CodeIgniter\Session\Handlers\FileHandler' driver.
WARNING - 2026-01-03 02:54:53 --> [DEPRECATED] Optional parameter $colores declared before required parameter $buscar is implicitly treated as a required parameter in APPPATH\Models\producto_Model.php on line 74.
 1 SYSTEMPATH\Autoloader\Autoloader.php(311): include_once('C:\\xampp\\htdocs\\proyecto_espinola_emilia\\system\\Debug\\Exceptions.php')
 2 SYSTEMPATH\Autoloader\Autoloader.php(290): CodeIgniter\Autoloader\Autoloader->includeFile('C:\\xampp\\htdocs\\proyecto_espinola_emilia\\app\\Models\\producto_Model.php')
 3 SYSTEMPATH\Autoloader\Autoloader.php(266): CodeIgniter\Autoloader\Autoloader->loadInNamespace('App\\Models\\producto_Model')
 4 APPPATH\Controllers\producto_controller.php(14): CodeIgniter\Autoloader\Autoloader->loadClass('App\\Models\\producto_Model')
 5 SYSTEMPATH\CodeIgniter.php(943): App\Controllers\producto_controller->index()
 6 SYSTEMPATH\CodeIgniter.php(503): CodeIgniter\CodeIgniter->runController(Object(App\Controllers\producto_controller))
 7 SYSTEMPATH\CodeIgniter.php(361): CodeIgniter\CodeIgniter->handleRequest(null, Object(Config\Cache), false)
 8 FCPATH\index.php(79): CodeIgniter\CodeIgniter->run()
WARNING - 2026-01-03 02:54:53 --> [DEPRECATED] Optional parameter $talles declared before required parameter $buscar is implicitly treated as a required parameter in APPPATH\Models\producto_Model.php on line 74.
 1 SYSTEMPATH\Autoloader\Autoloader.php(311): include_once('C:\\xampp\\htdocs\\proyecto_espinola_emilia\\system\\Debug\\Exceptions.php')
 2 SYSTEMPATH\Autoloader\Autoloader.php(290): CodeIgniter\Autoloader\Autoloader->includeFile('C:\\xampp\\htdocs\\proyecto_espinola_emilia\\app\\Models\\producto_Model.php')
 3 SYSTEMPATH\Autoloader\Autoloader.php(266): CodeIgniter\Autoloader\Autoloader->loadInNamespace('App\\Models\\producto_Model')
 4 APPPATH\Controllers\producto_controller.php(14): CodeIgniter\Autoloader\Autoloader->loadClass('App\\Models\\producto_Model')
 5 SYSTEMPATH\CodeIgniter.php(943): App\Controllers\producto_controller->index()
 6 SYSTEMPATH\CodeIgniter.php(503): CodeIgniter\CodeIgniter->runController(Object(App\Controllers\producto_controller))
 7 SYSTEMPATH\CodeIgniter.php(361): CodeIgniter\CodeIgniter->handleRequest(null, Object(Config\Cache), false)
 8 FCPATH\index.php(79): CodeIgniter\CodeIgniter->run()
WARNING - 2026-01-03 02:54:53 --> [DEPRECATED] Optional parameter $categoria_id declared before required parameter $buscar is implicitly treated as a required parameter in APPPATH\Models\producto_Model.php on line 74.
 1 SYSTEMPATH\Autoloader\Autoloader.php(311): include_once('C:\\xampp\\htdocs\\proyecto_espinola_emilia\\system\\Debug\\Exceptions.php')
 2 SYSTEMPATH\Autoloader\Autoloader.php(290): CodeIgniter\Autoloader\Autoloader->includeFile('C:\\xampp\\htdocs\\proyecto_espinola_emilia\\app\\Models\\producto_Model.php')
 3 SYSTEMPATH\Autoloader\Autoloader.php(266): CodeIgniter\Autoloader\Autoloader->loadInNamespace('App\\Models\\producto_Model')
 4 APPPATH\Controllers\producto_controller.php(14): CodeIgniter\Autoloader\Autoloader->loadClass('App\\Models\\producto_Model')
 5 SYSTEMPATH\CodeIgniter.php(943): App\Controllers\producto_controller->index()
 6 SYSTEMPATH\CodeIgniter.php(503): CodeIgniter\CodeIgniter->runController(Object(App\Controllers\producto_controller))
 7 SYSTEMPATH\CodeIgniter.php(361): CodeIgniter\CodeIgniter->handleRequest(null, Object(Config\Cache), false)
 8 FCPATH\index.php(79): CodeIgniter\CodeIgniter->run()
INFO - 2026-01-03 02:54:58 --> Session: Class initialized using 'CodeIgniter\Session\Handlers\FileHandler' driver.
WARNING - 2026-01-03 02:55:26 --> [DEPRECATED] Optional parameter $colores declared before required parameter $buscar is implicitly treated as a required parameter in APPPATH\Models\producto_Model.php on line 74.
 1 SYSTEMPATH\Autoloader\Autoloader.php(311): include_once('C:\\xampp\\htdocs\\proyecto_espinola_emilia\\system\\Debug\\Exceptions.php')
 2 SYSTEMPATH\Autoloader\Autoloader.php(290): CodeIgniter\Autoloader\Autoloader->includeFile('C:\\xampp\\htdocs\\proyecto_espinola_emilia\\app\\Models\\producto_Model.php')
 3 SYSTEMPATH\Autoloader\Autoloader.php(266): CodeIgniter\Autoloader\Autoloader->loadInNamespace('App\\Models\\producto_Model')
 4 APPPATH\Controllers\producto_controller.php(97): CodeIgniter\Autoloader\Autoloader->loadClass('App\\Models\\producto_Model')
 5 SYSTEMPATH\CodeIgniter.php(943): App\Controllers\producto_controller->create()
 6 SYSTEMPATH\CodeIgniter.php(503): CodeIgniter\CodeIgniter->runController(Object(App\Controllers\producto_controller))
 7 SYSTEMPATH\CodeIgniter.php(361): CodeIgniter\CodeIgniter->handleRequest(null, Object(Config\Cache), false)
 8 FCPATH\index.php(79): CodeIgniter\CodeIgniter->run()
WARNING - 2026-01-03 02:55:26 --> [DEPRECATED] Optional parameter $talles declared before required parameter $buscar is implicitly treated as a required parameter in APPPATH\Models\producto_Model.php on line 0.
 1 SYSTEMPATH\Autoloader\Autoloader.php(311): include_once('C:\\xampp\\htdocs\\proyecto_espinola_emilia\\system\\Debug\\Exceptions.php')
 2 SYSTEMPATH\Autoloader\Autoloader.php(290): CodeIgniter\Autoloader\Autoloader->includeFile('C:\\xampp\\htdocs\\proyecto_espinola_emilia\\app\\Models\\producto_Model.php')
 3 SYSTEMPATH\Autoloader\Autoloader.php(266): CodeIgniter\Autoloader\Autoloader->loadInNamespace('App\\Models\\producto_Model')
 4 APPPATH\Controllers\producto_controller.php(97): CodeIgniter\Autoloader\Autoloader->loadClass('App\\Models\\producto_Model')
 5 SYSTEMPATH\CodeIgniter.php(943): App\Controllers\producto_controller->create()
 6 SYSTEMPATH\CodeIgniter.php(503): CodeIgniter\CodeIgniter->runController(Object(App\Controllers\producto_controller))
 7 SYSTEMPATH\CodeIgniter.php(361): CodeIgniter\CodeIgniter->handleRequest(null, Object(Config\Cache), false)
 8 FCPATH\index.php(79): CodeIgniter\CodeIgniter->run()
WARNING - 2026-01-03 02:55:26 --> [DEPRECATED] Optional parameter $categoria_id declared before required parameter $buscar is implicitly treated as a required parameter in APPPATH\Models\producto_Model.php on line 0.
 1 SYSTEMPATH\Autoloader\Autoloader.php(311): include_once('C:\\xampp\\htdocs\\proyecto_espinola_emilia\\system\\Debug\\Exceptions.php')
 2 SYSTEMPATH\Autoloader\Autoloader.php(290): CodeIgniter\Autoloader\Autoloader->includeFile('C:\\xampp\\htdocs\\proyecto_espinola_emilia\\app\\Models\\producto_Model.php')
 3 SYSTEMPATH\Autoloader\Autoloader.php(266): CodeIgniter\Autoloader\Autoloader->loadInNamespace('App\\Models\\producto_Model')
 4 APPPATH\Controllers\producto_controller.php(97): CodeIgniter\Autoloader\Autoloader->loadClass('App\\Models\\producto_Model')
 5 SYSTEMPATH\CodeIgniter.php(943): App\Controllers\producto_controller->create()
 6 SYSTEMPATH\CodeIgniter.php(503): CodeIgniter\CodeIgniter->runController(Object(App\Controllers\producto_controller))
 7 SYSTEMPATH\CodeIgniter.php(361): CodeIgniter\CodeIgniter->handleRequest(null, Object(Config\Cache), false)
 8 FCPATH\index.php(79): CodeIgniter\CodeIgniter->run()
INFO - 2026-01-03 02:55:26 --> Session: Class initialized using 'CodeIgniter\Session\Handlers\FileHandler' driver.
WARNING - 2026-01-03 02:55:26 --> [DEPRECATED] Optional parameter $colores declared before required parameter $buscar is implicitly treated as a required parameter in APPPATH\Models\producto_Model.php on line 74.
 1 SYSTEMPATH\Autoloader\Autoloader.php(311): include_once('C:\\xampp\\htdocs\\proyecto_espinola_emilia\\system\\Debug\\Exceptions.php')
 2 SYSTEMPATH\Autoloader\Autoloader.php(290): CodeIgniter\Autoloader\Autoloader->includeFile('C:\\xampp\\htdocs\\proyecto_espinola_emilia\\app\\Models\\producto_Model.php')
 3 SYSTEMPATH\Autoloader\Autoloader.php(266): CodeIgniter\Autoloader\Autoloader->loadInNamespace('App\\Models\\producto_Model')
 4 APPPATH\Controllers\producto_controller.php(14): CodeIgniter\Autoloader\Autoloader->loadClass('App\\Models\\producto_Model')
 5 SYSTEMPATH\CodeIgniter.php(943): App\Controllers\producto_controller->index()
 6 SYSTEMPATH\CodeIgniter.php(503): CodeIgniter\CodeIgniter->runController(Object(App\Controllers\producto_controller))
 7 SYSTEMPATH\CodeIgniter.php(361): CodeIgniter\CodeIgniter->handleRequest(null, Object(Config\Cache), false)
 8 FCPATH\index.php(79): CodeIgniter\CodeIgniter->run()
WARNING - 2026-01-03 02:55:26 --> [DEPRECATED] Optional parameter $talles declared before required parameter $buscar is implicitly treated as a required parameter in APPPATH\Models\producto_Model.php on line 74.
 1 SYSTEMPATH\Autoloader\Autoloader.php(311): include_once('C:\\xampp\\htdocs\\proyecto_espinola_emilia\\system\\Debug\\Exceptions.php')
 2 SYSTEMPATH\Autoloader\Autoloader.php(290): CodeIgniter\Autoloader\Autoloader->includeFile('C:\\xampp\\htdocs\\proyecto_espinola_emilia\\app\\Models\\producto_Model.php')
 3 SYSTEMPATH\Autoloader\Autoloader.php(266): CodeIgniter\Autoloader\Autoloader->loadInNamespace('App\\Models\\producto_Model')
 4 APPPATH\Controllers\producto_controller.php(14): CodeIgniter\Autoloader\Autoloader->loadClass('App\\Models\\producto_Model')
 5 SYSTEMPATH\CodeIgniter.php(943): App\Controllers\producto_controller->index()
 6 SYSTEMPATH\CodeIgniter.php(503): CodeIgniter\CodeIgniter->runController(Object(App\Controllers\producto_controller))
 7 SYSTEMPATH\CodeIgniter.php(361): CodeIgniter\CodeIgniter->handleRequest(null, Object(Config\Cache), false)
 8 FCPATH\index.php(79): CodeIgniter\CodeIgniter->run()
WARNING - 2026-01-03 02:55:26 --> [DEPRECATED] Optional parameter $categoria_id declared before required parameter $buscar is implicitly treated as a required parameter in APPPATH\Models\producto_Model.php on line 74.
 1 SYSTEMPATH\Autoloader\Autoloader.php(311): include_once('C:\\xampp\\htdocs\\proyecto_espinola_emilia\\system\\Debug\\Exceptions.php')
 2 SYSTEMPATH\Autoloader\Autoloader.php(290): CodeIgniter\Autoloader\Autoloader->includeFile('C:\\xampp\\htdocs\\proyecto_espinola_emilia\\app\\Models\\producto_Model.php')
 3 SYSTEMPATH\Autoloader\Autoloader.php(266): CodeIgniter\Autoloader\Autoloader->loadInNamespace('App\\Models\\producto_Model')
 4 APPPATH\Controllers\producto_controller.php(14): CodeIgniter\Autoloader\Autoloader->loadClass('App\\Models\\producto_Model')
 5 SYSTEMPATH\CodeIgniter.php(943): App\Controllers\producto_controller->index()
 6 SYSTEMPATH\CodeIgniter.php(503): CodeIgniter\CodeIgniter->runController(Object(App\Controllers\producto_controller))
 7 SYSTEMPATH\CodeIgniter.php(361): CodeIgniter\CodeIgniter->handleRequest(null, Object(Config\Cache), false)
 8 FCPATH\index.php(79): CodeIgniter\CodeIgniter->run()
INFO - 2026-01-03 02:59:05 --> Session: Class initialized using 'CodeIgniter\Session\Handlers\FileHandler' driver.
INFO - 2026-01-03 02:59:27 --> Session: Class initialized using 'CodeIgniter\Session\Handlers\FileHandler' driver.
INFO - 2026-01-03 02:59:28 --> Session: Class initialized using 'CodeIgniter\Session\Handlers\FileHandler' driver.
INFO - 2026-01-03 02:59:53 --> Session: Class initialized using 'CodeIgniter\Session\Handlers\FileHandler' driver.
WARNING - 2026-01-03 03:00:25 --> [DEPRECATED] Optional parameter $colores declared before required parameter $buscar is implicitly treated as a required parameter in APPPATH\Models\producto_Model.php on line 74.
 1 SYSTEMPATH\Autoloader\Autoloader.php(311): include_once('C:\\xampp\\htdocs\\proyecto_espinola_emilia\\system\\Debug\\Exceptions.php')
 2 SYSTEMPATH\Autoloader\Autoloader.php(290): CodeIgniter\Autoloader\Autoloader->includeFile('C:\\xampp\\htdocs\\proyecto_espinola_emilia\\app\\Models\\producto_Model.php')
 3 SYSTEMPATH\Autoloader\Autoloader.php(266): CodeIgniter\Autoloader\Autoloader->loadInNamespace('App\\Models\\producto_Model')
 4 APPPATH\Controllers\producto_controller.php(98): CodeIgniter\Autoloader\Autoloader->loadClass('App\\Models\\producto_Model')
 5 SYSTEMPATH\CodeIgniter.php(943): App\Controllers\producto_controller->create()
 6 SYSTEMPATH\CodeIgniter.php(503): CodeIgniter\CodeIgniter->runController(Object(App\Controllers\producto_controller))
 7 SYSTEMPATH\CodeIgniter.php(361): CodeIgniter\CodeIgniter->handleRequest(null, Object(Config\Cache), false)
 8 FCPATH\index.php(79): CodeIgniter\CodeIgniter->run()
WARNING - 2026-01-03 03:00:25 --> [DEPRECATED] Optional parameter $talles declared before required parameter $buscar is implicitly treated as a required parameter in APPPATH\Models\producto_Model.php on line 0.
 1 SYSTEMPATH\Autoloader\Autoloader.php(311): include_once('C:\\xampp\\htdocs\\proyecto_espinola_emilia\\system\\Debug\\Exceptions.php')
 2 SYSTEMPATH\Autoloader\Autoloader.php(290): CodeIgniter\Autoloader\Autoloader->includeFile('C:\\xampp\\htdocs\\proyecto_espinola_emilia\\app\\Models\\producto_Model.php')
 3 SYSTEMPATH\Autoloader\Autoloader.php(266): CodeIgniter\Autoloader\Autoloader->loadInNamespace('App\\Models\\producto_Model')
 4 APPPATH\Controllers\producto_controller.php(98): CodeIgniter\Autoloader\Autoloader->loadClass('App\\Models\\producto_Model')
 5 SYSTEMPATH\CodeIgniter.php(943): App\Controllers\producto_controller->create()
 6 SYSTEMPATH\CodeIgniter.php(503): CodeIgniter\CodeIgniter->runController(Object(App\Controllers\producto_controller))
 7 SYSTEMPATH\CodeIgniter.php(361): CodeIgniter\CodeIgniter->handleRequest(null, Object(Config\Cache), false)
 8 FCPATH\index.php(79): CodeIgniter\CodeIgniter->run()
WARNING - 2026-01-03 03:00:25 --> [DEPRECATED] Optional parameter $categoria_id declared before required parameter $buscar is implicitly treated as a required parameter in APPPATH\Models\producto_Model.php on line 0.
 1 SYSTEMPATH\Autoloader\Autoloader.php(311): include_once('C:\\xampp\\htdocs\\proyecto_espinola_emilia\\system\\Debug\\Exceptions.php')
 2 SYSTEMPATH\Autoloader\Autoloader.php(290): CodeIgniter\Autoloader\Autoloader->includeFile('C:\\xampp\\htdocs\\proyecto_espinola_emilia\\app\\Models\\producto_Model.php')
 3 SYSTEMPATH\Autoloader\Autoloader.php(266): CodeIgniter\Autoloader\Autoloader->loadInNamespace('App\\Models\\producto_Model')
 4 APPPATH\Controllers\producto_controller.php(98): CodeIgniter\Autoloader\Autoloader->loadClass('App\\Models\\producto_Model')
 5 SYSTEMPATH\CodeIgniter.php(943): App\Controllers\producto_controller->create()
 6 SYSTEMPATH\CodeIgniter.php(503): CodeIgniter\CodeIgniter->runController(Object(App\Controllers\producto_controller))
 7 SYSTEMPATH\CodeIgniter.php(361): CodeIgniter\CodeIgniter->handleRequest(null, Object(Config\Cache), false)
 8 FCPATH\index.php(79): CodeIgniter\CodeIgniter->run()
INFO - 2026-01-03 03:00:25 --> Session: Class initialized using 'CodeIgniter\Session\Handlers\FileHandler' driver.
WARNING - 2026-01-03 03:00:25 --> [DEPRECATED] Optional parameter $colores declared before required parameter $buscar is implicitly treated as a required parameter in APPPATH\Models\producto_Model.php on line 74.
 1 SYSTEMPATH\Autoloader\Autoloader.php(311): include_once('C:\\xampp\\htdocs\\proyecto_espinola_emilia\\system\\Debug\\Exceptions.php')
 2 SYSTEMPATH\Autoloader\Autoloader.php(290): CodeIgniter\Autoloader\Autoloader->includeFile('C:\\xampp\\htdocs\\proyecto_espinola_emilia\\app\\Models\\producto_Model.php')
 3 SYSTEMPATH\Autoloader\Autoloader.php(266): CodeIgniter\Autoloader\Autoloader->loadInNamespace('App\\Models\\producto_Model')
 4 APPPATH\Controllers\producto_controller.php(14): CodeIgniter\Autoloader\Autoloader->loadClass('App\\Models\\producto_Model')
 5 SYSTEMPATH\CodeIgniter.php(943): App\Controllers\producto_controller->index()
 6 SYSTEMPATH\CodeIgniter.php(503): CodeIgniter\CodeIgniter->runController(Object(App\Controllers\producto_controller))
 7 SYSTEMPATH\CodeIgniter.php(361): CodeIgniter\CodeIgniter->handleRequest(null, Object(Config\Cache), false)
 8 FCPATH\index.php(79): CodeIgniter\CodeIgniter->run()
WARNING - 2026-01-03 03:00:25 --> [DEPRECATED] Optional parameter $talles declared before required parameter $buscar is implicitly treated as a required parameter in APPPATH\Models\producto_Model.php on line 74.
 1 SYSTEMPATH\Autoloader\Autoloader.php(311): include_once('C:\\xampp\\htdocs\\proyecto_espinola_emilia\\system\\Debug\\Exceptions.php')
 2 SYSTEMPATH\Autoloader\Autoloader.php(290): CodeIgniter\Autoloader\Autoloader->includeFile('C:\\xampp\\htdocs\\proyecto_espinola_emilia\\app\\Models\\producto_Model.php')
 3 SYSTEMPATH\Autoloader\Autoloader.php(266): CodeIgniter\Autoloader\Autoloader->loadInNamespace('App\\Models\\producto_Model')
 4 APPPATH\Controllers\producto_controller.php(14): CodeIgniter\Autoloader\Autoloader->loadClass('App\\Models\\producto_Model')
 5 SYSTEMPATH\CodeIgniter.php(943): App\Controllers\producto_controller->index()
 6 SYSTEMPATH\CodeIgniter.php(503): CodeIgniter\CodeIgniter->runController(Object(App\Controllers\producto_controller))
 7 SYSTEMPATH\CodeIgniter.php(361): CodeIgniter\CodeIgniter->handleRequest(null, Object(Config\Cache), false)
 8 FCPATH\index.php(79): CodeIgniter\CodeIgniter->run()
WARNING - 2026-01-03 03:00:25 --> [DEPRECATED] Optional parameter $categoria_id declared before required parameter $buscar is implicitly treated as a required parameter in APPPATH\Models\producto_Model.php on line 74.
 1 SYSTEMPATH\Autoloader\Autoloader.php(311): include_once('C:\\xampp\\htdocs\\proyecto_espinola_emilia\\system\\Debug\\Exceptions.php')
 2 SYSTEMPATH\Autoloader\Autoloader.php(290): CodeIgniter\Autoloader\Autoloader->includeFile('C:\\xampp\\htdocs\\proyecto_espinola_emilia\\app\\Models\\producto_Model.php')
 3 SYSTEMPATH\Autoloader\Autoloader.php(266): CodeIgniter\Autoloader\Autoloader->loadInNamespace('App\\Models\\producto_Model')
 4 APPPATH\Controllers\producto_controller.php(14): CodeIgniter\Autoloader\Autoloader->loadClass('App\\Models\\producto_Model')
 5 SYSTEMPATH\CodeIgniter.php(943): App\Controllers\producto_controller->index()
 6 SYSTEMPATH\CodeIgniter.php(503): CodeIgniter\CodeIgniter->runController(Object(App\Controllers\producto_controller))
 7 SYSTEMPATH\CodeIgniter.php(361): CodeIgniter\CodeIgniter->handleRequest(null, Object(Config\Cache), false)
 8 FCPATH\index.php(79): CodeIgniter\CodeIgniter->run()
INFO - 2026-01-03 03:00:27 --> Session: Class initialized using 'CodeIgniter\Session\Handlers\FileHandler' driver.
INFO - 2026-01-03 03:00:50 --> Session: Class initialized using 'CodeIgniter\Session\Handlers\FileHandler' driver.
INFO - 2026-01-03 03:00:50 --> Session: Class initialized using 'CodeIgniter\Session\Handlers\FileHandler' driver.
WARNING - 2026-01-03 19:48:58 --> [DEPRECATED] Optional parameter $colores declared before required parameter $buscar is implicitly treated as a required parameter in APPPATH\Models\producto_Model.php on line 74.
 1 SYSTEMPATH\Autoloader\Autoloader.php(311): include_once('C:\\xampp\\htdocs\\proyecto_espinola_emilia\\system\\Debug\\Exceptions.php')
 2 SYSTEMPATH\Autoloader\Autoloader.php(290): CodeIgniter\Autoloader\Autoloader->includeFile('C:\\xampp\\htdocs\\proyecto_espinola_emilia\\app\\Models\\producto_Model.php')
 3 SYSTEMPATH\Autoloader\Autoloader.php(266): CodeIgniter\Autoloader\Autoloader->loadInNamespace('App\\Models\\producto_Model')
 4 APPPATH\Controllers\Home.php(12): CodeIgniter\Autoloader\Autoloader->loadClass('App\\Models\\producto_Model')
 5 SYSTEMPATH\CodeIgniter.php(943): App\Controllers\Home->inicio()
 6 SYSTEMPATH\CodeIgniter.php(503): CodeIgniter\CodeIgniter->runController(Object(App\Controllers\Home))
 7 SYSTEMPATH\CodeIgniter.php(361): CodeIgniter\CodeIgniter->handleRequest(null, Object(Config\Cache), false)
 8 FCPATH\index.php(79): CodeIgniter\CodeIgniter->run()
WARNING - 2026-01-03 19:48:58 --> [DEPRECATED] Optional parameter $talles declared before required parameter $buscar is implicitly treated as a required parameter in APPPATH\Models\producto_Model.php on line 0.
 1 SYSTEMPATH\Autoloader\Autoloader.php(311): include_once('C:\\xampp\\htdocs\\proyecto_espinola_emilia\\system\\Debug\\Exceptions.php')
 2 SYSTEMPATH\Autoloader\Autoloader.php(290): CodeIgniter\Autoloader\Autoloader->includeFile('C:\\xampp\\htdocs\\proyecto_espinola_emilia\\app\\Models\\producto_Model.php')
 3 SYSTEMPATH\Autoloader\Autoloader.php(266): CodeIgniter\Autoloader\Autoloader->loadInNamespace('App\\Models\\producto_Model')
 4 APPPATH\Controllers\Home.php(12): CodeIgniter\Autoloader\Autoloader->loadClass('App\\Models\\producto_Model')
 5 SYSTEMPATH\CodeIgniter.php(943): App\Controllers\Home->inicio()
 6 SYSTEMPATH\CodeIgniter.php(503): CodeIgniter\CodeIgniter->runController(Object(App\Controllers\Home))
 7 SYSTEMPATH\CodeIgniter.php(361): CodeIgniter\CodeIgniter->handleRequest(null, Object(Config\Cache), false)
 8 FCPATH\index.php(79): CodeIgniter\CodeIgniter->run()
WARNING - 2026-01-03 19:48:58 --> [DEPRECATED] Optional parameter $categoria_id declared before required parameter $buscar is implicitly treated as a required parameter in APPPATH\Models\producto_Model.php on line 0.
 1 SYSTEMPATH\Autoloader\Autoloader.php(311): include_once('C:\\xampp\\htdocs\\proyecto_espinola_emilia\\system\\Debug\\Exceptions.php')
 2 SYSTEMPATH\Autoloader\Autoloader.php(290): CodeIgniter\Autoloader\Autoloader->includeFile('C:\\xampp\\htdocs\\proyecto_espinola_emilia\\app\\Models\\producto_Model.php')
 3 SYSTEMPATH\Autoloader\Autoloader.php(266): CodeIgniter\Autoloader\Autoloader->loadInNamespace('App\\Models\\producto_Model')
 4 APPPATH\Controllers\Home.php(12): CodeIgniter\Autoloader\Autoloader->loadClass('App\\Models\\producto_Model')
 5 SYSTEMPATH\CodeIgniter.php(943): App\Controllers\Home->inicio()
 6 SYSTEMPATH\CodeIgniter.php(503): CodeIgniter\CodeIgniter->runController(Object(App\Controllers\Home))
 7 SYSTEMPATH\CodeIgniter.php(361): CodeIgniter\CodeIgniter->handleRequest(null, Object(Config\Cache), false)
 8 FCPATH\index.php(79): CodeIgniter\CodeIgniter->run()
INFO - 2026-01-03 19:49:02 --> Session: Class initialized using 'CodeIgniter\Session\Handlers\FileHandler' driver.
WARNING - 2026-01-03 19:49:45 --> [DEPRECATED] Optional parameter $colores declared before required parameter $buscar is implicitly treated as a required parameter in APPPATH\Models\producto_Model.php on line 74.
 1 SYSTEMPATH\Autoloader\Autoloader.php(311): include_once('C:\\xampp\\htdocs\\proyecto_espinola_emilia\\system\\Debug\\Exceptions.php')
 2 SYSTEMPATH\Autoloader\Autoloader.php(290): CodeIgniter\Autoloader\Autoloader->includeFile('C:\\xampp\\htdocs\\proyecto_espinola_emilia\\app\\Models\\producto_Model.php')
 3 SYSTEMPATH\Autoloader\Autoloader.php(266): CodeIgniter\Autoloader\Autoloader->loadInNamespace('App\\Models\\producto_Model')
 4 APPPATH\Controllers\producto_controller.php(373): CodeIgniter\Autoloader\Autoloader->loadClass('App\\Models\\producto_Model')
 5 SYSTEMPATH\CodeIgniter.php(943): App\Controllers\producto_controller->ProductosPorCategoria('11')
 6 SYSTEMPATH\CodeIgniter.php(503): CodeIgniter\CodeIgniter->runController(Object(App\Controllers\producto_controller))
 7 SYSTEMPATH\CodeIgniter.php(361): CodeIgniter\CodeIgniter->handleRequest(null, Object(Config\Cache), false)
 8 FCPATH\index.php(79): CodeIgniter\CodeIgniter->run()
WARNING - 2026-01-03 19:49:45 --> [DEPRECATED] Optional parameter $talles declared before required parameter $buscar is implicitly treated as a required parameter in APPPATH\Models\producto_Model.php on line 0.
 1 SYSTEMPATH\Autoloader\Autoloader.php(311): include_once('C:\\xampp\\htdocs\\proyecto_espinola_emilia\\system\\Debug\\Exceptions.php')
 2 SYSTEMPATH\Autoloader\Autoloader.php(290): CodeIgniter\Autoloader\Autoloader->includeFile('C:\\xampp\\htdocs\\proyecto_espinola_emilia\\app\\Models\\producto_Model.php')
 3 SYSTEMPATH\Autoloader\Autoloader.php(266): CodeIgniter\Autoloader\Autoloader->loadInNamespace('App\\Models\\producto_Model')
 4 APPPATH\Controllers\producto_controller.php(373): CodeIgniter\Autoloader\Autoloader->loadClass('App\\Models\\producto_Model')
 5 SYSTEMPATH\CodeIgniter.php(943): App\Controllers\producto_controller->ProductosPorCategoria('11')
 6 SYSTEMPATH\CodeIgniter.php(503): CodeIgniter\CodeIgniter->runController(Object(App\Controllers\producto_controller))
 7 SYSTEMPATH\CodeIgniter.php(361): CodeIgniter\CodeIgniter->handleRequest(null, Object(Config\Cache), false)
 8 FCPATH\index.php(79): CodeIgniter\CodeIgniter->run()
WARNING - 2026-01-03 19:49:45 --> [DEPRECATED] Optional parameter $categoria_id declared before required parameter $buscar is implicitly treated as a required parameter in APPPATH\Models\producto_Model.php on line 0.
 1 SYSTEMPATH\Autoloader\Autoloader.php(311): include_once('C:\\xampp\\htdocs\\proyecto_espinola_emilia\\system\\Debug\\Exceptions.php')
 2 SYSTEMPATH\Autoloader\Autoloader.php(290): CodeIgniter\Autoloader\Autoloader->includeFile('C:\\xampp\\htdocs\\proyecto_espinola_emilia\\app\\Models\\producto_Model.php')
 3 SYSTEMPATH\Autoloader\Autoloader.php(266): CodeIgniter\Autoloader\Autoloader->loadInNamespace('App\\Models\\producto_Model')
 4 APPPATH\Controllers\producto_controller.php(373): CodeIgniter\Autoloader\Autoloader->loadClass('App\\Models\\producto_Model')
 5 SYSTEMPATH\CodeIgniter.php(943): App\Controllers\producto_controller->ProductosPorCategoria('11')
 6 SYSTEMPATH\CodeIgniter.php(503): CodeIgniter\CodeIgniter->runController(Object(App\Controllers\producto_controller))
 7 SYSTEMPATH\CodeIgniter.php(361): CodeIgniter\CodeIgniter->handleRequest(null, Object(Config\Cache), false)
 8 FCPATH\index.php(79): CodeIgniter\CodeIgniter->run()
INFO - 2026-01-03 19:49:46 --> Session: Class initialized using 'CodeIgniter\Session\Handlers\FileHandler' driver.
WARNING - 2026-01-03 19:49:49 --> [DEPRECATED] Optional parameter $colores declared before required parameter $buscar is implicitly treated as a required parameter in APPPATH\Models\producto_Model.php on line 74.
 1 SYSTEMPATH\Autoloader\Autoloader.php(311): include_once('C:\\xampp\\htdocs\\proyecto_espinola_emilia\\system\\Debug\\Exceptions.php')
 2 SYSTEMPATH\Autoloader\Autoloader.php(290): CodeIgniter\Autoloader\Autoloader->includeFile('C:\\xampp\\htdocs\\proyecto_espinola_emilia\\app\\Models\\producto_Model.php')
 3 SYSTEMPATH\Autoloader\Autoloader.php(266): CodeIgniter\Autoloader\Autoloader->loadInNamespace('App\\Models\\producto_Model')
 4 APPPATH\Controllers\Home.php(12): CodeIgniter\Autoloader\Autoloader->loadClass('App\\Models\\producto_Model')
 5 SYSTEMPATH\CodeIgniter.php(943): App\Controllers\Home->inicio()
 6 SYSTEMPATH\CodeIgniter.php(503): CodeIgniter\CodeIgniter->runController(Object(App\Controllers\Home))
 7 SYSTEMPATH\CodeIgniter.php(361): CodeIgniter\CodeIgniter->handleRequest(null, Object(Config\Cache), false)
 8 FCPATH\index.php(79): CodeIgniter\CodeIgniter->run()
WARNING - 2026-01-03 19:49:49 --> [DEPRECATED] Optional parameter $talles declared before required parameter $buscar is implicitly treated as a required parameter in APPPATH\Models\producto_Model.php on line 0.
 1 SYSTEMPATH\Autoloader\Autoloader.php(311): include_once('C:\\xampp\\htdocs\\proyecto_espinola_emilia\\system\\Debug\\Exceptions.php')
 2 SYSTEMPATH\Autoloader\Autoloader.php(290): CodeIgniter\Autoloader\Autoloader->includeFile('C:\\xampp\\htdocs\\proyecto_espinola_emilia\\app\\Models\\producto_Model.php')
 3 SYSTEMPATH\Autoloader\Autoloader.php(266): CodeIgniter\Autoloader\Autoloader->loadInNamespace('App\\Models\\producto_Model')
 4 APPPATH\Controllers\Home.php(12): CodeIgniter\Autoloader\Autoloader->loadClass('App\\Models\\producto_Model')
 5 SYSTEMPATH\CodeIgniter.php(943): App\Controllers\Home->inicio()
 6 SYSTEMPATH\CodeIgniter.php(503): CodeIgniter\CodeIgniter->runController(Object(App\Controllers\Home))
 7 SYSTEMPATH\CodeIgniter.php(361): CodeIgniter\CodeIgniter->handleRequest(null, Object(Config\Cache), false)
 8 FCPATH\index.php(79): CodeIgniter\CodeIgniter->run()
WARNING - 2026-01-03 19:49:49 --> [DEPRECATED] Optional parameter $categoria_id declared before required parameter $buscar is implicitly treated as a required parameter in APPPATH\Models\producto_Model.php on line 0.
 1 SYSTEMPATH\Autoloader\Autoloader.php(311): include_once('C:\\xampp\\htdocs\\proyecto_espinola_emilia\\system\\Debug\\Exceptions.php')
 2 SYSTEMPATH\Autoloader\Autoloader.php(290): CodeIgniter\Autoloader\Autoloader->includeFile('C:\\xampp\\htdocs\\proyecto_espinola_emilia\\app\\Models\\producto_Model.php')
 3 SYSTEMPATH\Autoloader\Autoloader.php(266): CodeIgniter\Autoloader\Autoloader->loadInNamespace('App\\Models\\producto_Model')
 4 APPPATH\Controllers\Home.php(12): CodeIgniter\Autoloader\Autoloader->loadClass('App\\Models\\producto_Model')
 5 SYSTEMPATH\CodeIgniter.php(943): App\Controllers\Home->inicio()
 6 SYSTEMPATH\CodeIgniter.php(503): CodeIgniter\CodeIgniter->runController(Object(App\Controllers\Home))
 7 SYSTEMPATH\CodeIgniter.php(361): CodeIgniter\CodeIgniter->handleRequest(null, Object(Config\Cache), false)
 8 FCPATH\index.php(79): CodeIgniter\CodeIgniter->run()
INFO - 2026-01-03 19:49:49 --> Session: Class initialized using 'CodeIgniter\Session\Handlers\FileHandler' driver.
INFO - 2026-01-03 20:19:29 --> Session: Class initialized using 'CodeIgniter\Session\Handlers\FileHandler' driver.
INFO - 2026-01-03 20:19:43 --> Session: Class initialized using 'CodeIgniter\Session\Handlers\FileHandler' driver.
INFO - 2026-01-03 20:19:44 --> Session: Class initialized using 'CodeIgniter\Session\Handlers\FileHandler' driver.
WARNING - 2026-01-03 20:19:44 --> [DEPRECATED] Optional parameter $colores declared before required parameter $buscar is implicitly treated as a required parameter in APPPATH\Models\producto_Model.php on line 74.
 1 SYSTEMPATH\Autoloader\Autoloader.php(311): include_once('C:\\xampp\\htdocs\\proyecto_espinola_emilia\\system\\Debug\\Exceptions.php')
 2 SYSTEMPATH\Autoloader\Autoloader.php(290): CodeIgniter\Autoloader\Autoloader->includeFile('C:\\xampp\\htdocs\\proyecto_espinola_emilia\\app\\Models\\producto_Model.php')
 3 SYSTEMPATH\Autoloader\Autoloader.php(266): CodeIgniter\Autoloader\Autoloader->loadInNamespace('App\\Models\\producto_Model')
 4 APPPATH\Controllers\producto_controller.php(14): CodeIgniter\Autoloader\Autoloader->loadClass('App\\Models\\producto_Model')
 5 SYSTEMPATH\CodeIgniter.php(943): App\Controllers\producto_controller->index()
 6 SYSTEMPATH\CodeIgniter.php(503): CodeIgniter\CodeIgniter->runController(Object(App\Controllers\producto_controller))
 7 SYSTEMPATH\CodeIgniter.php(361): CodeIgniter\CodeIgniter->handleRequest(null, Object(Config\Cache), false)
 8 FCPATH\index.php(79): CodeIgniter\CodeIgniter->run()
WARNING - 2026-01-03 20:19:44 --> [DEPRECATED] Optional parameter $talles declared before required parameter $buscar is implicitly treated as a required parameter in APPPATH\Models\producto_Model.php on line 74.
 1 SYSTEMPATH\Autoloader\Autoloader.php(311): include_once('C:\\xampp\\htdocs\\proyecto_espinola_emilia\\system\\Debug\\Exceptions.php')
 2 SYSTEMPATH\Autoloader\Autoloader.php(290): CodeIgniter\Autoloader\Autoloader->includeFile('C:\\xampp\\htdocs\\proyecto_espinola_emilia\\app\\Models\\producto_Model.php')
 3 SYSTEMPATH\Autoloader\Autoloader.php(266): CodeIgniter\Autoloader\Autoloader->loadInNamespace('App\\Models\\producto_Model')
 4 APPPATH\Controllers\producto_controller.php(14): CodeIgniter\Autoloader\Autoloader->loadClass('App\\Models\\producto_Model')
 5 SYSTEMPATH\CodeIgniter.php(943): App\Controllers\producto_controller->index()
 6 SYSTEMPATH\CodeIgniter.php(503): CodeIgniter\CodeIgniter->runController(Object(App\Controllers\producto_controller))
 7 SYSTEMPATH\CodeIgniter.php(361): CodeIgniter\CodeIgniter->handleRequest(null, Object(Config\Cache), false)
 8 FCPATH\index.php(79): CodeIgniter\CodeIgniter->run()
WARNING - 2026-01-03 20:19:44 --> [DEPRECATED] Optional parameter $categoria_id declared before required parameter $buscar is implicitly treated as a required parameter in APPPATH\Models\producto_Model.php on line 74.
 1 SYSTEMPATH\Autoloader\Autoloader.php(311): include_once('C:\\xampp\\htdocs\\proyecto_espinola_emilia\\system\\Debug\\Exceptions.php')
 2 SYSTEMPATH\Autoloader\Autoloader.php(290): CodeIgniter\Autoloader\Autoloader->includeFile('C:\\xampp\\htdocs\\proyecto_espinola_emilia\\app\\Models\\producto_Model.php')
 3 SYSTEMPATH\Autoloader\Autoloader.php(266): CodeIgniter\Autoloader\Autoloader->loadInNamespace('App\\Models\\producto_Model')
 4 APPPATH\Controllers\producto_controller.php(14): CodeIgniter\Autoloader\Autoloader->loadClass('App\\Models\\producto_Model')
 5 SYSTEMPATH\CodeIgniter.php(943): App\Controllers\producto_controller->index()
 6 SYSTEMPATH\CodeIgniter.php(503): CodeIgniter\CodeIgniter->runController(Object(App\Controllers\producto_controller))
 7 SYSTEMPATH\CodeIgniter.php(361): CodeIgniter\CodeIgniter->handleRequest(null, Object(Config\Cache), false)
 8 FCPATH\index.php(79): CodeIgniter\CodeIgniter->run()
INFO - 2026-01-03 20:19:47 --> Session: Class initialized using 'CodeIgniter\Session\Handlers\FileHandler' driver.
INFO - 2026-01-03 20:19:56 --> Session: Class initialized using 'CodeIgniter\Session\Handlers\FileHandler' driver.
CRITICAL - 2026-01-03 20:19:56 --> ErrorException: Undefined variable $nombre_aleatorio
in APPPATH\Controllers\producto_controller.php on line 91.
 1 APPPATH\Controllers\producto_controller.php(91): CodeIgniter\Debug\Exceptions->errorHandler(2, 'Undefined variable $nombre_aleatorio', 'C:\\xampp\\htdocs\\proyecto_espinola_emilia\\app\\Controllers\\producto_controller.php', 91)
 2 SYSTEMPATH\CodeIgniter.php(943): App\Controllers\producto_controller->create()
 3 SYSTEMPATH\CodeIgniter.php(503): CodeIgniter\CodeIgniter->runController(Object(App\Controllers\producto_controller))
 4 SYSTEMPATH\CodeIgniter.php(361): CodeIgniter\CodeIgniter->handleRequest(null, Object(Config\Cache), false)
 5 FCPATH\index.php(79): CodeIgniter\CodeIgniter->run()
INFO - 2026-01-03 20:21:18 --> Session: Class initialized using 'CodeIgniter\Session\Handlers\FileHandler' driver.
WARNING - 2026-01-03 20:21:18 --> [DEPRECATED] Optional parameter $colores declared before required parameter $buscar is implicitly treated as a required parameter in APPPATH\Models\producto_Model.php on line 74.
 1 SYSTEMPATH\Autoloader\Autoloader.php(311): include_once('C:\\xampp\\htdocs\\proyecto_espinola_emilia\\system\\Debug\\Exceptions.php')
 2 SYSTEMPATH\Autoloader\Autoloader.php(290): CodeIgniter\Autoloader\Autoloader->includeFile('C:\\xampp\\htdocs\\proyecto_espinola_emilia\\app\\Models\\producto_Model.php')
 3 SYSTEMPATH\Autoloader\Autoloader.php(266): CodeIgniter\Autoloader\Autoloader->loadInNamespace('App\\Models\\producto_Model')
 4 APPPATH\Controllers\producto_controller.php(98): CodeIgniter\Autoloader\Autoloader->loadClass('App\\Models\\producto_Model')
 5 SYSTEMPATH\CodeIgniter.php(943): App\Controllers\producto_controller->create()
 6 SYSTEMPATH\CodeIgniter.php(503): CodeIgniter\CodeIgniter->runController(Object(App\Controllers\producto_controller))
 7 SYSTEMPATH\CodeIgniter.php(361): CodeIgniter\CodeIgniter->handleRequest(null, Object(Config\Cache), false)
 8 FCPATH\index.php(79): CodeIgniter\CodeIgniter->run()
WARNING - 2026-01-03 20:21:18 --> [DEPRECATED] Optional parameter $talles declared before required parameter $buscar is implicitly treated as a required parameter in APPPATH\Models\producto_Model.php on line 74.
 1 SYSTEMPATH\Autoloader\Autoloader.php(311): include_once('C:\\xampp\\htdocs\\proyecto_espinola_emilia\\system\\Debug\\Exceptions.php')
 2 SYSTEMPATH\Autoloader\Autoloader.php(290): CodeIgniter\Autoloader\Autoloader->includeFile('C:\\xampp\\htdocs\\proyecto_espinola_emilia\\app\\Models\\producto_Model.php')
 3 SYSTEMPATH\Autoloader\Autoloader.php(266): CodeIgniter\Autoloader\Autoloader->loadInNamespace('App\\Models\\producto_Model')
 4 APPPATH\Controllers\producto_controller.php(98): CodeIgniter\Autoloader\Autoloader->loadClass('App\\Models\\producto_Model')
 5 SYSTEMPATH\CodeIgniter.php(943): App\Controllers\producto_controller->create()
 6 SYSTEMPATH\CodeIgniter.php(503): CodeIgniter\CodeIgniter->runController(Object(App\Controllers\producto_controller))
 7 SYSTEMPATH\CodeIgniter.php(361): CodeIgniter\CodeIgniter->handleRequest(null, Object(Config\Cache), false)
 8 FCPATH\index.php(79): CodeIgniter\CodeIgniter->run()
WARNING - 2026-01-03 20:21:18 --> [DEPRECATED] Optional parameter $categoria_id declared before required parameter $buscar is implicitly treated as a required parameter in APPPATH\Models\producto_Model.php on line 74.
 1 SYSTEMPATH\Autoloader\Autoloader.php(311): include_once('C:\\xampp\\htdocs\\proyecto_espinola_emilia\\system\\Debug\\Exceptions.php')
 2 SYSTEMPATH\Autoloader\Autoloader.php(290): CodeIgniter\Autoloader\Autoloader->includeFile('C:\\xampp\\htdocs\\proyecto_espinola_emilia\\app\\Models\\producto_Model.php')
 3 SYSTEMPATH\Autoloader\Autoloader.php(266): CodeIgniter\Autoloader\Autoloader->loadInNamespace('App\\Models\\producto_Model')
 4 APPPATH\Controllers\producto_controller.php(98): CodeIgniter\Autoloader\Autoloader->loadClass('App\\Models\\producto_Model')
 5 SYSTEMPATH\CodeIgniter.php(943): App\Controllers\producto_controller->create()
 6 SYSTEMPATH\CodeIgniter.php(503): CodeIgniter\CodeIgniter->runController(Object(App\Controllers\producto_controller))
 7 SYSTEMPATH\CodeIgniter.php(361): CodeIgniter\CodeIgniter->handleRequest(null, Object(Config\Cache), false)
 8 FCPATH\index.php(79): CodeIgniter\CodeIgniter->run()
INFO - 2026-01-03 20:21:19 --> Session: Class initialized using 'CodeIgniter\Session\Handlers\FileHandler' driver.
WARNING - 2026-01-03 20:21:19 --> [DEPRECATED] Optional parameter $colores declared before required parameter $buscar is implicitly treated as a required parameter in APPPATH\Models\producto_Model.php on line 74.
 1 SYSTEMPATH\Autoloader\Autoloader.php(311): include_once('C:\\xampp\\htdocs\\proyecto_espinola_emilia\\system\\Debug\\Exceptions.php')
 2 SYSTEMPATH\Autoloader\Autoloader.php(290): CodeIgniter\Autoloader\Autoloader->includeFile('C:\\xampp\\htdocs\\proyecto_espinola_emilia\\app\\Models\\producto_Model.php')
 3 SYSTEMPATH\Autoloader\Autoloader.php(266): CodeIgniter\Autoloader\Autoloader->loadInNamespace('App\\Models\\producto_Model')
 4 APPPATH\Controllers\producto_controller.php(14): CodeIgniter\Autoloader\Autoloader->loadClass('App\\Models\\producto_Model')
 5 SYSTEMPATH\CodeIgniter.php(943): App\Controllers\producto_controller->index()
 6 SYSTEMPATH\CodeIgniter.php(503): CodeIgniter\CodeIgniter->runController(Object(App\Controllers\producto_controller))
 7 SYSTEMPATH\CodeIgniter.php(361): CodeIgniter\CodeIgniter->handleRequest(null, Object(Config\Cache), false)
 8 FCPATH\index.php(79): CodeIgniter\CodeIgniter->run()
WARNING - 2026-01-03 20:21:19 --> [DEPRECATED] Optional parameter $talles declared before required parameter $buscar is implicitly treated as a required parameter in APPPATH\Models\producto_Model.php on line 74.
 1 SYSTEMPATH\Autoloader\Autoloader.php(311): include_once('C:\\xampp\\htdocs\\proyecto_espinola_emilia\\system\\Debug\\Exceptions.php')
 2 SYSTEMPATH\Autoloader\Autoloader.php(290): CodeIgniter\Autoloader\Autoloader->includeFile('C:\\xampp\\htdocs\\proyecto_espinola_emilia\\app\\Models\\producto_Model.php')
 3 SYSTEMPATH\Autoloader\Autoloader.php(266): CodeIgniter\Autoloader\Autoloader->loadInNamespace('App\\Models\\producto_Model')
 4 APPPATH\Controllers\producto_controller.php(14): CodeIgniter\Autoloader\Autoloader->loadClass('App\\Models\\producto_Model')
 5 SYSTEMPATH\CodeIgniter.php(943): App\Controllers\producto_controller->index()
 6 SYSTEMPATH\CodeIgniter.php(503): CodeIgniter\CodeIgniter->runController(Object(App\Controllers\producto_controller))
 7 SYSTEMPATH\CodeIgniter.php(361): CodeIgniter\CodeIgniter->handleRequest(null, Object(Config\Cache), false)
 8 FCPATH\index.php(79): CodeIgniter\CodeIgniter->run()
WARNING - 2026-01-03 20:21:19 --> [DEPRECATED] Optional parameter $categoria_id declared before required parameter $buscar is implicitly treated as a required parameter in APPPATH\Models\producto_Model.php on line 74.
 1 SYSTEMPATH\Autoloader\Autoloader.php(311): include_once('C:\\xampp\\htdocs\\proyecto_espinola_emilia\\system\\Debug\\Exceptions.php')
 2 SYSTEMPATH\Autoloader\Autoloader.php(290): CodeIgniter\Autoloader\Autoloader->includeFile('C:\\xampp\\htdocs\\proyecto_espinola_emilia\\app\\Models\\producto_Model.php')
 3 SYSTEMPATH\Autoloader\Autoloader.php(266): CodeIgniter\Autoloader\Autoloader->loadInNamespace('App\\Models\\producto_Model')
 4 APPPATH\Controllers\producto_controller.php(14): CodeIgniter\Autoloader\Autoloader->loadClass('App\\Models\\producto_Model')
 5 SYSTEMPATH\CodeIgniter.php(943): App\Controllers\producto_controller->index()
 6 SYSTEMPATH\CodeIgniter.php(503): CodeIgniter\CodeIgniter->runController(Object(App\Controllers\producto_controller))
 7 SYSTEMPATH\CodeIgniter.php(361): CodeIgniter\CodeIgniter->handleRequest(null, Object(Config\Cache), false)
 8 FCPATH\index.php(79): CodeIgniter\CodeIgniter->run()
INFO - 2026-01-03 20:22:41 --> Session: Class initialized using 'CodeIgniter\Session\Handlers\FileHandler' driver.
INFO - 2026-01-03 20:22:47 --> Session: Class initialized using 'CodeIgniter\Session\Handlers\FileHandler' driver.
CRITICAL - 2026-01-03 20:22:47 --> ErrorException: Undefined variable $nombre_aleatorio
in APPPATH\Controllers\producto_controller.php on line 91.
 1 APPPATH\Controllers\producto_controller.php(91): CodeIgniter\Debug\Exceptions->errorHandler(2, 'Undefined variable $nombre_aleatorio', 'C:\\xampp\\htdocs\\proyecto_espinola_emilia\\app\\Controllers\\producto_controller.php', 91)
 2 SYSTEMPATH\CodeIgniter.php(943): App\Controllers\producto_controller->create()
 3 SYSTEMPATH\CodeIgniter.php(503): CodeIgniter\CodeIgniter->runController(Object(App\Controllers\producto_controller))
 4 SYSTEMPATH\CodeIgniter.php(361): CodeIgniter\CodeIgniter->handleRequest(null, Object(Config\Cache), false)
 5 FCPATH\index.php(79): CodeIgniter\CodeIgniter->run()
INFO - 2026-01-03 20:22:49 --> Session: Class initialized using 'CodeIgniter\Session\Handlers\FileHandler' driver.
INFO - 2026-01-03 20:24:27 --> Session: Class initialized using 'CodeIgniter\Session\Handlers\FileHandler' driver.
INFO - 2026-01-03 20:25:11 --> Session: Class initialized using 'CodeIgniter\Session\Handlers\FileHandler' driver.
INFO - 2026-01-03 20:25:28 --> Session: Class initialized using 'CodeIgniter\Session\Handlers\FileHandler' driver.
INFO - 2026-01-03 20:25:52 --> Session: Class initialized using 'CodeIgniter\Session\Handlers\FileHandler' driver.
INFO - 2026-01-03 20:26:03 --> Session: Class initialized using 'CodeIgniter\Session\Handlers\FileHandler' driver.
INFO - 2026-01-03 20:26:18 --> Session: Class initialized using 'CodeIgniter\Session\Handlers\FileHandler' driver.
INFO - 2026-01-03 20:28:20 --> Session: Class initialized using 'CodeIgniter\Session\Handlers\FileHandler' driver.
INFO - 2026-01-03 20:28:20 --> Session: Class initialized using 'CodeIgniter\Session\Handlers\FileHandler' driver.
INFO - 2026-01-03 20:28:52 --> Session: Class initialized using 'CodeIgniter\Session\Handlers\FileHandler' driver.
INFO - 2026-01-03 20:28:53 --> Session: Class initialized using 'CodeIgniter\Session\Handlers\FileHandler' driver.
WARNING - 2026-01-03 20:32:58 --> [DEPRECATED] Optional parameter $colores declared before required parameter $buscar is implicitly treated as a required parameter in APPPATH\Models\producto_Model.php on line 74.
 1 SYSTEMPATH\Autoloader\Autoloader.php(311): include_once('C:\\xampp\\htdocs\\proyecto_espinola_emilia\\system\\Debug\\Exceptions.php')
 2 SYSTEMPATH\Autoloader\Autoloader.php(290): CodeIgniter\Autoloader\Autoloader->includeFile('C:\\xampp\\htdocs\\proyecto_espinola_emilia\\app\\Models\\producto_Model.php')
 3 SYSTEMPATH\Autoloader\Autoloader.php(266): CodeIgniter\Autoloader\Autoloader->loadInNamespace('App\\Models\\producto_Model')
 4 APPPATH\Controllers\producto_controller.php(98): CodeIgniter\Autoloader\Autoloader->loadClass('App\\Models\\producto_Model')
 5 SYSTEMPATH\CodeIgniter.php(943): App\Controllers\producto_controller->create()
 6 SYSTEMPATH\CodeIgniter.php(503): CodeIgniter\CodeIgniter->runController(Object(App\Controllers\producto_controller))
 7 SYSTEMPATH\CodeIgniter.php(361): CodeIgniter\CodeIgniter->handleRequest(null, Object(Config\Cache), false)
 8 FCPATH\index.php(79): CodeIgniter\CodeIgniter->run()
WARNING - 2026-01-03 20:32:58 --> [DEPRECATED] Optional parameter $talles declared before required parameter $buscar is implicitly treated as a required parameter in APPPATH\Models\producto_Model.php on line 0.
 1 SYSTEMPATH\Autoloader\Autoloader.php(311): include_once('C:\\xampp\\htdocs\\proyecto_espinola_emilia\\system\\Debug\\Exceptions.php')
 2 SYSTEMPATH\Autoloader\Autoloader.php(290): CodeIgniter\Autoloader\Autoloader->includeFile('C:\\xampp\\htdocs\\proyecto_espinola_emilia\\app\\Models\\producto_Model.php')
 3 SYSTEMPATH\Autoloader\Autoloader.php(266): CodeIgniter\Autoloader\Autoloader->loadInNamespace('App\\Models\\producto_Model')
 4 APPPATH\Controllers\producto_controller.php(98): CodeIgniter\Autoloader\Autoloader->loadClass('App\\Models\\producto_Model')
 5 SYSTEMPATH\CodeIgniter.php(943): App\Controllers\producto_controller->create()
 6 SYSTEMPATH\CodeIgniter.php(503): CodeIgniter\CodeIgniter->runController(Object(App\Controllers\producto_controller))
 7 SYSTEMPATH\CodeIgniter.php(361): CodeIgniter\CodeIgniter->handleRequest(null, Object(Config\Cache), false)
 8 FCPATH\index.php(79): CodeIgniter\CodeIgniter->run()
WARNING - 2026-01-03 20:32:58 --> [DEPRECATED] Optional parameter $categoria_id declared before required parameter $buscar is implicitly treated as a required parameter in APPPATH\Models\producto_Model.php on line 0.
 1 SYSTEMPATH\Autoloader\Autoloader.php(311): include_once('C:\\xampp\\htdocs\\proyecto_espinola_emilia\\system\\Debug\\Exceptions.php')
 2 SYSTEMPATH\Autoloader\Autoloader.php(290): CodeIgniter\Autoloader\Autoloader->includeFile('C:\\xampp\\htdocs\\proyecto_espinola_emilia\\app\\Models\\producto_Model.php')
 3 SYSTEMPATH\Autoloader\Autoloader.php(266): CodeIgniter\Autoloader\Autoloader->loadInNamespace('App\\Models\\producto_Model')
 4 APPPATH\Controllers\producto_controller.php(98): CodeIgniter\Autoloader\Autoloader->loadClass('App\\Models\\producto_Model')
 5 SYSTEMPATH\CodeIgniter.php(943): App\Controllers\producto_controller->create()
 6 SYSTEMPATH\CodeIgniter.php(503): CodeIgniter\CodeIgniter->runController(Object(App\Controllers\producto_controller))
 7 SYSTEMPATH\CodeIgniter.php(361): CodeIgniter\CodeIgniter->handleRequest(null, Object(Config\Cache), false)
 8 FCPATH\index.php(79): CodeIgniter\CodeIgniter->run()
INFO - 2026-01-03 20:32:58 --> Session: Class initialized using 'CodeIgniter\Session\Handlers\FileHandler' driver.
WARNING - 2026-01-03 20:32:58 --> [DEPRECATED] Optional parameter $colores declared before required parameter $buscar is implicitly treated as a required parameter in APPPATH\Models\producto_Model.php on line 74.
 1 SYSTEMPATH\Autoloader\Autoloader.php(311): include_once('C:\\xampp\\htdocs\\proyecto_espinola_emilia\\system\\Debug\\Exceptions.php')
 2 SYSTEMPATH\Autoloader\Autoloader.php(290): CodeIgniter\Autoloader\Autoloader->includeFile('C:\\xampp\\htdocs\\proyecto_espinola_emilia\\app\\Models\\producto_Model.php')
 3 SYSTEMPATH\Autoloader\Autoloader.php(266): CodeIgniter\Autoloader\Autoloader->loadInNamespace('App\\Models\\producto_Model')
 4 APPPATH\Controllers\producto_controller.php(14): CodeIgniter\Autoloader\Autoloader->loadClass('App\\Models\\producto_Model')
 5 SYSTEMPATH\CodeIgniter.php(943): App\Controllers\producto_controller->index()
 6 SYSTEMPATH\CodeIgniter.php(503): CodeIgniter\CodeIgniter->runController(Object(App\Controllers\producto_controller))
 7 SYSTEMPATH\CodeIgniter.php(361): CodeIgniter\CodeIgniter->handleRequest(null, Object(Config\Cache), false)
 8 FCPATH\index.php(79): CodeIgniter\CodeIgniter->run()
WARNING - 2026-01-03 20:32:58 --> [DEPRECATED] Optional parameter $talles declared before required parameter $buscar is implicitly treated as a required parameter in APPPATH\Models\producto_Model.php on line 74.
 1 SYSTEMPATH\Autoloader\Autoloader.php(311): include_once('C:\\xampp\\htdocs\\proyecto_espinola_emilia\\system\\Debug\\Exceptions.php')
 2 SYSTEMPATH\Autoloader\Autoloader.php(290): CodeIgniter\Autoloader\Autoloader->includeFile('C:\\xampp\\htdocs\\proyecto_espinola_emilia\\app\\Models\\producto_Model.php')
 3 SYSTEMPATH\Autoloader\Autoloader.php(266): CodeIgniter\Autoloader\Autoloader->loadInNamespace('App\\Models\\producto_Model')
 4 APPPATH\Controllers\producto_controller.php(14): CodeIgniter\Autoloader\Autoloader->loadClass('App\\Models\\producto_Model')
 5 SYSTEMPATH\CodeIgniter.php(943): App\Controllers\producto_controller->index()
 6 SYSTEMPATH\CodeIgniter.php(503): CodeIgniter\CodeIgniter->runController(Object(App\Controllers\producto_controller))
 7 SYSTEMPATH\CodeIgniter.php(361): CodeIgniter\CodeIgniter->handleRequest(null, Object(Config\Cache), false)
 8 FCPATH\index.php(79): CodeIgniter\CodeIgniter->run()
WARNING - 2026-01-03 20:32:58 --> [DEPRECATED] Optional parameter $categoria_id declared before required parameter $buscar is implicitly treated as a required parameter in APPPATH\Models\producto_Model.php on line 74.
 1 SYSTEMPATH\Autoloader\Autoloader.php(311): include_once('C:\\xampp\\htdocs\\proyecto_espinola_emilia\\system\\Debug\\Exceptions.php')
 2 SYSTEMPATH\Autoloader\Autoloader.php(290): CodeIgniter\Autoloader\Autoloader->includeFile('C:\\xampp\\htdocs\\proyecto_espinola_emilia\\app\\Models\\producto_Model.php')
 3 SYSTEMPATH\Autoloader\Autoloader.php(266): CodeIgniter\Autoloader\Autoloader->loadInNamespace('App\\Models\\producto_Model')
 4 APPPATH\Controllers\producto_controller.php(14): CodeIgniter\Autoloader\Autoloader->loadClass('App\\Models\\producto_Model')
 5 SYSTEMPATH\CodeIgniter.php(943): App\Controllers\producto_controller->index()
 6 SYSTEMPATH\CodeIgniter.php(503): CodeIgniter\CodeIgniter->runController(Object(App\Controllers\producto_controller))
 7 SYSTEMPATH\CodeIgniter.php(361): CodeIgniter\CodeIgniter->handleRequest(null, Object(Config\Cache), false)
 8 FCPATH\index.php(79): CodeIgniter\CodeIgniter->run()
INFO - 2026-01-03 20:33:01 --> Session: Class initialized using 'CodeIgniter\Session\Handlers\FileHandler' driver.
WARNING - 2026-01-03 20:33:37 --> [DEPRECATED] Optional parameter $colores declared before required parameter $buscar is implicitly treated as a required parameter in APPPATH\Models\producto_Model.php on line 74.
 1 SYSTEMPATH\Autoloader\Autoloader.php(311): include_once('C:\\xampp\\htdocs\\proyecto_espinola_emilia\\system\\Debug\\Exceptions.php')
 2 SYSTEMPATH\Autoloader\Autoloader.php(290): CodeIgniter\Autoloader\Autoloader->includeFile('C:\\xampp\\htdocs\\proyecto_espinola_emilia\\app\\Models\\producto_Model.php')
 3 SYSTEMPATH\Autoloader\Autoloader.php(266): CodeIgniter\Autoloader\Autoloader->loadInNamespace('App\\Models\\producto_Model')
 4 APPPATH\Controllers\producto_controller.php(98): CodeIgniter\Autoloader\Autoloader->loadClass('App\\Models\\producto_Model')
 5 SYSTEMPATH\CodeIgniter.php(943): App\Controllers\producto_controller->create()
 6 SYSTEMPATH\CodeIgniter.php(503): CodeIgniter\CodeIgniter->runController(Object(App\Controllers\producto_controller))
 7 SYSTEMPATH\CodeIgniter.php(361): CodeIgniter\CodeIgniter->handleRequest(null, Object(Config\Cache), false)
 8 FCPATH\index.php(79): CodeIgniter\CodeIgniter->run()
WARNING - 2026-01-03 20:33:37 --> [DEPRECATED] Optional parameter $talles declared before required parameter $buscar is implicitly treated as a required parameter in APPPATH\Models\producto_Model.php on line 0.
 1 SYSTEMPATH\Autoloader\Autoloader.php(311): include_once('C:\\xampp\\htdocs\\proyecto_espinola_emilia\\system\\Debug\\Exceptions.php')
 2 SYSTEMPATH\Autoloader\Autoloader.php(290): CodeIgniter\Autoloader\Autoloader->includeFile('C:\\xampp\\htdocs\\proyecto_espinola_emilia\\app\\Models\\producto_Model.php')
 3 SYSTEMPATH\Autoloader\Autoloader.php(266): CodeIgniter\Autoloader\Autoloader->loadInNamespace('App\\Models\\producto_Model')
 4 APPPATH\Controllers\producto_controller.php(98): CodeIgniter\Autoloader\Autoloader->loadClass('App\\Models\\producto_Model')
 5 SYSTEMPATH\CodeIgniter.php(943): App\Controllers\producto_controller->create()
 6 SYSTEMPATH\CodeIgniter.php(503): CodeIgniter\CodeIgniter->runController(Object(App\Controllers\producto_controller))
 7 SYSTEMPATH\CodeIgniter.php(361): CodeIgniter\CodeIgniter->handleRequest(null, Object(Config\Cache), false)
 8 FCPATH\index.php(79): CodeIgniter\CodeIgniter->run()
WARNING - 2026-01-03 20:33:37 --> [DEPRECATED] Optional parameter $categoria_id declared before required parameter $buscar is implicitly treated as a required parameter in APPPATH\Models\producto_Model.php on line 0.
 1 SYSTEMPATH\Autoloader\Autoloader.php(311): include_once('C:\\xampp\\htdocs\\proyecto_espinola_emilia\\system\\Debug\\Exceptions.php')
 2 SYSTEMPATH\Autoloader\Autoloader.php(290): CodeIgniter\Autoloader\Autoloader->includeFile('C:\\xampp\\htdocs\\proyecto_espinola_emilia\\app\\Models\\producto_Model.php')
 3 SYSTEMPATH\Autoloader\Autoloader.php(266): CodeIgniter\Autoloader\Autoloader->loadInNamespace('App\\Models\\producto_Model')
 4 APPPATH\Controllers\producto_controller.php(98): CodeIgniter\Autoloader\Autoloader->loadClass('App\\Models\\producto_Model')
 5 SYSTEMPATH\CodeIgniter.php(943): App\Controllers\producto_controller->create()
 6 SYSTEMPATH\CodeIgniter.php(503): CodeIgniter\CodeIgniter->runController(Object(App\Controllers\producto_controller))
 7 SYSTEMPATH\CodeIgniter.php(361): CodeIgniter\CodeIgniter->handleRequest(null, Object(Config\Cache), false)
 8 FCPATH\index.php(79): CodeIgniter\CodeIgniter->run()
INFO - 2026-01-03 20:33:37 --> Session: Class initialized using 'CodeIgniter\Session\Handlers\FileHandler' driver.
WARNING - 2026-01-03 20:33:37 --> [DEPRECATED] Optional parameter $colores declared before required parameter $buscar is implicitly treated as a required parameter in APPPATH\Models\producto_Model.php on line 74.
 1 SYSTEMPATH\Autoloader\Autoloader.php(311): include_once('C:\\xampp\\htdocs\\proyecto_espinola_emilia\\system\\Debug\\Exceptions.php')
 2 SYSTEMPATH\Autoloader\Autoloader.php(290): CodeIgniter\Autoloader\Autoloader->includeFile('C:\\xampp\\htdocs\\proyecto_espinola_emilia\\app\\Models\\producto_Model.php')
 3 SYSTEMPATH\Autoloader\Autoloader.php(266): CodeIgniter\Autoloader\Autoloader->loadInNamespace('App\\Models\\producto_Model')
 4 APPPATH\Controllers\producto_controller.php(14): CodeIgniter\Autoloader\Autoloader->loadClass('App\\Models\\producto_Model')
 5 SYSTEMPATH\CodeIgniter.php(943): App\Controllers\producto_controller->index()
 6 SYSTEMPATH\CodeIgniter.php(503): CodeIgniter\CodeIgniter->runController(Object(App\Controllers\producto_controller))
 7 SYSTEMPATH\CodeIgniter.php(361): CodeIgniter\CodeIgniter->handleRequest(null, Object(Config\Cache), false)
 8 FCPATH\index.php(79): CodeIgniter\CodeIgniter->run()
WARNING - 2026-01-03 20:33:37 --> [DEPRECATED] Optional parameter $talles declared before required parameter $buscar is implicitly treated as a required parameter in APPPATH\Models\producto_Model.php on line 74.
 1 SYSTEMPATH\Autoloader\Autoloader.php(311): include_once('C:\\xampp\\htdocs\\proyecto_espinola_emilia\\system\\Debug\\Exceptions.php')
 2 SYSTEMPATH\Autoloader\Autoloader.php(290): CodeIgniter\Autoloader\Autoloader->includeFile('C:\\xampp\\htdocs\\proyecto_espinola_emilia\\app\\Models\\producto_Model.php')
 3 SYSTEMPATH\Autoloader\Autoloader.php(266): CodeIgniter\Autoloader\Autoloader->loadInNamespace('App\\Models\\producto_Model')
 4 APPPATH\Controllers\producto_controller.php(14): CodeIgniter\Autoloader\Autoloader->loadClass('App\\Models\\producto_Model')
 5 SYSTEMPATH\CodeIgniter.php(943): App\Controllers\producto_controller->index()
 6 SYSTEMPATH\CodeIgniter.php(503): CodeIgniter\CodeIgniter->runController(Object(App\Controllers\producto_controller))
 7 SYSTEMPATH\CodeIgniter.php(361): CodeIgniter\CodeIgniter->handleRequest(null, Object(Config\Cache), false)
 8 FCPATH\index.php(79): CodeIgniter\CodeIgniter->run()
WARNING - 2026-01-03 20:33:37 --> [DEPRECATED] Optional parameter $categoria_id declared before required parameter $buscar is implicitly treated as a required parameter in APPPATH\Models\producto_Model.php on line 74.
 1 SYSTEMPATH\Autoloader\Autoloader.php(311): include_once('C:\\xampp\\htdocs\\proyecto_espinola_emilia\\system\\Debug\\Exceptions.php')
 2 SYSTEMPATH\Autoloader\Autoloader.php(290): CodeIgniter\Autoloader\Autoloader->includeFile('C:\\xampp\\htdocs\\proyecto_espinola_emilia\\app\\Models\\producto_Model.php')
 3 SYSTEMPATH\Autoloader\Autoloader.php(266): CodeIgniter\Autoloader\Autoloader->loadInNamespace('App\\Models\\producto_Model')
 4 APPPATH\Controllers\producto_controller.php(14): CodeIgniter\Autoloader\Autoloader->loadClass('App\\Models\\producto_Model')
 5 SYSTEMPATH\CodeIgniter.php(943): App\Controllers\producto_controller->index()
 6 SYSTEMPATH\CodeIgniter.php(503): CodeIgniter\CodeIgniter->runController(Object(App\Controllers\producto_controller))
 7 SYSTEMPATH\CodeIgniter.php(361): CodeIgniter\CodeIgniter->handleRequest(null, Object(Config\Cache), false)
 8 FCPATH\index.php(79): CodeIgniter\CodeIgniter->run()
INFO - 2026-01-03 20:33:39 --> Session: Class initialized using 'CodeIgniter\Session\Handlers\FileHandler' driver.
INFO - 2026-01-03 20:34:00 --> Session: Class initialized using 'CodeIgniter\Session\Handlers\FileHandler' driver.
INFO - 2026-01-03 20:34:01 --> Session: Class initialized using 'CodeIgniter\Session\Handlers\FileHandler' driver.
INFO - 2026-01-03 20:34:07 --> Session: Class initialized using 'CodeIgniter\Session\Handlers\FileHandler' driver.
INFO - 2026-01-03 20:34:08 --> Session: Class initialized using 'CodeIgniter\Session\Handlers\FileHandler' driver.
WARNING - 2026-01-03 20:34:08 --> [DEPRECATED] Optional parameter $colores declared before required parameter $buscar is implicitly treated as a required parameter in APPPATH\Models\producto_Model.php on line 74.
 1 SYSTEMPATH\Autoloader\Autoloader.php(311): include_once('C:\\xampp\\htdocs\\proyecto_espinola_emilia\\system\\Debug\\Exceptions.php')
 2 SYSTEMPATH\Autoloader\Autoloader.php(290): CodeIgniter\Autoloader\Autoloader->includeFile('C:\\xampp\\htdocs\\proyecto_espinola_emilia\\app\\Models\\producto_Model.php')
 3 SYSTEMPATH\Autoloader\Autoloader.php(266): CodeIgniter\Autoloader\Autoloader->loadInNamespace('App\\Models\\producto_Model')
 4 APPPATH\Controllers\producto_controller.php(14): CodeIgniter\Autoloader\Autoloader->loadClass('App\\Models\\producto_Model')
 5 SYSTEMPATH\CodeIgniter.php(943): App\Controllers\producto_controller->index()
 6 SYSTEMPATH\CodeIgniter.php(503): CodeIgniter\CodeIgniter->runController(Object(App\Controllers\producto_controller))
 7 SYSTEMPATH\CodeIgniter.php(361): CodeIgniter\CodeIgniter->handleRequest(null, Object(Config\Cache), false)
 8 FCPATH\index.php(79): CodeIgniter\CodeIgniter->run()
WARNING - 2026-01-03 20:34:08 --> [DEPRECATED] Optional parameter $talles declared before required parameter $buscar is implicitly treated as a required parameter in APPPATH\Models\producto_Model.php on line 74.
 1 SYSTEMPATH\Autoloader\Autoloader.php(311): include_once('C:\\xampp\\htdocs\\proyecto_espinola_emilia\\system\\Debug\\Exceptions.php')
 2 SYSTEMPATH\Autoloader\Autoloader.php(290): CodeIgniter\Autoloader\Autoloader->includeFile('C:\\xampp\\htdocs\\proyecto_espinola_emilia\\app\\Models\\producto_Model.php')
 3 SYSTEMPATH\Autoloader\Autoloader.php(266): CodeIgniter\Autoloader\Autoloader->loadInNamespace('App\\Models\\producto_Model')
 4 APPPATH\Controllers\producto_controller.php(14): CodeIgniter\Autoloader\Autoloader->loadClass('App\\Models\\producto_Model')
 5 SYSTEMPATH\CodeIgniter.php(943): App\Controllers\producto_controller->index()
 6 SYSTEMPATH\CodeIgniter.php(503): CodeIgniter\CodeIgniter->runController(Object(App\Controllers\producto_controller))
 7 SYSTEMPATH\CodeIgniter.php(361): CodeIgniter\CodeIgniter->handleRequest(null, Object(Config\Cache), false)
 8 FCPATH\index.php(79): CodeIgniter\CodeIgniter->run()
WARNING - 2026-01-03 20:34:08 --> [DEPRECATED] Optional parameter $categoria_id declared before required parameter $buscar is implicitly treated as a required parameter in APPPATH\Models\producto_Model.php on line 74.
 1 SYSTEMPATH\Autoloader\Autoloader.php(311): include_once('C:\\xampp\\htdocs\\proyecto_espinola_emilia\\system\\Debug\\Exceptions.php')
 2 SYSTEMPATH\Autoloader\Autoloader.php(290): CodeIgniter\Autoloader\Autoloader->includeFile('C:\\xampp\\htdocs\\proyecto_espinola_emilia\\app\\Models\\producto_Model.php')
 3 SYSTEMPATH\Autoloader\Autoloader.php(266): CodeIgniter\Autoloader\Autoloader->loadInNamespace('App\\Models\\producto_Model')
 4 APPPATH\Controllers\producto_controller.php(14): CodeIgniter\Autoloader\Autoloader->loadClass('App\\Models\\producto_Model')
 5 SYSTEMPATH\CodeIgniter.php(943): App\Controllers\producto_controller->index()
 6 SYSTEMPATH\CodeIgniter.php(503): CodeIgniter\CodeIgniter->runController(Object(App\Controllers\producto_controller))
 7 SYSTEMPATH\CodeIgniter.php(361): CodeIgniter\CodeIgniter->handleRequest(null, Object(Config\Cache), false)
 8 FCPATH\index.php(79): CodeIgniter\CodeIgniter->run()
INFO - 2026-01-03 20:34:15 --> Session: Class initialized using 'CodeIgniter\Session\Handlers\FileHandler' driver.
WARNING - 2026-01-03 20:34:15 --> [DEPRECATED] Optional parameter $colores declared before required parameter $buscar is implicitly treated as a required parameter in APPPATH\Models\producto_Model.php on line 74.
 1 SYSTEMPATH\Autoloader\Autoloader.php(311): include_once('C:\\xampp\\htdocs\\proyecto_espinola_emilia\\system\\Debug\\Exceptions.php')
 2 SYSTEMPATH\Autoloader\Autoloader.php(290): CodeIgniter\Autoloader\Autoloader->includeFile('C:\\xampp\\htdocs\\proyecto_espinola_emilia\\app\\Models\\producto_Model.php')
 3 SYSTEMPATH\Autoloader\Autoloader.php(266): CodeIgniter\Autoloader\Autoloader->loadInNamespace('App\\Models\\producto_Model')
 4 APPPATH\Controllers\producto_controller.php(130): CodeIgniter\Autoloader\Autoloader->loadClass('App\\Models\\producto_Model')
 5 SYSTEMPATH\CodeIgniter.php(943): App\Controllers\producto_controller->edit('122')
 6 SYSTEMPATH\CodeIgniter.php(503): CodeIgniter\CodeIgniter->runController(Object(App\Controllers\producto_controller))
 7 SYSTEMPATH\CodeIgniter.php(361): CodeIgniter\CodeIgniter->handleRequest(null, Object(Config\Cache), false)
 8 FCPATH\index.php(79): CodeIgniter\CodeIgniter->run()
WARNING - 2026-01-03 20:34:15 --> [DEPRECATED] Optional parameter $talles declared before required parameter $buscar is implicitly treated as a required parameter in APPPATH\Models\producto_Model.php on line 74.
 1 SYSTEMPATH\Autoloader\Autoloader.php(311): include_once('C:\\xampp\\htdocs\\proyecto_espinola_emilia\\system\\Debug\\Exceptions.php')
 2 SYSTEMPATH\Autoloader\Autoloader.php(290): CodeIgniter\Autoloader\Autoloader->includeFile('C:\\xampp\\htdocs\\proyecto_espinola_emilia\\app\\Models\\producto_Model.php')
 3 SYSTEMPATH\Autoloader\Autoloader.php(266): CodeIgniter\Autoloader\Autoloader->loadInNamespace('App\\Models\\producto_Model')
 4 APPPATH\Controllers\producto_controller.php(130): CodeIgniter\Autoloader\Autoloader->loadClass('App\\Models\\producto_Model')
 5 SYSTEMPATH\CodeIgniter.php(943): App\Controllers\producto_controller->edit('122')
 6 SYSTEMPATH\CodeIgniter.php(503): CodeIgniter\CodeIgniter->runController(Object(App\Controllers\producto_controller))
 7 SYSTEMPATH\CodeIgniter.php(361): CodeIgniter\CodeIgniter->handleRequest(null, Object(Config\Cache), false)
 8 FCPATH\index.php(79): CodeIgniter\CodeIgniter->run()
WARNING - 2026-01-03 20:34:15 --> [DEPRECATED] Optional parameter $categoria_id declared before required parameter $buscar is implicitly treated as a required parameter in APPPATH\Models\producto_Model.php on line 74.
 1 SYSTEMPATH\Autoloader\Autoloader.php(311): include_once('C:\\xampp\\htdocs\\proyecto_espinola_emilia\\system\\Debug\\Exceptions.php')
 2 SYSTEMPATH\Autoloader\Autoloader.php(290): CodeIgniter\Autoloader\Autoloader->includeFile('C:\\xampp\\htdocs\\proyecto_espinola_emilia\\app\\Models\\producto_Model.php')
 3 SYSTEMPATH\Autoloader\Autoloader.php(266): CodeIgniter\Autoloader\Autoloader->loadInNamespace('App\\Models\\producto_Model')
 4 APPPATH\Controllers\producto_controller.php(130): CodeIgniter\Autoloader\Autoloader->loadClass('App\\Models\\producto_Model')
 5 SYSTEMPATH\CodeIgniter.php(943): App\Controllers\producto_controller->edit('122')
 6 SYSTEMPATH\CodeIgniter.php(503): CodeIgniter\CodeIgniter->runController(Object(App\Controllers\producto_controller))
 7 SYSTEMPATH\CodeIgniter.php(361): CodeIgniter\CodeIgniter->handleRequest(null, Object(Config\Cache), false)
 8 FCPATH\index.php(79): CodeIgniter\CodeIgniter->run()
INFO - 2026-01-03 20:34:34 --> Session: Class initialized using 'CodeIgniter\Session\Handlers\FileHandler' driver.
WARNING - 2026-01-03 20:34:34 --> [DEPRECATED] Optional parameter $colores declared before required parameter $buscar is implicitly treated as a required parameter in APPPATH\Models\producto_Model.php on line 74.
 1 SYSTEMPATH\Autoloader\Autoloader.php(311): include_once('C:\\xampp\\htdocs\\proyecto_espinola_emilia\\system\\Debug\\Exceptions.php')
 2 SYSTEMPATH\Autoloader\Autoloader.php(290): CodeIgniter\Autoloader\Autoloader->includeFile('C:\\xampp\\htdocs\\proyecto_espinola_emilia\\app\\Models\\producto_Model.php')
 3 SYSTEMPATH\Autoloader\Autoloader.php(266): CodeIgniter\Autoloader\Autoloader->loadInNamespace('App\\Models\\producto_Model')
 4 APPPATH\Controllers\producto_controller.php(196): CodeIgniter\Autoloader\Autoloader->loadClass('App\\Models\\producto_Model')
 5 SYSTEMPATH\CodeIgniter.php(943): App\Controllers\producto_controller->update('122')
 6 SYSTEMPATH\CodeIgniter.php(503): CodeIgniter\CodeIgniter->runController(Object(App\Controllers\producto_controller))
 7 SYSTEMPATH\CodeIgniter.php(361): CodeIgniter\CodeIgniter->handleRequest(null, Object(Config\Cache), false)
 8 FCPATH\index.php(79): CodeIgniter\CodeIgniter->run()
WARNING - 2026-01-03 20:34:34 --> [DEPRECATED] Optional parameter $talles declared before required parameter $buscar is implicitly treated as a required parameter in APPPATH\Models\producto_Model.php on line 74.
 1 SYSTEMPATH\Autoloader\Autoloader.php(311): include_once('C:\\xampp\\htdocs\\proyecto_espinola_emilia\\system\\Debug\\Exceptions.php')
 2 SYSTEMPATH\Autoloader\Autoloader.php(290): CodeIgniter\Autoloader\Autoloader->includeFile('C:\\xampp\\htdocs\\proyecto_espinola_emilia\\app\\Models\\producto_Model.php')
 3 SYSTEMPATH\Autoloader\Autoloader.php(266): CodeIgniter\Autoloader\Autoloader->loadInNamespace('App\\Models\\producto_Model')
 4 APPPATH\Controllers\producto_controller.php(196): CodeIgniter\Autoloader\Autoloader->loadClass('App\\Models\\producto_Model')
 5 SYSTEMPATH\CodeIgniter.php(943): App\Controllers\producto_controller->update('122')
 6 SYSTEMPATH\CodeIgniter.php(503): CodeIgniter\CodeIgniter->runController(Object(App\Controllers\producto_controller))
 7 SYSTEMPATH\CodeIgniter.php(361): CodeIgniter\CodeIgniter->handleRequest(null, Object(Config\Cache), false)
 8 FCPATH\index.php(79): CodeIgniter\CodeIgniter->run()
WARNING - 2026-01-03 20:34:34 --> [DEPRECATED] Optional parameter $categoria_id declared before required parameter $buscar is implicitly treated as a required parameter in APPPATH\Models\producto_Model.php on line 74.
 1 SYSTEMPATH\Autoloader\Autoloader.php(311): include_once('C:\\xampp\\htdocs\\proyecto_espinola_emilia\\system\\Debug\\Exceptions.php')
 2 SYSTEMPATH\Autoloader\Autoloader.php(290): CodeIgniter\Autoloader\Autoloader->includeFile('C:\\xampp\\htdocs\\proyecto_espinola_emilia\\app\\Models\\producto_Model.php')
 3 SYSTEMPATH\Autoloader\Autoloader.php(266): CodeIgniter\Autoloader\Autoloader->loadInNamespace('App\\Models\\producto_Model')
 4 APPPATH\Controllers\producto_controller.php(196): CodeIgniter\Autoloader\Autoloader->loadClass('App\\Models\\producto_Model')
 5 SYSTEMPATH\CodeIgniter.php(943): App\Controllers\producto_controller->update('122')
 6 SYSTEMPATH\CodeIgniter.php(503): CodeIgniter\CodeIgniter->runController(Object(App\Controllers\producto_controller))
 7 SYSTEMPATH\CodeIgniter.php(361): CodeIgniter\CodeIgniter->handleRequest(null, Object(Config\Cache), false)
 8 FCPATH\index.php(79): CodeIgniter\CodeIgniter->run()
INFO - 2026-01-03 20:36:02 --> Session: Class initialized using 'CodeIgniter\Session\Handlers\FileHandler' driver.
INFO - 2026-01-03 20:36:21 --> Session: Class initialized using 'CodeIgniter\Session\Handlers\FileHandler' driver.
WARNING - 2026-01-03 20:36:21 --> [DEPRECATED] Optional parameter $colores declared before required parameter $buscar is implicitly treated as a required parameter in APPPATH\Models\producto_Model.php on line 74.
 1 SYSTEMPATH\Autoloader\Autoloader.php(311): include_once('C:\\xampp\\htdocs\\proyecto_espinola_emilia\\system\\Debug\\Exceptions.php')
 2 SYSTEMPATH\Autoloader\Autoloader.php(290): CodeIgniter\Autoloader\Autoloader->includeFile('C:\\xampp\\htdocs\\proyecto_espinola_emilia\\app\\Models\\producto_Model.php')
 3 SYSTEMPATH\Autoloader\Autoloader.php(266): CodeIgniter\Autoloader\Autoloader->loadInNamespace('App\\Models\\producto_Model')
 4 APPPATH\Controllers\producto_controller.php(130): CodeIgniter\Autoloader\Autoloader->loadClass('App\\Models\\producto_Model')
 5 SYSTEMPATH\CodeIgniter.php(943): App\Controllers\producto_controller->edit('122')
 6 SYSTEMPATH\CodeIgniter.php(503): CodeIgniter\CodeIgniter->runController(Object(App\Controllers\producto_controller))
 7 SYSTEMPATH\CodeIgniter.php(361): CodeIgniter\CodeIgniter->handleRequest(null, Object(Config\Cache), false)
 8 FCPATH\index.php(79): CodeIgniter\CodeIgniter->run()
WARNING - 2026-01-03 20:36:21 --> [DEPRECATED] Optional parameter $talles declared before required parameter $buscar is implicitly treated as a required parameter in APPPATH\Models\producto_Model.php on line 74.
 1 SYSTEMPATH\Autoloader\Autoloader.php(311): include_once('C:\\xampp\\htdocs\\proyecto_espinola_emilia\\system\\Debug\\Exceptions.php')
 2 SYSTEMPATH\Autoloader\Autoloader.php(290): CodeIgniter\Autoloader\Autoloader->includeFile('C:\\xampp\\htdocs\\proyecto_espinola_emilia\\app\\Models\\producto_Model.php')
 3 SYSTEMPATH\Autoloader\Autoloader.php(266): CodeIgniter\Autoloader\Autoloader->loadInNamespace('App\\Models\\producto_Model')
 4 APPPATH\Controllers\producto_controller.php(130): CodeIgniter\Autoloader\Autoloader->loadClass('App\\Models\\producto_Model')
 5 SYSTEMPATH\CodeIgniter.php(943): App\Controllers\producto_controller->edit('122')
 6 SYSTEMPATH\CodeIgniter.php(503): CodeIgniter\CodeIgniter->runController(Object(App\Controllers\producto_controller))
 7 SYSTEMPATH\CodeIgniter.php(361): CodeIgniter\CodeIgniter->handleRequest(null, Object(Config\Cache), false)
 8 FCPATH\index.php(79): CodeIgniter\CodeIgniter->run()
WARNING - 2026-01-03 20:36:21 --> [DEPRECATED] Optional parameter $categoria_id declared before required parameter $buscar is implicitly treated as a required parameter in APPPATH\Models\producto_Model.php on line 74.
 1 SYSTEMPATH\Autoloader\Autoloader.php(311): include_once('C:\\xampp\\htdocs\\proyecto_espinola_emilia\\system\\Debug\\Exceptions.php')
 2 SYSTEMPATH\Autoloader\Autoloader.php(290): CodeIgniter\Autoloader\Autoloader->includeFile('C:\\xampp\\htdocs\\proyecto_espinola_emilia\\app\\Models\\producto_Model.php')
 3 SYSTEMPATH\Autoloader\Autoloader.php(266): CodeIgniter\Autoloader\Autoloader->loadInNamespace('App\\Models\\producto_Model')
 4 APPPATH\Controllers\producto_controller.php(130): CodeIgniter\Autoloader\Autoloader->loadClass('App\\Models\\producto_Model')
 5 SYSTEMPATH\CodeIgniter.php(943): App\Controllers\producto_controller->edit('122')
 6 SYSTEMPATH\CodeIgniter.php(503): CodeIgniter\CodeIgniter->runController(Object(App\Controllers\producto_controller))
 7 SYSTEMPATH\CodeIgniter.php(361): CodeIgniter\CodeIgniter->handleRequest(null, Object(Config\Cache), false)
 8 FCPATH\index.php(79): CodeIgniter\CodeIgniter->run()
INFO - 2026-01-03 20:38:59 --> Session: Class initialized using 'CodeIgniter\Session\Handlers\FileHandler' driver.
WARNING - 2026-01-03 20:39:00 --> [DEPRECATED] Optional parameter $colores declared before required parameter $buscar is implicitly treated as a required parameter in APPPATH\Models\producto_Model.php on line 74.
 1 SYSTEMPATH\Autoloader\Autoloader.php(311): include_once('C:\\xampp\\htdocs\\proyecto_espinola_emilia\\system\\Debug\\Exceptions.php')
 2 SYSTEMPATH\Autoloader\Autoloader.php(290): CodeIgniter\Autoloader\Autoloader->includeFile('C:\\xampp\\htdocs\\proyecto_espinola_emilia\\app\\Models\\producto_Model.php')
 3 SYSTEMPATH\Autoloader\Autoloader.php(266): CodeIgniter\Autoloader\Autoloader->loadInNamespace('App\\Models\\producto_Model')
 4 APPPATH\Controllers\producto_controller.php(130): CodeIgniter\Autoloader\Autoloader->loadClass('App\\Models\\producto_Model')
 5 SYSTEMPATH\CodeIgniter.php(943): App\Controllers\producto_controller->edit('122')
 6 SYSTEMPATH\CodeIgniter.php(503): CodeIgniter\CodeIgniter->runController(Object(App\Controllers\producto_controller))
 7 SYSTEMPATH\CodeIgniter.php(361): CodeIgniter\CodeIgniter->handleRequest(null, Object(Config\Cache), false)
 8 FCPATH\index.php(79): CodeIgniter\CodeIgniter->run()
WARNING - 2026-01-03 20:39:00 --> [DEPRECATED] Optional parameter $talles declared before required parameter $buscar is implicitly treated as a required parameter in APPPATH\Models\producto_Model.php on line 74.
 1 SYSTEMPATH\Autoloader\Autoloader.php(311): include_once('C:\\xampp\\htdocs\\proyecto_espinola_emilia\\system\\Debug\\Exceptions.php')
 2 SYSTEMPATH\Autoloader\Autoloader.php(290): CodeIgniter\Autoloader\Autoloader->includeFile('C:\\xampp\\htdocs\\proyecto_espinola_emilia\\app\\Models\\producto_Model.php')
 3 SYSTEMPATH\Autoloader\Autoloader.php(266): CodeIgniter\Autoloader\Autoloader->loadInNamespace('App\\Models\\producto_Model')
 4 APPPATH\Controllers\producto_controller.php(130): CodeIgniter\Autoloader\Autoloader->loadClass('App\\Models\\producto_Model')
 5 SYSTEMPATH\CodeIgniter.php(943): App\Controllers\producto_controller->edit('122')
 6 SYSTEMPATH\CodeIgniter.php(503): CodeIgniter\CodeIgniter->runController(Object(App\Controllers\producto_controller))
 7 SYSTEMPATH\CodeIgniter.php(361): CodeIgniter\CodeIgniter->handleRequest(null, Object(Config\Cache), false)
 8 FCPATH\index.php(79): CodeIgniter\CodeIgniter->run()
WARNING - 2026-01-03 20:39:00 --> [DEPRECATED] Optional parameter $categoria_id declared before required parameter $buscar is implicitly treated as a required parameter in APPPATH\Models\producto_Model.php on line 74.
 1 SYSTEMPATH\Autoloader\Autoloader.php(311): include_once('C:\\xampp\\htdocs\\proyecto_espinola_emilia\\system\\Debug\\Exceptions.php')
 2 SYSTEMPATH\Autoloader\Autoloader.php(290): CodeIgniter\Autoloader\Autoloader->includeFile('C:\\xampp\\htdocs\\proyecto_espinola_emilia\\app\\Models\\producto_Model.php')
 3 SYSTEMPATH\Autoloader\Autoloader.php(266): CodeIgniter\Autoloader\Autoloader->loadInNamespace('App\\Models\\producto_Model')
 4 APPPATH\Controllers\producto_controller.php(130): CodeIgniter\Autoloader\Autoloader->loadClass('App\\Models\\producto_Model')
 5 SYSTEMPATH\CodeIgniter.php(943): App\Controllers\producto_controller->edit('122')
 6 SYSTEMPATH\CodeIgniter.php(503): CodeIgniter\CodeIgniter->runController(Object(App\Controllers\producto_controller))
 7 SYSTEMPATH\CodeIgniter.php(361): CodeIgniter\CodeIgniter->handleRequest(null, Object(Config\Cache), false)
 8 FCPATH\index.php(79): CodeIgniter\CodeIgniter->run()
INFO - 2026-01-03 20:39:02 --> Session: Class initialized using 'CodeIgniter\Session\Handlers\FileHandler' driver.
WARNING - 2026-01-03 20:39:02 --> [DEPRECATED] Optional parameter $colores declared before required parameter $buscar is implicitly treated as a required parameter in APPPATH\Models\producto_Model.php on line 74.
 1 SYSTEMPATH\Autoloader\Autoloader.php(311): include_once('C:\\xampp\\htdocs\\proyecto_espinola_emilia\\system\\Debug\\Exceptions.php')
 2 SYSTEMPATH\Autoloader\Autoloader.php(290): CodeIgniter\Autoloader\Autoloader->includeFile('C:\\xampp\\htdocs\\proyecto_espinola_emilia\\app\\Models\\producto_Model.php')
 3 SYSTEMPATH\Autoloader\Autoloader.php(266): CodeIgniter\Autoloader\Autoloader->loadInNamespace('App\\Models\\producto_Model')
 4 APPPATH\Controllers\producto_controller.php(196): CodeIgniter\Autoloader\Autoloader->loadClass('App\\Models\\producto_Model')
 5 SYSTEMPATH\CodeIgniter.php(943): App\Controllers\producto_controller->update('122')
 6 SYSTEMPATH\CodeIgniter.php(503): CodeIgniter\CodeIgniter->runController(Object(App\Controllers\producto_controller))
 7 SYSTEMPATH\CodeIgniter.php(361): CodeIgniter\CodeIgniter->handleRequest(null, Object(Config\Cache), false)
 8 FCPATH\index.php(79): CodeIgniter\CodeIgniter->run()
WARNING - 2026-01-03 20:39:02 --> [DEPRECATED] Optional parameter $talles declared before required parameter $buscar is implicitly treated as a required parameter in APPPATH\Models\producto_Model.php on line 74.
 1 SYSTEMPATH\Autoloader\Autoloader.php(311): include_once('C:\\xampp\\htdocs\\proyecto_espinola_emilia\\system\\Debug\\Exceptions.php')
 2 SYSTEMPATH\Autoloader\Autoloader.php(290): CodeIgniter\Autoloader\Autoloader->includeFile('C:\\xampp\\htdocs\\proyecto_espinola_emilia\\app\\Models\\producto_Model.php')
 3 SYSTEMPATH\Autoloader\Autoloader.php(266): CodeIgniter\Autoloader\Autoloader->loadInNamespace('App\\Models\\producto_Model')
 4 APPPATH\Controllers\producto_controller.php(196): CodeIgniter\Autoloader\Autoloader->loadClass('App\\Models\\producto_Model')
 5 SYSTEMPATH\CodeIgniter.php(943): App\Controllers\producto_controller->update('122')
 6 SYSTEMPATH\CodeIgniter.php(503): CodeIgniter\CodeIgniter->runController(Object(App\Controllers\producto_controller))
 7 SYSTEMPATH\CodeIgniter.php(361): CodeIgniter\CodeIgniter->handleRequest(null, Object(Config\Cache), false)
 8 FCPATH\index.php(79): CodeIgniter\CodeIgniter->run()
WARNING - 2026-01-03 20:39:02 --> [DEPRECATED] Optional parameter $categoria_id declared before required parameter $buscar is implicitly treated as a required parameter in APPPATH\Models\producto_Model.php on line 74.
 1 SYSTEMPATH\Autoloader\Autoloader.php(311): include_once('C:\\xampp\\htdocs\\proyecto_espinola_emilia\\system\\Debug\\Exceptions.php')
 2 SYSTEMPATH\Autoloader\Autoloader.php(290): CodeIgniter\Autoloader\Autoloader->includeFile('C:\\xampp\\htdocs\\proyecto_espinola_emilia\\app\\Models\\producto_Model.php')
 3 SYSTEMPATH\Autoloader\Autoloader.php(266): CodeIgniter\Autoloader\Autoloader->loadInNamespace('App\\Models\\producto_Model')
 4 APPPATH\Controllers\producto_controller.php(196): CodeIgniter\Autoloader\Autoloader->loadClass('App\\Models\\producto_Model')
 5 SYSTEMPATH\CodeIgniter.php(943): App\Controllers\producto_controller->update('122')
 6 SYSTEMPATH\CodeIgniter.php(503): CodeIgniter\CodeIgniter->runController(Object(App\Controllers\producto_controller))
 7 SYSTEMPATH\CodeIgniter.php(361): CodeIgniter\CodeIgniter->handleRequest(null, Object(Config\Cache), false)
 8 FCPATH\index.php(79): CodeIgniter\CodeIgniter->run()
INFO - 2026-01-03 20:39:23 --> Session: Class initialized using 'CodeIgniter\Session\Handlers\FileHandler' driver.
CRITICAL - 2026-01-03 20:39:23 --> Error: Call to a member function withInput() on string
in APPPATH\Controllers\producto_controller.php on line 174.
 1 SYSTEMPATH\CodeIgniter.php(943): App\Controllers\producto_controller->update('122')
 2 SYSTEMPATH\CodeIgniter.php(503): CodeIgniter\CodeIgniter->runController(Object(App\Controllers\producto_controller))
 3 SYSTEMPATH\CodeIgniter.php(361): CodeIgniter\CodeIgniter->handleRequest(null, Object(Config\Cache), false)
 4 FCPATH\index.php(79): CodeIgniter\CodeIgniter->run()
INFO - 2026-01-03 20:40:12 --> Session: Class initialized using 'CodeIgniter\Session\Handlers\FileHandler' driver.
CRITICAL - 2026-01-03 20:40:12 --> Error: Call to a member function with() on string
in APPPATH\Controllers\producto_controller.php on line 174.
 1 SYSTEMPATH\CodeIgniter.php(943): App\Controllers\producto_controller->update('122')
 2 SYSTEMPATH\CodeIgniter.php(503): CodeIgniter\CodeIgniter->runController(Object(App\Controllers\producto_controller))
 3 SYSTEMPATH\CodeIgniter.php(361): CodeIgniter\CodeIgniter->handleRequest(null, Object(Config\Cache), false)
 4 FCPATH\index.php(79): CodeIgniter\CodeIgniter->run()
INFO - 2026-01-03 20:51:49 --> Session: Class initialized using 'CodeIgniter\Session\Handlers\FileHandler' driver.
WARNING - 2026-01-03 20:51:49 --> [DEPRECATED] Optional parameter $colores declared before required parameter $buscar is implicitly treated as a required parameter in APPPATH\Models\producto_Model.php on line 74.
 1 SYSTEMPATH\Autoloader\Autoloader.php(311): include_once('C:\\xampp\\htdocs\\proyecto_espinola_emilia\\system\\Debug\\Exceptions.php')
 2 SYSTEMPATH\Autoloader\Autoloader.php(290): CodeIgniter\Autoloader\Autoloader->includeFile('C:\\xampp\\htdocs\\proyecto_espinola_emilia\\app\\Models\\producto_Model.php')
 3 SYSTEMPATH\Autoloader\Autoloader.php(266): CodeIgniter\Autoloader\Autoloader->loadInNamespace('App\\Models\\producto_Model')
 4 APPPATH\Controllers\producto_controller.php(130): CodeIgniter\Autoloader\Autoloader->loadClass('App\\Models\\producto_Model')
 5 SYSTEMPATH\CodeIgniter.php(943): App\Controllers\producto_controller->edit('122')
 6 SYSTEMPATH\CodeIgniter.php(503): CodeIgniter\CodeIgniter->runController(Object(App\Controllers\producto_controller))
 7 SYSTEMPATH\CodeIgniter.php(361): CodeIgniter\CodeIgniter->handleRequest(null, Object(Config\Cache), false)
 8 FCPATH\index.php(79): CodeIgniter\CodeIgniter->run()
WARNING - 2026-01-03 20:51:49 --> [DEPRECATED] Optional parameter $talles declared before required parameter $buscar is implicitly treated as a required parameter in APPPATH\Models\producto_Model.php on line 74.
 1 SYSTEMPATH\Autoloader\Autoloader.php(311): include_once('C:\\xampp\\htdocs\\proyecto_espinola_emilia\\system\\Debug\\Exceptions.php')
 2 SYSTEMPATH\Autoloader\Autoloader.php(290): CodeIgniter\Autoloader\Autoloader->includeFile('C:\\xampp\\htdocs\\proyecto_espinola_emilia\\app\\Models\\producto_Model.php')
 3 SYSTEMPATH\Autoloader\Autoloader.php(266): CodeIgniter\Autoloader\Autoloader->loadInNamespace('App\\Models\\producto_Model')
 4 APPPATH\Controllers\producto_controller.php(130): CodeIgniter\Autoloader\Autoloader->loadClass('App\\Models\\producto_Model')
 5 SYSTEMPATH\CodeIgniter.php(943): App\Controllers\producto_controller->edit('122')
 6 SYSTEMPATH\CodeIgniter.php(503): CodeIgniter\CodeIgniter->runController(Object(App\Controllers\producto_controller))
 7 SYSTEMPATH\CodeIgniter.php(361): CodeIgniter\CodeIgniter->handleRequest(null, Object(Config\Cache), false)
 8 FCPATH\index.php(79): CodeIgniter\CodeIgniter->run()
WARNING - 2026-01-03 20:51:49 --> [DEPRECATED] Optional parameter $categoria_id declared before required parameter $buscar is implicitly treated as a required parameter in APPPATH\Models\producto_Model.php on line 74.
 1 SYSTEMPATH\Autoloader\Autoloader.php(311): include_once('C:\\xampp\\htdocs\\proyecto_espinola_emilia\\system\\Debug\\Exceptions.php')
 2 SYSTEMPATH\Autoloader\Autoloader.php(290): CodeIgniter\Autoloader\Autoloader->includeFile('C:\\xampp\\htdocs\\proyecto_espinola_emilia\\app\\Models\\producto_Model.php')
 3 SYSTEMPATH\Autoloader\Autoloader.php(266): CodeIgniter\Autoloader\Autoloader->loadInNamespace('App\\Models\\producto_Model')
 4 APPPATH\Controllers\producto_controller.php(130): CodeIgniter\Autoloader\Autoloader->loadClass('App\\Models\\producto_Model')
 5 SYSTEMPATH\CodeIgniter.php(943): App\Controllers\producto_controller->edit('122')
 6 SYSTEMPATH\CodeIgniter.php(503): CodeIgniter\CodeIgniter->runController(Object(App\Controllers\producto_controller))
 7 SYSTEMPATH\CodeIgniter.php(361): CodeIgniter\CodeIgniter->handleRequest(null, Object(Config\Cache), false)
 8 FCPATH\index.php(79): CodeIgniter\CodeIgniter->run()
INFO - 2026-01-03 20:51:59 --> Session: Class initialized using 'CodeIgniter\Session\Handlers\FileHandler' driver.
INFO - 2026-01-03 20:51:59 --> Session: Class initialized using 'CodeIgniter\Session\Handlers\FileHandler' driver.
WARNING - 2026-01-03 20:51:59 --> [DEPRECATED] Optional parameter $colores declared before required parameter $buscar is implicitly treated as a required parameter in APPPATH\Models\producto_Model.php on line 74.
 1 SYSTEMPATH\Autoloader\Autoloader.php(311): include_once('C:\\xampp\\htdocs\\proyecto_espinola_emilia\\system\\Debug\\Exceptions.php')
 2 SYSTEMPATH\Autoloader\Autoloader.php(290): CodeIgniter\Autoloader\Autoloader->includeFile('C:\\xampp\\htdocs\\proyecto_espinola_emilia\\app\\Models\\producto_Model.php')
 3 SYSTEMPATH\Autoloader\Autoloader.php(266): CodeIgniter\Autoloader\Autoloader->loadInNamespace('App\\Models\\producto_Model')
 4 APPPATH\Controllers\producto_controller.php(130): CodeIgniter\Autoloader\Autoloader->loadClass('App\\Models\\producto_Model')
 5 SYSTEMPATH\CodeIgniter.php(943): App\Controllers\producto_controller->edit('122')
 6 SYSTEMPATH\CodeIgniter.php(503): CodeIgniter\CodeIgniter->runController(Object(App\Controllers\producto_controller))
 7 SYSTEMPATH\CodeIgniter.php(361): CodeIgniter\CodeIgniter->handleRequest(null, Object(Config\Cache), false)
 8 FCPATH\index.php(79): CodeIgniter\CodeIgniter->run()
WARNING - 2026-01-03 20:51:59 --> [DEPRECATED] Optional parameter $talles declared before required parameter $buscar is implicitly treated as a required parameter in APPPATH\Models\producto_Model.php on line 74.
 1 SYSTEMPATH\Autoloader\Autoloader.php(311): include_once('C:\\xampp\\htdocs\\proyecto_espinola_emilia\\system\\Debug\\Exceptions.php')
 2 SYSTEMPATH\Autoloader\Autoloader.php(290): CodeIgniter\Autoloader\Autoloader->includeFile('C:\\xampp\\htdocs\\proyecto_espinola_emilia\\app\\Models\\producto_Model.php')
 3 SYSTEMPATH\Autoloader\Autoloader.php(266): CodeIgniter\Autoloader\Autoloader->loadInNamespace('App\\Models\\producto_Model')
 4 APPPATH\Controllers\producto_controller.php(130): CodeIgniter\Autoloader\Autoloader->loadClass('App\\Models\\producto_Model')
 5 SYSTEMPATH\CodeIgniter.php(943): App\Controllers\producto_controller->edit('122')
 6 SYSTEMPATH\CodeIgniter.php(503): CodeIgniter\CodeIgniter->runController(Object(App\Controllers\producto_controller))
 7 SYSTEMPATH\CodeIgniter.php(361): CodeIgniter\CodeIgniter->handleRequest(null, Object(Config\Cache), false)
 8 FCPATH\index.php(79): CodeIgniter\CodeIgniter->run()
WARNING - 2026-01-03 20:51:59 --> [DEPRECATED] Optional parameter $categoria_id declared before required parameter $buscar is implicitly treated as a required parameter in APPPATH\Models\producto_Model.php on line 74.
 1 SYSTEMPATH\Autoloader\Autoloader.php(311): include_once('C:\\xampp\\htdocs\\proyecto_espinola_emilia\\system\\Debug\\Exceptions.php')
 2 SYSTEMPATH\Autoloader\Autoloader.php(290): CodeIgniter\Autoloader\Autoloader->includeFile('C:\\xampp\\htdocs\\proyecto_espinola_emilia\\app\\Models\\producto_Model.php')
 3 SYSTEMPATH\Autoloader\Autoloader.php(266): CodeIgniter\Autoloader\Autoloader->loadInNamespace('App\\Models\\producto_Model')
 4 APPPATH\Controllers\producto_controller.php(130): CodeIgniter\Autoloader\Autoloader->loadClass('App\\Models\\producto_Model')
 5 SYSTEMPATH\CodeIgniter.php(943): App\Controllers\producto_controller->edit('122')
 6 SYSTEMPATH\CodeIgniter.php(503): CodeIgniter\CodeIgniter->runController(Object(App\Controllers\producto_controller))
 7 SYSTEMPATH\CodeIgniter.php(361): CodeIgniter\CodeIgniter->handleRequest(null, Object(Config\Cache), false)
 8 FCPATH\index.php(79): CodeIgniter\CodeIgniter->run()
INFO - 2026-01-03 20:52:07 --> Session: Class initialized using 'CodeIgniter\Session\Handlers\FileHandler' driver.
WARNING - 2026-01-03 20:52:08 --> [DEPRECATED] Optional parameter $colores declared before required parameter $buscar is implicitly treated as a required parameter in APPPATH\Models\producto_Model.php on line 74.
 1 SYSTEMPATH\Autoloader\Autoloader.php(311): include_once('C:\\xampp\\htdocs\\proyecto_espinola_emilia\\system\\Debug\\Exceptions.php')
 2 SYSTEMPATH\Autoloader\Autoloader.php(290): CodeIgniter\Autoloader\Autoloader->includeFile('C:\\xampp\\htdocs\\proyecto_espinola_emilia\\app\\Models\\producto_Model.php')
 3 SYSTEMPATH\Autoloader\Autoloader.php(266): CodeIgniter\Autoloader\Autoloader->loadInNamespace('App\\Models\\producto_Model')
 4 APPPATH\Controllers\producto_controller.php(196): CodeIgniter\Autoloader\Autoloader->loadClass('App\\Models\\producto_Model')
 5 SYSTEMPATH\CodeIgniter.php(943): App\Controllers\producto_controller->update('122')
 6 SYSTEMPATH\CodeIgniter.php(503): CodeIgniter\CodeIgniter->runController(Object(App\Controllers\producto_controller))
 7 SYSTEMPATH\CodeIgniter.php(361): CodeIgniter\CodeIgniter->handleRequest(null, Object(Config\Cache), false)
 8 FCPATH\index.php(79): CodeIgniter\CodeIgniter->run()
WARNING - 2026-01-03 20:52:08 --> [DEPRECATED] Optional parameter $talles declared before required parameter $buscar is implicitly treated as a required parameter in APPPATH\Models\producto_Model.php on line 74.
 1 SYSTEMPATH\Autoloader\Autoloader.php(311): include_once('C:\\xampp\\htdocs\\proyecto_espinola_emilia\\system\\Debug\\Exceptions.php')
 2 SYSTEMPATH\Autoloader\Autoloader.php(290): CodeIgniter\Autoloader\Autoloader->includeFile('C:\\xampp\\htdocs\\proyecto_espinola_emilia\\app\\Models\\producto_Model.php')
 3 SYSTEMPATH\Autoloader\Autoloader.php(266): CodeIgniter\Autoloader\Autoloader->loadInNamespace('App\\Models\\producto_Model')
 4 APPPATH\Controllers\producto_controller.php(196): CodeIgniter\Autoloader\Autoloader->loadClass('App\\Models\\producto_Model')
 5 SYSTEMPATH\CodeIgniter.php(943): App\Controllers\producto_controller->update('122')
 6 SYSTEMPATH\CodeIgniter.php(503): CodeIgniter\CodeIgniter->runController(Object(App\Controllers\producto_controller))
 7 SYSTEMPATH\CodeIgniter.php(361): CodeIgniter\CodeIgniter->handleRequest(null, Object(Config\Cache), false)
 8 FCPATH\index.php(79): CodeIgniter\CodeIgniter->run()
WARNING - 2026-01-03 20:52:08 --> [DEPRECATED] Optional parameter $categoria_id declared before required parameter $buscar is implicitly treated as a required parameter in APPPATH\Models\producto_Model.php on line 74.
 1 SYSTEMPATH\Autoloader\Autoloader.php(311): include_once('C:\\xampp\\htdocs\\proyecto_espinola_emilia\\system\\Debug\\Exceptions.php')
 2 SYSTEMPATH\Autoloader\Autoloader.php(290): CodeIgniter\Autoloader\Autoloader->includeFile('C:\\xampp\\htdocs\\proyecto_espinola_emilia\\app\\Models\\producto_Model.php')
 3 SYSTEMPATH\Autoloader\Autoloader.php(266): CodeIgniter\Autoloader\Autoloader->loadInNamespace('App\\Models\\producto_Model')
 4 APPPATH\Controllers\producto_controller.php(196): CodeIgniter\Autoloader\Autoloader->loadClass('App\\Models\\producto_Model')
 5 SYSTEMPATH\CodeIgniter.php(943): App\Controllers\producto_controller->update('122')
 6 SYSTEMPATH\CodeIgniter.php(503): CodeIgniter\CodeIgniter->runController(Object(App\Controllers\producto_controller))
 7 SYSTEMPATH\CodeIgniter.php(361): CodeIgniter\CodeIgniter->handleRequest(null, Object(Config\Cache), false)
 8 FCPATH\index.php(79): CodeIgniter\CodeIgniter->run()
INFO - 2026-01-03 20:52:36 --> Session: Class initialized using 'CodeIgniter\Session\Handlers\FileHandler' driver.
CRITICAL - 2026-01-03 20:52:36 --> ErrorException: Undefined variable $productoModel
in APPPATH\Controllers\producto_controller.php on line 234.
 1 APPPATH\Controllers\producto_controller.php(234): CodeIgniter\Debug\Exceptions->errorHandler(2, 'Undefined variable $productoModel', 'C:\\xampp\\htdocs\\proyecto_espinola_emilia\\app\\Controllers\\producto_controller.php', 234)
 2 SYSTEMPATH\CodeIgniter.php(943): App\Controllers\producto_controller->update('122')
 3 SYSTEMPATH\CodeIgniter.php(503): CodeIgniter\CodeIgniter->runController(Object(App\Controllers\producto_controller))
 4 SYSTEMPATH\CodeIgniter.php(361): CodeIgniter\CodeIgniter->handleRequest(null, Object(Config\Cache), false)
 5 FCPATH\index.php(79): CodeIgniter\CodeIgniter->run()
INFO - 2026-01-03 20:53:43 --> Session: Class initialized using 'CodeIgniter\Session\Handlers\FileHandler' driver.
WARNING - 2026-01-03 20:53:44 --> [DEPRECATED] Optional parameter $colores declared before required parameter $buscar is implicitly treated as a required parameter in APPPATH\Models\producto_Model.php on line 74.
 1 SYSTEMPATH\Autoloader\Autoloader.php(311): include_once('C:\\xampp\\htdocs\\proyecto_espinola_emilia\\system\\Debug\\Exceptions.php')
 2 SYSTEMPATH\Autoloader\Autoloader.php(290): CodeIgniter\Autoloader\Autoloader->includeFile('C:\\xampp\\htdocs\\proyecto_espinola_emilia\\app\\Models\\producto_Model.php')
 3 SYSTEMPATH\Autoloader\Autoloader.php(266): CodeIgniter\Autoloader\Autoloader->loadInNamespace('App\\Models\\producto_Model')
 4 APPPATH\Controllers\producto_controller.php(186): CodeIgniter\Autoloader\Autoloader->loadClass('App\\Models\\producto_Model')
 5 SYSTEMPATH\CodeIgniter.php(943): App\Controllers\producto_controller->update('122')
 6 SYSTEMPATH\CodeIgniter.php(503): CodeIgniter\CodeIgniter->runController(Object(App\Controllers\producto_controller))
 7 SYSTEMPATH\CodeIgniter.php(361): CodeIgniter\CodeIgniter->handleRequest(null, Object(Config\Cache), false)
 8 FCPATH\index.php(79): CodeIgniter\CodeIgniter->run()
WARNING - 2026-01-03 20:53:44 --> [DEPRECATED] Optional parameter $talles declared before required parameter $buscar is implicitly treated as a required parameter in APPPATH\Models\producto_Model.php on line 74.
 1 SYSTEMPATH\Autoloader\Autoloader.php(311): include_once('C:\\xampp\\htdocs\\proyecto_espinola_emilia\\system\\Debug\\Exceptions.php')
 2 SYSTEMPATH\Autoloader\Autoloader.php(290): CodeIgniter\Autoloader\Autoloader->includeFile('C:\\xampp\\htdocs\\proyecto_espinola_emilia\\app\\Models\\producto_Model.php')
 3 SYSTEMPATH\Autoloader\Autoloader.php(266): CodeIgniter\Autoloader\Autoloader->loadInNamespace('App\\Models\\producto_Model')
 4 APPPATH\Controllers\producto_controller.php(186): CodeIgniter\Autoloader\Autoloader->loadClass('App\\Models\\producto_Model')
 5 SYSTEMPATH\CodeIgniter.php(943): App\Controllers\producto_controller->update('122')
 6 SYSTEMPATH\CodeIgniter.php(503): CodeIgniter\CodeIgniter->runController(Object(App\Controllers\producto_controller))
 7 SYSTEMPATH\CodeIgniter.php(361): CodeIgniter\CodeIgniter->handleRequest(null, Object(Config\Cache), false)
 8 FCPATH\index.php(79): CodeIgniter\CodeIgniter->run()
WARNING - 2026-01-03 20:53:44 --> [DEPRECATED] Optional parameter $categoria_id declared before required parameter $buscar is implicitly treated as a required parameter in APPPATH\Models\producto_Model.php on line 74.
 1 SYSTEMPATH\Autoloader\Autoloader.php(311): include_once('C:\\xampp\\htdocs\\proyecto_espinola_emilia\\system\\Debug\\Exceptions.php')
 2 SYSTEMPATH\Autoloader\Autoloader.php(290): CodeIgniter\Autoloader\Autoloader->includeFile('C:\\xampp\\htdocs\\proyecto_espinola_emilia\\app\\Models\\producto_Model.php')
 3 SYSTEMPATH\Autoloader\Autoloader.php(266): CodeIgniter\Autoloader\Autoloader->loadInNamespace('App\\Models\\producto_Model')
 4 APPPATH\Controllers\producto_controller.php(186): CodeIgniter\Autoloader\Autoloader->loadClass('App\\Models\\producto_Model')
 5 SYSTEMPATH\CodeIgniter.php(943): App\Controllers\producto_controller->update('122')
 6 SYSTEMPATH\CodeIgniter.php(503): CodeIgniter\CodeIgniter->runController(Object(App\Controllers\producto_controller))
 7 SYSTEMPATH\CodeIgniter.php(361): CodeIgniter\CodeIgniter->handleRequest(null, Object(Config\Cache), false)
 8 FCPATH\index.php(79): CodeIgniter\CodeIgniter->run()
CRITICAL - 2026-01-03 20:53:44 --> ErrorException: Undefined variable $productoDetalle
in APPPATH\Controllers\producto_controller.php on line 238.
 1 APPPATH\Controllers\producto_controller.php(238): CodeIgniter\Debug\Exceptions->errorHandler(2, 'Undefined variable $productoDetalle', 'C:\\xampp\\htdocs\\proyecto_espinola_emilia\\app\\Controllers\\producto_controller.php', 238)
 2 SYSTEMPATH\CodeIgniter.php(943): App\Controllers\producto_controller->update('122')
 3 SYSTEMPATH\CodeIgniter.php(503): CodeIgniter\CodeIgniter->runController(Object(App\Controllers\producto_controller))
 4 SYSTEMPATH\CodeIgniter.php(361): CodeIgniter\CodeIgniter->handleRequest(null, Object(Config\Cache), false)
 5 FCPATH\index.php(79): CodeIgniter\CodeIgniter->run()
INFO - 2026-01-03 20:53:48 --> Session: Class initialized using 'CodeIgniter\Session\Handlers\FileHandler' driver.
WARNING - 2026-01-03 20:53:48 --> [DEPRECATED] Optional parameter $colores declared before required parameter $buscar is implicitly treated as a required parameter in APPPATH\Models\producto_Model.php on line 74.
 1 SYSTEMPATH\Autoloader\Autoloader.php(311): include_once('C:\\xampp\\htdocs\\proyecto_espinola_emilia\\system\\Debug\\Exceptions.php')
 2 SYSTEMPATH\Autoloader\Autoloader.php(290): CodeIgniter\Autoloader\Autoloader->includeFile('C:\\xampp\\htdocs\\proyecto_espinola_emilia\\app\\Models\\producto_Model.php')
 3 SYSTEMPATH\Autoloader\Autoloader.php(266): CodeIgniter\Autoloader\Autoloader->loadInNamespace('App\\Models\\producto_Model')
 4 APPPATH\Controllers\producto_controller.php(186): CodeIgniter\Autoloader\Autoloader->loadClass('App\\Models\\producto_Model')
 5 SYSTEMPATH\CodeIgniter.php(943): App\Controllers\producto_controller->update('122')
 6 SYSTEMPATH\CodeIgniter.php(503): CodeIgniter\CodeIgniter->runController(Object(App\Controllers\producto_controller))
 7 SYSTEMPATH\CodeIgniter.php(361): CodeIgniter\CodeIgniter->handleRequest(null, Object(Config\Cache), false)
 8 FCPATH\index.php(79): CodeIgniter\CodeIgniter->run()
WARNING - 2026-01-03 20:53:48 --> [DEPRECATED] Optional parameter $talles declared before required parameter $buscar is implicitly treated as a required parameter in APPPATH\Models\producto_Model.php on line 74.
 1 SYSTEMPATH\Autoloader\Autoloader.php(311): include_once('C:\\xampp\\htdocs\\proyecto_espinola_emilia\\system\\Debug\\Exceptions.php')
 2 SYSTEMPATH\Autoloader\Autoloader.php(290): CodeIgniter\Autoloader\Autoloader->includeFile('C:\\xampp\\htdocs\\proyecto_espinola_emilia\\app\\Models\\producto_Model.php')
 3 SYSTEMPATH\Autoloader\Autoloader.php(266): CodeIgniter\Autoloader\Autoloader->loadInNamespace('App\\Models\\producto_Model')
 4 APPPATH\Controllers\producto_controller.php(186): CodeIgniter\Autoloader\Autoloader->loadClass('App\\Models\\producto_Model')
 5 SYSTEMPATH\CodeIgniter.php(943): App\Controllers\producto_controller->update('122')
 6 SYSTEMPATH\CodeIgniter.php(503): CodeIgniter\CodeIgniter->runController(Object(App\Controllers\producto_controller))
 7 SYSTEMPATH\CodeIgniter.php(361): CodeIgniter\CodeIgniter->handleRequest(null, Object(Config\Cache), false)
 8 FCPATH\index.php(79): CodeIgniter\CodeIgniter->run()
WARNING - 2026-01-03 20:53:48 --> [DEPRECATED] Optional parameter $categoria_id declared before required parameter $buscar is implicitly treated as a required parameter in APPPATH\Models\producto_Model.php on line 74.
 1 SYSTEMPATH\Autoloader\Autoloader.php(311): include_once('C:\\xampp\\htdocs\\proyecto_espinola_emilia\\system\\Debug\\Exceptions.php')
 2 SYSTEMPATH\Autoloader\Autoloader.php(290): CodeIgniter\Autoloader\Autoloader->includeFile('C:\\xampp\\htdocs\\proyecto_espinola_emilia\\app\\Models\\producto_Model.php')
 3 SYSTEMPATH\Autoloader\Autoloader.php(266): CodeIgniter\Autoloader\Autoloader->loadInNamespace('App\\Models\\producto_Model')
 4 APPPATH\Controllers\producto_controller.php(186): CodeIgniter\Autoloader\Autoloader->loadClass('App\\Models\\producto_Model')
 5 SYSTEMPATH\CodeIgniter.php(943): App\Controllers\producto_controller->update('122')
 6 SYSTEMPATH\CodeIgniter.php(503): CodeIgniter\CodeIgniter->runController(Object(App\Controllers\producto_controller))
 7 SYSTEMPATH\CodeIgniter.php(361): CodeIgniter\CodeIgniter->handleRequest(null, Object(Config\Cache), false)
 8 FCPATH\index.php(79): CodeIgniter\CodeIgniter->run()
CRITICAL - 2026-01-03 20:53:48 --> ErrorException: Undefined variable $productoDetalle
in APPPATH\Controllers\producto_controller.php on line 238.
 1 APPPATH\Controllers\producto_controller.php(238): CodeIgniter\Debug\Exceptions->errorHandler(2, 'Undefined variable $productoDetalle', 'C:\\xampp\\htdocs\\proyecto_espinola_emilia\\app\\Controllers\\producto_controller.php', 238)
 2 SYSTEMPATH\CodeIgniter.php(943): App\Controllers\producto_controller->update('122')
 3 SYSTEMPATH\CodeIgniter.php(503): CodeIgniter\CodeIgniter->runController(Object(App\Controllers\producto_controller))
 4 SYSTEMPATH\CodeIgniter.php(361): CodeIgniter\CodeIgniter->handleRequest(null, Object(Config\Cache), false)
 5 FCPATH\index.php(79): CodeIgniter\CodeIgniter->run()
INFO - 2026-01-03 20:57:45 --> Session: Class initialized using 'CodeIgniter\Session\Handlers\FileHandler' driver.
WARNING - 2026-01-03 20:57:45 --> [DEPRECATED] Optional parameter $colores declared before required parameter $buscar is implicitly treated as a required parameter in APPPATH\Models\producto_Model.php on line 74.
 1 SYSTEMPATH\Autoloader\Autoloader.php(311): include_once('C:\\xampp\\htdocs\\proyecto_espinola_emilia\\system\\Debug\\Exceptions.php')
 2 SYSTEMPATH\Autoloader\Autoloader.php(290): CodeIgniter\Autoloader\Autoloader->includeFile('C:\\xampp\\htdocs\\proyecto_espinola_emilia\\app\\Models\\producto_Model.php')
 3 SYSTEMPATH\Autoloader\Autoloader.php(266): CodeIgniter\Autoloader\Autoloader->loadInNamespace('App\\Models\\producto_Model')
 4 APPPATH\Controllers\producto_controller.php(130): CodeIgniter\Autoloader\Autoloader->loadClass('App\\Models\\producto_Model')
 5 SYSTEMPATH\CodeIgniter.php(943): App\Controllers\producto_controller->edit('122')
 6 SYSTEMPATH\CodeIgniter.php(503): CodeIgniter\CodeIgniter->runController(Object(App\Controllers\producto_controller))
 7 SYSTEMPATH\CodeIgniter.php(361): CodeIgniter\CodeIgniter->handleRequest(null, Object(Config\Cache), false)
 8 FCPATH\index.php(79): CodeIgniter\CodeIgniter->run()
WARNING - 2026-01-03 20:57:45 --> [DEPRECATED] Optional parameter $talles declared before required parameter $buscar is implicitly treated as a required parameter in APPPATH\Models\producto_Model.php on line 74.
 1 SYSTEMPATH\Autoloader\Autoloader.php(311): include_once('C:\\xampp\\htdocs\\proyecto_espinola_emilia\\system\\Debug\\Exceptions.php')
 2 SYSTEMPATH\Autoloader\Autoloader.php(290): CodeIgniter\Autoloader\Autoloader->includeFile('C:\\xampp\\htdocs\\proyecto_espinola_emilia\\app\\Models\\producto_Model.php')
 3 SYSTEMPATH\Autoloader\Autoloader.php(266): CodeIgniter\Autoloader\Autoloader->loadInNamespace('App\\Models\\producto_Model')
 4 APPPATH\Controllers\producto_controller.php(130): CodeIgniter\Autoloader\Autoloader->loadClass('App\\Models\\producto_Model')
 5 SYSTEMPATH\CodeIgniter.php(943): App\Controllers\producto_controller->edit('122')
 6 SYSTEMPATH\CodeIgniter.php(503): CodeIgniter\CodeIgniter->runController(Object(App\Controllers\producto_controller))
 7 SYSTEMPATH\CodeIgniter.php(361): CodeIgniter\CodeIgniter->handleRequest(null, Object(Config\Cache), false)
 8 FCPATH\index.php(79): CodeIgniter\CodeIgniter->run()
WARNING - 2026-01-03 20:57:45 --> [DEPRECATED] Optional parameter $categoria_id declared before required parameter $buscar is implicitly treated as a required parameter in APPPATH\Models\producto_Model.php on line 74.
 1 SYSTEMPATH\Autoloader\Autoloader.php(311): include_once('C:\\xampp\\htdocs\\proyecto_espinola_emilia\\system\\Debug\\Exceptions.php')
 2 SYSTEMPATH\Autoloader\Autoloader.php(290): CodeIgniter\Autoloader\Autoloader->includeFile('C:\\xampp\\htdocs\\proyecto_espinola_emilia\\app\\Models\\producto_Model.php')
 3 SYSTEMPATH\Autoloader\Autoloader.php(266): CodeIgniter\Autoloader\Autoloader->loadInNamespace('App\\Models\\producto_Model')
 4 APPPATH\Controllers\producto_controller.php(130): CodeIgniter\Autoloader\Autoloader->loadClass('App\\Models\\producto_Model')
 5 SYSTEMPATH\CodeIgniter.php(943): App\Controllers\producto_controller->edit('122')
 6 SYSTEMPATH\CodeIgniter.php(503): CodeIgniter\CodeIgniter->runController(Object(App\Controllers\producto_controller))
 7 SYSTEMPATH\CodeIgniter.php(361): CodeIgniter\CodeIgniter->handleRequest(null, Object(Config\Cache), false)
 8 FCPATH\index.php(79): CodeIgniter\CodeIgniter->run()
INFO - 2026-01-03 20:57:56 --> Session: Class initialized using 'CodeIgniter\Session\Handlers\FileHandler' driver.
WARNING - 2026-01-03 20:57:57 --> [DEPRECATED] Optional parameter $colores declared before required parameter $buscar is implicitly treated as a required parameter in APPPATH\Models\producto_Model.php on line 74.
 1 SYSTEMPATH\Autoloader\Autoloader.php(311): include_once('C:\\xampp\\htdocs\\proyecto_espinola_emilia\\system\\Debug\\Exceptions.php')
 2 SYSTEMPATH\Autoloader\Autoloader.php(290): CodeIgniter\Autoloader\Autoloader->includeFile('C:\\xampp\\htdocs\\proyecto_espinola_emilia\\app\\Models\\producto_Model.php')
 3 SYSTEMPATH\Autoloader\Autoloader.php(266): CodeIgniter\Autoloader\Autoloader->loadInNamespace('App\\Models\\producto_Model')
 4 APPPATH\Controllers\producto_controller.php(186): CodeIgniter\Autoloader\Autoloader->loadClass('App\\Models\\producto_Model')
 5 SYSTEMPATH\CodeIgniter.php(943): App\Controllers\producto_controller->update('122')
 6 SYSTEMPATH\CodeIgniter.php(503): CodeIgniter\CodeIgniter->runController(Object(App\Controllers\producto_controller))
 7 SYSTEMPATH\CodeIgniter.php(361): CodeIgniter\CodeIgniter->handleRequest(null, Object(Config\Cache), false)
 8 FCPATH\index.php(79): CodeIgniter\CodeIgniter->run()
WARNING - 2026-01-03 20:57:57 --> [DEPRECATED] Optional parameter $talles declared before required parameter $buscar is implicitly treated as a required parameter in APPPATH\Models\producto_Model.php on line 74.
 1 SYSTEMPATH\Autoloader\Autoloader.php(311): include_once('C:\\xampp\\htdocs\\proyecto_espinola_emilia\\system\\Debug\\Exceptions.php')
 2 SYSTEMPATH\Autoloader\Autoloader.php(290): CodeIgniter\Autoloader\Autoloader->includeFile('C:\\xampp\\htdocs\\proyecto_espinola_emilia\\app\\Models\\producto_Model.php')
 3 SYSTEMPATH\Autoloader\Autoloader.php(266): CodeIgniter\Autoloader\Autoloader->loadInNamespace('App\\Models\\producto_Model')
 4 APPPATH\Controllers\producto_controller.php(186): CodeIgniter\Autoloader\Autoloader->loadClass('App\\Models\\producto_Model')
 5 SYSTEMPATH\CodeIgniter.php(943): App\Controllers\producto_controller->update('122')
 6 SYSTEMPATH\CodeIgniter.php(503): CodeIgniter\CodeIgniter->runController(Object(App\Controllers\producto_controller))
 7 SYSTEMPATH\CodeIgniter.php(361): CodeIgniter\CodeIgniter->handleRequest(null, Object(Config\Cache), false)
 8 FCPATH\index.php(79): CodeIgniter\CodeIgniter->run()
WARNING - 2026-01-03 20:57:57 --> [DEPRECATED] Optional parameter $categoria_id declared before required parameter $buscar is implicitly treated as a required parameter in APPPATH\Models\producto_Model.php on line 74.
 1 SYSTEMPATH\Autoloader\Autoloader.php(311): include_once('C:\\xampp\\htdocs\\proyecto_espinola_emilia\\system\\Debug\\Exceptions.php')
 2 SYSTEMPATH\Autoloader\Autoloader.php(290): CodeIgniter\Autoloader\Autoloader->includeFile('C:\\xampp\\htdocs\\proyecto_espinola_emilia\\app\\Models\\producto_Model.php')
 3 SYSTEMPATH\Autoloader\Autoloader.php(266): CodeIgniter\Autoloader\Autoloader->loadInNamespace('App\\Models\\producto_Model')
 4 APPPATH\Controllers\producto_controller.php(186): CodeIgniter\Autoloader\Autoloader->loadClass('App\\Models\\producto_Model')
 5 SYSTEMPATH\CodeIgniter.php(943): App\Controllers\producto_controller->update('122')
 6 SYSTEMPATH\CodeIgniter.php(503): CodeIgniter\CodeIgniter->runController(Object(App\Controllers\producto_controller))
 7 SYSTEMPATH\CodeIgniter.php(361): CodeIgniter\CodeIgniter->handleRequest(null, Object(Config\Cache), false)
 8 FCPATH\index.php(79): CodeIgniter\CodeIgniter->run()
INFO - 2026-01-03 20:58:07 --> Session: Class initialized using 'CodeIgniter\Session\Handlers\FileHandler' driver.
WARNING - 2026-01-03 20:58:07 --> [DEPRECATED] Optional parameter $colores declared before required parameter $buscar is implicitly treated as a required parameter in APPPATH\Models\producto_Model.php on line 74.
 1 SYSTEMPATH\Autoloader\Autoloader.php(311): include_once('C:\\xampp\\htdocs\\proyecto_espinola_emilia\\system\\Debug\\Exceptions.php')
 2 SYSTEMPATH\Autoloader\Autoloader.php(290): CodeIgniter\Autoloader\Autoloader->includeFile('C:\\xampp\\htdocs\\proyecto_espinola_emilia\\app\\Models\\producto_Model.php')
 3 SYSTEMPATH\Autoloader\Autoloader.php(266): CodeIgniter\Autoloader\Autoloader->loadInNamespace('App\\Models\\producto_Model')
 4 APPPATH\Controllers\producto_controller.php(186): CodeIgniter\Autoloader\Autoloader->loadClass('App\\Models\\producto_Model')
 5 SYSTEMPATH\CodeIgniter.php(943): App\Controllers\producto_controller->update('122')
 6 SYSTEMPATH\CodeIgniter.php(503): CodeIgniter\CodeIgniter->runController(Object(App\Controllers\producto_controller))
 7 SYSTEMPATH\CodeIgniter.php(361): CodeIgniter\CodeIgniter->handleRequest(null, Object(Config\Cache), false)
 8 FCPATH\index.php(79): CodeIgniter\CodeIgniter->run()
WARNING - 2026-01-03 20:58:07 --> [DEPRECATED] Optional parameter $talles declared before required parameter $buscar is implicitly treated as a required parameter in APPPATH\Models\producto_Model.php on line 74.
 1 SYSTEMPATH\Autoloader\Autoloader.php(311): include_once('C:\\xampp\\htdocs\\proyecto_espinola_emilia\\system\\Debug\\Exceptions.php')
 2 SYSTEMPATH\Autoloader\Autoloader.php(290): CodeIgniter\Autoloader\Autoloader->includeFile('C:\\xampp\\htdocs\\proyecto_espinola_emilia\\app\\Models\\producto_Model.php')
 3 SYSTEMPATH\Autoloader\Autoloader.php(266): CodeIgniter\Autoloader\Autoloader->loadInNamespace('App\\Models\\producto_Model')
 4 APPPATH\Controllers\producto_controller.php(186): CodeIgniter\Autoloader\Autoloader->loadClass('App\\Models\\producto_Model')
 5 SYSTEMPATH\CodeIgniter.php(943): App\Controllers\producto_controller->update('122')
 6 SYSTEMPATH\CodeIgniter.php(503): CodeIgniter\CodeIgniter->runController(Object(App\Controllers\producto_controller))
 7 SYSTEMPATH\CodeIgniter.php(361): CodeIgniter\CodeIgniter->handleRequest(null, Object(Config\Cache), false)
 8 FCPATH\index.php(79): CodeIgniter\CodeIgniter->run()
WARNING - 2026-01-03 20:58:07 --> [DEPRECATED] Optional parameter $categoria_id declared before required parameter $buscar is implicitly treated as a required parameter in APPPATH\Models\producto_Model.php on line 74.
 1 SYSTEMPATH\Autoloader\Autoloader.php(311): include_once('C:\\xampp\\htdocs\\proyecto_espinola_emilia\\system\\Debug\\Exceptions.php')
 2 SYSTEMPATH\Autoloader\Autoloader.php(290): CodeIgniter\Autoloader\Autoloader->includeFile('C:\\xampp\\htdocs\\proyecto_espinola_emilia\\app\\Models\\producto_Model.php')
 3 SYSTEMPATH\Autoloader\Autoloader.php(266): CodeIgniter\Autoloader\Autoloader->loadInNamespace('App\\Models\\producto_Model')
 4 APPPATH\Controllers\producto_controller.php(186): CodeIgniter\Autoloader\Autoloader->loadClass('App\\Models\\producto_Model')
 5 SYSTEMPATH\CodeIgniter.php(943): App\Controllers\producto_controller->update('122')
 6 SYSTEMPATH\CodeIgniter.php(503): CodeIgniter\CodeIgniter->runController(Object(App\Controllers\producto_controller))
 7 SYSTEMPATH\CodeIgniter.php(361): CodeIgniter\CodeIgniter->handleRequest(null, Object(Config\Cache), false)
 8 FCPATH\index.php(79): CodeIgniter\CodeIgniter->run()
CRITICAL - 2026-01-03 20:58:07 --> ErrorException: Undefined variable $productoDetalle
in APPPATH\Controllers\producto_controller.php on line 238.
 1 APPPATH\Controllers\producto_controller.php(238): CodeIgniter\Debug\Exceptions->errorHandler(2, 'Undefined variable $productoDetalle', 'C:\\xampp\\htdocs\\proyecto_espinola_emilia\\app\\Controllers\\producto_controller.php', 238)
 2 SYSTEMPATH\CodeIgniter.php(943): App\Controllers\producto_controller->update('122')
 3 SYSTEMPATH\CodeIgniter.php(503): CodeIgniter\CodeIgniter->runController(Object(App\Controllers\producto_controller))
 4 SYSTEMPATH\CodeIgniter.php(361): CodeIgniter\CodeIgniter->handleRequest(null, Object(Config\Cache), false)
 5 FCPATH\index.php(79): CodeIgniter\CodeIgniter->run()
INFO - 2026-01-03 21:03:51 --> Session: Class initialized using 'CodeIgniter\Session\Handlers\FileHandler' driver.
WARNING - 2026-01-03 21:03:51 --> [DEPRECATED] Optional parameter $colores declared before required parameter $buscar is implicitly treated as a required parameter in APPPATH\Models\producto_Model.php on line 74.
 1 SYSTEMPATH\Autoloader\Autoloader.php(311): include_once('C:\\xampp\\htdocs\\proyecto_espinola_emilia\\system\\Debug\\Exceptions.php')
 2 SYSTEMPATH\Autoloader\Autoloader.php(290): CodeIgniter\Autoloader\Autoloader->includeFile('C:\\xampp\\htdocs\\proyecto_espinola_emilia\\app\\Models\\producto_Model.php')
 3 SYSTEMPATH\Autoloader\Autoloader.php(266): CodeIgniter\Autoloader\Autoloader->loadInNamespace('App\\Models\\producto_Model')
 4 APPPATH\Controllers\producto_controller.php(130): CodeIgniter\Autoloader\Autoloader->loadClass('App\\Models\\producto_Model')
 5 SYSTEMPATH\CodeIgniter.php(943): App\Controllers\producto_controller->edit('122')
 6 SYSTEMPATH\CodeIgniter.php(503): CodeIgniter\CodeIgniter->runController(Object(App\Controllers\producto_controller))
 7 SYSTEMPATH\CodeIgniter.php(361): CodeIgniter\CodeIgniter->handleRequest(null, Object(Config\Cache), false)
 8 FCPATH\index.php(79): CodeIgniter\CodeIgniter->run()
WARNING - 2026-01-03 21:03:51 --> [DEPRECATED] Optional parameter $talles declared before required parameter $buscar is implicitly treated as a required parameter in APPPATH\Models\producto_Model.php on line 74.
 1 SYSTEMPATH\Autoloader\Autoloader.php(311): include_once('C:\\xampp\\htdocs\\proyecto_espinola_emilia\\system\\Debug\\Exceptions.php')
 2 SYSTEMPATH\Autoloader\Autoloader.php(290): CodeIgniter\Autoloader\Autoloader->includeFile('C:\\xampp\\htdocs\\proyecto_espinola_emilia\\app\\Models\\producto_Model.php')
 3 SYSTEMPATH\Autoloader\Autoloader.php(266): CodeIgniter\Autoloader\Autoloader->loadInNamespace('App\\Models\\producto_Model')
 4 APPPATH\Controllers\producto_controller.php(130): CodeIgniter\Autoloader\Autoloader->loadClass('App\\Models\\producto_Model')
 5 SYSTEMPATH\CodeIgniter.php(943): App\Controllers\producto_controller->edit('122')
 6 SYSTEMPATH\CodeIgniter.php(503): CodeIgniter\CodeIgniter->runController(Object(App\Controllers\producto_controller))
 7 SYSTEMPATH\CodeIgniter.php(361): CodeIgniter\CodeIgniter->handleRequest(null, Object(Config\Cache), false)
 8 FCPATH\index.php(79): CodeIgniter\CodeIgniter->run()
WARNING - 2026-01-03 21:03:51 --> [DEPRECATED] Optional parameter $categoria_id declared before required parameter $buscar is implicitly treated as a required parameter in APPPATH\Models\producto_Model.php on line 74.
 1 SYSTEMPATH\Autoloader\Autoloader.php(311): include_once('C:\\xampp\\htdocs\\proyecto_espinola_emilia\\system\\Debug\\Exceptions.php')
 2 SYSTEMPATH\Autoloader\Autoloader.php(290): CodeIgniter\Autoloader\Autoloader->includeFile('C:\\xampp\\htdocs\\proyecto_espinola_emilia\\app\\Models\\producto_Model.php')
 3 SYSTEMPATH\Autoloader\Autoloader.php(266): CodeIgniter\Autoloader\Autoloader->loadInNamespace('App\\Models\\producto_Model')
 4 APPPATH\Controllers\producto_controller.php(130): CodeIgniter\Autoloader\Autoloader->loadClass('App\\Models\\producto_Model')
 5 SYSTEMPATH\CodeIgniter.php(943): App\Controllers\producto_controller->edit('122')
 6 SYSTEMPATH\CodeIgniter.php(503): CodeIgniter\CodeIgniter->runController(Object(App\Controllers\producto_controller))
 7 SYSTEMPATH\CodeIgniter.php(361): CodeIgniter\CodeIgniter->handleRequest(null, Object(Config\Cache), false)
 8 FCPATH\index.php(79): CodeIgniter\CodeIgniter->run()
INFO - 2026-01-03 21:03:58 --> Session: Class initialized using 'CodeIgniter\Session\Handlers\FileHandler' driver.
WARNING - 2026-01-03 21:03:58 --> [DEPRECATED] Optional parameter $colores declared before required parameter $buscar is implicitly treated as a required parameter in APPPATH\Models\producto_Model.php on line 74.
 1 SYSTEMPATH\Autoloader\Autoloader.php(311): include_once('C:\\xampp\\htdocs\\proyecto_espinola_emilia\\system\\Debug\\Exceptions.php')
 2 SYSTEMPATH\Autoloader\Autoloader.php(290): CodeIgniter\Autoloader\Autoloader->includeFile('C:\\xampp\\htdocs\\proyecto_espinola_emilia\\app\\Models\\producto_Model.php')
 3 SYSTEMPATH\Autoloader\Autoloader.php(266): CodeIgniter\Autoloader\Autoloader->loadInNamespace('App\\Models\\producto_Model')
 4 APPPATH\Controllers\producto_controller.php(186): CodeIgniter\Autoloader\Autoloader->loadClass('App\\Models\\producto_Model')
 5 SYSTEMPATH\CodeIgniter.php(943): App\Controllers\producto_controller->update('122')
 6 SYSTEMPATH\CodeIgniter.php(503): CodeIgniter\CodeIgniter->runController(Object(App\Controllers\producto_controller))
 7 SYSTEMPATH\CodeIgniter.php(361): CodeIgniter\CodeIgniter->handleRequest(null, Object(Config\Cache), false)
 8 FCPATH\index.php(79): CodeIgniter\CodeIgniter->run()
WARNING - 2026-01-03 21:03:58 --> [DEPRECATED] Optional parameter $talles declared before required parameter $buscar is implicitly treated as a required parameter in APPPATH\Models\producto_Model.php on line 74.
 1 SYSTEMPATH\Autoloader\Autoloader.php(311): include_once('C:\\xampp\\htdocs\\proyecto_espinola_emilia\\system\\Debug\\Exceptions.php')
 2 SYSTEMPATH\Autoloader\Autoloader.php(290): CodeIgniter\Autoloader\Autoloader->includeFile('C:\\xampp\\htdocs\\proyecto_espinola_emilia\\app\\Models\\producto_Model.php')
 3 SYSTEMPATH\Autoloader\Autoloader.php(266): CodeIgniter\Autoloader\Autoloader->loadInNamespace('App\\Models\\producto_Model')
 4 APPPATH\Controllers\producto_controller.php(186): CodeIgniter\Autoloader\Autoloader->loadClass('App\\Models\\producto_Model')
 5 SYSTEMPATH\CodeIgniter.php(943): App\Controllers\producto_controller->update('122')
 6 SYSTEMPATH\CodeIgniter.php(503): CodeIgniter\CodeIgniter->runController(Object(App\Controllers\producto_controller))
 7 SYSTEMPATH\CodeIgniter.php(361): CodeIgniter\CodeIgniter->handleRequest(null, Object(Config\Cache), false)
 8 FCPATH\index.php(79): CodeIgniter\CodeIgniter->run()
WARNING - 2026-01-03 21:03:58 --> [DEPRECATED] Optional parameter $categoria_id declared before required parameter $buscar is implicitly treated as a required parameter in APPPATH\Models\producto_Model.php on line 74.
 1 SYSTEMPATH\Autoloader\Autoloader.php(311): include_once('C:\\xampp\\htdocs\\proyecto_espinola_emilia\\system\\Debug\\Exceptions.php')
 2 SYSTEMPATH\Autoloader\Autoloader.php(290): CodeIgniter\Autoloader\Autoloader->includeFile('C:\\xampp\\htdocs\\proyecto_espinola_emilia\\app\\Models\\producto_Model.php')
 3 SYSTEMPATH\Autoloader\Autoloader.php(266): CodeIgniter\Autoloader\Autoloader->loadInNamespace('App\\Models\\producto_Model')
 4 APPPATH\Controllers\producto_controller.php(186): CodeIgniter\Autoloader\Autoloader->loadClass('App\\Models\\producto_Model')
 5 SYSTEMPATH\CodeIgniter.php(943): App\Controllers\producto_controller->update('122')
 6 SYSTEMPATH\CodeIgniter.php(503): CodeIgniter\CodeIgniter->runController(Object(App\Controllers\producto_controller))
 7 SYSTEMPATH\CodeIgniter.php(361): CodeIgniter\CodeIgniter->handleRequest(null, Object(Config\Cache), false)
 8 FCPATH\index.php(79): CodeIgniter\CodeIgniter->run()
CRITICAL - 2026-01-03 21:03:58 --> ErrorException: Undefined variable $productoDetalle
in APPPATH\Controllers\producto_controller.php on line 239.
 1 APPPATH\Controllers\producto_controller.php(239): CodeIgniter\Debug\Exceptions->errorHandler(2, 'Undefined variable $productoDetalle', 'C:\\xampp\\htdocs\\proyecto_espinola_emilia\\app\\Controllers\\producto_controller.php', 239)
 2 SYSTEMPATH\CodeIgniter.php(943): App\Controllers\producto_controller->update('122')
 3 SYSTEMPATH\CodeIgniter.php(503): CodeIgniter\CodeIgniter->runController(Object(App\Controllers\producto_controller))
 4 SYSTEMPATH\CodeIgniter.php(361): CodeIgniter\CodeIgniter->handleRequest(null, Object(Config\Cache), false)
 5 FCPATH\index.php(79): CodeIgniter\CodeIgniter->run()
INFO - 2026-01-03 21:07:31 --> Session: Class initialized using 'CodeIgniter\Session\Handlers\FileHandler' driver.
WARNING - 2026-01-03 21:07:31 --> [DEPRECATED] Optional parameter $colores declared before required parameter $buscar is implicitly treated as a required parameter in APPPATH\Models\producto_Model.php on line 74.
 1 SYSTEMPATH\Autoloader\Autoloader.php(311): include_once('C:\\xampp\\htdocs\\proyecto_espinola_emilia\\system\\Debug\\Exceptions.php')
 2 SYSTEMPATH\Autoloader\Autoloader.php(290): CodeIgniter\Autoloader\Autoloader->includeFile('C:\\xampp\\htdocs\\proyecto_espinola_emilia\\app\\Models\\producto_Model.php')
 3 SYSTEMPATH\Autoloader\Autoloader.php(266): CodeIgniter\Autoloader\Autoloader->loadInNamespace('App\\Models\\producto_Model')
 4 APPPATH\Controllers\producto_controller.php(186): CodeIgniter\Autoloader\Autoloader->loadClass('App\\Models\\producto_Model')
 5 SYSTEMPATH\CodeIgniter.php(943): App\Controllers\producto_controller->update('122')
 6 SYSTEMPATH\CodeIgniter.php(503): CodeIgniter\CodeIgniter->runController(Object(App\Controllers\producto_controller))
 7 SYSTEMPATH\CodeIgniter.php(361): CodeIgniter\CodeIgniter->handleRequest(null, Object(Config\Cache), false)
 8 FCPATH\index.php(79): CodeIgniter\CodeIgniter->run()
WARNING - 2026-01-03 21:07:31 --> [DEPRECATED] Optional parameter $talles declared before required parameter $buscar is implicitly treated as a required parameter in APPPATH\Models\producto_Model.php on line 74.
 1 SYSTEMPATH\Autoloader\Autoloader.php(311): include_once('C:\\xampp\\htdocs\\proyecto_espinola_emilia\\system\\Debug\\Exceptions.php')
 2 SYSTEMPATH\Autoloader\Autoloader.php(290): CodeIgniter\Autoloader\Autoloader->includeFile('C:\\xampp\\htdocs\\proyecto_espinola_emilia\\app\\Models\\producto_Model.php')
 3 SYSTEMPATH\Autoloader\Autoloader.php(266): CodeIgniter\Autoloader\Autoloader->loadInNamespace('App\\Models\\producto_Model')
 4 APPPATH\Controllers\producto_controller.php(186): CodeIgniter\Autoloader\Autoloader->loadClass('App\\Models\\producto_Model')
 5 SYSTEMPATH\CodeIgniter.php(943): App\Controllers\producto_controller->update('122')
 6 SYSTEMPATH\CodeIgniter.php(503): CodeIgniter\CodeIgniter->runController(Object(App\Controllers\producto_controller))
 7 SYSTEMPATH\CodeIgniter.php(361): CodeIgniter\CodeIgniter->handleRequest(null, Object(Config\Cache), false)
 8 FCPATH\index.php(79): CodeIgniter\CodeIgniter->run()
WARNING - 2026-01-03 21:07:31 --> [DEPRECATED] Optional parameter $categoria_id declared before required parameter $buscar is implicitly treated as a required parameter in APPPATH\Models\producto_Model.php on line 74.
 1 SYSTEMPATH\Autoloader\Autoloader.php(311): include_once('C:\\xampp\\htdocs\\proyecto_espinola_emilia\\system\\Debug\\Exceptions.php')
 2 SYSTEMPATH\Autoloader\Autoloader.php(290): CodeIgniter\Autoloader\Autoloader->includeFile('C:\\xampp\\htdocs\\proyecto_espinola_emilia\\app\\Models\\producto_Model.php')
 3 SYSTEMPATH\Autoloader\Autoloader.php(266): CodeIgniter\Autoloader\Autoloader->loadInNamespace('App\\Models\\producto_Model')
 4 APPPATH\Controllers\producto_controller.php(186): CodeIgniter\Autoloader\Autoloader->loadClass('App\\Models\\producto_Model')
 5 SYSTEMPATH\CodeIgniter.php(943): App\Controllers\producto_controller->update('122')
 6 SYSTEMPATH\CodeIgniter.php(503): CodeIgniter\CodeIgniter->runController(Object(App\Controllers\producto_controller))
 7 SYSTEMPATH\CodeIgniter.php(361): CodeIgniter\CodeIgniter->handleRequest(null, Object(Config\Cache), false)
 8 FCPATH\index.php(79): CodeIgniter\CodeIgniter->run()
INFO - 2026-01-03 21:07:32 --> Session: Class initialized using 'CodeIgniter\Session\Handlers\FileHandler' driver.
WARNING - 2026-01-03 21:07:32 --> [DEPRECATED] Optional parameter $colores declared before required parameter $buscar is implicitly treated as a required parameter in APPPATH\Models\producto_Model.php on line 74.
 1 SYSTEMPATH\Autoloader\Autoloader.php(311): include_once('C:\\xampp\\htdocs\\proyecto_espinola_emilia\\system\\Debug\\Exceptions.php')
 2 SYSTEMPATH\Autoloader\Autoloader.php(290): CodeIgniter\Autoloader\Autoloader->includeFile('C:\\xampp\\htdocs\\proyecto_espinola_emilia\\app\\Models\\producto_Model.php')
 3 SYSTEMPATH\Autoloader\Autoloader.php(266): CodeIgniter\Autoloader\Autoloader->loadInNamespace('App\\Models\\producto_Model')
 4 APPPATH\Controllers\producto_controller.php(14): CodeIgniter\Autoloader\Autoloader->loadClass('App\\Models\\producto_Model')
 5 SYSTEMPATH\CodeIgniter.php(943): App\Controllers\producto_controller->index()
 6 SYSTEMPATH\CodeIgniter.php(503): CodeIgniter\CodeIgniter->runController(Object(App\Controllers\producto_controller))
 7 SYSTEMPATH\CodeIgniter.php(361): CodeIgniter\CodeIgniter->handleRequest(null, Object(Config\Cache), false)
 8 FCPATH\index.php(79): CodeIgniter\CodeIgniter->run()
WARNING - 2026-01-03 21:07:32 --> [DEPRECATED] Optional parameter $talles declared before required parameter $buscar is implicitly treated as a required parameter in APPPATH\Models\producto_Model.php on line 74.
 1 SYSTEMPATH\Autoloader\Autoloader.php(311): include_once('C:\\xampp\\htdocs\\proyecto_espinola_emilia\\system\\Debug\\Exceptions.php')
 2 SYSTEMPATH\Autoloader\Autoloader.php(290): CodeIgniter\Autoloader\Autoloader->includeFile('C:\\xampp\\htdocs\\proyecto_espinola_emilia\\app\\Models\\producto_Model.php')
 3 SYSTEMPATH\Autoloader\Autoloader.php(266): CodeIgniter\Autoloader\Autoloader->loadInNamespace('App\\Models\\producto_Model')
 4 APPPATH\Controllers\producto_controller.php(14): CodeIgniter\Autoloader\Autoloader->loadClass('App\\Models\\producto_Model')
 5 SYSTEMPATH\CodeIgniter.php(943): App\Controllers\producto_controller->index()
 6 SYSTEMPATH\CodeIgniter.php(503): CodeIgniter\CodeIgniter->runController(Object(App\Controllers\producto_controller))
 7 SYSTEMPATH\CodeIgniter.php(361): CodeIgniter\CodeIgniter->handleRequest(null, Object(Config\Cache), false)
 8 FCPATH\index.php(79): CodeIgniter\CodeIgniter->run()
WARNING - 2026-01-03 21:07:32 --> [DEPRECATED] Optional parameter $categoria_id declared before required parameter $buscar is implicitly treated as a required parameter in APPPATH\Models\producto_Model.php on line 74.
 1 SYSTEMPATH\Autoloader\Autoloader.php(311): include_once('C:\\xampp\\htdocs\\proyecto_espinola_emilia\\system\\Debug\\Exceptions.php')
 2 SYSTEMPATH\Autoloader\Autoloader.php(290): CodeIgniter\Autoloader\Autoloader->includeFile('C:\\xampp\\htdocs\\proyecto_espinola_emilia\\app\\Models\\producto_Model.php')
 3 SYSTEMPATH\Autoloader\Autoloader.php(266): CodeIgniter\Autoloader\Autoloader->loadInNamespace('App\\Models\\producto_Model')
 4 APPPATH\Controllers\producto_controller.php(14): CodeIgniter\Autoloader\Autoloader->loadClass('App\\Models\\producto_Model')
 5 SYSTEMPATH\CodeIgniter.php(943): App\Controllers\producto_controller->index()
 6 SYSTEMPATH\CodeIgniter.php(503): CodeIgniter\CodeIgniter->runController(Object(App\Controllers\producto_controller))
 7 SYSTEMPATH\CodeIgniter.php(361): CodeIgniter\CodeIgniter->handleRequest(null, Object(Config\Cache), false)
 8 FCPATH\index.php(79): CodeIgniter\CodeIgniter->run()
INFO - 2026-01-03 21:07:38 --> Session: Class initialized using 'CodeIgniter\Session\Handlers\FileHandler' driver.
WARNING - 2026-01-03 21:07:38 --> [DEPRECATED] Optional parameter $colores declared before required parameter $buscar is implicitly treated as a required parameter in APPPATH\Models\producto_Model.php on line 74.
 1 SYSTEMPATH\Autoloader\Autoloader.php(311): include_once('C:\\xampp\\htdocs\\proyecto_espinola_emilia\\system\\Debug\\Exceptions.php')
 2 SYSTEMPATH\Autoloader\Autoloader.php(290): CodeIgniter\Autoloader\Autoloader->includeFile('C:\\xampp\\htdocs\\proyecto_espinola_emilia\\app\\Models\\producto_Model.php')
 3 SYSTEMPATH\Autoloader\Autoloader.php(266): CodeIgniter\Autoloader\Autoloader->loadInNamespace('App\\Models\\producto_Model')
 4 APPPATH\Controllers\producto_controller.php(130): CodeIgniter\Autoloader\Autoloader->loadClass('App\\Models\\producto_Model')
 5 SYSTEMPATH\CodeIgniter.php(943): App\Controllers\producto_controller->edit('122')
 6 SYSTEMPATH\CodeIgniter.php(503): CodeIgniter\CodeIgniter->runController(Object(App\Controllers\producto_controller))
 7 SYSTEMPATH\CodeIgniter.php(361): CodeIgniter\CodeIgniter->handleRequest(null, Object(Config\Cache), false)
 8 FCPATH\index.php(79): CodeIgniter\CodeIgniter->run()
WARNING - 2026-01-03 21:07:38 --> [DEPRECATED] Optional parameter $talles declared before required parameter $buscar is implicitly treated as a required parameter in APPPATH\Models\producto_Model.php on line 74.
 1 SYSTEMPATH\Autoloader\Autoloader.php(311): include_once('C:\\xampp\\htdocs\\proyecto_espinola_emilia\\system\\Debug\\Exceptions.php')
 2 SYSTEMPATH\Autoloader\Autoloader.php(290): CodeIgniter\Autoloader\Autoloader->includeFile('C:\\xampp\\htdocs\\proyecto_espinola_emilia\\app\\Models\\producto_Model.php')
 3 SYSTEMPATH\Autoloader\Autoloader.php(266): CodeIgniter\Autoloader\Autoloader->loadInNamespace('App\\Models\\producto_Model')
 4 APPPATH\Controllers\producto_controller.php(130): CodeIgniter\Autoloader\Autoloader->loadClass('App\\Models\\producto_Model')
 5 SYSTEMPATH\CodeIgniter.php(943): App\Controllers\producto_controller->edit('122')
 6 SYSTEMPATH\CodeIgniter.php(503): CodeIgniter\CodeIgniter->runController(Object(App\Controllers\producto_controller))
 7 SYSTEMPATH\CodeIgniter.php(361): CodeIgniter\CodeIgniter->handleRequest(null, Object(Config\Cache), false)
 8 FCPATH\index.php(79): CodeIgniter\CodeIgniter->run()
WARNING - 2026-01-03 21:07:38 --> [DEPRECATED] Optional parameter $categoria_id declared before required parameter $buscar is implicitly treated as a required parameter in APPPATH\Models\producto_Model.php on line 74.
 1 SYSTEMPATH\Autoloader\Autoloader.php(311): include_once('C:\\xampp\\htdocs\\proyecto_espinola_emilia\\system\\Debug\\Exceptions.php')
 2 SYSTEMPATH\Autoloader\Autoloader.php(290): CodeIgniter\Autoloader\Autoloader->includeFile('C:\\xampp\\htdocs\\proyecto_espinola_emilia\\app\\Models\\producto_Model.php')
 3 SYSTEMPATH\Autoloader\Autoloader.php(266): CodeIgniter\Autoloader\Autoloader->loadInNamespace('App\\Models\\producto_Model')
 4 APPPATH\Controllers\producto_controller.php(130): CodeIgniter\Autoloader\Autoloader->loadClass('App\\Models\\producto_Model')
 5 SYSTEMPATH\CodeIgniter.php(943): App\Controllers\producto_controller->edit('122')
 6 SYSTEMPATH\CodeIgniter.php(503): CodeIgniter\CodeIgniter->runController(Object(App\Controllers\producto_controller))
 7 SYSTEMPATH\CodeIgniter.php(361): CodeIgniter\CodeIgniter->handleRequest(null, Object(Config\Cache), false)
 8 FCPATH\index.php(79): CodeIgniter\CodeIgniter->run()
INFO - 2026-01-03 21:07:42 --> Session: Class initialized using 'CodeIgniter\Session\Handlers\FileHandler' driver.
WARNING - 2026-01-03 21:07:42 --> [DEPRECATED] Optional parameter $colores declared before required parameter $buscar is implicitly treated as a required parameter in APPPATH\Models\producto_Model.php on line 74.
 1 SYSTEMPATH\Autoloader\Autoloader.php(311): include_once('C:\\xampp\\htdocs\\proyecto_espinola_emilia\\system\\Debug\\Exceptions.php')
 2 SYSTEMPATH\Autoloader\Autoloader.php(290): CodeIgniter\Autoloader\Autoloader->includeFile('C:\\xampp\\htdocs\\proyecto_espinola_emilia\\app\\Models\\producto_Model.php')
 3 SYSTEMPATH\Autoloader\Autoloader.php(266): CodeIgniter\Autoloader\Autoloader->loadInNamespace('App\\Models\\producto_Model')
 4 APPPATH\Controllers\producto_controller.php(186): CodeIgniter\Autoloader\Autoloader->loadClass('App\\Models\\producto_Model')
 5 SYSTEMPATH\CodeIgniter.php(943): App\Controllers\producto_controller->update('122')
 6 SYSTEMPATH\CodeIgniter.php(503): CodeIgniter\CodeIgniter->runController(Object(App\Controllers\producto_controller))
 7 SYSTEMPATH\CodeIgniter.php(361): CodeIgniter\CodeIgniter->handleRequest(null, Object(Config\Cache), false)
 8 FCPATH\index.php(79): CodeIgniter\CodeIgniter->run()
WARNING - 2026-01-03 21:07:42 --> [DEPRECATED] Optional parameter $talles declared before required parameter $buscar is implicitly treated as a required parameter in APPPATH\Models\producto_Model.php on line 74.
 1 SYSTEMPATH\Autoloader\Autoloader.php(311): include_once('C:\\xampp\\htdocs\\proyecto_espinola_emilia\\system\\Debug\\Exceptions.php')
 2 SYSTEMPATH\Autoloader\Autoloader.php(290): CodeIgniter\Autoloader\Autoloader->includeFile('C:\\xampp\\htdocs\\proyecto_espinola_emilia\\app\\Models\\producto_Model.php')
 3 SYSTEMPATH\Autoloader\Autoloader.php(266): CodeIgniter\Autoloader\Autoloader->loadInNamespace('App\\Models\\producto_Model')
 4 APPPATH\Controllers\producto_controller.php(186): CodeIgniter\Autoloader\Autoloader->loadClass('App\\Models\\producto_Model')
 5 SYSTEMPATH\CodeIgniter.php(943): App\Controllers\producto_controller->update('122')
 6 SYSTEMPATH\CodeIgniter.php(503): CodeIgniter\CodeIgniter->runController(Object(App\Controllers\producto_controller))
 7 SYSTEMPATH\CodeIgniter.php(361): CodeIgniter\CodeIgniter->handleRequest(null, Object(Config\Cache), false)
 8 FCPATH\index.php(79): CodeIgniter\CodeIgniter->run()
WARNING - 2026-01-03 21:07:42 --> [DEPRECATED] Optional parameter $categoria_id declared before required parameter $buscar is implicitly treated as a required parameter in APPPATH\Models\producto_Model.php on line 74.
 1 SYSTEMPATH\Autoloader\Autoloader.php(311): include_once('C:\\xampp\\htdocs\\proyecto_espinola_emilia\\system\\Debug\\Exceptions.php')
 2 SYSTEMPATH\Autoloader\Autoloader.php(290): CodeIgniter\Autoloader\Autoloader->includeFile('C:\\xampp\\htdocs\\proyecto_espinola_emilia\\app\\Models\\producto_Model.php')
 3 SYSTEMPATH\Autoloader\Autoloader.php(266): CodeIgniter\Autoloader\Autoloader->loadInNamespace('App\\Models\\producto_Model')
 4 APPPATH\Controllers\producto_controller.php(186): CodeIgniter\Autoloader\Autoloader->loadClass('App\\Models\\producto_Model')
 5 SYSTEMPATH\CodeIgniter.php(943): App\Controllers\producto_controller->update('122')
 6 SYSTEMPATH\CodeIgniter.php(503): CodeIgniter\CodeIgniter->runController(Object(App\Controllers\producto_controller))
 7 SYSTEMPATH\CodeIgniter.php(361): CodeIgniter\CodeIgniter->handleRequest(null, Object(Config\Cache), false)
 8 FCPATH\index.php(79): CodeIgniter\CodeIgniter->run()
INFO - 2026-01-03 21:22:18 --> Session: Class initialized using 'CodeIgniter\Session\Handlers\FileHandler' driver.
WARNING - 2026-01-03 21:22:18 --> [DEPRECATED] Optional parameter $colores declared before required parameter $buscar is implicitly treated as a required parameter in APPPATH\Models\producto_Model.php on line 74.
 1 SYSTEMPATH\Autoloader\Autoloader.php(311): include_once('C:\\xampp\\htdocs\\proyecto_espinola_emilia\\system\\Debug\\Exceptions.php')
 2 SYSTEMPATH\Autoloader\Autoloader.php(290): CodeIgniter\Autoloader\Autoloader->includeFile('C:\\xampp\\htdocs\\proyecto_espinola_emilia\\app\\Models\\producto_Model.php')
 3 SYSTEMPATH\Autoloader\Autoloader.php(266): CodeIgniter\Autoloader\Autoloader->loadInNamespace('App\\Models\\producto_Model')
 4 APPPATH\Controllers\producto_controller.php(130): CodeIgniter\Autoloader\Autoloader->loadClass('App\\Models\\producto_Model')
 5 SYSTEMPATH\CodeIgniter.php(943): App\Controllers\producto_controller->edit('122')
 6 SYSTEMPATH\CodeIgniter.php(503): CodeIgniter\CodeIgniter->runController(Object(App\Controllers\producto_controller))
 7 SYSTEMPATH\CodeIgniter.php(361): CodeIgniter\CodeIgniter->handleRequest(null, Object(Config\Cache), false)
 8 FCPATH\index.php(79): CodeIgniter\CodeIgniter->run()
WARNING - 2026-01-03 21:22:18 --> [DEPRECATED] Optional parameter $talles declared before required parameter $buscar is implicitly treated as a required parameter in APPPATH\Models\producto_Model.php on line 74.
 1 SYSTEMPATH\Autoloader\Autoloader.php(311): include_once('C:\\xampp\\htdocs\\proyecto_espinola_emilia\\system\\Debug\\Exceptions.php')
 2 SYSTEMPATH\Autoloader\Autoloader.php(290): CodeIgniter\Autoloader\Autoloader->includeFile('C:\\xampp\\htdocs\\proyecto_espinola_emilia\\app\\Models\\producto_Model.php')
 3 SYSTEMPATH\Autoloader\Autoloader.php(266): CodeIgniter\Autoloader\Autoloader->loadInNamespace('App\\Models\\producto_Model')
 4 APPPATH\Controllers\producto_controller.php(130): CodeIgniter\Autoloader\Autoloader->loadClass('App\\Models\\producto_Model')
 5 SYSTEMPATH\CodeIgniter.php(943): App\Controllers\producto_controller->edit('122')
 6 SYSTEMPATH\CodeIgniter.php(503): CodeIgniter\CodeIgniter->runController(Object(App\Controllers\producto_controller))
 7 SYSTEMPATH\CodeIgniter.php(361): CodeIgniter\CodeIgniter->handleRequest(null, Object(Config\Cache), false)
 8 FCPATH\index.php(79): CodeIgniter\CodeIgniter->run()
WARNING - 2026-01-03 21:22:18 --> [DEPRECATED] Optional parameter $categoria_id declared before required parameter $buscar is implicitly treated as a required parameter in APPPATH\Models\producto_Model.php on line 74.
 1 SYSTEMPATH\Autoloader\Autoloader.php(311): include_once('C:\\xampp\\htdocs\\proyecto_espinola_emilia\\system\\Debug\\Exceptions.php')
 2 SYSTEMPATH\Autoloader\Autoloader.php(290): CodeIgniter\Autoloader\Autoloader->includeFile('C:\\xampp\\htdocs\\proyecto_espinola_emilia\\app\\Models\\producto_Model.php')
 3 SYSTEMPATH\Autoloader\Autoloader.php(266): CodeIgniter\Autoloader\Autoloader->loadInNamespace('App\\Models\\producto_Model')
 4 APPPATH\Controllers\producto_controller.php(130): CodeIgniter\Autoloader\Autoloader->loadClass('App\\Models\\producto_Model')
 5 SYSTEMPATH\CodeIgniter.php(943): App\Controllers\producto_controller->edit('122')
 6 SYSTEMPATH\CodeIgniter.php(503): CodeIgniter\CodeIgniter->runController(Object(App\Controllers\producto_controller))
 7 SYSTEMPATH\CodeIgniter.php(361): CodeIgniter\CodeIgniter->handleRequest(null, Object(Config\Cache), false)
 8 FCPATH\index.php(79): CodeIgniter\CodeIgniter->run()
INFO - 2026-01-03 21:22:20 --> Session: Class initialized using 'CodeIgniter\Session\Handlers\FileHandler' driver.
WARNING - 2026-01-03 21:22:20 --> [DEPRECATED] Optional parameter $colores declared before required parameter $buscar is implicitly treated as a required parameter in APPPATH\Models\producto_Model.php on line 74.
 1 SYSTEMPATH\Autoloader\Autoloader.php(311): include_once('C:\\xampp\\htdocs\\proyecto_espinola_emilia\\system\\Debug\\Exceptions.php')
 2 SYSTEMPATH\Autoloader\Autoloader.php(290): CodeIgniter\Autoloader\Autoloader->includeFile('C:\\xampp\\htdocs\\proyecto_espinola_emilia\\app\\Models\\producto_Model.php')
 3 SYSTEMPATH\Autoloader\Autoloader.php(266): CodeIgniter\Autoloader\Autoloader->loadInNamespace('App\\Models\\producto_Model')
 4 APPPATH\Controllers\producto_controller.php(14): CodeIgniter\Autoloader\Autoloader->loadClass('App\\Models\\producto_Model')
 5 SYSTEMPATH\CodeIgniter.php(943): App\Controllers\producto_controller->index()
 6 SYSTEMPATH\CodeIgniter.php(503): CodeIgniter\CodeIgniter->runController(Object(App\Controllers\producto_controller))
 7 SYSTEMPATH\CodeIgniter.php(361): CodeIgniter\CodeIgniter->handleRequest(null, Object(Config\Cache), false)
 8 FCPATH\index.php(79): CodeIgniter\CodeIgniter->run()
WARNING - 2026-01-03 21:22:20 --> [DEPRECATED] Optional parameter $talles declared before required parameter $buscar is implicitly treated as a required parameter in APPPATH\Models\producto_Model.php on line 74.
 1 SYSTEMPATH\Autoloader\Autoloader.php(311): include_once('C:\\xampp\\htdocs\\proyecto_espinola_emilia\\system\\Debug\\Exceptions.php')
 2 SYSTEMPATH\Autoloader\Autoloader.php(290): CodeIgniter\Autoloader\Autoloader->includeFile('C:\\xampp\\htdocs\\proyecto_espinola_emilia\\app\\Models\\producto_Model.php')
 3 SYSTEMPATH\Autoloader\Autoloader.php(266): CodeIgniter\Autoloader\Autoloader->loadInNamespace('App\\Models\\producto_Model')
 4 APPPATH\Controllers\producto_controller.php(14): CodeIgniter\Autoloader\Autoloader->loadClass('App\\Models\\producto_Model')
 5 SYSTEMPATH\CodeIgniter.php(943): App\Controllers\producto_controller->index()
 6 SYSTEMPATH\CodeIgniter.php(503): CodeIgniter\CodeIgniter->runController(Object(App\Controllers\producto_controller))
 7 SYSTEMPATH\CodeIgniter.php(361): CodeIgniter\CodeIgniter->handleRequest(null, Object(Config\Cache), false)
 8 FCPATH\index.php(79): CodeIgniter\CodeIgniter->run()
WARNING - 2026-01-03 21:22:20 --> [DEPRECATED] Optional parameter $categoria_id declared before required parameter $buscar is implicitly treated as a required parameter in APPPATH\Models\producto_Model.php on line 74.
 1 SYSTEMPATH\Autoloader\Autoloader.php(311): include_once('C:\\xampp\\htdocs\\proyecto_espinola_emilia\\system\\Debug\\Exceptions.php')
 2 SYSTEMPATH\Autoloader\Autoloader.php(290): CodeIgniter\Autoloader\Autoloader->includeFile('C:\\xampp\\htdocs\\proyecto_espinola_emilia\\app\\Models\\producto_Model.php')
 3 SYSTEMPATH\Autoloader\Autoloader.php(266): CodeIgniter\Autoloader\Autoloader->loadInNamespace('App\\Models\\producto_Model')
 4 APPPATH\Controllers\producto_controller.php(14): CodeIgniter\Autoloader\Autoloader->loadClass('App\\Models\\producto_Model')
 5 SYSTEMPATH\CodeIgniter.php(943): App\Controllers\producto_controller->index()
 6 SYSTEMPATH\CodeIgniter.php(503): CodeIgniter\CodeIgniter->runController(Object(App\Controllers\producto_controller))
 7 SYSTEMPATH\CodeIgniter.php(361): CodeIgniter\CodeIgniter->handleRequest(null, Object(Config\Cache), false)
 8 FCPATH\index.php(79): CodeIgniter\CodeIgniter->run()
INFO - 2026-01-03 21:22:26 --> Session: Class initialized using 'CodeIgniter\Session\Handlers\FileHandler' driver.
INFO - 2026-01-03 21:22:43 --> Session: Class initialized using 'CodeIgniter\Session\Handlers\FileHandler' driver.
INFO - 2026-01-03 21:22:53 --> Session: Class initialized using 'CodeIgniter\Session\Handlers\FileHandler' driver.
INFO - 2026-01-03 21:22:57 --> Session: Class initialized using 'CodeIgniter\Session\Handlers\FileHandler' driver.
WARNING - 2026-01-03 21:22:57 --> [DEPRECATED] Optional parameter $colores declared before required parameter $buscar is implicitly treated as a required parameter in APPPATH\Models\producto_Model.php on line 74.
 1 SYSTEMPATH\Autoloader\Autoloader.php(311): include_once('C:\\xampp\\htdocs\\proyecto_espinola_emilia\\system\\Debug\\Exceptions.php')
 2 SYSTEMPATH\Autoloader\Autoloader.php(290): CodeIgniter\Autoloader\Autoloader->includeFile('C:\\xampp\\htdocs\\proyecto_espinola_emilia\\app\\Models\\producto_Model.php')
 3 SYSTEMPATH\Autoloader\Autoloader.php(266): CodeIgniter\Autoloader\Autoloader->loadInNamespace('App\\Models\\producto_Model')
 4 APPPATH\Controllers\producto_controller.php(14): CodeIgniter\Autoloader\Autoloader->loadClass('App\\Models\\producto_Model')
 5 SYSTEMPATH\CodeIgniter.php(943): App\Controllers\producto_controller->index()
 6 SYSTEMPATH\CodeIgniter.php(503): CodeIgniter\CodeIgniter->runController(Object(App\Controllers\producto_controller))
 7 SYSTEMPATH\CodeIgniter.php(361): CodeIgniter\CodeIgniter->handleRequest(null, Object(Config\Cache), false)
 8 FCPATH\index.php(79): CodeIgniter\CodeIgniter->run()
WARNING - 2026-01-03 21:22:57 --> [DEPRECATED] Optional parameter $talles declared before required parameter $buscar is implicitly treated as a required parameter in APPPATH\Models\producto_Model.php on line 74.
 1 SYSTEMPATH\Autoloader\Autoloader.php(311): include_once('C:\\xampp\\htdocs\\proyecto_espinola_emilia\\system\\Debug\\Exceptions.php')
 2 SYSTEMPATH\Autoloader\Autoloader.php(290): CodeIgniter\Autoloader\Autoloader->includeFile('C:\\xampp\\htdocs\\proyecto_espinola_emilia\\app\\Models\\producto_Model.php')
 3 SYSTEMPATH\Autoloader\Autoloader.php(266): CodeIgniter\Autoloader\Autoloader->loadInNamespace('App\\Models\\producto_Model')
 4 APPPATH\Controllers\producto_controller.php(14): CodeIgniter\Autoloader\Autoloader->loadClass('App\\Models\\producto_Model')
 5 SYSTEMPATH\CodeIgniter.php(943): App\Controllers\producto_controller->index()
 6 SYSTEMPATH\CodeIgniter.php(503): CodeIgniter\CodeIgniter->runController(Object(App\Controllers\producto_controller))
 7 SYSTEMPATH\CodeIgniter.php(361): CodeIgniter\CodeIgniter->handleRequest(null, Object(Config\Cache), false)
 8 FCPATH\index.php(79): CodeIgniter\CodeIgniter->run()
WARNING - 2026-01-03 21:22:57 --> [DEPRECATED] Optional parameter $categoria_id declared before required parameter $buscar is implicitly treated as a required parameter in APPPATH\Models\producto_Model.php on line 74.
 1 SYSTEMPATH\Autoloader\Autoloader.php(311): include_once('C:\\xampp\\htdocs\\proyecto_espinola_emilia\\system\\Debug\\Exceptions.php')
 2 SYSTEMPATH\Autoloader\Autoloader.php(290): CodeIgniter\Autoloader\Autoloader->includeFile('C:\\xampp\\htdocs\\proyecto_espinola_emilia\\app\\Models\\producto_Model.php')
 3 SYSTEMPATH\Autoloader\Autoloader.php(266): CodeIgniter\Autoloader\Autoloader->loadInNamespace('App\\Models\\producto_Model')
 4 APPPATH\Controllers\producto_controller.php(14): CodeIgniter\Autoloader\Autoloader->loadClass('App\\Models\\producto_Model')
 5 SYSTEMPATH\CodeIgniter.php(943): App\Controllers\producto_controller->index()
 6 SYSTEMPATH\CodeIgniter.php(503): CodeIgniter\CodeIgniter->runController(Object(App\Controllers\producto_controller))
 7 SYSTEMPATH\CodeIgniter.php(361): CodeIgniter\CodeIgniter->handleRequest(null, Object(Config\Cache), false)
 8 FCPATH\index.php(79): CodeIgniter\CodeIgniter->run()
INFO - 2026-01-03 21:54:46 --> Session: Class initialized using 'CodeIgniter\Session\Handlers\FileHandler' driver.
WARNING - 2026-01-03 21:54:46 --> [DEPRECATED] Optional parameter $colores declared before required parameter $buscar is implicitly treated as a required parameter in APPPATH\Models\producto_Model.php on line 74.
 1 SYSTEMPATH\Autoloader\Autoloader.php(311): include_once('C:\\xampp\\htdocs\\proyecto_espinola_emilia\\system\\Debug\\Exceptions.php')
 2 SYSTEMPATH\Autoloader\Autoloader.php(290): CodeIgniter\Autoloader\Autoloader->includeFile('C:\\xampp\\htdocs\\proyecto_espinola_emilia\\app\\Models\\producto_Model.php')
 3 SYSTEMPATH\Autoloader\Autoloader.php(266): CodeIgniter\Autoloader\Autoloader->loadInNamespace('App\\Models\\producto_Model')
 4 APPPATH\Controllers\producto_controller.php(130): CodeIgniter\Autoloader\Autoloader->loadClass('App\\Models\\producto_Model')
 5 SYSTEMPATH\CodeIgniter.php(943): App\Controllers\producto_controller->edit('122')
 6 SYSTEMPATH\CodeIgniter.php(503): CodeIgniter\CodeIgniter->runController(Object(App\Controllers\producto_controller))
 7 SYSTEMPATH\CodeIgniter.php(361): CodeIgniter\CodeIgniter->handleRequest(null, Object(Config\Cache), false)
 8 FCPATH\index.php(79): CodeIgniter\CodeIgniter->run()
WARNING - 2026-01-03 21:54:46 --> [DEPRECATED] Optional parameter $talles declared before required parameter $buscar is implicitly treated as a required parameter in APPPATH\Models\producto_Model.php on line 74.
 1 SYSTEMPATH\Autoloader\Autoloader.php(311): include_once('C:\\xampp\\htdocs\\proyecto_espinola_emilia\\system\\Debug\\Exceptions.php')
 2 SYSTEMPATH\Autoloader\Autoloader.php(290): CodeIgniter\Autoloader\Autoloader->includeFile('C:\\xampp\\htdocs\\proyecto_espinola_emilia\\app\\Models\\producto_Model.php')
 3 SYSTEMPATH\Autoloader\Autoloader.php(266): CodeIgniter\Autoloader\Autoloader->loadInNamespace('App\\Models\\producto_Model')
 4 APPPATH\Controllers\producto_controller.php(130): CodeIgniter\Autoloader\Autoloader->loadClass('App\\Models\\producto_Model')
 5 SYSTEMPATH\CodeIgniter.php(943): App\Controllers\producto_controller->edit('122')
 6 SYSTEMPATH\CodeIgniter.php(503): CodeIgniter\CodeIgniter->runController(Object(App\Controllers\producto_controller))
 7 SYSTEMPATH\CodeIgniter.php(361): CodeIgniter\CodeIgniter->handleRequest(null, Object(Config\Cache), false)
 8 FCPATH\index.php(79): CodeIgniter\CodeIgniter->run()
WARNING - 2026-01-03 21:54:46 --> [DEPRECATED] Optional parameter $categoria_id declared before required parameter $buscar is implicitly treated as a required parameter in APPPATH\Models\producto_Model.php on line 74.
 1 SYSTEMPATH\Autoloader\Autoloader.php(311): include_once('C:\\xampp\\htdocs\\proyecto_espinola_emilia\\system\\Debug\\Exceptions.php')
 2 SYSTEMPATH\Autoloader\Autoloader.php(290): CodeIgniter\Autoloader\Autoloader->includeFile('C:\\xampp\\htdocs\\proyecto_espinola_emilia\\app\\Models\\producto_Model.php')
 3 SYSTEMPATH\Autoloader\Autoloader.php(266): CodeIgniter\Autoloader\Autoloader->loadInNamespace('App\\Models\\producto_Model')
 4 APPPATH\Controllers\producto_controller.php(130): CodeIgniter\Autoloader\Autoloader->loadClass('App\\Models\\producto_Model')
 5 SYSTEMPATH\CodeIgniter.php(943): App\Controllers\producto_controller->edit('122')
 6 SYSTEMPATH\CodeIgniter.php(503): CodeIgniter\CodeIgniter->runController(Object(App\Controllers\producto_controller))
 7 SYSTEMPATH\CodeIgniter.php(361): CodeIgniter\CodeIgniter->handleRequest(null, Object(Config\Cache), false)
 8 FCPATH\index.php(79): CodeIgniter\CodeIgniter->run()
INFO - 2026-01-03 21:55:04 --> Session: Class initialized using 'CodeIgniter\Session\Handlers\FileHandler' driver.
WARNING - 2026-01-03 21:55:04 --> [DEPRECATED] Optional parameter $colores declared before required parameter $buscar is implicitly treated as a required parameter in APPPATH\Models\producto_Model.php on line 74.
 1 SYSTEMPATH\Autoloader\Autoloader.php(311): include_once('C:\\xampp\\htdocs\\proyecto_espinola_emilia\\system\\Debug\\Exceptions.php')
 2 SYSTEMPATH\Autoloader\Autoloader.php(290): CodeIgniter\Autoloader\Autoloader->includeFile('C:\\xampp\\htdocs\\proyecto_espinola_emilia\\app\\Models\\producto_Model.php')
 3 SYSTEMPATH\Autoloader\Autoloader.php(266): CodeIgniter\Autoloader\Autoloader->loadInNamespace('App\\Models\\producto_Model')
 4 APPPATH\Controllers\producto_controller.php(186): CodeIgniter\Autoloader\Autoloader->loadClass('App\\Models\\producto_Model')
 5 SYSTEMPATH\CodeIgniter.php(943): App\Controllers\producto_controller->update('122')
 6 SYSTEMPATH\CodeIgniter.php(503): CodeIgniter\CodeIgniter->runController(Object(App\Controllers\producto_controller))
 7 SYSTEMPATH\CodeIgniter.php(361): CodeIgniter\CodeIgniter->handleRequest(null, Object(Config\Cache), false)
 8 FCPATH\index.php(79): CodeIgniter\CodeIgniter->run()
WARNING - 2026-01-03 21:55:04 --> [DEPRECATED] Optional parameter $talles declared before required parameter $buscar is implicitly treated as a required parameter in APPPATH\Models\producto_Model.php on line 74.
 1 SYSTEMPATH\Autoloader\Autoloader.php(311): include_once('C:\\xampp\\htdocs\\proyecto_espinola_emilia\\system\\Debug\\Exceptions.php')
 2 SYSTEMPATH\Autoloader\Autoloader.php(290): CodeIgniter\Autoloader\Autoloader->includeFile('C:\\xampp\\htdocs\\proyecto_espinola_emilia\\app\\Models\\producto_Model.php')
 3 SYSTEMPATH\Autoloader\Autoloader.php(266): CodeIgniter\Autoloader\Autoloader->loadInNamespace('App\\Models\\producto_Model')
 4 APPPATH\Controllers\producto_controller.php(186): CodeIgniter\Autoloader\Autoloader->loadClass('App\\Models\\producto_Model')
 5 SYSTEMPATH\CodeIgniter.php(943): App\Controllers\producto_controller->update('122')
 6 SYSTEMPATH\CodeIgniter.php(503): CodeIgniter\CodeIgniter->runController(Object(App\Controllers\producto_controller))
 7 SYSTEMPATH\CodeIgniter.php(361): CodeIgniter\CodeIgniter->handleRequest(null, Object(Config\Cache), false)
 8 FCPATH\index.php(79): CodeIgniter\CodeIgniter->run()
WARNING - 2026-01-03 21:55:04 --> [DEPRECATED] Optional parameter $categoria_id declared before required parameter $buscar is implicitly treated as a required parameter in APPPATH\Models\producto_Model.php on line 74.
 1 SYSTEMPATH\Autoloader\Autoloader.php(311): include_once('C:\\xampp\\htdocs\\proyecto_espinola_emilia\\system\\Debug\\Exceptions.php')
 2 SYSTEMPATH\Autoloader\Autoloader.php(290): CodeIgniter\Autoloader\Autoloader->includeFile('C:\\xampp\\htdocs\\proyecto_espinola_emilia\\app\\Models\\producto_Model.php')
 3 SYSTEMPATH\Autoloader\Autoloader.php(266): CodeIgniter\Autoloader\Autoloader->loadInNamespace('App\\Models\\producto_Model')
 4 APPPATH\Controllers\producto_controller.php(186): CodeIgniter\Autoloader\Autoloader->loadClass('App\\Models\\producto_Model')
 5 SYSTEMPATH\CodeIgniter.php(943): App\Controllers\producto_controller->update('122')
 6 SYSTEMPATH\CodeIgniter.php(503): CodeIgniter\CodeIgniter->runController(Object(App\Controllers\producto_controller))
 7 SYSTEMPATH\CodeIgniter.php(361): CodeIgniter\CodeIgniter->handleRequest(null, Object(Config\Cache), false)
 8 FCPATH\index.php(79): CodeIgniter\CodeIgniter->run()
INFO - 2026-01-03 21:55:29 --> Session: Class initialized using 'CodeIgniter\Session\Handlers\FileHandler' driver.
WARNING - 2026-01-03 21:55:29 --> [DEPRECATED] Optional parameter $colores declared before required parameter $buscar is implicitly treated as a required parameter in APPPATH\Models\producto_Model.php on line 74.
 1 SYSTEMPATH\Autoloader\Autoloader.php(311): include_once('C:\\xampp\\htdocs\\proyecto_espinola_emilia\\system\\Debug\\Exceptions.php')
 2 SYSTEMPATH\Autoloader\Autoloader.php(290): CodeIgniter\Autoloader\Autoloader->includeFile('C:\\xampp\\htdocs\\proyecto_espinola_emilia\\app\\Models\\producto_Model.php')
 3 SYSTEMPATH\Autoloader\Autoloader.php(266): CodeIgniter\Autoloader\Autoloader->loadInNamespace('App\\Models\\producto_Model')
 4 APPPATH\Controllers\producto_controller.php(186): CodeIgniter\Autoloader\Autoloader->loadClass('App\\Models\\producto_Model')
 5 SYSTEMPATH\CodeIgniter.php(943): App\Controllers\producto_controller->update('122')
 6 SYSTEMPATH\CodeIgniter.php(503): CodeIgniter\CodeIgniter->runController(Object(App\Controllers\producto_controller))
 7 SYSTEMPATH\CodeIgniter.php(361): CodeIgniter\CodeIgniter->handleRequest(null, Object(Config\Cache), false)
 8 FCPATH\index.php(79): CodeIgniter\CodeIgniter->run()
WARNING - 2026-01-03 21:55:29 --> [DEPRECATED] Optional parameter $talles declared before required parameter $buscar is implicitly treated as a required parameter in APPPATH\Models\producto_Model.php on line 74.
 1 SYSTEMPATH\Autoloader\Autoloader.php(311): include_once('C:\\xampp\\htdocs\\proyecto_espinola_emilia\\system\\Debug\\Exceptions.php')
 2 SYSTEMPATH\Autoloader\Autoloader.php(290): CodeIgniter\Autoloader\Autoloader->includeFile('C:\\xampp\\htdocs\\proyecto_espinola_emilia\\app\\Models\\producto_Model.php')
 3 SYSTEMPATH\Autoloader\Autoloader.php(266): CodeIgniter\Autoloader\Autoloader->loadInNamespace('App\\Models\\producto_Model')
 4 APPPATH\Controllers\producto_controller.php(186): CodeIgniter\Autoloader\Autoloader->loadClass('App\\Models\\producto_Model')
 5 SYSTEMPATH\CodeIgniter.php(943): App\Controllers\producto_controller->update('122')
 6 SYSTEMPATH\CodeIgniter.php(503): CodeIgniter\CodeIgniter->runController(Object(App\Controllers\producto_controller))
 7 SYSTEMPATH\CodeIgniter.php(361): CodeIgniter\CodeIgniter->handleRequest(null, Object(Config\Cache), false)
 8 FCPATH\index.php(79): CodeIgniter\CodeIgniter->run()
WARNING - 2026-01-03 21:55:29 --> [DEPRECATED] Optional parameter $categoria_id declared before required parameter $buscar is implicitly treated as a required parameter in APPPATH\Models\producto_Model.php on line 74.
 1 SYSTEMPATH\Autoloader\Autoloader.php(311): include_once('C:\\xampp\\htdocs\\proyecto_espinola_emilia\\system\\Debug\\Exceptions.php')
 2 SYSTEMPATH\Autoloader\Autoloader.php(290): CodeIgniter\Autoloader\Autoloader->includeFile('C:\\xampp\\htdocs\\proyecto_espinola_emilia\\app\\Models\\producto_Model.php')
 3 SYSTEMPATH\Autoloader\Autoloader.php(266): CodeIgniter\Autoloader\Autoloader->loadInNamespace('App\\Models\\producto_Model')
 4 APPPATH\Controllers\producto_controller.php(186): CodeIgniter\Autoloader\Autoloader->loadClass('App\\Models\\producto_Model')
 5 SYSTEMPATH\CodeIgniter.php(943): App\Controllers\producto_controller->update('122')
 6 SYSTEMPATH\CodeIgniter.php(503): CodeIgniter\CodeIgniter->runController(Object(App\Controllers\producto_controller))
 7 SYSTEMPATH\CodeIgniter.php(361): CodeIgniter\CodeIgniter->handleRequest(null, Object(Config\Cache), false)
 8 FCPATH\index.php(79): CodeIgniter\CodeIgniter->run()
INFO - 2026-01-03 21:55:38 --> Session: Class initialized using 'CodeIgniter\Session\Handlers\FileHandler' driver.
WARNING - 2026-01-03 21:55:38 --> [DEPRECATED] Optional parameter $colores declared before required parameter $buscar is implicitly treated as a required parameter in APPPATH\Models\producto_Model.php on line 74.
 1 SYSTEMPATH\Autoloader\Autoloader.php(311): include_once('C:\\xampp\\htdocs\\proyecto_espinola_emilia\\system\\Debug\\Exceptions.php')
 2 SYSTEMPATH\Autoloader\Autoloader.php(290): CodeIgniter\Autoloader\Autoloader->includeFile('C:\\xampp\\htdocs\\proyecto_espinola_emilia\\app\\Models\\producto_Model.php')
 3 SYSTEMPATH\Autoloader\Autoloader.php(266): CodeIgniter\Autoloader\Autoloader->loadInNamespace('App\\Models\\producto_Model')
 4 APPPATH\Controllers\producto_controller.php(186): CodeIgniter\Autoloader\Autoloader->loadClass('App\\Models\\producto_Model')
 5 SYSTEMPATH\CodeIgniter.php(943): App\Controllers\producto_controller->update('122')
 6 SYSTEMPATH\CodeIgniter.php(503): CodeIgniter\CodeIgniter->runController(Object(App\Controllers\producto_controller))
 7 SYSTEMPATH\CodeIgniter.php(361): CodeIgniter\CodeIgniter->handleRequest(null, Object(Config\Cache), false)
 8 FCPATH\index.php(79): CodeIgniter\CodeIgniter->run()
WARNING - 2026-01-03 21:55:38 --> [DEPRECATED] Optional parameter $talles declared before required parameter $buscar is implicitly treated as a required parameter in APPPATH\Models\producto_Model.php on line 74.
 1 SYSTEMPATH\Autoloader\Autoloader.php(311): include_once('C:\\xampp\\htdocs\\proyecto_espinola_emilia\\system\\Debug\\Exceptions.php')
 2 SYSTEMPATH\Autoloader\Autoloader.php(290): CodeIgniter\Autoloader\Autoloader->includeFile('C:\\xampp\\htdocs\\proyecto_espinola_emilia\\app\\Models\\producto_Model.php')
 3 SYSTEMPATH\Autoloader\Autoloader.php(266): CodeIgniter\Autoloader\Autoloader->loadInNamespace('App\\Models\\producto_Model')
 4 APPPATH\Controllers\producto_controller.php(186): CodeIgniter\Autoloader\Autoloader->loadClass('App\\Models\\producto_Model')
 5 SYSTEMPATH\CodeIgniter.php(943): App\Controllers\producto_controller->update('122')
 6 SYSTEMPATH\CodeIgniter.php(503): CodeIgniter\CodeIgniter->runController(Object(App\Controllers\producto_controller))
 7 SYSTEMPATH\CodeIgniter.php(361): CodeIgniter\CodeIgniter->handleRequest(null, Object(Config\Cache), false)
 8 FCPATH\index.php(79): CodeIgniter\CodeIgniter->run()
WARNING - 2026-01-03 21:55:38 --> [DEPRECATED] Optional parameter $categoria_id declared before required parameter $buscar is implicitly treated as a required parameter in APPPATH\Models\producto_Model.php on line 74.
 1 SYSTEMPATH\Autoloader\Autoloader.php(311): include_once('C:\\xampp\\htdocs\\proyecto_espinola_emilia\\system\\Debug\\Exceptions.php')
 2 SYSTEMPATH\Autoloader\Autoloader.php(290): CodeIgniter\Autoloader\Autoloader->includeFile('C:\\xampp\\htdocs\\proyecto_espinola_emilia\\app\\Models\\producto_Model.php')
 3 SYSTEMPATH\Autoloader\Autoloader.php(266): CodeIgniter\Autoloader\Autoloader->loadInNamespace('App\\Models\\producto_Model')
 4 APPPATH\Controllers\producto_controller.php(186): CodeIgniter\Autoloader\Autoloader->loadClass('App\\Models\\producto_Model')
 5 SYSTEMPATH\CodeIgniter.php(943): App\Controllers\producto_controller->update('122')
 6 SYSTEMPATH\CodeIgniter.php(503): CodeIgniter\CodeIgniter->runController(Object(App\Controllers\producto_controller))
 7 SYSTEMPATH\CodeIgniter.php(361): CodeIgniter\CodeIgniter->handleRequest(null, Object(Config\Cache), false)
 8 FCPATH\index.php(79): CodeIgniter\CodeIgniter->run()
INFO - 2026-01-03 21:56:00 --> Session: Class initialized using 'CodeIgniter\Session\Handlers\FileHandler' driver.
WARNING - 2026-01-03 21:56:00 --> [DEPRECATED] Optional parameter $colores declared before required parameter $buscar is implicitly treated as a required parameter in APPPATH\Models\producto_Model.php on line 74.
 1 SYSTEMPATH\Autoloader\Autoloader.php(311): include_once('C:\\xampp\\htdocs\\proyecto_espinola_emilia\\system\\Debug\\Exceptions.php')
 2 SYSTEMPATH\Autoloader\Autoloader.php(290): CodeIgniter\Autoloader\Autoloader->includeFile('C:\\xampp\\htdocs\\proyecto_espinola_emilia\\app\\Models\\producto_Model.php')
 3 SYSTEMPATH\Autoloader\Autoloader.php(266): CodeIgniter\Autoloader\Autoloader->loadInNamespace('App\\Models\\producto_Model')
 4 APPPATH\Controllers\producto_controller.php(186): CodeIgniter\Autoloader\Autoloader->loadClass('App\\Models\\producto_Model')
 5 SYSTEMPATH\CodeIgniter.php(943): App\Controllers\producto_controller->update('122')
 6 SYSTEMPATH\CodeIgniter.php(503): CodeIgniter\CodeIgniter->runController(Object(App\Controllers\producto_controller))
 7 SYSTEMPATH\CodeIgniter.php(361): CodeIgniter\CodeIgniter->handleRequest(null, Object(Config\Cache), false)
 8 FCPATH\index.php(79): CodeIgniter\CodeIgniter->run()
WARNING - 2026-01-03 21:56:00 --> [DEPRECATED] Optional parameter $talles declared before required parameter $buscar is implicitly treated as a required parameter in APPPATH\Models\producto_Model.php on line 74.
 1 SYSTEMPATH\Autoloader\Autoloader.php(311): include_once('C:\\xampp\\htdocs\\proyecto_espinola_emilia\\system\\Debug\\Exceptions.php')
 2 SYSTEMPATH\Autoloader\Autoloader.php(290): CodeIgniter\Autoloader\Autoloader->includeFile('C:\\xampp\\htdocs\\proyecto_espinola_emilia\\app\\Models\\producto_Model.php')
 3 SYSTEMPATH\Autoloader\Autoloader.php(266): CodeIgniter\Autoloader\Autoloader->loadInNamespace('App\\Models\\producto_Model')
 4 APPPATH\Controllers\producto_controller.php(186): CodeIgniter\Autoloader\Autoloader->loadClass('App\\Models\\producto_Model')
 5 SYSTEMPATH\CodeIgniter.php(943): App\Controllers\producto_controller->update('122')
 6 SYSTEMPATH\CodeIgniter.php(503): CodeIgniter\CodeIgniter->runController(Object(App\Controllers\producto_controller))
 7 SYSTEMPATH\CodeIgniter.php(361): CodeIgniter\CodeIgniter->handleRequest(null, Object(Config\Cache), false)
 8 FCPATH\index.php(79): CodeIgniter\CodeIgniter->run()
WARNING - 2026-01-03 21:56:00 --> [DEPRECATED] Optional parameter $categoria_id declared before required parameter $buscar is implicitly treated as a required parameter in APPPATH\Models\producto_Model.php on line 74.
 1 SYSTEMPATH\Autoloader\Autoloader.php(311): include_once('C:\\xampp\\htdocs\\proyecto_espinola_emilia\\system\\Debug\\Exceptions.php')
 2 SYSTEMPATH\Autoloader\Autoloader.php(290): CodeIgniter\Autoloader\Autoloader->includeFile('C:\\xampp\\htdocs\\proyecto_espinola_emilia\\app\\Models\\producto_Model.php')
 3 SYSTEMPATH\Autoloader\Autoloader.php(266): CodeIgniter\Autoloader\Autoloader->loadInNamespace('App\\Models\\producto_Model')
 4 APPPATH\Controllers\producto_controller.php(186): CodeIgniter\Autoloader\Autoloader->loadClass('App\\Models\\producto_Model')
 5 SYSTEMPATH\CodeIgniter.php(943): App\Controllers\producto_controller->update('122')
 6 SYSTEMPATH\CodeIgniter.php(503): CodeIgniter\CodeIgniter->runController(Object(App\Controllers\producto_controller))
 7 SYSTEMPATH\CodeIgniter.php(361): CodeIgniter\CodeIgniter->handleRequest(null, Object(Config\Cache), false)
 8 FCPATH\index.php(79): CodeIgniter\CodeIgniter->run()
INFO - 2026-01-03 21:56:06 --> Session: Class initialized using 'CodeIgniter\Session\Handlers\FileHandler' driver.
WARNING - 2026-01-03 21:56:06 --> [DEPRECATED] Optional parameter $colores declared before required parameter $buscar is implicitly treated as a required parameter in APPPATH\Models\producto_Model.php on line 74.
 1 SYSTEMPATH\Autoloader\Autoloader.php(311): include_once('C:\\xampp\\htdocs\\proyecto_espinola_emilia\\system\\Debug\\Exceptions.php')
 2 SYSTEMPATH\Autoloader\Autoloader.php(290): CodeIgniter\Autoloader\Autoloader->includeFile('C:\\xampp\\htdocs\\proyecto_espinola_emilia\\app\\Models\\producto_Model.php')
 3 SYSTEMPATH\Autoloader\Autoloader.php(266): CodeIgniter\Autoloader\Autoloader->loadInNamespace('App\\Models\\producto_Model')
 4 APPPATH\Controllers\producto_controller.php(186): CodeIgniter\Autoloader\Autoloader->loadClass('App\\Models\\producto_Model')
 5 SYSTEMPATH\CodeIgniter.php(943): App\Controllers\producto_controller->update('122')
 6 SYSTEMPATH\CodeIgniter.php(503): CodeIgniter\CodeIgniter->runController(Object(App\Controllers\producto_controller))
 7 SYSTEMPATH\CodeIgniter.php(361): CodeIgniter\CodeIgniter->handleRequest(null, Object(Config\Cache), false)
 8 FCPATH\index.php(79): CodeIgniter\CodeIgniter->run()
WARNING - 2026-01-03 21:56:06 --> [DEPRECATED] Optional parameter $talles declared before required parameter $buscar is implicitly treated as a required parameter in APPPATH\Models\producto_Model.php on line 74.
 1 SYSTEMPATH\Autoloader\Autoloader.php(311): include_once('C:\\xampp\\htdocs\\proyecto_espinola_emilia\\system\\Debug\\Exceptions.php')
 2 SYSTEMPATH\Autoloader\Autoloader.php(290): CodeIgniter\Autoloader\Autoloader->includeFile('C:\\xampp\\htdocs\\proyecto_espinola_emilia\\app\\Models\\producto_Model.php')
 3 SYSTEMPATH\Autoloader\Autoloader.php(266): CodeIgniter\Autoloader\Autoloader->loadInNamespace('App\\Models\\producto_Model')
 4 APPPATH\Controllers\producto_controller.php(186): CodeIgniter\Autoloader\Autoloader->loadClass('App\\Models\\producto_Model')
 5 SYSTEMPATH\CodeIgniter.php(943): App\Controllers\producto_controller->update('122')
 6 SYSTEMPATH\CodeIgniter.php(503): CodeIgniter\CodeIgniter->runController(Object(App\Controllers\producto_controller))
 7 SYSTEMPATH\CodeIgniter.php(361): CodeIgniter\CodeIgniter->handleRequest(null, Object(Config\Cache), false)
 8 FCPATH\index.php(79): CodeIgniter\CodeIgniter->run()
WARNING - 2026-01-03 21:56:06 --> [DEPRECATED] Optional parameter $categoria_id declared before required parameter $buscar is implicitly treated as a required parameter in APPPATH\Models\producto_Model.php on line 74.
 1 SYSTEMPATH\Autoloader\Autoloader.php(311): include_once('C:\\xampp\\htdocs\\proyecto_espinola_emilia\\system\\Debug\\Exceptions.php')
 2 SYSTEMPATH\Autoloader\Autoloader.php(290): CodeIgniter\Autoloader\Autoloader->includeFile('C:\\xampp\\htdocs\\proyecto_espinola_emilia\\app\\Models\\producto_Model.php')
 3 SYSTEMPATH\Autoloader\Autoloader.php(266): CodeIgniter\Autoloader\Autoloader->loadInNamespace('App\\Models\\producto_Model')
 4 APPPATH\Controllers\producto_controller.php(186): CodeIgniter\Autoloader\Autoloader->loadClass('App\\Models\\producto_Model')
 5 SYSTEMPATH\CodeIgniter.php(943): App\Controllers\producto_controller->update('122')
 6 SYSTEMPATH\CodeIgniter.php(503): CodeIgniter\CodeIgniter->runController(Object(App\Controllers\producto_controller))
 7 SYSTEMPATH\CodeIgniter.php(361): CodeIgniter\CodeIgniter->handleRequest(null, Object(Config\Cache), false)
 8 FCPATH\index.php(79): CodeIgniter\CodeIgniter->run()
INFO - 2026-01-03 22:32:08 --> Session: Class initialized using 'CodeIgniter\Session\Handlers\FileHandler' driver.
WARNING - 2026-01-03 22:32:08 --> [DEPRECATED] Optional parameter $colores declared before required parameter $buscar is implicitly treated as a required parameter in APPPATH\Models\producto_Model.php on line 74.
 1 SYSTEMPATH\Autoloader\Autoloader.php(311): include_once('C:\\xampp\\htdocs\\proyecto_espinola_emilia\\system\\Debug\\Exceptions.php')
 2 SYSTEMPATH\Autoloader\Autoloader.php(290): CodeIgniter\Autoloader\Autoloader->includeFile('C:\\xampp\\htdocs\\proyecto_espinola_emilia\\app\\Models\\producto_Model.php')
 3 SYSTEMPATH\Autoloader\Autoloader.php(266): CodeIgniter\Autoloader\Autoloader->loadInNamespace('App\\Models\\producto_Model')
 4 APPPATH\Controllers\producto_controller.php(186): CodeIgniter\Autoloader\Autoloader->loadClass('App\\Models\\producto_Model')
 5 SYSTEMPATH\CodeIgniter.php(943): App\Controllers\producto_controller->update('122')
 6 SYSTEMPATH\CodeIgniter.php(503): CodeIgniter\CodeIgniter->runController(Object(App\Controllers\producto_controller))
 7 SYSTEMPATH\CodeIgniter.php(361): CodeIgniter\CodeIgniter->handleRequest(null, Object(Config\Cache), false)
 8 FCPATH\index.php(79): CodeIgniter\CodeIgniter->run()
WARNING - 2026-01-03 22:32:08 --> [DEPRECATED] Optional parameter $talles declared before required parameter $buscar is implicitly treated as a required parameter in APPPATH\Models\producto_Model.php on line 74.
 1 SYSTEMPATH\Autoloader\Autoloader.php(311): include_once('C:\\xampp\\htdocs\\proyecto_espinola_emilia\\system\\Debug\\Exceptions.php')
 2 SYSTEMPATH\Autoloader\Autoloader.php(290): CodeIgniter\Autoloader\Autoloader->includeFile('C:\\xampp\\htdocs\\proyecto_espinola_emilia\\app\\Models\\producto_Model.php')
 3 SYSTEMPATH\Autoloader\Autoloader.php(266): CodeIgniter\Autoloader\Autoloader->loadInNamespace('App\\Models\\producto_Model')
 4 APPPATH\Controllers\producto_controller.php(186): CodeIgniter\Autoloader\Autoloader->loadClass('App\\Models\\producto_Model')
 5 SYSTEMPATH\CodeIgniter.php(943): App\Controllers\producto_controller->update('122')
 6 SYSTEMPATH\CodeIgniter.php(503): CodeIgniter\CodeIgniter->runController(Object(App\Controllers\producto_controller))
 7 SYSTEMPATH\CodeIgniter.php(361): CodeIgniter\CodeIgniter->handleRequest(null, Object(Config\Cache), false)
 8 FCPATH\index.php(79): CodeIgniter\CodeIgniter->run()
WARNING - 2026-01-03 22:32:08 --> [DEPRECATED] Optional parameter $categoria_id declared before required parameter $buscar is implicitly treated as a required parameter in APPPATH\Models\producto_Model.php on line 74.
 1 SYSTEMPATH\Autoloader\Autoloader.php(311): include_once('C:\\xampp\\htdocs\\proyecto_espinola_emilia\\system\\Debug\\Exceptions.php')
 2 SYSTEMPATH\Autoloader\Autoloader.php(290): CodeIgniter\Autoloader\Autoloader->includeFile('C:\\xampp\\htdocs\\proyecto_espinola_emilia\\app\\Models\\producto_Model.php')
 3 SYSTEMPATH\Autoloader\Autoloader.php(266): CodeIgniter\Autoloader\Autoloader->loadInNamespace('App\\Models\\producto_Model')
 4 APPPATH\Controllers\producto_controller.php(186): CodeIgniter\Autoloader\Autoloader->loadClass('App\\Models\\producto_Model')
 5 SYSTEMPATH\CodeIgniter.php(943): App\Controllers\producto_controller->update('122')
 6 SYSTEMPATH\CodeIgniter.php(503): CodeIgniter\CodeIgniter->runController(Object(App\Controllers\producto_controller))
 7 SYSTEMPATH\CodeIgniter.php(361): CodeIgniter\CodeIgniter->handleRequest(null, Object(Config\Cache), false)
 8 FCPATH\index.php(79): CodeIgniter\CodeIgniter->run()
INFO - 2026-01-03 22:43:34 --> Session: Class initialized using 'CodeIgniter\Session\Handlers\FileHandler' driver.
WARNING - 2026-01-03 22:43:34 --> [DEPRECATED] Optional parameter $colores declared before required parameter $buscar is implicitly treated as a required parameter in APPPATH\Models\producto_Model.php on line 74.
 1 SYSTEMPATH\Autoloader\Autoloader.php(311): include_once('C:\\xampp\\htdocs\\proyecto_espinola_emilia\\system\\Debug\\Exceptions.php')
 2 SYSTEMPATH\Autoloader\Autoloader.php(290): CodeIgniter\Autoloader\Autoloader->includeFile('C:\\xampp\\htdocs\\proyecto_espinola_emilia\\app\\Models\\producto_Model.php')
 3 SYSTEMPATH\Autoloader\Autoloader.php(266): CodeIgniter\Autoloader\Autoloader->loadInNamespace('App\\Models\\producto_Model')
 4 APPPATH\Controllers\producto_controller.php(186): CodeIgniter\Autoloader\Autoloader->loadClass('App\\Models\\producto_Model')
 5 SYSTEMPATH\CodeIgniter.php(943): App\Controllers\producto_controller->update('122')
 6 SYSTEMPATH\CodeIgniter.php(503): CodeIgniter\CodeIgniter->runController(Object(App\Controllers\producto_controller))
 7 SYSTEMPATH\CodeIgniter.php(361): CodeIgniter\CodeIgniter->handleRequest(null, Object(Config\Cache), false)
 8 FCPATH\index.php(79): CodeIgniter\CodeIgniter->run()
WARNING - 2026-01-03 22:43:34 --> [DEPRECATED] Optional parameter $talles declared before required parameter $buscar is implicitly treated as a required parameter in APPPATH\Models\producto_Model.php on line 74.
 1 SYSTEMPATH\Autoloader\Autoloader.php(311): include_once('C:\\xampp\\htdocs\\proyecto_espinola_emilia\\system\\Debug\\Exceptions.php')
 2 SYSTEMPATH\Autoloader\Autoloader.php(290): CodeIgniter\Autoloader\Autoloader->includeFile('C:\\xampp\\htdocs\\proyecto_espinola_emilia\\app\\Models\\producto_Model.php')
 3 SYSTEMPATH\Autoloader\Autoloader.php(266): CodeIgniter\Autoloader\Autoloader->loadInNamespace('App\\Models\\producto_Model')
 4 APPPATH\Controllers\producto_controller.php(186): CodeIgniter\Autoloader\Autoloader->loadClass('App\\Models\\producto_Model')
 5 SYSTEMPATH\CodeIgniter.php(943): App\Controllers\producto_controller->update('122')
 6 SYSTEMPATH\CodeIgniter.php(503): CodeIgniter\CodeIgniter->runController(Object(App\Controllers\producto_controller))
 7 SYSTEMPATH\CodeIgniter.php(361): CodeIgniter\CodeIgniter->handleRequest(null, Object(Config\Cache), false)
 8 FCPATH\index.php(79): CodeIgniter\CodeIgniter->run()
WARNING - 2026-01-03 22:43:34 --> [DEPRECATED] Optional parameter $categoria_id declared before required parameter $buscar is implicitly treated as a required parameter in APPPATH\Models\producto_Model.php on line 74.
 1 SYSTEMPATH\Autoloader\Autoloader.php(311): include_once('C:\\xampp\\htdocs\\proyecto_espinola_emilia\\system\\Debug\\Exceptions.php')
 2 SYSTEMPATH\Autoloader\Autoloader.php(290): CodeIgniter\Autoloader\Autoloader->includeFile('C:\\xampp\\htdocs\\proyecto_espinola_emilia\\app\\Models\\producto_Model.php')
 3 SYSTEMPATH\Autoloader\Autoloader.php(266): CodeIgniter\Autoloader\Autoloader->loadInNamespace('App\\Models\\producto_Model')
 4 APPPATH\Controllers\producto_controller.php(186): CodeIgniter\Autoloader\Autoloader->loadClass('App\\Models\\producto_Model')
 5 SYSTEMPATH\CodeIgniter.php(943): App\Controllers\producto_controller->update('122')
 6 SYSTEMPATH\CodeIgniter.php(503): CodeIgniter\CodeIgniter->runController(Object(App\Controllers\producto_controller))
 7 SYSTEMPATH\CodeIgniter.php(361): CodeIgniter\CodeIgniter->handleRequest(null, Object(Config\Cache), false)
 8 FCPATH\index.php(79): CodeIgniter\CodeIgniter->run()
INFO - 2026-01-03 22:49:59 --> Session: Class initialized using 'CodeIgniter\Session\Handlers\FileHandler' driver.
WARNING - 2026-01-03 22:50:00 --> [DEPRECATED] Optional parameter $colores declared before required parameter $buscar is implicitly treated as a required parameter in APPPATH\Models\producto_Model.php on line 74.
 1 SYSTEMPATH\Autoloader\Autoloader.php(311): include_once('C:\\xampp\\htdocs\\proyecto_espinola_emilia\\system\\Debug\\Exceptions.php')
 2 SYSTEMPATH\Autoloader\Autoloader.php(290): CodeIgniter\Autoloader\Autoloader->includeFile('C:\\xampp\\htdocs\\proyecto_espinola_emilia\\app\\Models\\producto_Model.php')
 3 SYSTEMPATH\Autoloader\Autoloader.php(266): CodeIgniter\Autoloader\Autoloader->loadInNamespace('App\\Models\\producto_Model')
 4 APPPATH\Controllers\producto_controller.php(437): CodeIgniter\Autoloader\Autoloader->loadClass('App\\Models\\producto_Model')
 5 APPPATH\Controllers\producto_controller.php(184): App\Controllers\producto_controller->reglasUpdate('122')
 6 SYSTEMPATH\CodeIgniter.php(943): App\Controllers\producto_controller->update('122')
 7 SYSTEMPATH\CodeIgniter.php(503): CodeIgniter\CodeIgniter->runController(Object(App\Controllers\producto_controller))
 8 SYSTEMPATH\CodeIgniter.php(361): CodeIgniter\CodeIgniter->handleRequest(null, Object(Config\Cache), false)
 9 FCPATH\index.php(79): CodeIgniter\CodeIgniter->run()
WARNING - 2026-01-03 22:50:00 --> [DEPRECATED] Optional parameter $talles declared before required parameter $buscar is implicitly treated as a required parameter in APPPATH\Models\producto_Model.php on line 74.
 1 SYSTEMPATH\Autoloader\Autoloader.php(311): include_once('C:\\xampp\\htdocs\\proyecto_espinola_emilia\\system\\Debug\\Exceptions.php')
 2 SYSTEMPATH\Autoloader\Autoloader.php(290): CodeIgniter\Autoloader\Autoloader->includeFile('C:\\xampp\\htdocs\\proyecto_espinola_emilia\\app\\Models\\producto_Model.php')
 3 SYSTEMPATH\Autoloader\Autoloader.php(266): CodeIgniter\Autoloader\Autoloader->loadInNamespace('App\\Models\\producto_Model')
 4 APPPATH\Controllers\producto_controller.php(437): CodeIgniter\Autoloader\Autoloader->loadClass('App\\Models\\producto_Model')
 5 APPPATH\Controllers\producto_controller.php(184): App\Controllers\producto_controller->reglasUpdate('122')
 6 SYSTEMPATH\CodeIgniter.php(943): App\Controllers\producto_controller->update('122')
 7 SYSTEMPATH\CodeIgniter.php(503): CodeIgniter\CodeIgniter->runController(Object(App\Controllers\producto_controller))
 8 SYSTEMPATH\CodeIgniter.php(361): CodeIgniter\CodeIgniter->handleRequest(null, Object(Config\Cache), false)
 9 FCPATH\index.php(79): CodeIgniter\CodeIgniter->run()
WARNING - 2026-01-03 22:50:00 --> [DEPRECATED] Optional parameter $categoria_id declared before required parameter $buscar is implicitly treated as a required parameter in APPPATH\Models\producto_Model.php on line 74.
 1 SYSTEMPATH\Autoloader\Autoloader.php(311): include_once('C:\\xampp\\htdocs\\proyecto_espinola_emilia\\system\\Debug\\Exceptions.php')
 2 SYSTEMPATH\Autoloader\Autoloader.php(290): CodeIgniter\Autoloader\Autoloader->includeFile('C:\\xampp\\htdocs\\proyecto_espinola_emilia\\app\\Models\\producto_Model.php')
 3 SYSTEMPATH\Autoloader\Autoloader.php(266): CodeIgniter\Autoloader\Autoloader->loadInNamespace('App\\Models\\producto_Model')
 4 APPPATH\Controllers\producto_controller.php(437): CodeIgniter\Autoloader\Autoloader->loadClass('App\\Models\\producto_Model')
 5 APPPATH\Controllers\producto_controller.php(184): App\Controllers\producto_controller->reglasUpdate('122')
 6 SYSTEMPATH\CodeIgniter.php(943): App\Controllers\producto_controller->update('122')
 7 SYSTEMPATH\CodeIgniter.php(503): CodeIgniter\CodeIgniter->runController(Object(App\Controllers\producto_controller))
 8 SYSTEMPATH\CodeIgniter.php(361): CodeIgniter\CodeIgniter->handleRequest(null, Object(Config\Cache), false)
 9 FCPATH\index.php(79): CodeIgniter\CodeIgniter->run()
CRITICAL - 2026-01-03 22:50:00 --> ErrorException: Undefined variable $producto
in APPPATH\Controllers\producto_controller.php on line 218.
 1 APPPATH\Controllers\producto_controller.php(218): CodeIgniter\Debug\Exceptions->errorHandler(2, 'Undefined variable $producto', 'C:\\xampp\\htdocs\\proyecto_espinola_emilia\\app\\Controllers\\producto_controller.php', 218)
 2 SYSTEMPATH\CodeIgniter.php(943): App\Controllers\producto_controller->update('122')
 3 SYSTEMPATH\CodeIgniter.php(503): CodeIgniter\CodeIgniter->runController(Object(App\Controllers\producto_controller))
 4 SYSTEMPATH\CodeIgniter.php(361): CodeIgniter\CodeIgniter->handleRequest(null, Object(Config\Cache), false)
 5 FCPATH\index.php(79): CodeIgniter\CodeIgniter->run()
INFO - 2026-01-03 22:52:19 --> Session: Class initialized using 'CodeIgniter\Session\Handlers\FileHandler' driver.
WARNING - 2026-01-03 22:52:19 --> [DEPRECATED] Optional parameter $colores declared before required parameter $buscar is implicitly treated as a required parameter in APPPATH\Models\producto_Model.php on line 74.
 1 SYSTEMPATH\Autoloader\Autoloader.php(311): include_once('C:\\xampp\\htdocs\\proyecto_espinola_emilia\\system\\Debug\\Exceptions.php')
 2 SYSTEMPATH\Autoloader\Autoloader.php(290): CodeIgniter\Autoloader\Autoloader->includeFile('C:\\xampp\\htdocs\\proyecto_espinola_emilia\\app\\Models\\producto_Model.php')
 3 SYSTEMPATH\Autoloader\Autoloader.php(266): CodeIgniter\Autoloader\Autoloader->loadInNamespace('App\\Models\\producto_Model')
 4 APPPATH\Controllers\producto_controller.php(439): CodeIgniter\Autoloader\Autoloader->loadClass('App\\Models\\producto_Model')
 5 APPPATH\Controllers\producto_controller.php(184): App\Controllers\producto_controller->reglasUpdate('122')
 6 SYSTEMPATH\CodeIgniter.php(943): App\Controllers\producto_controller->update('122')
 7 SYSTEMPATH\CodeIgniter.php(503): CodeIgniter\CodeIgniter->runController(Object(App\Controllers\producto_controller))
 8 SYSTEMPATH\CodeIgniter.php(361): CodeIgniter\CodeIgniter->handleRequest(null, Object(Config\Cache), false)
 9 FCPATH\index.php(79): CodeIgniter\CodeIgniter->run()
WARNING - 2026-01-03 22:52:19 --> [DEPRECATED] Optional parameter $talles declared before required parameter $buscar is implicitly treated as a required parameter in APPPATH\Models\producto_Model.php on line 74.
 1 SYSTEMPATH\Autoloader\Autoloader.php(311): include_once('C:\\xampp\\htdocs\\proyecto_espinola_emilia\\system\\Debug\\Exceptions.php')
 2 SYSTEMPATH\Autoloader\Autoloader.php(290): CodeIgniter\Autoloader\Autoloader->includeFile('C:\\xampp\\htdocs\\proyecto_espinola_emilia\\app\\Models\\producto_Model.php')
 3 SYSTEMPATH\Autoloader\Autoloader.php(266): CodeIgniter\Autoloader\Autoloader->loadInNamespace('App\\Models\\producto_Model')
 4 APPPATH\Controllers\producto_controller.php(439): CodeIgniter\Autoloader\Autoloader->loadClass('App\\Models\\producto_Model')
 5 APPPATH\Controllers\producto_controller.php(184): App\Controllers\producto_controller->reglasUpdate('122')
 6 SYSTEMPATH\CodeIgniter.php(943): App\Controllers\producto_controller->update('122')
 7 SYSTEMPATH\CodeIgniter.php(503): CodeIgniter\CodeIgniter->runController(Object(App\Controllers\producto_controller))
 8 SYSTEMPATH\CodeIgniter.php(361): CodeIgniter\CodeIgniter->handleRequest(null, Object(Config\Cache), false)
 9 FCPATH\index.php(79): CodeIgniter\CodeIgniter->run()
WARNING - 2026-01-03 22:52:19 --> [DEPRECATED] Optional parameter $categoria_id declared before required parameter $buscar is implicitly treated as a required parameter in APPPATH\Models\producto_Model.php on line 74.
 1 SYSTEMPATH\Autoloader\Autoloader.php(311): include_once('C:\\xampp\\htdocs\\proyecto_espinola_emilia\\system\\Debug\\Exceptions.php')
 2 SYSTEMPATH\Autoloader\Autoloader.php(290): CodeIgniter\Autoloader\Autoloader->includeFile('C:\\xampp\\htdocs\\proyecto_espinola_emilia\\app\\Models\\producto_Model.php')
 3 SYSTEMPATH\Autoloader\Autoloader.php(266): CodeIgniter\Autoloader\Autoloader->loadInNamespace('App\\Models\\producto_Model')
 4 APPPATH\Controllers\producto_controller.php(439): CodeIgniter\Autoloader\Autoloader->loadClass('App\\Models\\producto_Model')
 5 APPPATH\Controllers\producto_controller.php(184): App\Controllers\producto_controller->reglasUpdate('122')
 6 SYSTEMPATH\CodeIgniter.php(943): App\Controllers\producto_controller->update('122')
 7 SYSTEMPATH\CodeIgniter.php(503): CodeIgniter\CodeIgniter->runController(Object(App\Controllers\producto_controller))
 8 SYSTEMPATH\CodeIgniter.php(361): CodeIgniter\CodeIgniter->handleRequest(null, Object(Config\Cache), false)
 9 FCPATH\index.php(79): CodeIgniter\CodeIgniter->run()
CRITICAL - 2026-01-03 22:52:19 --> ErrorException: Undefined variable $producto
in APPPATH\Controllers\producto_controller.php on line 220.
 1 APPPATH\Controllers\producto_controller.php(220): CodeIgniter\Debug\Exceptions->errorHandler(2, 'Undefined variable $producto', 'C:\\xampp\\htdocs\\proyecto_espinola_emilia\\app\\Controllers\\producto_controller.php', 220)
 2 SYSTEMPATH\CodeIgniter.php(943): App\Controllers\producto_controller->update('122')
 3 SYSTEMPATH\CodeIgniter.php(503): CodeIgniter\CodeIgniter->runController(Object(App\Controllers\producto_controller))
 4 SYSTEMPATH\CodeIgniter.php(361): CodeIgniter\CodeIgniter->handleRequest(null, Object(Config\Cache), false)
 5 FCPATH\index.php(79): CodeIgniter\CodeIgniter->run()
INFO - 2026-01-03 22:53:52 --> Session: Class initialized using 'CodeIgniter\Session\Handlers\FileHandler' driver.
WARNING - 2026-01-03 22:53:52 --> [DEPRECATED] Optional parameter $colores declared before required parameter $buscar is implicitly treated as a required parameter in APPPATH\Models\producto_Model.php on line 74.
 1 SYSTEMPATH\Autoloader\Autoloader.php(311): include_once('C:\\xampp\\htdocs\\proyecto_espinola_emilia\\system\\Debug\\Exceptions.php')
 2 SYSTEMPATH\Autoloader\Autoloader.php(290): CodeIgniter\Autoloader\Autoloader->includeFile('C:\\xampp\\htdocs\\proyecto_espinola_emilia\\app\\Models\\producto_Model.php')
 3 SYSTEMPATH\Autoloader\Autoloader.php(266): CodeIgniter\Autoloader\Autoloader->loadInNamespace('App\\Models\\producto_Model')
 4 APPPATH\Controllers\producto_controller.php(439): CodeIgniter\Autoloader\Autoloader->loadClass('App\\Models\\producto_Model')
 5 APPPATH\Controllers\producto_controller.php(184): App\Controllers\producto_controller->reglasUpdate('122')
 6 SYSTEMPATH\CodeIgniter.php(943): App\Controllers\producto_controller->update('122')
 7 SYSTEMPATH\CodeIgniter.php(503): CodeIgniter\CodeIgniter->runController(Object(App\Controllers\producto_controller))
 8 SYSTEMPATH\CodeIgniter.php(361): CodeIgniter\CodeIgniter->handleRequest(null, Object(Config\Cache), false)
 9 FCPATH\index.php(79): CodeIgniter\CodeIgniter->run()
WARNING - 2026-01-03 22:53:52 --> [DEPRECATED] Optional parameter $talles declared before required parameter $buscar is implicitly treated as a required parameter in APPPATH\Models\producto_Model.php on line 74.
 1 SYSTEMPATH\Autoloader\Autoloader.php(311): include_once('C:\\xampp\\htdocs\\proyecto_espinola_emilia\\system\\Debug\\Exceptions.php')
 2 SYSTEMPATH\Autoloader\Autoloader.php(290): CodeIgniter\Autoloader\Autoloader->includeFile('C:\\xampp\\htdocs\\proyecto_espinola_emilia\\app\\Models\\producto_Model.php')
 3 SYSTEMPATH\Autoloader\Autoloader.php(266): CodeIgniter\Autoloader\Autoloader->loadInNamespace('App\\Models\\producto_Model')
 4 APPPATH\Controllers\producto_controller.php(439): CodeIgniter\Autoloader\Autoloader->loadClass('App\\Models\\producto_Model')
 5 APPPATH\Controllers\producto_controller.php(184): App\Controllers\producto_controller->reglasUpdate('122')
 6 SYSTEMPATH\CodeIgniter.php(943): App\Controllers\producto_controller->update('122')
 7 SYSTEMPATH\CodeIgniter.php(503): CodeIgniter\CodeIgniter->runController(Object(App\Controllers\producto_controller))
 8 SYSTEMPATH\CodeIgniter.php(361): CodeIgniter\CodeIgniter->handleRequest(null, Object(Config\Cache), false)
 9 FCPATH\index.php(79): CodeIgniter\CodeIgniter->run()
WARNING - 2026-01-03 22:53:52 --> [DEPRECATED] Optional parameter $categoria_id declared before required parameter $buscar is implicitly treated as a required parameter in APPPATH\Models\producto_Model.php on line 74.
 1 SYSTEMPATH\Autoloader\Autoloader.php(311): include_once('C:\\xampp\\htdocs\\proyecto_espinola_emilia\\system\\Debug\\Exceptions.php')
 2 SYSTEMPATH\Autoloader\Autoloader.php(290): CodeIgniter\Autoloader\Autoloader->includeFile('C:\\xampp\\htdocs\\proyecto_espinola_emilia\\app\\Models\\producto_Model.php')
 3 SYSTEMPATH\Autoloader\Autoloader.php(266): CodeIgniter\Autoloader\Autoloader->loadInNamespace('App\\Models\\producto_Model')
 4 APPPATH\Controllers\producto_controller.php(439): CodeIgniter\Autoloader\Autoloader->loadClass('App\\Models\\producto_Model')
 5 APPPATH\Controllers\producto_controller.php(184): App\Controllers\producto_controller->reglasUpdate('122')
 6 SYSTEMPATH\CodeIgniter.php(943): App\Controllers\producto_controller->update('122')
 7 SYSTEMPATH\CodeIgniter.php(503): CodeIgniter\CodeIgniter->runController(Object(App\Controllers\producto_controller))
 8 SYSTEMPATH\CodeIgniter.php(361): CodeIgniter\CodeIgniter->handleRequest(null, Object(Config\Cache), false)
 9 FCPATH\index.php(79): CodeIgniter\CodeIgniter->run()
INFO - 2026-01-03 22:53:52 --> Session: Class initialized using 'CodeIgniter\Session\Handlers\FileHandler' driver.
WARNING - 2026-01-03 22:53:52 --> [DEPRECATED] Optional parameter $colores declared before required parameter $buscar is implicitly treated as a required parameter in APPPATH\Models\producto_Model.php on line 74.
 1 SYSTEMPATH\Autoloader\Autoloader.php(311): include_once('C:\\xampp\\htdocs\\proyecto_espinola_emilia\\system\\Debug\\Exceptions.php')
 2 SYSTEMPATH\Autoloader\Autoloader.php(290): CodeIgniter\Autoloader\Autoloader->includeFile('C:\\xampp\\htdocs\\proyecto_espinola_emilia\\app\\Models\\producto_Model.php')
 3 SYSTEMPATH\Autoloader\Autoloader.php(266): CodeIgniter\Autoloader\Autoloader->loadInNamespace('App\\Models\\producto_Model')
 4 APPPATH\Controllers\producto_controller.php(14): CodeIgniter\Autoloader\Autoloader->loadClass('App\\Models\\producto_Model')
 5 SYSTEMPATH\CodeIgniter.php(943): App\Controllers\producto_controller->index()
 6 SYSTEMPATH\CodeIgniter.php(503): CodeIgniter\CodeIgniter->runController(Object(App\Controllers\producto_controller))
 7 SYSTEMPATH\CodeIgniter.php(361): CodeIgniter\CodeIgniter->handleRequest(null, Object(Config\Cache), false)
 8 FCPATH\index.php(79): CodeIgniter\CodeIgniter->run()
WARNING - 2026-01-03 22:53:52 --> [DEPRECATED] Optional parameter $talles declared before required parameter $buscar is implicitly treated as a required parameter in APPPATH\Models\producto_Model.php on line 74.
 1 SYSTEMPATH\Autoloader\Autoloader.php(311): include_once('C:\\xampp\\htdocs\\proyecto_espinola_emilia\\system\\Debug\\Exceptions.php')
 2 SYSTEMPATH\Autoloader\Autoloader.php(290): CodeIgniter\Autoloader\Autoloader->includeFile('C:\\xampp\\htdocs\\proyecto_espinola_emilia\\app\\Models\\producto_Model.php')
 3 SYSTEMPATH\Autoloader\Autoloader.php(266): CodeIgniter\Autoloader\Autoloader->loadInNamespace('App\\Models\\producto_Model')
 4 APPPATH\Controllers\producto_controller.php(14): CodeIgniter\Autoloader\Autoloader->loadClass('App\\Models\\producto_Model')
 5 SYSTEMPATH\CodeIgniter.php(943): App\Controllers\producto_controller->index()
 6 SYSTEMPATH\CodeIgniter.php(503): CodeIgniter\CodeIgniter->runController(Object(App\Controllers\producto_controller))
 7 SYSTEMPATH\CodeIgniter.php(361): CodeIgniter\CodeIgniter->handleRequest(null, Object(Config\Cache), false)
 8 FCPATH\index.php(79): CodeIgniter\CodeIgniter->run()
WARNING - 2026-01-03 22:53:52 --> [DEPRECATED] Optional parameter $categoria_id declared before required parameter $buscar is implicitly treated as a required parameter in APPPATH\Models\producto_Model.php on line 74.
 1 SYSTEMPATH\Autoloader\Autoloader.php(311): include_once('C:\\xampp\\htdocs\\proyecto_espinola_emilia\\system\\Debug\\Exceptions.php')
 2 SYSTEMPATH\Autoloader\Autoloader.php(290): CodeIgniter\Autoloader\Autoloader->includeFile('C:\\xampp\\htdocs\\proyecto_espinola_emilia\\app\\Models\\producto_Model.php')
 3 SYSTEMPATH\Autoloader\Autoloader.php(266): CodeIgniter\Autoloader\Autoloader->loadInNamespace('App\\Models\\producto_Model')
 4 APPPATH\Controllers\producto_controller.php(14): CodeIgniter\Autoloader\Autoloader->loadClass('App\\Models\\producto_Model')
 5 SYSTEMPATH\CodeIgniter.php(943): App\Controllers\producto_controller->index()
 6 SYSTEMPATH\CodeIgniter.php(503): CodeIgniter\CodeIgniter->runController(Object(App\Controllers\producto_controller))
 7 SYSTEMPATH\CodeIgniter.php(361): CodeIgniter\CodeIgniter->handleRequest(null, Object(Config\Cache), false)
 8 FCPATH\index.php(79): CodeIgniter\CodeIgniter->run()
INFO - 2026-01-03 22:53:58 --> Session: Class initialized using 'CodeIgniter\Session\Handlers\FileHandler' driver.
WARNING - 2026-01-03 22:53:58 --> [DEPRECATED] Optional parameter $colores declared before required parameter $buscar is implicitly treated as a required parameter in APPPATH\Models\producto_Model.php on line 74.
 1 SYSTEMPATH\Autoloader\Autoloader.php(311): include_once('C:\\xampp\\htdocs\\proyecto_espinola_emilia\\system\\Debug\\Exceptions.php')
 2 SYSTEMPATH\Autoloader\Autoloader.php(290): CodeIgniter\Autoloader\Autoloader->includeFile('C:\\xampp\\htdocs\\proyecto_espinola_emilia\\app\\Models\\producto_Model.php')
 3 SYSTEMPATH\Autoloader\Autoloader.php(266): CodeIgniter\Autoloader\Autoloader->loadInNamespace('App\\Models\\producto_Model')
 4 APPPATH\Controllers\producto_controller.php(130): CodeIgniter\Autoloader\Autoloader->loadClass('App\\Models\\producto_Model')
 5 SYSTEMPATH\CodeIgniter.php(943): App\Controllers\producto_controller->edit('122')
 6 SYSTEMPATH\CodeIgniter.php(503): CodeIgniter\CodeIgniter->runController(Object(App\Controllers\producto_controller))
 7 SYSTEMPATH\CodeIgniter.php(361): CodeIgniter\CodeIgniter->handleRequest(null, Object(Config\Cache), false)
 8 FCPATH\index.php(79): CodeIgniter\CodeIgniter->run()
WARNING - 2026-01-03 22:53:58 --> [DEPRECATED] Optional parameter $talles declared before required parameter $buscar is implicitly treated as a required parameter in APPPATH\Models\producto_Model.php on line 74.
 1 SYSTEMPATH\Autoloader\Autoloader.php(311): include_once('C:\\xampp\\htdocs\\proyecto_espinola_emilia\\system\\Debug\\Exceptions.php')
 2 SYSTEMPATH\Autoloader\Autoloader.php(290): CodeIgniter\Autoloader\Autoloader->includeFile('C:\\xampp\\htdocs\\proyecto_espinola_emilia\\app\\Models\\producto_Model.php')
 3 SYSTEMPATH\Autoloader\Autoloader.php(266): CodeIgniter\Autoloader\Autoloader->loadInNamespace('App\\Models\\producto_Model')
 4 APPPATH\Controllers\producto_controller.php(130): CodeIgniter\Autoloader\Autoloader->loadClass('App\\Models\\producto_Model')
 5 SYSTEMPATH\CodeIgniter.php(943): App\Controllers\producto_controller->edit('122')
 6 SYSTEMPATH\CodeIgniter.php(503): CodeIgniter\CodeIgniter->runController(Object(App\Controllers\producto_controller))
 7 SYSTEMPATH\CodeIgniter.php(361): CodeIgniter\CodeIgniter->handleRequest(null, Object(Config\Cache), false)
 8 FCPATH\index.php(79): CodeIgniter\CodeIgniter->run()
WARNING - 2026-01-03 22:53:58 --> [DEPRECATED] Optional parameter $categoria_id declared before required parameter $buscar is implicitly treated as a required parameter in APPPATH\Models\producto_Model.php on line 74.
 1 SYSTEMPATH\Autoloader\Autoloader.php(311): include_once('C:\\xampp\\htdocs\\proyecto_espinola_emilia\\system\\Debug\\Exceptions.php')
 2 SYSTEMPATH\Autoloader\Autoloader.php(290): CodeIgniter\Autoloader\Autoloader->includeFile('C:\\xampp\\htdocs\\proyecto_espinola_emilia\\app\\Models\\producto_Model.php')
 3 SYSTEMPATH\Autoloader\Autoloader.php(266): CodeIgniter\Autoloader\Autoloader->loadInNamespace('App\\Models\\producto_Model')
 4 APPPATH\Controllers\producto_controller.php(130): CodeIgniter\Autoloader\Autoloader->loadClass('App\\Models\\producto_Model')
 5 SYSTEMPATH\CodeIgniter.php(943): App\Controllers\producto_controller->edit('122')
 6 SYSTEMPATH\CodeIgniter.php(503): CodeIgniter\CodeIgniter->runController(Object(App\Controllers\producto_controller))
 7 SYSTEMPATH\CodeIgniter.php(361): CodeIgniter\CodeIgniter->handleRequest(null, Object(Config\Cache), false)
 8 FCPATH\index.php(79): CodeIgniter\CodeIgniter->run()
INFO - 2026-01-03 22:54:06 --> Session: Class initialized using 'CodeIgniter\Session\Handlers\FileHandler' driver.
WARNING - 2026-01-03 22:54:06 --> [DEPRECATED] Optional parameter $colores declared before required parameter $buscar is implicitly treated as a required parameter in APPPATH\Models\producto_Model.php on line 74.
 1 SYSTEMPATH\Autoloader\Autoloader.php(311): include_once('C:\\xampp\\htdocs\\proyecto_espinola_emilia\\system\\Debug\\Exceptions.php')
 2 SYSTEMPATH\Autoloader\Autoloader.php(290): CodeIgniter\Autoloader\Autoloader->includeFile('C:\\xampp\\htdocs\\proyecto_espinola_emilia\\app\\Models\\producto_Model.php')
 3 SYSTEMPATH\Autoloader\Autoloader.php(266): CodeIgniter\Autoloader\Autoloader->loadInNamespace('App\\Models\\producto_Model')
 4 APPPATH\Controllers\producto_controller.php(439): CodeIgniter\Autoloader\Autoloader->loadClass('App\\Models\\producto_Model')
 5 APPPATH\Controllers\producto_controller.php(184): App\Controllers\producto_controller->reglasUpdate('122')
 6 SYSTEMPATH\CodeIgniter.php(943): App\Controllers\producto_controller->update('122')
 7 SYSTEMPATH\CodeIgniter.php(503): CodeIgniter\CodeIgniter->runController(Object(App\Controllers\producto_controller))
 8 SYSTEMPATH\CodeIgniter.php(361): CodeIgniter\CodeIgniter->handleRequest(null, Object(Config\Cache), false)
 9 FCPATH\index.php(79): CodeIgniter\CodeIgniter->run()
WARNING - 2026-01-03 22:54:06 --> [DEPRECATED] Optional parameter $talles declared before required parameter $buscar is implicitly treated as a required parameter in APPPATH\Models\producto_Model.php on line 74.
 1 SYSTEMPATH\Autoloader\Autoloader.php(311): include_once('C:\\xampp\\htdocs\\proyecto_espinola_emilia\\system\\Debug\\Exceptions.php')
 2 SYSTEMPATH\Autoloader\Autoloader.php(290): CodeIgniter\Autoloader\Autoloader->includeFile('C:\\xampp\\htdocs\\proyecto_espinola_emilia\\app\\Models\\producto_Model.php')
 3 SYSTEMPATH\Autoloader\Autoloader.php(266): CodeIgniter\Autoloader\Autoloader->loadInNamespace('App\\Models\\producto_Model')
 4 APPPATH\Controllers\producto_controller.php(439): CodeIgniter\Autoloader\Autoloader->loadClass('App\\Models\\producto_Model')
 5 APPPATH\Controllers\producto_controller.php(184): App\Controllers\producto_controller->reglasUpdate('122')
 6 SYSTEMPATH\CodeIgniter.php(943): App\Controllers\producto_controller->update('122')
 7 SYSTEMPATH\CodeIgniter.php(503): CodeIgniter\CodeIgniter->runController(Object(App\Controllers\producto_controller))
 8 SYSTEMPATH\CodeIgniter.php(361): CodeIgniter\CodeIgniter->handleRequest(null, Object(Config\Cache), false)
 9 FCPATH\index.php(79): CodeIgniter\CodeIgniter->run()
WARNING - 2026-01-03 22:54:06 --> [DEPRECATED] Optional parameter $categoria_id declared before required parameter $buscar is implicitly treated as a required parameter in APPPATH\Models\producto_Model.php on line 74.
 1 SYSTEMPATH\Autoloader\Autoloader.php(311): include_once('C:\\xampp\\htdocs\\proyecto_espinola_emilia\\system\\Debug\\Exceptions.php')
 2 SYSTEMPATH\Autoloader\Autoloader.php(290): CodeIgniter\Autoloader\Autoloader->includeFile('C:\\xampp\\htdocs\\proyecto_espinola_emilia\\app\\Models\\producto_Model.php')
 3 SYSTEMPATH\Autoloader\Autoloader.php(266): CodeIgniter\Autoloader\Autoloader->loadInNamespace('App\\Models\\producto_Model')
 4 APPPATH\Controllers\producto_controller.php(439): CodeIgniter\Autoloader\Autoloader->loadClass('App\\Models\\producto_Model')
 5 APPPATH\Controllers\producto_controller.php(184): App\Controllers\producto_controller->reglasUpdate('122')
 6 SYSTEMPATH\CodeIgniter.php(943): App\Controllers\producto_controller->update('122')
 7 SYSTEMPATH\CodeIgniter.php(503): CodeIgniter\CodeIgniter->runController(Object(App\Controllers\producto_controller))
 8 SYSTEMPATH\CodeIgniter.php(361): CodeIgniter\CodeIgniter->handleRequest(null, Object(Config\Cache), false)
 9 FCPATH\index.php(79): CodeIgniter\CodeIgniter->run()
INFO - 2026-01-03 22:54:06 --> Session: Class initialized using 'CodeIgniter\Session\Handlers\FileHandler' driver.
WARNING - 2026-01-03 22:54:06 --> [DEPRECATED] Optional parameter $colores declared before required parameter $buscar is implicitly treated as a required parameter in APPPATH\Models\producto_Model.php on line 74.
 1 SYSTEMPATH\Autoloader\Autoloader.php(311): include_once('C:\\xampp\\htdocs\\proyecto_espinola_emilia\\system\\Debug\\Exceptions.php')
 2 SYSTEMPATH\Autoloader\Autoloader.php(290): CodeIgniter\Autoloader\Autoloader->includeFile('C:\\xampp\\htdocs\\proyecto_espinola_emilia\\app\\Models\\producto_Model.php')
 3 SYSTEMPATH\Autoloader\Autoloader.php(266): CodeIgniter\Autoloader\Autoloader->loadInNamespace('App\\Models\\producto_Model')
 4 APPPATH\Controllers\producto_controller.php(14): CodeIgniter\Autoloader\Autoloader->loadClass('App\\Models\\producto_Model')
 5 SYSTEMPATH\CodeIgniter.php(943): App\Controllers\producto_controller->index()
 6 SYSTEMPATH\CodeIgniter.php(503): CodeIgniter\CodeIgniter->runController(Object(App\Controllers\producto_controller))
 7 SYSTEMPATH\CodeIgniter.php(361): CodeIgniter\CodeIgniter->handleRequest(null, Object(Config\Cache), false)
 8 FCPATH\index.php(79): CodeIgniter\CodeIgniter->run()
WARNING - 2026-01-03 22:54:06 --> [DEPRECATED] Optional parameter $talles declared before required parameter $buscar is implicitly treated as a required parameter in APPPATH\Models\producto_Model.php on line 74.
 1 SYSTEMPATH\Autoloader\Autoloader.php(311): include_once('C:\\xampp\\htdocs\\proyecto_espinola_emilia\\system\\Debug\\Exceptions.php')
 2 SYSTEMPATH\Autoloader\Autoloader.php(290): CodeIgniter\Autoloader\Autoloader->includeFile('C:\\xampp\\htdocs\\proyecto_espinola_emilia\\app\\Models\\producto_Model.php')
 3 SYSTEMPATH\Autoloader\Autoloader.php(266): CodeIgniter\Autoloader\Autoloader->loadInNamespace('App\\Models\\producto_Model')
 4 APPPATH\Controllers\producto_controller.php(14): CodeIgniter\Autoloader\Autoloader->loadClass('App\\Models\\producto_Model')
 5 SYSTEMPATH\CodeIgniter.php(943): App\Controllers\producto_controller->index()
 6 SYSTEMPATH\CodeIgniter.php(503): CodeIgniter\CodeIgniter->runController(Object(App\Controllers\producto_controller))
 7 SYSTEMPATH\CodeIgniter.php(361): CodeIgniter\CodeIgniter->handleRequest(null, Object(Config\Cache), false)
 8 FCPATH\index.php(79): CodeIgniter\CodeIgniter->run()
WARNING - 2026-01-03 22:54:06 --> [DEPRECATED] Optional parameter $categoria_id declared before required parameter $buscar is implicitly treated as a required parameter in APPPATH\Models\producto_Model.php on line 74.
 1 SYSTEMPATH\Autoloader\Autoloader.php(311): include_once('C:\\xampp\\htdocs\\proyecto_espinola_emilia\\system\\Debug\\Exceptions.php')
 2 SYSTEMPATH\Autoloader\Autoloader.php(290): CodeIgniter\Autoloader\Autoloader->includeFile('C:\\xampp\\htdocs\\proyecto_espinola_emilia\\app\\Models\\producto_Model.php')
 3 SYSTEMPATH\Autoloader\Autoloader.php(266): CodeIgniter\Autoloader\Autoloader->loadInNamespace('App\\Models\\producto_Model')
 4 APPPATH\Controllers\producto_controller.php(14): CodeIgniter\Autoloader\Autoloader->loadClass('App\\Models\\producto_Model')
 5 SYSTEMPATH\CodeIgniter.php(943): App\Controllers\producto_controller->index()
 6 SYSTEMPATH\CodeIgniter.php(503): CodeIgniter\CodeIgniter->runController(Object(App\Controllers\producto_controller))
 7 SYSTEMPATH\CodeIgniter.php(361): CodeIgniter\CodeIgniter->handleRequest(null, Object(Config\Cache), false)
 8 FCPATH\index.php(79): CodeIgniter\CodeIgniter->run()
INFO - 2026-01-03 22:54:13 --> Session: Class initialized using 'CodeIgniter\Session\Handlers\FileHandler' driver.
WARNING - 2026-01-03 22:54:13 --> [DEPRECATED] Optional parameter $colores declared before required parameter $buscar is implicitly treated as a required parameter in APPPATH\Models\producto_Model.php on line 74.
 1 SYSTEMPATH\Autoloader\Autoloader.php(311): include_once('C:\\xampp\\htdocs\\proyecto_espinola_emilia\\system\\Debug\\Exceptions.php')
 2 SYSTEMPATH\Autoloader\Autoloader.php(290): CodeIgniter\Autoloader\Autoloader->includeFile('C:\\xampp\\htdocs\\proyecto_espinola_emilia\\app\\Models\\producto_Model.php')
 3 SYSTEMPATH\Autoloader\Autoloader.php(266): CodeIgniter\Autoloader\Autoloader->loadInNamespace('App\\Models\\producto_Model')
 4 APPPATH\Controllers\producto_controller.php(130): CodeIgniter\Autoloader\Autoloader->loadClass('App\\Models\\producto_Model')
 5 SYSTEMPATH\CodeIgniter.php(943): App\Controllers\producto_controller->edit('122')
 6 SYSTEMPATH\CodeIgniter.php(503): CodeIgniter\CodeIgniter->runController(Object(App\Controllers\producto_controller))
 7 SYSTEMPATH\CodeIgniter.php(361): CodeIgniter\CodeIgniter->handleRequest(null, Object(Config\Cache), false)
 8 FCPATH\index.php(79): CodeIgniter\CodeIgniter->run()
WARNING - 2026-01-03 22:54:13 --> [DEPRECATED] Optional parameter $talles declared before required parameter $buscar is implicitly treated as a required parameter in APPPATH\Models\producto_Model.php on line 74.
 1 SYSTEMPATH\Autoloader\Autoloader.php(311): include_once('C:\\xampp\\htdocs\\proyecto_espinola_emilia\\system\\Debug\\Exceptions.php')
 2 SYSTEMPATH\Autoloader\Autoloader.php(290): CodeIgniter\Autoloader\Autoloader->includeFile('C:\\xampp\\htdocs\\proyecto_espinola_emilia\\app\\Models\\producto_Model.php')
 3 SYSTEMPATH\Autoloader\Autoloader.php(266): CodeIgniter\Autoloader\Autoloader->loadInNamespace('App\\Models\\producto_Model')
 4 APPPATH\Controllers\producto_controller.php(130): CodeIgniter\Autoloader\Autoloader->loadClass('App\\Models\\producto_Model')
 5 SYSTEMPATH\CodeIgniter.php(943): App\Controllers\producto_controller->edit('122')
 6 SYSTEMPATH\CodeIgniter.php(503): CodeIgniter\CodeIgniter->runController(Object(App\Controllers\producto_controller))
 7 SYSTEMPATH\CodeIgniter.php(361): CodeIgniter\CodeIgniter->handleRequest(null, Object(Config\Cache), false)
 8 FCPATH\index.php(79): CodeIgniter\CodeIgniter->run()
WARNING - 2026-01-03 22:54:13 --> [DEPRECATED] Optional parameter $categoria_id declared before required parameter $buscar is implicitly treated as a required parameter in APPPATH\Models\producto_Model.php on line 74.
 1 SYSTEMPATH\Autoloader\Autoloader.php(311): include_once('C:\\xampp\\htdocs\\proyecto_espinola_emilia\\system\\Debug\\Exceptions.php')
 2 SYSTEMPATH\Autoloader\Autoloader.php(290): CodeIgniter\Autoloader\Autoloader->includeFile('C:\\xampp\\htdocs\\proyecto_espinola_emilia\\app\\Models\\producto_Model.php')
 3 SYSTEMPATH\Autoloader\Autoloader.php(266): CodeIgniter\Autoloader\Autoloader->loadInNamespace('App\\Models\\producto_Model')
 4 APPPATH\Controllers\producto_controller.php(130): CodeIgniter\Autoloader\Autoloader->loadClass('App\\Models\\producto_Model')
 5 SYSTEMPATH\CodeIgniter.php(943): App\Controllers\producto_controller->edit('122')
 6 SYSTEMPATH\CodeIgniter.php(503): CodeIgniter\CodeIgniter->runController(Object(App\Controllers\producto_controller))
 7 SYSTEMPATH\CodeIgniter.php(361): CodeIgniter\CodeIgniter->handleRequest(null, Object(Config\Cache), false)
 8 FCPATH\index.php(79): CodeIgniter\CodeIgniter->run()
INFO - 2026-01-03 22:55:27 --> Session: Class initialized using 'CodeIgniter\Session\Handlers\FileHandler' driver.
WARNING - 2026-01-03 22:55:27 --> [DEPRECATED] Optional parameter $colores declared before required parameter $buscar is implicitly treated as a required parameter in APPPATH\Models\producto_Model.php on line 74.
 1 SYSTEMPATH\Autoloader\Autoloader.php(311): include_once('C:\\xampp\\htdocs\\proyecto_espinola_emilia\\system\\Debug\\Exceptions.php')
 2 SYSTEMPATH\Autoloader\Autoloader.php(290): CodeIgniter\Autoloader\Autoloader->includeFile('C:\\xampp\\htdocs\\proyecto_espinola_emilia\\app\\Models\\producto_Model.php')
 3 SYSTEMPATH\Autoloader\Autoloader.php(266): CodeIgniter\Autoloader\Autoloader->loadInNamespace('App\\Models\\producto_Model')
 4 APPPATH\Controllers\producto_controller.php(439): CodeIgniter\Autoloader\Autoloader->loadClass('App\\Models\\producto_Model')
 5 APPPATH\Controllers\producto_controller.php(184): App\Controllers\producto_controller->reglasUpdate('122')
 6 SYSTEMPATH\CodeIgniter.php(943): App\Controllers\producto_controller->update('122')
 7 SYSTEMPATH\CodeIgniter.php(503): CodeIgniter\CodeIgniter->runController(Object(App\Controllers\producto_controller))
 8 SYSTEMPATH\CodeIgniter.php(361): CodeIgniter\CodeIgniter->handleRequest(null, Object(Config\Cache), false)
 9 FCPATH\index.php(79): CodeIgniter\CodeIgniter->run()
WARNING - 2026-01-03 22:55:27 --> [DEPRECATED] Optional parameter $talles declared before required parameter $buscar is implicitly treated as a required parameter in APPPATH\Models\producto_Model.php on line 74.
 1 SYSTEMPATH\Autoloader\Autoloader.php(311): include_once('C:\\xampp\\htdocs\\proyecto_espinola_emilia\\system\\Debug\\Exceptions.php')
 2 SYSTEMPATH\Autoloader\Autoloader.php(290): CodeIgniter\Autoloader\Autoloader->includeFile('C:\\xampp\\htdocs\\proyecto_espinola_emilia\\app\\Models\\producto_Model.php')
 3 SYSTEMPATH\Autoloader\Autoloader.php(266): CodeIgniter\Autoloader\Autoloader->loadInNamespace('App\\Models\\producto_Model')
 4 APPPATH\Controllers\producto_controller.php(439): CodeIgniter\Autoloader\Autoloader->loadClass('App\\Models\\producto_Model')
 5 APPPATH\Controllers\producto_controller.php(184): App\Controllers\producto_controller->reglasUpdate('122')
 6 SYSTEMPATH\CodeIgniter.php(943): App\Controllers\producto_controller->update('122')
 7 SYSTEMPATH\CodeIgniter.php(503): CodeIgniter\CodeIgniter->runController(Object(App\Controllers\producto_controller))
 8 SYSTEMPATH\CodeIgniter.php(361): CodeIgniter\CodeIgniter->handleRequest(null, Object(Config\Cache), false)
 9 FCPATH\index.php(79): CodeIgniter\CodeIgniter->run()
WARNING - 2026-01-03 22:55:27 --> [DEPRECATED] Optional parameter $categoria_id declared before required parameter $buscar is implicitly treated as a required parameter in APPPATH\Models\producto_Model.php on line 74.
 1 SYSTEMPATH\Autoloader\Autoloader.php(311): include_once('C:\\xampp\\htdocs\\proyecto_espinola_emilia\\system\\Debug\\Exceptions.php')
 2 SYSTEMPATH\Autoloader\Autoloader.php(290): CodeIgniter\Autoloader\Autoloader->includeFile('C:\\xampp\\htdocs\\proyecto_espinola_emilia\\app\\Models\\producto_Model.php')
 3 SYSTEMPATH\Autoloader\Autoloader.php(266): CodeIgniter\Autoloader\Autoloader->loadInNamespace('App\\Models\\producto_Model')
 4 APPPATH\Controllers\producto_controller.php(439): CodeIgniter\Autoloader\Autoloader->loadClass('App\\Models\\producto_Model')
 5 APPPATH\Controllers\producto_controller.php(184): App\Controllers\producto_controller->reglasUpdate('122')
 6 SYSTEMPATH\CodeIgniter.php(943): App\Controllers\producto_controller->update('122')
 7 SYSTEMPATH\CodeIgniter.php(503): CodeIgniter\CodeIgniter->runController(Object(App\Controllers\producto_controller))
 8 SYSTEMPATH\CodeIgniter.php(361): CodeIgniter\CodeIgniter->handleRequest(null, Object(Config\Cache), false)
 9 FCPATH\index.php(79): CodeIgniter\CodeIgniter->run()
INFO - 2026-01-03 22:55:34 --> Session: Class initialized using 'CodeIgniter\Session\Handlers\FileHandler' driver.
INFO - 2026-01-03 22:55:34 --> Session: Class initialized using 'CodeIgniter\Session\Handlers\FileHandler' driver.
WARNING - 2026-01-03 22:55:34 --> [DEPRECATED] Optional parameter $colores declared before required parameter $buscar is implicitly treated as a required parameter in APPPATH\Models\producto_Model.php on line 74.
 1 SYSTEMPATH\Autoloader\Autoloader.php(311): include_once('C:\\xampp\\htdocs\\proyecto_espinola_emilia\\system\\Debug\\Exceptions.php')
 2 SYSTEMPATH\Autoloader\Autoloader.php(290): CodeIgniter\Autoloader\Autoloader->includeFile('C:\\xampp\\htdocs\\proyecto_espinola_emilia\\app\\Models\\producto_Model.php')
 3 SYSTEMPATH\Autoloader\Autoloader.php(266): CodeIgniter\Autoloader\Autoloader->loadInNamespace('App\\Models\\producto_Model')
 4 APPPATH\Controllers\producto_controller.php(130): CodeIgniter\Autoloader\Autoloader->loadClass('App\\Models\\producto_Model')
 5 SYSTEMPATH\CodeIgniter.php(943): App\Controllers\producto_controller->edit('122')
 6 SYSTEMPATH\CodeIgniter.php(503): CodeIgniter\CodeIgniter->runController(Object(App\Controllers\producto_controller))
 7 SYSTEMPATH\CodeIgniter.php(361): CodeIgniter\CodeIgniter->handleRequest(null, Object(Config\Cache), false)
 8 FCPATH\index.php(79): CodeIgniter\CodeIgniter->run()
WARNING - 2026-01-03 22:55:34 --> [DEPRECATED] Optional parameter $talles declared before required parameter $buscar is implicitly treated as a required parameter in APPPATH\Models\producto_Model.php on line 74.
 1 SYSTEMPATH\Autoloader\Autoloader.php(311): include_once('C:\\xampp\\htdocs\\proyecto_espinola_emilia\\system\\Debug\\Exceptions.php')
 2 SYSTEMPATH\Autoloader\Autoloader.php(290): CodeIgniter\Autoloader\Autoloader->includeFile('C:\\xampp\\htdocs\\proyecto_espinola_emilia\\app\\Models\\producto_Model.php')
 3 SYSTEMPATH\Autoloader\Autoloader.php(266): CodeIgniter\Autoloader\Autoloader->loadInNamespace('App\\Models\\producto_Model')
 4 APPPATH\Controllers\producto_controller.php(130): CodeIgniter\Autoloader\Autoloader->loadClass('App\\Models\\producto_Model')
 5 SYSTEMPATH\CodeIgniter.php(943): App\Controllers\producto_controller->edit('122')
 6 SYSTEMPATH\CodeIgniter.php(503): CodeIgniter\CodeIgniter->runController(Object(App\Controllers\producto_controller))
 7 SYSTEMPATH\CodeIgniter.php(361): CodeIgniter\CodeIgniter->handleRequest(null, Object(Config\Cache), false)
 8 FCPATH\index.php(79): CodeIgniter\CodeIgniter->run()
WARNING - 2026-01-03 22:55:34 --> [DEPRECATED] Optional parameter $categoria_id declared before required parameter $buscar is implicitly treated as a required parameter in APPPATH\Models\producto_Model.php on line 74.
 1 SYSTEMPATH\Autoloader\Autoloader.php(311): include_once('C:\\xampp\\htdocs\\proyecto_espinola_emilia\\system\\Debug\\Exceptions.php')
 2 SYSTEMPATH\Autoloader\Autoloader.php(290): CodeIgniter\Autoloader\Autoloader->includeFile('C:\\xampp\\htdocs\\proyecto_espinola_emilia\\app\\Models\\producto_Model.php')
 3 SYSTEMPATH\Autoloader\Autoloader.php(266): CodeIgniter\Autoloader\Autoloader->loadInNamespace('App\\Models\\producto_Model')
 4 APPPATH\Controllers\producto_controller.php(130): CodeIgniter\Autoloader\Autoloader->loadClass('App\\Models\\producto_Model')
 5 SYSTEMPATH\CodeIgniter.php(943): App\Controllers\producto_controller->edit('122')
 6 SYSTEMPATH\CodeIgniter.php(503): CodeIgniter\CodeIgniter->runController(Object(App\Controllers\producto_controller))
 7 SYSTEMPATH\CodeIgniter.php(361): CodeIgniter\CodeIgniter->handleRequest(null, Object(Config\Cache), false)
 8 FCPATH\index.php(79): CodeIgniter\CodeIgniter->run()
INFO - 2026-01-03 22:56:02 --> Session: Class initialized using 'CodeIgniter\Session\Handlers\FileHandler' driver.
INFO - 2026-01-03 22:56:02 --> Session: Class initialized using 'CodeIgniter\Session\Handlers\FileHandler' driver.
WARNING - 2026-01-03 22:56:02 --> [DEPRECATED] Optional parameter $colores declared before required parameter $buscar is implicitly treated as a required parameter in APPPATH\Models\producto_Model.php on line 74.
 1 SYSTEMPATH\Autoloader\Autoloader.php(311): include_once('C:\\xampp\\htdocs\\proyecto_espinola_emilia\\system\\Debug\\Exceptions.php')
 2 SYSTEMPATH\Autoloader\Autoloader.php(290): CodeIgniter\Autoloader\Autoloader->includeFile('C:\\xampp\\htdocs\\proyecto_espinola_emilia\\app\\Models\\producto_Model.php')
 3 SYSTEMPATH\Autoloader\Autoloader.php(266): CodeIgniter\Autoloader\Autoloader->loadInNamespace('App\\Models\\producto_Model')
 4 APPPATH\Controllers\producto_controller.php(130): CodeIgniter\Autoloader\Autoloader->loadClass('App\\Models\\producto_Model')
 5 SYSTEMPATH\CodeIgniter.php(943): App\Controllers\producto_controller->edit('122')
 6 SYSTEMPATH\CodeIgniter.php(503): CodeIgniter\CodeIgniter->runController(Object(App\Controllers\producto_controller))
 7 SYSTEMPATH\CodeIgniter.php(361): CodeIgniter\CodeIgniter->handleRequest(null, Object(Config\Cache), false)
 8 FCPATH\index.php(79): CodeIgniter\CodeIgniter->run()
WARNING - 2026-01-03 22:56:02 --> [DEPRECATED] Optional parameter $talles declared before required parameter $buscar is implicitly treated as a required parameter in APPPATH\Models\producto_Model.php on line 74.
 1 SYSTEMPATH\Autoloader\Autoloader.php(311): include_once('C:\\xampp\\htdocs\\proyecto_espinola_emilia\\system\\Debug\\Exceptions.php')
 2 SYSTEMPATH\Autoloader\Autoloader.php(290): CodeIgniter\Autoloader\Autoloader->includeFile('C:\\xampp\\htdocs\\proyecto_espinola_emilia\\app\\Models\\producto_Model.php')
 3 SYSTEMPATH\Autoloader\Autoloader.php(266): CodeIgniter\Autoloader\Autoloader->loadInNamespace('App\\Models\\producto_Model')
 4 APPPATH\Controllers\producto_controller.php(130): CodeIgniter\Autoloader\Autoloader->loadClass('App\\Models\\producto_Model')
 5 SYSTEMPATH\CodeIgniter.php(943): App\Controllers\producto_controller->edit('122')
 6 SYSTEMPATH\CodeIgniter.php(503): CodeIgniter\CodeIgniter->runController(Object(App\Controllers\producto_controller))
 7 SYSTEMPATH\CodeIgniter.php(361): CodeIgniter\CodeIgniter->handleRequest(null, Object(Config\Cache), false)
 8 FCPATH\index.php(79): CodeIgniter\CodeIgniter->run()
WARNING - 2026-01-03 22:56:02 --> [DEPRECATED] Optional parameter $categoria_id declared before required parameter $buscar is implicitly treated as a required parameter in APPPATH\Models\producto_Model.php on line 74.
 1 SYSTEMPATH\Autoloader\Autoloader.php(311): include_once('C:\\xampp\\htdocs\\proyecto_espinola_emilia\\system\\Debug\\Exceptions.php')
 2 SYSTEMPATH\Autoloader\Autoloader.php(290): CodeIgniter\Autoloader\Autoloader->includeFile('C:\\xampp\\htdocs\\proyecto_espinola_emilia\\app\\Models\\producto_Model.php')
 3 SYSTEMPATH\Autoloader\Autoloader.php(266): CodeIgniter\Autoloader\Autoloader->loadInNamespace('App\\Models\\producto_Model')
 4 APPPATH\Controllers\producto_controller.php(130): CodeIgniter\Autoloader\Autoloader->loadClass('App\\Models\\producto_Model')
 5 SYSTEMPATH\CodeIgniter.php(943): App\Controllers\producto_controller->edit('122')
 6 SYSTEMPATH\CodeIgniter.php(503): CodeIgniter\CodeIgniter->runController(Object(App\Controllers\producto_controller))
 7 SYSTEMPATH\CodeIgniter.php(361): CodeIgniter\CodeIgniter->handleRequest(null, Object(Config\Cache), false)
 8 FCPATH\index.php(79): CodeIgniter\CodeIgniter->run()
INFO - 2026-01-03 22:56:24 --> Session: Class initialized using 'CodeIgniter\Session\Handlers\FileHandler' driver.
INFO - 2026-01-03 22:56:24 --> Session: Class initialized using 'CodeIgniter\Session\Handlers\FileHandler' driver.
WARNING - 2026-01-03 22:56:24 --> [DEPRECATED] Optional parameter $colores declared before required parameter $buscar is implicitly treated as a required parameter in APPPATH\Models\producto_Model.php on line 74.
 1 SYSTEMPATH\Autoloader\Autoloader.php(311): include_once('C:\\xampp\\htdocs\\proyecto_espinola_emilia\\system\\Debug\\Exceptions.php')
 2 SYSTEMPATH\Autoloader\Autoloader.php(290): CodeIgniter\Autoloader\Autoloader->includeFile('C:\\xampp\\htdocs\\proyecto_espinola_emilia\\app\\Models\\producto_Model.php')
 3 SYSTEMPATH\Autoloader\Autoloader.php(266): CodeIgniter\Autoloader\Autoloader->loadInNamespace('App\\Models\\producto_Model')
 4 APPPATH\Controllers\producto_controller.php(130): CodeIgniter\Autoloader\Autoloader->loadClass('App\\Models\\producto_Model')
 5 SYSTEMPATH\CodeIgniter.php(943): App\Controllers\producto_controller->edit('122')
 6 SYSTEMPATH\CodeIgniter.php(503): CodeIgniter\CodeIgniter->runController(Object(App\Controllers\producto_controller))
 7 SYSTEMPATH\CodeIgniter.php(361): CodeIgniter\CodeIgniter->handleRequest(null, Object(Config\Cache), false)
 8 FCPATH\index.php(79): CodeIgniter\CodeIgniter->run()
WARNING - 2026-01-03 22:56:24 --> [DEPRECATED] Optional parameter $talles declared before required parameter $buscar is implicitly treated as a required parameter in APPPATH\Models\producto_Model.php on line 74.
 1 SYSTEMPATH\Autoloader\Autoloader.php(311): include_once('C:\\xampp\\htdocs\\proyecto_espinola_emilia\\system\\Debug\\Exceptions.php')
 2 SYSTEMPATH\Autoloader\Autoloader.php(290): CodeIgniter\Autoloader\Autoloader->includeFile('C:\\xampp\\htdocs\\proyecto_espinola_emilia\\app\\Models\\producto_Model.php')
 3 SYSTEMPATH\Autoloader\Autoloader.php(266): CodeIgniter\Autoloader\Autoloader->loadInNamespace('App\\Models\\producto_Model')
 4 APPPATH\Controllers\producto_controller.php(130): CodeIgniter\Autoloader\Autoloader->loadClass('App\\Models\\producto_Model')
 5 SYSTEMPATH\CodeIgniter.php(943): App\Controllers\producto_controller->edit('122')
 6 SYSTEMPATH\CodeIgniter.php(503): CodeIgniter\CodeIgniter->runController(Object(App\Controllers\producto_controller))
 7 SYSTEMPATH\CodeIgniter.php(361): CodeIgniter\CodeIgniter->handleRequest(null, Object(Config\Cache), false)
 8 FCPATH\index.php(79): CodeIgniter\CodeIgniter->run()
WARNING - 2026-01-03 22:56:24 --> [DEPRECATED] Optional parameter $categoria_id declared before required parameter $buscar is implicitly treated as a required parameter in APPPATH\Models\producto_Model.php on line 74.
 1 SYSTEMPATH\Autoloader\Autoloader.php(311): include_once('C:\\xampp\\htdocs\\proyecto_espinola_emilia\\system\\Debug\\Exceptions.php')
 2 SYSTEMPATH\Autoloader\Autoloader.php(290): CodeIgniter\Autoloader\Autoloader->includeFile('C:\\xampp\\htdocs\\proyecto_espinola_emilia\\app\\Models\\producto_Model.php')
 3 SYSTEMPATH\Autoloader\Autoloader.php(266): CodeIgniter\Autoloader\Autoloader->loadInNamespace('App\\Models\\producto_Model')
 4 APPPATH\Controllers\producto_controller.php(130): CodeIgniter\Autoloader\Autoloader->loadClass('App\\Models\\producto_Model')
 5 SYSTEMPATH\CodeIgniter.php(943): App\Controllers\producto_controller->edit('122')
 6 SYSTEMPATH\CodeIgniter.php(503): CodeIgniter\CodeIgniter->runController(Object(App\Controllers\producto_controller))
 7 SYSTEMPATH\CodeIgniter.php(361): CodeIgniter\CodeIgniter->handleRequest(null, Object(Config\Cache), false)
 8 FCPATH\index.php(79): CodeIgniter\CodeIgniter->run()
INFO - 2026-01-03 23:02:32 --> Session: Class initialized using 'CodeIgniter\Session\Handlers\FileHandler' driver.
WARNING - 2026-01-03 23:02:33 --> [DEPRECATED] Optional parameter $colores declared before required parameter $buscar is implicitly treated as a required parameter in APPPATH\Models\producto_Model.php on line 74.
 1 SYSTEMPATH\Autoloader\Autoloader.php(311): include_once('C:\\xampp\\htdocs\\proyecto_espinola_emilia\\system\\Debug\\Exceptions.php')
 2 SYSTEMPATH\Autoloader\Autoloader.php(290): CodeIgniter\Autoloader\Autoloader->includeFile('C:\\xampp\\htdocs\\proyecto_espinola_emilia\\app\\Models\\producto_Model.php')
 3 SYSTEMPATH\Autoloader\Autoloader.php(266): CodeIgniter\Autoloader\Autoloader->loadInNamespace('App\\Models\\producto_Model')
 4 APPPATH\Controllers\producto_controller.php(130): CodeIgniter\Autoloader\Autoloader->loadClass('App\\Models\\producto_Model')
 5 SYSTEMPATH\CodeIgniter.php(943): App\Controllers\producto_controller->edit('122')
 6 SYSTEMPATH\CodeIgniter.php(503): CodeIgniter\CodeIgniter->runController(Object(App\Controllers\producto_controller))
 7 SYSTEMPATH\CodeIgniter.php(361): CodeIgniter\CodeIgniter->handleRequest(null, Object(Config\Cache), false)
 8 FCPATH\index.php(79): CodeIgniter\CodeIgniter->run()
WARNING - 2026-01-03 23:02:33 --> [DEPRECATED] Optional parameter $talles declared before required parameter $buscar is implicitly treated as a required parameter in APPPATH\Models\producto_Model.php on line 74.
 1 SYSTEMPATH\Autoloader\Autoloader.php(311): include_once('C:\\xampp\\htdocs\\proyecto_espinola_emilia\\system\\Debug\\Exceptions.php')
 2 SYSTEMPATH\Autoloader\Autoloader.php(290): CodeIgniter\Autoloader\Autoloader->includeFile('C:\\xampp\\htdocs\\proyecto_espinola_emilia\\app\\Models\\producto_Model.php')
 3 SYSTEMPATH\Autoloader\Autoloader.php(266): CodeIgniter\Autoloader\Autoloader->loadInNamespace('App\\Models\\producto_Model')
 4 APPPATH\Controllers\producto_controller.php(130): CodeIgniter\Autoloader\Autoloader->loadClass('App\\Models\\producto_Model')
 5 SYSTEMPATH\CodeIgniter.php(943): App\Controllers\producto_controller->edit('122')
 6 SYSTEMPATH\CodeIgniter.php(503): CodeIgniter\CodeIgniter->runController(Object(App\Controllers\producto_controller))
 7 SYSTEMPATH\CodeIgniter.php(361): CodeIgniter\CodeIgniter->handleRequest(null, Object(Config\Cache), false)
 8 FCPATH\index.php(79): CodeIgniter\CodeIgniter->run()
WARNING - 2026-01-03 23:02:33 --> [DEPRECATED] Optional parameter $categoria_id declared before required parameter $buscar is implicitly treated as a required parameter in APPPATH\Models\producto_Model.php on line 74.
 1 SYSTEMPATH\Autoloader\Autoloader.php(311): include_once('C:\\xampp\\htdocs\\proyecto_espinola_emilia\\system\\Debug\\Exceptions.php')
 2 SYSTEMPATH\Autoloader\Autoloader.php(290): CodeIgniter\Autoloader\Autoloader->includeFile('C:\\xampp\\htdocs\\proyecto_espinola_emilia\\app\\Models\\producto_Model.php')
 3 SYSTEMPATH\Autoloader\Autoloader.php(266): CodeIgniter\Autoloader\Autoloader->loadInNamespace('App\\Models\\producto_Model')
 4 APPPATH\Controllers\producto_controller.php(130): CodeIgniter\Autoloader\Autoloader->loadClass('App\\Models\\producto_Model')
 5 SYSTEMPATH\CodeIgniter.php(943): App\Controllers\producto_controller->edit('122')
 6 SYSTEMPATH\CodeIgniter.php(503): CodeIgniter\CodeIgniter->runController(Object(App\Controllers\producto_controller))
 7 SYSTEMPATH\CodeIgniter.php(361): CodeIgniter\CodeIgniter->handleRequest(null, Object(Config\Cache), false)
 8 FCPATH\index.php(79): CodeIgniter\CodeIgniter->run()
INFO - 2026-01-03 23:02:38 --> Session: Class initialized using 'CodeIgniter\Session\Handlers\FileHandler' driver.
INFO - 2026-01-03 23:02:39 --> Session: Class initialized using 'CodeIgniter\Session\Handlers\FileHandler' driver.
WARNING - 2026-01-03 23:02:39 --> [DEPRECATED] Optional parameter $colores declared before required parameter $buscar is implicitly treated as a required parameter in APPPATH\Models\producto_Model.php on line 74.
 1 SYSTEMPATH\Autoloader\Autoloader.php(311): include_once('C:\\xampp\\htdocs\\proyecto_espinola_emilia\\system\\Debug\\Exceptions.php')
 2 SYSTEMPATH\Autoloader\Autoloader.php(290): CodeIgniter\Autoloader\Autoloader->includeFile('C:\\xampp\\htdocs\\proyecto_espinola_emilia\\app\\Models\\producto_Model.php')
 3 SYSTEMPATH\Autoloader\Autoloader.php(266): CodeIgniter\Autoloader\Autoloader->loadInNamespace('App\\Models\\producto_Model')
 4 APPPATH\Controllers\producto_controller.php(130): CodeIgniter\Autoloader\Autoloader->loadClass('App\\Models\\producto_Model')
 5 SYSTEMPATH\CodeIgniter.php(943): App\Controllers\producto_controller->edit('122')
 6 SYSTEMPATH\CodeIgniter.php(503): CodeIgniter\CodeIgniter->runController(Object(App\Controllers\producto_controller))
 7 SYSTEMPATH\CodeIgniter.php(361): CodeIgniter\CodeIgniter->handleRequest(null, Object(Config\Cache), false)
 8 FCPATH\index.php(79): CodeIgniter\CodeIgniter->run()
WARNING - 2026-01-03 23:02:39 --> [DEPRECATED] Optional parameter $talles declared before required parameter $buscar is implicitly treated as a required parameter in APPPATH\Models\producto_Model.php on line 74.
 1 SYSTEMPATH\Autoloader\Autoloader.php(311): include_once('C:\\xampp\\htdocs\\proyecto_espinola_emilia\\system\\Debug\\Exceptions.php')
 2 SYSTEMPATH\Autoloader\Autoloader.php(290): CodeIgniter\Autoloader\Autoloader->includeFile('C:\\xampp\\htdocs\\proyecto_espinola_emilia\\app\\Models\\producto_Model.php')
 3 SYSTEMPATH\Autoloader\Autoloader.php(266): CodeIgniter\Autoloader\Autoloader->loadInNamespace('App\\Models\\producto_Model')
 4 APPPATH\Controllers\producto_controller.php(130): CodeIgniter\Autoloader\Autoloader->loadClass('App\\Models\\producto_Model')
 5 SYSTEMPATH\CodeIgniter.php(943): App\Controllers\producto_controller->edit('122')
 6 SYSTEMPATH\CodeIgniter.php(503): CodeIgniter\CodeIgniter->runController(Object(App\Controllers\producto_controller))
 7 SYSTEMPATH\CodeIgniter.php(361): CodeIgniter\CodeIgniter->handleRequest(null, Object(Config\Cache), false)
 8 FCPATH\index.php(79): CodeIgniter\CodeIgniter->run()
WARNING - 2026-01-03 23:02:39 --> [DEPRECATED] Optional parameter $categoria_id declared before required parameter $buscar is implicitly treated as a required parameter in APPPATH\Models\producto_Model.php on line 74.
 1 SYSTEMPATH\Autoloader\Autoloader.php(311): include_once('C:\\xampp\\htdocs\\proyecto_espinola_emilia\\system\\Debug\\Exceptions.php')
 2 SYSTEMPATH\Autoloader\Autoloader.php(290): CodeIgniter\Autoloader\Autoloader->includeFile('C:\\xampp\\htdocs\\proyecto_espinola_emilia\\app\\Models\\producto_Model.php')
 3 SYSTEMPATH\Autoloader\Autoloader.php(266): CodeIgniter\Autoloader\Autoloader->loadInNamespace('App\\Models\\producto_Model')
 4 APPPATH\Controllers\producto_controller.php(130): CodeIgniter\Autoloader\Autoloader->loadClass('App\\Models\\producto_Model')
 5 SYSTEMPATH\CodeIgniter.php(943): App\Controllers\producto_controller->edit('122')
 6 SYSTEMPATH\CodeIgniter.php(503): CodeIgniter\CodeIgniter->runController(Object(App\Controllers\producto_controller))
 7 SYSTEMPATH\CodeIgniter.php(361): CodeIgniter\CodeIgniter->handleRequest(null, Object(Config\Cache), false)
 8 FCPATH\index.php(79): CodeIgniter\CodeIgniter->run()
INFO - 2026-01-03 23:02:52 --> Session: Class initialized using 'CodeIgniter\Session\Handlers\FileHandler' driver.
INFO - 2026-01-03 23:02:52 --> Session: Class initialized using 'CodeIgniter\Session\Handlers\FileHandler' driver.
WARNING - 2026-01-03 23:02:52 --> [DEPRECATED] Optional parameter $colores declared before required parameter $buscar is implicitly treated as a required parameter in APPPATH\Models\producto_Model.php on line 74.
 1 SYSTEMPATH\Autoloader\Autoloader.php(311): include_once('C:\\xampp\\htdocs\\proyecto_espinola_emilia\\system\\Debug\\Exceptions.php')
 2 SYSTEMPATH\Autoloader\Autoloader.php(290): CodeIgniter\Autoloader\Autoloader->includeFile('C:\\xampp\\htdocs\\proyecto_espinola_emilia\\app\\Models\\producto_Model.php')
 3 SYSTEMPATH\Autoloader\Autoloader.php(266): CodeIgniter\Autoloader\Autoloader->loadInNamespace('App\\Models\\producto_Model')
 4 APPPATH\Controllers\producto_controller.php(130): CodeIgniter\Autoloader\Autoloader->loadClass('App\\Models\\producto_Model')
 5 SYSTEMPATH\CodeIgniter.php(943): App\Controllers\producto_controller->edit('122')
 6 SYSTEMPATH\CodeIgniter.php(503): CodeIgniter\CodeIgniter->runController(Object(App\Controllers\producto_controller))
 7 SYSTEMPATH\CodeIgniter.php(361): CodeIgniter\CodeIgniter->handleRequest(null, Object(Config\Cache), false)
 8 FCPATH\index.php(79): CodeIgniter\CodeIgniter->run()
WARNING - 2026-01-03 23:02:52 --> [DEPRECATED] Optional parameter $talles declared before required parameter $buscar is implicitly treated as a required parameter in APPPATH\Models\producto_Model.php on line 74.
 1 SYSTEMPATH\Autoloader\Autoloader.php(311): include_once('C:\\xampp\\htdocs\\proyecto_espinola_emilia\\system\\Debug\\Exceptions.php')
 2 SYSTEMPATH\Autoloader\Autoloader.php(290): CodeIgniter\Autoloader\Autoloader->includeFile('C:\\xampp\\htdocs\\proyecto_espinola_emilia\\app\\Models\\producto_Model.php')
 3 SYSTEMPATH\Autoloader\Autoloader.php(266): CodeIgniter\Autoloader\Autoloader->loadInNamespace('App\\Models\\producto_Model')
 4 APPPATH\Controllers\producto_controller.php(130): CodeIgniter\Autoloader\Autoloader->loadClass('App\\Models\\producto_Model')
 5 SYSTEMPATH\CodeIgniter.php(943): App\Controllers\producto_controller->edit('122')
 6 SYSTEMPATH\CodeIgniter.php(503): CodeIgniter\CodeIgniter->runController(Object(App\Controllers\producto_controller))
 7 SYSTEMPATH\CodeIgniter.php(361): CodeIgniter\CodeIgniter->handleRequest(null, Object(Config\Cache), false)
 8 FCPATH\index.php(79): CodeIgniter\CodeIgniter->run()
WARNING - 2026-01-03 23:02:52 --> [DEPRECATED] Optional parameter $categoria_id declared before required parameter $buscar is implicitly treated as a required parameter in APPPATH\Models\producto_Model.php on line 74.
 1 SYSTEMPATH\Autoloader\Autoloader.php(311): include_once('C:\\xampp\\htdocs\\proyecto_espinola_emilia\\system\\Debug\\Exceptions.php')
 2 SYSTEMPATH\Autoloader\Autoloader.php(290): CodeIgniter\Autoloader\Autoloader->includeFile('C:\\xampp\\htdocs\\proyecto_espinola_emilia\\app\\Models\\producto_Model.php')
 3 SYSTEMPATH\Autoloader\Autoloader.php(266): CodeIgniter\Autoloader\Autoloader->loadInNamespace('App\\Models\\producto_Model')
 4 APPPATH\Controllers\producto_controller.php(130): CodeIgniter\Autoloader\Autoloader->loadClass('App\\Models\\producto_Model')
 5 SYSTEMPATH\CodeIgniter.php(943): App\Controllers\producto_controller->edit('122')
 6 SYSTEMPATH\CodeIgniter.php(503): CodeIgniter\CodeIgniter->runController(Object(App\Controllers\producto_controller))
 7 SYSTEMPATH\CodeIgniter.php(361): CodeIgniter\CodeIgniter->handleRequest(null, Object(Config\Cache), false)
 8 FCPATH\index.php(79): CodeIgniter\CodeIgniter->run()
INFO - 2026-01-03 23:05:16 --> Session: Class initialized using 'CodeIgniter\Session\Handlers\FileHandler' driver.
WARNING - 2026-01-03 23:05:16 --> [DEPRECATED] Optional parameter $colores declared before required parameter $buscar is implicitly treated as a required parameter in APPPATH\Models\producto_Model.php on line 74.
 1 SYSTEMPATH\Autoloader\Autoloader.php(311): include_once('C:\\xampp\\htdocs\\proyecto_espinola_emilia\\system\\Debug\\Exceptions.php')
 2 SYSTEMPATH\Autoloader\Autoloader.php(290): CodeIgniter\Autoloader\Autoloader->includeFile('C:\\xampp\\htdocs\\proyecto_espinola_emilia\\app\\Models\\producto_Model.php')
 3 SYSTEMPATH\Autoloader\Autoloader.php(266): CodeIgniter\Autoloader\Autoloader->loadInNamespace('App\\Models\\producto_Model')
 4 APPPATH\Controllers\producto_controller.php(130): CodeIgniter\Autoloader\Autoloader->loadClass('App\\Models\\producto_Model')
 5 SYSTEMPATH\CodeIgniter.php(943): App\Controllers\producto_controller->edit('122')
 6 SYSTEMPATH\CodeIgniter.php(503): CodeIgniter\CodeIgniter->runController(Object(App\Controllers\producto_controller))
 7 SYSTEMPATH\CodeIgniter.php(361): CodeIgniter\CodeIgniter->handleRequest(null, Object(Config\Cache), false)
 8 FCPATH\index.php(79): CodeIgniter\CodeIgniter->run()
WARNING - 2026-01-03 23:05:16 --> [DEPRECATED] Optional parameter $talles declared before required parameter $buscar is implicitly treated as a required parameter in APPPATH\Models\producto_Model.php on line 74.
 1 SYSTEMPATH\Autoloader\Autoloader.php(311): include_once('C:\\xampp\\htdocs\\proyecto_espinola_emilia\\system\\Debug\\Exceptions.php')
 2 SYSTEMPATH\Autoloader\Autoloader.php(290): CodeIgniter\Autoloader\Autoloader->includeFile('C:\\xampp\\htdocs\\proyecto_espinola_emilia\\app\\Models\\producto_Model.php')
 3 SYSTEMPATH\Autoloader\Autoloader.php(266): CodeIgniter\Autoloader\Autoloader->loadInNamespace('App\\Models\\producto_Model')
 4 APPPATH\Controllers\producto_controller.php(130): CodeIgniter\Autoloader\Autoloader->loadClass('App\\Models\\producto_Model')
 5 SYSTEMPATH\CodeIgniter.php(943): App\Controllers\producto_controller->edit('122')
 6 SYSTEMPATH\CodeIgniter.php(503): CodeIgniter\CodeIgniter->runController(Object(App\Controllers\producto_controller))
 7 SYSTEMPATH\CodeIgniter.php(361): CodeIgniter\CodeIgniter->handleRequest(null, Object(Config\Cache), false)
 8 FCPATH\index.php(79): CodeIgniter\CodeIgniter->run()
WARNING - 2026-01-03 23:05:16 --> [DEPRECATED] Optional parameter $categoria_id declared before required parameter $buscar is implicitly treated as a required parameter in APPPATH\Models\producto_Model.php on line 74.
 1 SYSTEMPATH\Autoloader\Autoloader.php(311): include_once('C:\\xampp\\htdocs\\proyecto_espinola_emilia\\system\\Debug\\Exceptions.php')
 2 SYSTEMPATH\Autoloader\Autoloader.php(290): CodeIgniter\Autoloader\Autoloader->includeFile('C:\\xampp\\htdocs\\proyecto_espinola_emilia\\app\\Models\\producto_Model.php')
 3 SYSTEMPATH\Autoloader\Autoloader.php(266): CodeIgniter\Autoloader\Autoloader->loadInNamespace('App\\Models\\producto_Model')
 4 APPPATH\Controllers\producto_controller.php(130): CodeIgniter\Autoloader\Autoloader->loadClass('App\\Models\\producto_Model')
 5 SYSTEMPATH\CodeIgniter.php(943): App\Controllers\producto_controller->edit('122')
 6 SYSTEMPATH\CodeIgniter.php(503): CodeIgniter\CodeIgniter->runController(Object(App\Controllers\producto_controller))
 7 SYSTEMPATH\CodeIgniter.php(361): CodeIgniter\CodeIgniter->handleRequest(null, Object(Config\Cache), false)
 8 FCPATH\index.php(79): CodeIgniter\CodeIgniter->run()
INFO - 2026-01-03 23:05:21 --> Session: Class initialized using 'CodeIgniter\Session\Handlers\FileHandler' driver.
INFO - 2026-01-03 23:05:22 --> Session: Class initialized using 'CodeIgniter\Session\Handlers\FileHandler' driver.
WARNING - 2026-01-03 23:05:22 --> [DEPRECATED] Optional parameter $colores declared before required parameter $buscar is implicitly treated as a required parameter in APPPATH\Models\producto_Model.php on line 74.
 1 SYSTEMPATH\Autoloader\Autoloader.php(311): include_once('C:\\xampp\\htdocs\\proyecto_espinola_emilia\\system\\Debug\\Exceptions.php')
 2 SYSTEMPATH\Autoloader\Autoloader.php(290): CodeIgniter\Autoloader\Autoloader->includeFile('C:\\xampp\\htdocs\\proyecto_espinola_emilia\\app\\Models\\producto_Model.php')
 3 SYSTEMPATH\Autoloader\Autoloader.php(266): CodeIgniter\Autoloader\Autoloader->loadInNamespace('App\\Models\\producto_Model')
 4 APPPATH\Controllers\producto_controller.php(130): CodeIgniter\Autoloader\Autoloader->loadClass('App\\Models\\producto_Model')
 5 SYSTEMPATH\CodeIgniter.php(943): App\Controllers\producto_controller->edit('122')
 6 SYSTEMPATH\CodeIgniter.php(503): CodeIgniter\CodeIgniter->runController(Object(App\Controllers\producto_controller))
 7 SYSTEMPATH\CodeIgniter.php(361): CodeIgniter\CodeIgniter->handleRequest(null, Object(Config\Cache), false)
 8 FCPATH\index.php(79): CodeIgniter\CodeIgniter->run()
WARNING - 2026-01-03 23:05:22 --> [DEPRECATED] Optional parameter $talles declared before required parameter $buscar is implicitly treated as a required parameter in APPPATH\Models\producto_Model.php on line 74.
 1 SYSTEMPATH\Autoloader\Autoloader.php(311): include_once('C:\\xampp\\htdocs\\proyecto_espinola_emilia\\system\\Debug\\Exceptions.php')
 2 SYSTEMPATH\Autoloader\Autoloader.php(290): CodeIgniter\Autoloader\Autoloader->includeFile('C:\\xampp\\htdocs\\proyecto_espinola_emilia\\app\\Models\\producto_Model.php')
 3 SYSTEMPATH\Autoloader\Autoloader.php(266): CodeIgniter\Autoloader\Autoloader->loadInNamespace('App\\Models\\producto_Model')
 4 APPPATH\Controllers\producto_controller.php(130): CodeIgniter\Autoloader\Autoloader->loadClass('App\\Models\\producto_Model')
 5 SYSTEMPATH\CodeIgniter.php(943): App\Controllers\producto_controller->edit('122')
 6 SYSTEMPATH\CodeIgniter.php(503): CodeIgniter\CodeIgniter->runController(Object(App\Controllers\producto_controller))
 7 SYSTEMPATH\CodeIgniter.php(361): CodeIgniter\CodeIgniter->handleRequest(null, Object(Config\Cache), false)
 8 FCPATH\index.php(79): CodeIgniter\CodeIgniter->run()
WARNING - 2026-01-03 23:05:22 --> [DEPRECATED] Optional parameter $categoria_id declared before required parameter $buscar is implicitly treated as a required parameter in APPPATH\Models\producto_Model.php on line 74.
 1 SYSTEMPATH\Autoloader\Autoloader.php(311): include_once('C:\\xampp\\htdocs\\proyecto_espinola_emilia\\system\\Debug\\Exceptions.php')
 2 SYSTEMPATH\Autoloader\Autoloader.php(290): CodeIgniter\Autoloader\Autoloader->includeFile('C:\\xampp\\htdocs\\proyecto_espinola_emilia\\app\\Models\\producto_Model.php')
 3 SYSTEMPATH\Autoloader\Autoloader.php(266): CodeIgniter\Autoloader\Autoloader->loadInNamespace('App\\Models\\producto_Model')
 4 APPPATH\Controllers\producto_controller.php(130): CodeIgniter\Autoloader\Autoloader->loadClass('App\\Models\\producto_Model')
 5 SYSTEMPATH\CodeIgniter.php(943): App\Controllers\producto_controller->edit('122')
 6 SYSTEMPATH\CodeIgniter.php(503): CodeIgniter\CodeIgniter->runController(Object(App\Controllers\producto_controller))
 7 SYSTEMPATH\CodeIgniter.php(361): CodeIgniter\CodeIgniter->handleRequest(null, Object(Config\Cache), false)
 8 FCPATH\index.php(79): CodeIgniter\CodeIgniter->run()
INFO - 2026-01-03 23:05:34 --> Session: Class initialized using 'CodeIgniter\Session\Handlers\FileHandler' driver.
WARNING - 2026-01-03 23:05:34 --> [DEPRECATED] Optional parameter $colores declared before required parameter $buscar is implicitly treated as a required parameter in APPPATH\Models\producto_Model.php on line 74.
 1 SYSTEMPATH\Autoloader\Autoloader.php(311): include_once('C:\\xampp\\htdocs\\proyecto_espinola_emilia\\system\\Debug\\Exceptions.php')
 2 SYSTEMPATH\Autoloader\Autoloader.php(290): CodeIgniter\Autoloader\Autoloader->includeFile('C:\\xampp\\htdocs\\proyecto_espinola_emilia\\app\\Models\\producto_Model.php')
 3 SYSTEMPATH\Autoloader\Autoloader.php(266): CodeIgniter\Autoloader\Autoloader->loadInNamespace('App\\Models\\producto_Model')
 4 APPPATH\Controllers\producto_controller.php(441): CodeIgniter\Autoloader\Autoloader->loadClass('App\\Models\\producto_Model')
 5 APPPATH\Controllers\producto_controller.php(186): App\Controllers\producto_controller->reglasUpdate('122')
 6 SYSTEMPATH\CodeIgniter.php(943): App\Controllers\producto_controller->update('122')
 7 SYSTEMPATH\CodeIgniter.php(503): CodeIgniter\CodeIgniter->runController(Object(App\Controllers\producto_controller))
 8 SYSTEMPATH\CodeIgniter.php(361): CodeIgniter\CodeIgniter->handleRequest(null, Object(Config\Cache), false)
 9 FCPATH\index.php(79): CodeIgniter\CodeIgniter->run()
WARNING - 2026-01-03 23:05:34 --> [DEPRECATED] Optional parameter $talles declared before required parameter $buscar is implicitly treated as a required parameter in APPPATH\Models\producto_Model.php on line 74.
 1 SYSTEMPATH\Autoloader\Autoloader.php(311): include_once('C:\\xampp\\htdocs\\proyecto_espinola_emilia\\system\\Debug\\Exceptions.php')
 2 SYSTEMPATH\Autoloader\Autoloader.php(290): CodeIgniter\Autoloader\Autoloader->includeFile('C:\\xampp\\htdocs\\proyecto_espinola_emilia\\app\\Models\\producto_Model.php')
 3 SYSTEMPATH\Autoloader\Autoloader.php(266): CodeIgniter\Autoloader\Autoloader->loadInNamespace('App\\Models\\producto_Model')
 4 APPPATH\Controllers\producto_controller.php(441): CodeIgniter\Autoloader\Autoloader->loadClass('App\\Models\\producto_Model')
 5 APPPATH\Controllers\producto_controller.php(186): App\Controllers\producto_controller->reglasUpdate('122')
 6 SYSTEMPATH\CodeIgniter.php(943): App\Controllers\producto_controller->update('122')
 7 SYSTEMPATH\CodeIgniter.php(503): CodeIgniter\CodeIgniter->runController(Object(App\Controllers\producto_controller))
 8 SYSTEMPATH\CodeIgniter.php(361): CodeIgniter\CodeIgniter->handleRequest(null, Object(Config\Cache), false)
 9 FCPATH\index.php(79): CodeIgniter\CodeIgniter->run()
WARNING - 2026-01-03 23:05:34 --> [DEPRECATED] Optional parameter $categoria_id declared before required parameter $buscar is implicitly treated as a required parameter in APPPATH\Models\producto_Model.php on line 74.
 1 SYSTEMPATH\Autoloader\Autoloader.php(311): include_once('C:\\xampp\\htdocs\\proyecto_espinola_emilia\\system\\Debug\\Exceptions.php')
 2 SYSTEMPATH\Autoloader\Autoloader.php(290): CodeIgniter\Autoloader\Autoloader->includeFile('C:\\xampp\\htdocs\\proyecto_espinola_emilia\\app\\Models\\producto_Model.php')
 3 SYSTEMPATH\Autoloader\Autoloader.php(266): CodeIgniter\Autoloader\Autoloader->loadInNamespace('App\\Models\\producto_Model')
 4 APPPATH\Controllers\producto_controller.php(441): CodeIgniter\Autoloader\Autoloader->loadClass('App\\Models\\producto_Model')
 5 APPPATH\Controllers\producto_controller.php(186): App\Controllers\producto_controller->reglasUpdate('122')
 6 SYSTEMPATH\CodeIgniter.php(943): App\Controllers\producto_controller->update('122')
 7 SYSTEMPATH\CodeIgniter.php(503): CodeIgniter\CodeIgniter->runController(Object(App\Controllers\producto_controller))
 8 SYSTEMPATH\CodeIgniter.php(361): CodeIgniter\CodeIgniter->handleRequest(null, Object(Config\Cache), false)
 9 FCPATH\index.php(79): CodeIgniter\CodeIgniter->run()
INFO - 2026-01-03 23:05:35 --> Session: Class initialized using 'CodeIgniter\Session\Handlers\FileHandler' driver.
WARNING - 2026-01-03 23:05:35 --> [DEPRECATED] Optional parameter $colores declared before required parameter $buscar is implicitly treated as a required parameter in APPPATH\Models\producto_Model.php on line 74.
 1 SYSTEMPATH\Autoloader\Autoloader.php(311): include_once('C:\\xampp\\htdocs\\proyecto_espinola_emilia\\system\\Debug\\Exceptions.php')
 2 SYSTEMPATH\Autoloader\Autoloader.php(290): CodeIgniter\Autoloader\Autoloader->includeFile('C:\\xampp\\htdocs\\proyecto_espinola_emilia\\app\\Models\\producto_Model.php')
 3 SYSTEMPATH\Autoloader\Autoloader.php(266): CodeIgniter\Autoloader\Autoloader->loadInNamespace('App\\Models\\producto_Model')
 4 APPPATH\Controllers\producto_controller.php(14): CodeIgniter\Autoloader\Autoloader->loadClass('App\\Models\\producto_Model')
 5 SYSTEMPATH\CodeIgniter.php(943): App\Controllers\producto_controller->index()
 6 SYSTEMPATH\CodeIgniter.php(503): CodeIgniter\CodeIgniter->runController(Object(App\Controllers\producto_controller))
 7 SYSTEMPATH\CodeIgniter.php(361): CodeIgniter\CodeIgniter->handleRequest(null, Object(Config\Cache), false)
 8 FCPATH\index.php(79): CodeIgniter\CodeIgniter->run()
WARNING - 2026-01-03 23:05:35 --> [DEPRECATED] Optional parameter $talles declared before required parameter $buscar is implicitly treated as a required parameter in APPPATH\Models\producto_Model.php on line 74.
 1 SYSTEMPATH\Autoloader\Autoloader.php(311): include_once('C:\\xampp\\htdocs\\proyecto_espinola_emilia\\system\\Debug\\Exceptions.php')
 2 SYSTEMPATH\Autoloader\Autoloader.php(290): CodeIgniter\Autoloader\Autoloader->includeFile('C:\\xampp\\htdocs\\proyecto_espinola_emilia\\app\\Models\\producto_Model.php')
 3 SYSTEMPATH\Autoloader\Autoloader.php(266): CodeIgniter\Autoloader\Autoloader->loadInNamespace('App\\Models\\producto_Model')
 4 APPPATH\Controllers\producto_controller.php(14): CodeIgniter\Autoloader\Autoloader->loadClass('App\\Models\\producto_Model')
 5 SYSTEMPATH\CodeIgniter.php(943): App\Controllers\producto_controller->index()
 6 SYSTEMPATH\CodeIgniter.php(503): CodeIgniter\CodeIgniter->runController(Object(App\Controllers\producto_controller))
 7 SYSTEMPATH\CodeIgniter.php(361): CodeIgniter\CodeIgniter->handleRequest(null, Object(Config\Cache), false)
 8 FCPATH\index.php(79): CodeIgniter\CodeIgniter->run()
WARNING - 2026-01-03 23:05:35 --> [DEPRECATED] Optional parameter $categoria_id declared before required parameter $buscar is implicitly treated as a required parameter in APPPATH\Models\producto_Model.php on line 74.
 1 SYSTEMPATH\Autoloader\Autoloader.php(311): include_once('C:\\xampp\\htdocs\\proyecto_espinola_emilia\\system\\Debug\\Exceptions.php')
 2 SYSTEMPATH\Autoloader\Autoloader.php(290): CodeIgniter\Autoloader\Autoloader->includeFile('C:\\xampp\\htdocs\\proyecto_espinola_emilia\\app\\Models\\producto_Model.php')
 3 SYSTEMPATH\Autoloader\Autoloader.php(266): CodeIgniter\Autoloader\Autoloader->loadInNamespace('App\\Models\\producto_Model')
 4 APPPATH\Controllers\producto_controller.php(14): CodeIgniter\Autoloader\Autoloader->loadClass('App\\Models\\producto_Model')
 5 SYSTEMPATH\CodeIgniter.php(943): App\Controllers\producto_controller->index()
 6 SYSTEMPATH\CodeIgniter.php(503): CodeIgniter\CodeIgniter->runController(Object(App\Controllers\producto_controller))
 7 SYSTEMPATH\CodeIgniter.php(361): CodeIgniter\CodeIgniter->handleRequest(null, Object(Config\Cache), false)
 8 FCPATH\index.php(79): CodeIgniter\CodeIgniter->run()
INFO - 2026-01-03 23:05:47 --> Session: Class initialized using 'CodeIgniter\Session\Handlers\FileHandler' driver.
WARNING - 2026-01-03 23:05:47 --> [DEPRECATED] Optional parameter $colores declared before required parameter $buscar is implicitly treated as a required parameter in APPPATH\Models\producto_Model.php on line 74.
 1 SYSTEMPATH\Autoloader\Autoloader.php(311): include_once('C:\\xampp\\htdocs\\proyecto_espinola_emilia\\system\\Debug\\Exceptions.php')
 2 SYSTEMPATH\Autoloader\Autoloader.php(290): CodeIgniter\Autoloader\Autoloader->includeFile('C:\\xampp\\htdocs\\proyecto_espinola_emilia\\app\\Models\\producto_Model.php')
 3 SYSTEMPATH\Autoloader\Autoloader.php(266): CodeIgniter\Autoloader\Autoloader->loadInNamespace('App\\Models\\producto_Model')
 4 APPPATH\Controllers\producto_controller.php(130): CodeIgniter\Autoloader\Autoloader->loadClass('App\\Models\\producto_Model')
 5 SYSTEMPATH\CodeIgniter.php(943): App\Controllers\producto_controller->edit('122')
 6 SYSTEMPATH\CodeIgniter.php(503): CodeIgniter\CodeIgniter->runController(Object(App\Controllers\producto_controller))
 7 SYSTEMPATH\CodeIgniter.php(361): CodeIgniter\CodeIgniter->handleRequest(null, Object(Config\Cache), false)
 8 FCPATH\index.php(79): CodeIgniter\CodeIgniter->run()
WARNING - 2026-01-03 23:05:47 --> [DEPRECATED] Optional parameter $talles declared before required parameter $buscar is implicitly treated as a required parameter in APPPATH\Models\producto_Model.php on line 74.
 1 SYSTEMPATH\Autoloader\Autoloader.php(311): include_once('C:\\xampp\\htdocs\\proyecto_espinola_emilia\\system\\Debug\\Exceptions.php')
 2 SYSTEMPATH\Autoloader\Autoloader.php(290): CodeIgniter\Autoloader\Autoloader->includeFile('C:\\xampp\\htdocs\\proyecto_espinola_emilia\\app\\Models\\producto_Model.php')
 3 SYSTEMPATH\Autoloader\Autoloader.php(266): CodeIgniter\Autoloader\Autoloader->loadInNamespace('App\\Models\\producto_Model')
 4 APPPATH\Controllers\producto_controller.php(130): CodeIgniter\Autoloader\Autoloader->loadClass('App\\Models\\producto_Model')
 5 SYSTEMPATH\CodeIgniter.php(943): App\Controllers\producto_controller->edit('122')
 6 SYSTEMPATH\CodeIgniter.php(503): CodeIgniter\CodeIgniter->runController(Object(App\Controllers\producto_controller))
 7 SYSTEMPATH\CodeIgniter.php(361): CodeIgniter\CodeIgniter->handleRequest(null, Object(Config\Cache), false)
 8 FCPATH\index.php(79): CodeIgniter\CodeIgniter->run()
WARNING - 2026-01-03 23:05:47 --> [DEPRECATED] Optional parameter $categoria_id declared before required parameter $buscar is implicitly treated as a required parameter in APPPATH\Models\producto_Model.php on line 74.
 1 SYSTEMPATH\Autoloader\Autoloader.php(311): include_once('C:\\xampp\\htdocs\\proyecto_espinola_emilia\\system\\Debug\\Exceptions.php')
 2 SYSTEMPATH\Autoloader\Autoloader.php(290): CodeIgniter\Autoloader\Autoloader->includeFile('C:\\xampp\\htdocs\\proyecto_espinola_emilia\\app\\Models\\producto_Model.php')
 3 SYSTEMPATH\Autoloader\Autoloader.php(266): CodeIgniter\Autoloader\Autoloader->loadInNamespace('App\\Models\\producto_Model')
 4 APPPATH\Controllers\producto_controller.php(130): CodeIgniter\Autoloader\Autoloader->loadClass('App\\Models\\producto_Model')
 5 SYSTEMPATH\CodeIgniter.php(943): App\Controllers\producto_controller->edit('122')
 6 SYSTEMPATH\CodeIgniter.php(503): CodeIgniter\CodeIgniter->runController(Object(App\Controllers\producto_controller))
 7 SYSTEMPATH\CodeIgniter.php(361): CodeIgniter\CodeIgniter->handleRequest(null, Object(Config\Cache), false)
 8 FCPATH\index.php(79): CodeIgniter\CodeIgniter->run()
INFO - 2026-01-03 23:06:14 --> Session: Class initialized using 'CodeIgniter\Session\Handlers\FileHandler' driver.
INFO - 2026-01-03 23:06:15 --> Session: Class initialized using 'CodeIgniter\Session\Handlers\FileHandler' driver.
WARNING - 2026-01-03 23:06:15 --> [DEPRECATED] Optional parameter $colores declared before required parameter $buscar is implicitly treated as a required parameter in APPPATH\Models\producto_Model.php on line 74.
 1 SYSTEMPATH\Autoloader\Autoloader.php(311): include_once('C:\\xampp\\htdocs\\proyecto_espinola_emilia\\system\\Debug\\Exceptions.php')
 2 SYSTEMPATH\Autoloader\Autoloader.php(290): CodeIgniter\Autoloader\Autoloader->includeFile('C:\\xampp\\htdocs\\proyecto_espinola_emilia\\app\\Models\\producto_Model.php')
 3 SYSTEMPATH\Autoloader\Autoloader.php(266): CodeIgniter\Autoloader\Autoloader->loadInNamespace('App\\Models\\producto_Model')
 4 APPPATH\Controllers\producto_controller.php(130): CodeIgniter\Autoloader\Autoloader->loadClass('App\\Models\\producto_Model')
 5 SYSTEMPATH\CodeIgniter.php(943): App\Controllers\producto_controller->edit('122')
 6 SYSTEMPATH\CodeIgniter.php(503): CodeIgniter\CodeIgniter->runController(Object(App\Controllers\producto_controller))
 7 SYSTEMPATH\CodeIgniter.php(361): CodeIgniter\CodeIgniter->handleRequest(null, Object(Config\Cache), false)
 8 FCPATH\index.php(79): CodeIgniter\CodeIgniter->run()
WARNING - 2026-01-03 23:06:15 --> [DEPRECATED] Optional parameter $talles declared before required parameter $buscar is implicitly treated as a required parameter in APPPATH\Models\producto_Model.php on line 74.
 1 SYSTEMPATH\Autoloader\Autoloader.php(311): include_once('C:\\xampp\\htdocs\\proyecto_espinola_emilia\\system\\Debug\\Exceptions.php')
 2 SYSTEMPATH\Autoloader\Autoloader.php(290): CodeIgniter\Autoloader\Autoloader->includeFile('C:\\xampp\\htdocs\\proyecto_espinola_emilia\\app\\Models\\producto_Model.php')
 3 SYSTEMPATH\Autoloader\Autoloader.php(266): CodeIgniter\Autoloader\Autoloader->loadInNamespace('App\\Models\\producto_Model')
 4 APPPATH\Controllers\producto_controller.php(130): CodeIgniter\Autoloader\Autoloader->loadClass('App\\Models\\producto_Model')
 5 SYSTEMPATH\CodeIgniter.php(943): App\Controllers\producto_controller->edit('122')
 6 SYSTEMPATH\CodeIgniter.php(503): CodeIgniter\CodeIgniter->runController(Object(App\Controllers\producto_controller))
 7 SYSTEMPATH\CodeIgniter.php(361): CodeIgniter\CodeIgniter->handleRequest(null, Object(Config\Cache), false)
 8 FCPATH\index.php(79): CodeIgniter\CodeIgniter->run()
WARNING - 2026-01-03 23:06:15 --> [DEPRECATED] Optional parameter $categoria_id declared before required parameter $buscar is implicitly treated as a required parameter in APPPATH\Models\producto_Model.php on line 74.
 1 SYSTEMPATH\Autoloader\Autoloader.php(311): include_once('C:\\xampp\\htdocs\\proyecto_espinola_emilia\\system\\Debug\\Exceptions.php')
 2 SYSTEMPATH\Autoloader\Autoloader.php(290): CodeIgniter\Autoloader\Autoloader->includeFile('C:\\xampp\\htdocs\\proyecto_espinola_emilia\\app\\Models\\producto_Model.php')
 3 SYSTEMPATH\Autoloader\Autoloader.php(266): CodeIgniter\Autoloader\Autoloader->loadInNamespace('App\\Models\\producto_Model')
 4 APPPATH\Controllers\producto_controller.php(130): CodeIgniter\Autoloader\Autoloader->loadClass('App\\Models\\producto_Model')
 5 SYSTEMPATH\CodeIgniter.php(943): App\Controllers\producto_controller->edit('122')
 6 SYSTEMPATH\CodeIgniter.php(503): CodeIgniter\CodeIgniter->runController(Object(App\Controllers\producto_controller))
 7 SYSTEMPATH\CodeIgniter.php(361): CodeIgniter\CodeIgniter->handleRequest(null, Object(Config\Cache), false)
 8 FCPATH\index.php(79): CodeIgniter\CodeIgniter->run()
INFO - 2026-01-03 23:06:19 --> Session: Class initialized using 'CodeIgniter\Session\Handlers\FileHandler' driver.
WARNING - 2026-01-03 23:06:19 --> [DEPRECATED] Optional parameter $colores declared before required parameter $buscar is implicitly treated as a required parameter in APPPATH\Models\producto_Model.php on line 74.
 1 SYSTEMPATH\Autoloader\Autoloader.php(311): include_once('C:\\xampp\\htdocs\\proyecto_espinola_emilia\\system\\Debug\\Exceptions.php')
 2 SYSTEMPATH\Autoloader\Autoloader.php(290): CodeIgniter\Autoloader\Autoloader->includeFile('C:\\xampp\\htdocs\\proyecto_espinola_emilia\\app\\Models\\producto_Model.php')
 3 SYSTEMPATH\Autoloader\Autoloader.php(266): CodeIgniter\Autoloader\Autoloader->loadInNamespace('App\\Models\\producto_Model')
 4 APPPATH\Controllers\producto_controller.php(441): CodeIgniter\Autoloader\Autoloader->loadClass('App\\Models\\producto_Model')
 5 APPPATH\Controllers\producto_controller.php(186): App\Controllers\producto_controller->reglasUpdate('122')
 6 SYSTEMPATH\CodeIgniter.php(943): App\Controllers\producto_controller->update('122')
 7 SYSTEMPATH\CodeIgniter.php(503): CodeIgniter\CodeIgniter->runController(Object(App\Controllers\producto_controller))
 8 SYSTEMPATH\CodeIgniter.php(361): CodeIgniter\CodeIgniter->handleRequest(null, Object(Config\Cache), false)
 9 FCPATH\index.php(79): CodeIgniter\CodeIgniter->run()
WARNING - 2026-01-03 23:06:19 --> [DEPRECATED] Optional parameter $talles declared before required parameter $buscar is implicitly treated as a required parameter in APPPATH\Models\producto_Model.php on line 74.
 1 SYSTEMPATH\Autoloader\Autoloader.php(311): include_once('C:\\xampp\\htdocs\\proyecto_espinola_emilia\\system\\Debug\\Exceptions.php')
 2 SYSTEMPATH\Autoloader\Autoloader.php(290): CodeIgniter\Autoloader\Autoloader->includeFile('C:\\xampp\\htdocs\\proyecto_espinola_emilia\\app\\Models\\producto_Model.php')
 3 SYSTEMPATH\Autoloader\Autoloader.php(266): CodeIgniter\Autoloader\Autoloader->loadInNamespace('App\\Models\\producto_Model')
 4 APPPATH\Controllers\producto_controller.php(441): CodeIgniter\Autoloader\Autoloader->loadClass('App\\Models\\producto_Model')
 5 APPPATH\Controllers\producto_controller.php(186): App\Controllers\producto_controller->reglasUpdate('122')
 6 SYSTEMPATH\CodeIgniter.php(943): App\Controllers\producto_controller->update('122')
 7 SYSTEMPATH\CodeIgniter.php(503): CodeIgniter\CodeIgniter->runController(Object(App\Controllers\producto_controller))
 8 SYSTEMPATH\CodeIgniter.php(361): CodeIgniter\CodeIgniter->handleRequest(null, Object(Config\Cache), false)
 9 FCPATH\index.php(79): CodeIgniter\CodeIgniter->run()
WARNING - 2026-01-03 23:06:19 --> [DEPRECATED] Optional parameter $categoria_id declared before required parameter $buscar is implicitly treated as a required parameter in APPPATH\Models\producto_Model.php on line 74.
 1 SYSTEMPATH\Autoloader\Autoloader.php(311): include_once('C:\\xampp\\htdocs\\proyecto_espinola_emilia\\system\\Debug\\Exceptions.php')
 2 SYSTEMPATH\Autoloader\Autoloader.php(290): CodeIgniter\Autoloader\Autoloader->includeFile('C:\\xampp\\htdocs\\proyecto_espinola_emilia\\app\\Models\\producto_Model.php')
 3 SYSTEMPATH\Autoloader\Autoloader.php(266): CodeIgniter\Autoloader\Autoloader->loadInNamespace('App\\Models\\producto_Model')
 4 APPPATH\Controllers\producto_controller.php(441): CodeIgniter\Autoloader\Autoloader->loadClass('App\\Models\\producto_Model')
 5 APPPATH\Controllers\producto_controller.php(186): App\Controllers\producto_controller->reglasUpdate('122')
 6 SYSTEMPATH\CodeIgniter.php(943): App\Controllers\producto_controller->update('122')
 7 SYSTEMPATH\CodeIgniter.php(503): CodeIgniter\CodeIgniter->runController(Object(App\Controllers\producto_controller))
 8 SYSTEMPATH\CodeIgniter.php(361): CodeIgniter\CodeIgniter->handleRequest(null, Object(Config\Cache), false)
 9 FCPATH\index.php(79): CodeIgniter\CodeIgniter->run()
INFO - 2026-01-03 23:06:19 --> Session: Class initialized using 'CodeIgniter\Session\Handlers\FileHandler' driver.
WARNING - 2026-01-03 23:06:19 --> [DEPRECATED] Optional parameter $colores declared before required parameter $buscar is implicitly treated as a required parameter in APPPATH\Models\producto_Model.php on line 74.
 1 SYSTEMPATH\Autoloader\Autoloader.php(311): include_once('C:\\xampp\\htdocs\\proyecto_espinola_emilia\\system\\Debug\\Exceptions.php')
 2 SYSTEMPATH\Autoloader\Autoloader.php(290): CodeIgniter\Autoloader\Autoloader->includeFile('C:\\xampp\\htdocs\\proyecto_espinola_emilia\\app\\Models\\producto_Model.php')
 3 SYSTEMPATH\Autoloader\Autoloader.php(266): CodeIgniter\Autoloader\Autoloader->loadInNamespace('App\\Models\\producto_Model')
 4 APPPATH\Controllers\producto_controller.php(14): CodeIgniter\Autoloader\Autoloader->loadClass('App\\Models\\producto_Model')
 5 SYSTEMPATH\CodeIgniter.php(943): App\Controllers\producto_controller->index()
 6 SYSTEMPATH\CodeIgniter.php(503): CodeIgniter\CodeIgniter->runController(Object(App\Controllers\producto_controller))
 7 SYSTEMPATH\CodeIgniter.php(361): CodeIgniter\CodeIgniter->handleRequest(null, Object(Config\Cache), false)
 8 FCPATH\index.php(79): CodeIgniter\CodeIgniter->run()
WARNING - 2026-01-03 23:06:19 --> [DEPRECATED] Optional parameter $talles declared before required parameter $buscar is implicitly treated as a required parameter in APPPATH\Models\producto_Model.php on line 74.
 1 SYSTEMPATH\Autoloader\Autoloader.php(311): include_once('C:\\xampp\\htdocs\\proyecto_espinola_emilia\\system\\Debug\\Exceptions.php')
 2 SYSTEMPATH\Autoloader\Autoloader.php(290): CodeIgniter\Autoloader\Autoloader->includeFile('C:\\xampp\\htdocs\\proyecto_espinola_emilia\\app\\Models\\producto_Model.php')
 3 SYSTEMPATH\Autoloader\Autoloader.php(266): CodeIgniter\Autoloader\Autoloader->loadInNamespace('App\\Models\\producto_Model')
 4 APPPATH\Controllers\producto_controller.php(14): CodeIgniter\Autoloader\Autoloader->loadClass('App\\Models\\producto_Model')
 5 SYSTEMPATH\CodeIgniter.php(943): App\Controllers\producto_controller->index()
 6 SYSTEMPATH\CodeIgniter.php(503): CodeIgniter\CodeIgniter->runController(Object(App\Controllers\producto_controller))
 7 SYSTEMPATH\CodeIgniter.php(361): CodeIgniter\CodeIgniter->handleRequest(null, Object(Config\Cache), false)
 8 FCPATH\index.php(79): CodeIgniter\CodeIgniter->run()
WARNING - 2026-01-03 23:06:19 --> [DEPRECATED] Optional parameter $categoria_id declared before required parameter $buscar is implicitly treated as a required parameter in APPPATH\Models\producto_Model.php on line 74.
 1 SYSTEMPATH\Autoloader\Autoloader.php(311): include_once('C:\\xampp\\htdocs\\proyecto_espinola_emilia\\system\\Debug\\Exceptions.php')
 2 SYSTEMPATH\Autoloader\Autoloader.php(290): CodeIgniter\Autoloader\Autoloader->includeFile('C:\\xampp\\htdocs\\proyecto_espinola_emilia\\app\\Models\\producto_Model.php')
 3 SYSTEMPATH\Autoloader\Autoloader.php(266): CodeIgniter\Autoloader\Autoloader->loadInNamespace('App\\Models\\producto_Model')
 4 APPPATH\Controllers\producto_controller.php(14): CodeIgniter\Autoloader\Autoloader->loadClass('App\\Models\\producto_Model')
 5 SYSTEMPATH\CodeIgniter.php(943): App\Controllers\producto_controller->index()
 6 SYSTEMPATH\CodeIgniter.php(503): CodeIgniter\CodeIgniter->runController(Object(App\Controllers\producto_controller))
 7 SYSTEMPATH\CodeIgniter.php(361): CodeIgniter\CodeIgniter->handleRequest(null, Object(Config\Cache), false)
 8 FCPATH\index.php(79): CodeIgniter\CodeIgniter->run()
INFO - 2026-01-03 23:06:23 --> Session: Class initialized using 'CodeIgniter\Session\Handlers\FileHandler' driver.
WARNING - 2026-01-03 23:06:23 --> [DEPRECATED] Optional parameter $colores declared before required parameter $buscar is implicitly treated as a required parameter in APPPATH\Models\producto_Model.php on line 74.
 1 SYSTEMPATH\Autoloader\Autoloader.php(311): include_once('C:\\xampp\\htdocs\\proyecto_espinola_emilia\\system\\Debug\\Exceptions.php')
 2 SYSTEMPATH\Autoloader\Autoloader.php(290): CodeIgniter\Autoloader\Autoloader->includeFile('C:\\xampp\\htdocs\\proyecto_espinola_emilia\\app\\Models\\producto_Model.php')
 3 SYSTEMPATH\Autoloader\Autoloader.php(266): CodeIgniter\Autoloader\Autoloader->loadInNamespace('App\\Models\\producto_Model')
 4 APPPATH\Controllers\producto_controller.php(130): CodeIgniter\Autoloader\Autoloader->loadClass('App\\Models\\producto_Model')
 5 SYSTEMPATH\CodeIgniter.php(943): App\Controllers\producto_controller->edit('122')
 6 SYSTEMPATH\CodeIgniter.php(503): CodeIgniter\CodeIgniter->runController(Object(App\Controllers\producto_controller))
 7 SYSTEMPATH\CodeIgniter.php(361): CodeIgniter\CodeIgniter->handleRequest(null, Object(Config\Cache), false)
 8 FCPATH\index.php(79): CodeIgniter\CodeIgniter->run()
WARNING - 2026-01-03 23:06:23 --> [DEPRECATED] Optional parameter $talles declared before required parameter $buscar is implicitly treated as a required parameter in APPPATH\Models\producto_Model.php on line 74.
 1 SYSTEMPATH\Autoloader\Autoloader.php(311): include_once('C:\\xampp\\htdocs\\proyecto_espinola_emilia\\system\\Debug\\Exceptions.php')
 2 SYSTEMPATH\Autoloader\Autoloader.php(290): CodeIgniter\Autoloader\Autoloader->includeFile('C:\\xampp\\htdocs\\proyecto_espinola_emilia\\app\\Models\\producto_Model.php')
 3 SYSTEMPATH\Autoloader\Autoloader.php(266): CodeIgniter\Autoloader\Autoloader->loadInNamespace('App\\Models\\producto_Model')
 4 APPPATH\Controllers\producto_controller.php(130): CodeIgniter\Autoloader\Autoloader->loadClass('App\\Models\\producto_Model')
 5 SYSTEMPATH\CodeIgniter.php(943): App\Controllers\producto_controller->edit('122')
 6 SYSTEMPATH\CodeIgniter.php(503): CodeIgniter\CodeIgniter->runController(Object(App\Controllers\producto_controller))
 7 SYSTEMPATH\CodeIgniter.php(361): CodeIgniter\CodeIgniter->handleRequest(null, Object(Config\Cache), false)
 8 FCPATH\index.php(79): CodeIgniter\CodeIgniter->run()
WARNING - 2026-01-03 23:06:23 --> [DEPRECATED] Optional parameter $categoria_id declared before required parameter $buscar is implicitly treated as a required parameter in APPPATH\Models\producto_Model.php on line 74.
 1 SYSTEMPATH\Autoloader\Autoloader.php(311): include_once('C:\\xampp\\htdocs\\proyecto_espinola_emilia\\system\\Debug\\Exceptions.php')
 2 SYSTEMPATH\Autoloader\Autoloader.php(290): CodeIgniter\Autoloader\Autoloader->includeFile('C:\\xampp\\htdocs\\proyecto_espinola_emilia\\app\\Models\\producto_Model.php')
 3 SYSTEMPATH\Autoloader\Autoloader.php(266): CodeIgniter\Autoloader\Autoloader->loadInNamespace('App\\Models\\producto_Model')
 4 APPPATH\Controllers\producto_controller.php(130): CodeIgniter\Autoloader\Autoloader->loadClass('App\\Models\\producto_Model')
 5 SYSTEMPATH\CodeIgniter.php(943): App\Controllers\producto_controller->edit('122')
 6 SYSTEMPATH\CodeIgniter.php(503): CodeIgniter\CodeIgniter->runController(Object(App\Controllers\producto_controller))
 7 SYSTEMPATH\CodeIgniter.php(361): CodeIgniter\CodeIgniter->handleRequest(null, Object(Config\Cache), false)
 8 FCPATH\index.php(79): CodeIgniter\CodeIgniter->run()
INFO - 2026-01-03 23:07:00 --> Session: Class initialized using 'CodeIgniter\Session\Handlers\FileHandler' driver.
WARNING - 2026-01-03 23:07:00 --> [DEPRECATED] Optional parameter $colores declared before required parameter $buscar is implicitly treated as a required parameter in APPPATH\Models\producto_Model.php on line 74.
 1 SYSTEMPATH\Autoloader\Autoloader.php(311): include_once('C:\\xampp\\htdocs\\proyecto_espinola_emilia\\system\\Debug\\Exceptions.php')
 2 SYSTEMPATH\Autoloader\Autoloader.php(290): CodeIgniter\Autoloader\Autoloader->includeFile('C:\\xampp\\htdocs\\proyecto_espinola_emilia\\app\\Models\\producto_Model.php')
 3 SYSTEMPATH\Autoloader\Autoloader.php(266): CodeIgniter\Autoloader\Autoloader->loadInNamespace('App\\Models\\producto_Model')
 4 APPPATH\Controllers\producto_controller.php(441): CodeIgniter\Autoloader\Autoloader->loadClass('App\\Models\\producto_Model')
 5 APPPATH\Controllers\producto_controller.php(186): App\Controllers\producto_controller->reglasUpdate('122')
 6 SYSTEMPATH\CodeIgniter.php(943): App\Controllers\producto_controller->update('122')
 7 SYSTEMPATH\CodeIgniter.php(503): CodeIgniter\CodeIgniter->runController(Object(App\Controllers\producto_controller))
 8 SYSTEMPATH\CodeIgniter.php(361): CodeIgniter\CodeIgniter->handleRequest(null, Object(Config\Cache), false)
 9 FCPATH\index.php(79): CodeIgniter\CodeIgniter->run()
WARNING - 2026-01-03 23:07:00 --> [DEPRECATED] Optional parameter $talles declared before required parameter $buscar is implicitly treated as a required parameter in APPPATH\Models\producto_Model.php on line 74.
 1 SYSTEMPATH\Autoloader\Autoloader.php(311): include_once('C:\\xampp\\htdocs\\proyecto_espinola_emilia\\system\\Debug\\Exceptions.php')
 2 SYSTEMPATH\Autoloader\Autoloader.php(290): CodeIgniter\Autoloader\Autoloader->includeFile('C:\\xampp\\htdocs\\proyecto_espinola_emilia\\app\\Models\\producto_Model.php')
 3 SYSTEMPATH\Autoloader\Autoloader.php(266): CodeIgniter\Autoloader\Autoloader->loadInNamespace('App\\Models\\producto_Model')
 4 APPPATH\Controllers\producto_controller.php(441): CodeIgniter\Autoloader\Autoloader->loadClass('App\\Models\\producto_Model')
 5 APPPATH\Controllers\producto_controller.php(186): App\Controllers\producto_controller->reglasUpdate('122')
 6 SYSTEMPATH\CodeIgniter.php(943): App\Controllers\producto_controller->update('122')
 7 SYSTEMPATH\CodeIgniter.php(503): CodeIgniter\CodeIgniter->runController(Object(App\Controllers\producto_controller))
 8 SYSTEMPATH\CodeIgniter.php(361): CodeIgniter\CodeIgniter->handleRequest(null, Object(Config\Cache), false)
 9 FCPATH\index.php(79): CodeIgniter\CodeIgniter->run()
WARNING - 2026-01-03 23:07:00 --> [DEPRECATED] Optional parameter $categoria_id declared before required parameter $buscar is implicitly treated as a required parameter in APPPATH\Models\producto_Model.php on line 74.
 1 SYSTEMPATH\Autoloader\Autoloader.php(311): include_once('C:\\xampp\\htdocs\\proyecto_espinola_emilia\\system\\Debug\\Exceptions.php')
 2 SYSTEMPATH\Autoloader\Autoloader.php(290): CodeIgniter\Autoloader\Autoloader->includeFile('C:\\xampp\\htdocs\\proyecto_espinola_emilia\\app\\Models\\producto_Model.php')
 3 SYSTEMPATH\Autoloader\Autoloader.php(266): CodeIgniter\Autoloader\Autoloader->loadInNamespace('App\\Models\\producto_Model')
 4 APPPATH\Controllers\producto_controller.php(441): CodeIgniter\Autoloader\Autoloader->loadClass('App\\Models\\producto_Model')
 5 APPPATH\Controllers\producto_controller.php(186): App\Controllers\producto_controller->reglasUpdate('122')
 6 SYSTEMPATH\CodeIgniter.php(943): App\Controllers\producto_controller->update('122')
 7 SYSTEMPATH\CodeIgniter.php(503): CodeIgniter\CodeIgniter->runController(Object(App\Controllers\producto_controller))
 8 SYSTEMPATH\CodeIgniter.php(361): CodeIgniter\CodeIgniter->handleRequest(null, Object(Config\Cache), false)
 9 FCPATH\index.php(79): CodeIgniter\CodeIgniter->run()
INFO - 2026-01-03 23:07:01 --> Session: Class initialized using 'CodeIgniter\Session\Handlers\FileHandler' driver.
WARNING - 2026-01-03 23:07:01 --> [DEPRECATED] Optional parameter $colores declared before required parameter $buscar is implicitly treated as a required parameter in APPPATH\Models\producto_Model.php on line 74.
 1 SYSTEMPATH\Autoloader\Autoloader.php(311): include_once('C:\\xampp\\htdocs\\proyecto_espinola_emilia\\system\\Debug\\Exceptions.php')
 2 SYSTEMPATH\Autoloader\Autoloader.php(290): CodeIgniter\Autoloader\Autoloader->includeFile('C:\\xampp\\htdocs\\proyecto_espinola_emilia\\app\\Models\\producto_Model.php')
 3 SYSTEMPATH\Autoloader\Autoloader.php(266): CodeIgniter\Autoloader\Autoloader->loadInNamespace('App\\Models\\producto_Model')
 4 APPPATH\Controllers\producto_controller.php(14): CodeIgniter\Autoloader\Autoloader->loadClass('App\\Models\\producto_Model')
 5 SYSTEMPATH\CodeIgniter.php(943): App\Controllers\producto_controller->index()
 6 SYSTEMPATH\CodeIgniter.php(503): CodeIgniter\CodeIgniter->runController(Object(App\Controllers\producto_controller))
 7 SYSTEMPATH\CodeIgniter.php(361): CodeIgniter\CodeIgniter->handleRequest(null, Object(Config\Cache), false)
 8 FCPATH\index.php(79): CodeIgniter\CodeIgniter->run()
WARNING - 2026-01-03 23:07:01 --> [DEPRECATED] Optional parameter $talles declared before required parameter $buscar is implicitly treated as a required parameter in APPPATH\Models\producto_Model.php on line 74.
 1 SYSTEMPATH\Autoloader\Autoloader.php(311): include_once('C:\\xampp\\htdocs\\proyecto_espinola_emilia\\system\\Debug\\Exceptions.php')
 2 SYSTEMPATH\Autoloader\Autoloader.php(290): CodeIgniter\Autoloader\Autoloader->includeFile('C:\\xampp\\htdocs\\proyecto_espinola_emilia\\app\\Models\\producto_Model.php')
 3 SYSTEMPATH\Autoloader\Autoloader.php(266): CodeIgniter\Autoloader\Autoloader->loadInNamespace('App\\Models\\producto_Model')
 4 APPPATH\Controllers\producto_controller.php(14): CodeIgniter\Autoloader\Autoloader->loadClass('App\\Models\\producto_Model')
 5 SYSTEMPATH\CodeIgniter.php(943): App\Controllers\producto_controller->index()
 6 SYSTEMPATH\CodeIgniter.php(503): CodeIgniter\CodeIgniter->runController(Object(App\Controllers\producto_controller))
 7 SYSTEMPATH\CodeIgniter.php(361): CodeIgniter\CodeIgniter->handleRequest(null, Object(Config\Cache), false)
 8 FCPATH\index.php(79): CodeIgniter\CodeIgniter->run()
WARNING - 2026-01-03 23:07:01 --> [DEPRECATED] Optional parameter $categoria_id declared before required parameter $buscar is implicitly treated as a required parameter in APPPATH\Models\producto_Model.php on line 74.
 1 SYSTEMPATH\Autoloader\Autoloader.php(311): include_once('C:\\xampp\\htdocs\\proyecto_espinola_emilia\\system\\Debug\\Exceptions.php')
 2 SYSTEMPATH\Autoloader\Autoloader.php(290): CodeIgniter\Autoloader\Autoloader->includeFile('C:\\xampp\\htdocs\\proyecto_espinola_emilia\\app\\Models\\producto_Model.php')
 3 SYSTEMPATH\Autoloader\Autoloader.php(266): CodeIgniter\Autoloader\Autoloader->loadInNamespace('App\\Models\\producto_Model')
 4 APPPATH\Controllers\producto_controller.php(14): CodeIgniter\Autoloader\Autoloader->loadClass('App\\Models\\producto_Model')
 5 SYSTEMPATH\CodeIgniter.php(943): App\Controllers\producto_controller->index()
 6 SYSTEMPATH\CodeIgniter.php(503): CodeIgniter\CodeIgniter->runController(Object(App\Controllers\producto_controller))
 7 SYSTEMPATH\CodeIgniter.php(361): CodeIgniter\CodeIgniter->handleRequest(null, Object(Config\Cache), false)
 8 FCPATH\index.php(79): CodeIgniter\CodeIgniter->run()
INFO - 2026-01-03 23:07:04 --> Session: Class initialized using 'CodeIgniter\Session\Handlers\FileHandler' driver.
WARNING - 2026-01-03 23:07:04 --> [DEPRECATED] Optional parameter $colores declared before required parameter $buscar is implicitly treated as a required parameter in APPPATH\Models\producto_Model.php on line 74.
 1 SYSTEMPATH\Autoloader\Autoloader.php(311): include_once('C:\\xampp\\htdocs\\proyecto_espinola_emilia\\system\\Debug\\Exceptions.php')
 2 SYSTEMPATH\Autoloader\Autoloader.php(290): CodeIgniter\Autoloader\Autoloader->includeFile('C:\\xampp\\htdocs\\proyecto_espinola_emilia\\app\\Models\\producto_Model.php')
 3 SYSTEMPATH\Autoloader\Autoloader.php(266): CodeIgniter\Autoloader\Autoloader->loadInNamespace('App\\Models\\producto_Model')
 4 APPPATH\Controllers\producto_controller.php(130): CodeIgniter\Autoloader\Autoloader->loadClass('App\\Models\\producto_Model')
 5 SYSTEMPATH\CodeIgniter.php(943): App\Controllers\producto_controller->edit('122')
 6 SYSTEMPATH\CodeIgniter.php(503): CodeIgniter\CodeIgniter->runController(Object(App\Controllers\producto_controller))
 7 SYSTEMPATH\CodeIgniter.php(361): CodeIgniter\CodeIgniter->handleRequest(null, Object(Config\Cache), false)
 8 FCPATH\index.php(79): CodeIgniter\CodeIgniter->run()
WARNING - 2026-01-03 23:07:04 --> [DEPRECATED] Optional parameter $talles declared before required parameter $buscar is implicitly treated as a required parameter in APPPATH\Models\producto_Model.php on line 74.
 1 SYSTEMPATH\Autoloader\Autoloader.php(311): include_once('C:\\xampp\\htdocs\\proyecto_espinola_emilia\\system\\Debug\\Exceptions.php')
 2 SYSTEMPATH\Autoloader\Autoloader.php(290): CodeIgniter\Autoloader\Autoloader->includeFile('C:\\xampp\\htdocs\\proyecto_espinola_emilia\\app\\Models\\producto_Model.php')
 3 SYSTEMPATH\Autoloader\Autoloader.php(266): CodeIgniter\Autoloader\Autoloader->loadInNamespace('App\\Models\\producto_Model')
 4 APPPATH\Controllers\producto_controller.php(130): CodeIgniter\Autoloader\Autoloader->loadClass('App\\Models\\producto_Model')
 5 SYSTEMPATH\CodeIgniter.php(943): App\Controllers\producto_controller->edit('122')
 6 SYSTEMPATH\CodeIgniter.php(503): CodeIgniter\CodeIgniter->runController(Object(App\Controllers\producto_controller))
 7 SYSTEMPATH\CodeIgniter.php(361): CodeIgniter\CodeIgniter->handleRequest(null, Object(Config\Cache), false)
 8 FCPATH\index.php(79): CodeIgniter\CodeIgniter->run()
WARNING - 2026-01-03 23:07:04 --> [DEPRECATED] Optional parameter $categoria_id declared before required parameter $buscar is implicitly treated as a required parameter in APPPATH\Models\producto_Model.php on line 74.
 1 SYSTEMPATH\Autoloader\Autoloader.php(311): include_once('C:\\xampp\\htdocs\\proyecto_espinola_emilia\\system\\Debug\\Exceptions.php')
 2 SYSTEMPATH\Autoloader\Autoloader.php(290): CodeIgniter\Autoloader\Autoloader->includeFile('C:\\xampp\\htdocs\\proyecto_espinola_emilia\\app\\Models\\producto_Model.php')
 3 SYSTEMPATH\Autoloader\Autoloader.php(266): CodeIgniter\Autoloader\Autoloader->loadInNamespace('App\\Models\\producto_Model')
 4 APPPATH\Controllers\producto_controller.php(130): CodeIgniter\Autoloader\Autoloader->loadClass('App\\Models\\producto_Model')
 5 SYSTEMPATH\CodeIgniter.php(943): App\Controllers\producto_controller->edit('122')
 6 SYSTEMPATH\CodeIgniter.php(503): CodeIgniter\CodeIgniter->runController(Object(App\Controllers\producto_controller))
 7 SYSTEMPATH\CodeIgniter.php(361): CodeIgniter\CodeIgniter->handleRequest(null, Object(Config\Cache), false)
 8 FCPATH\index.php(79): CodeIgniter\CodeIgniter->run()
INFO - 2026-01-03 23:07:48 --> Session: Class initialized using 'CodeIgniter\Session\Handlers\FileHandler' driver.
WARNING - 2026-01-03 23:07:48 --> [DEPRECATED] Optional parameter $colores declared before required parameter $buscar is implicitly treated as a required parameter in APPPATH\Models\producto_Model.php on line 74.
 1 SYSTEMPATH\Autoloader\Autoloader.php(311): include_once('C:\\xampp\\htdocs\\proyecto_espinola_emilia\\system\\Debug\\Exceptions.php')
 2 SYSTEMPATH\Autoloader\Autoloader.php(290): CodeIgniter\Autoloader\Autoloader->includeFile('C:\\xampp\\htdocs\\proyecto_espinola_emilia\\app\\Models\\producto_Model.php')
 3 SYSTEMPATH\Autoloader\Autoloader.php(266): CodeIgniter\Autoloader\Autoloader->loadInNamespace('App\\Models\\producto_Model')
 4 APPPATH\Controllers\producto_controller.php(441): CodeIgniter\Autoloader\Autoloader->loadClass('App\\Models\\producto_Model')
 5 APPPATH\Controllers\producto_controller.php(186): App\Controllers\producto_controller->reglasUpdate('122')
 6 SYSTEMPATH\CodeIgniter.php(943): App\Controllers\producto_controller->update('122')
 7 SYSTEMPATH\CodeIgniter.php(503): CodeIgniter\CodeIgniter->runController(Object(App\Controllers\producto_controller))
 8 SYSTEMPATH\CodeIgniter.php(361): CodeIgniter\CodeIgniter->handleRequest(null, Object(Config\Cache), false)
 9 FCPATH\index.php(79): CodeIgniter\CodeIgniter->run()
WARNING - 2026-01-03 23:07:48 --> [DEPRECATED] Optional parameter $talles declared before required parameter $buscar is implicitly treated as a required parameter in APPPATH\Models\producto_Model.php on line 74.
 1 SYSTEMPATH\Autoloader\Autoloader.php(311): include_once('C:\\xampp\\htdocs\\proyecto_espinola_emilia\\system\\Debug\\Exceptions.php')
 2 SYSTEMPATH\Autoloader\Autoloader.php(290): CodeIgniter\Autoloader\Autoloader->includeFile('C:\\xampp\\htdocs\\proyecto_espinola_emilia\\app\\Models\\producto_Model.php')
 3 SYSTEMPATH\Autoloader\Autoloader.php(266): CodeIgniter\Autoloader\Autoloader->loadInNamespace('App\\Models\\producto_Model')
 4 APPPATH\Controllers\producto_controller.php(441): CodeIgniter\Autoloader\Autoloader->loadClass('App\\Models\\producto_Model')
 5 APPPATH\Controllers\producto_controller.php(186): App\Controllers\producto_controller->reglasUpdate('122')
 6 SYSTEMPATH\CodeIgniter.php(943): App\Controllers\producto_controller->update('122')
 7 SYSTEMPATH\CodeIgniter.php(503): CodeIgniter\CodeIgniter->runController(Object(App\Controllers\producto_controller))
 8 SYSTEMPATH\CodeIgniter.php(361): CodeIgniter\CodeIgniter->handleRequest(null, Object(Config\Cache), false)
 9 FCPATH\index.php(79): CodeIgniter\CodeIgniter->run()
WARNING - 2026-01-03 23:07:48 --> [DEPRECATED] Optional parameter $categoria_id declared before required parameter $buscar is implicitly treated as a required parameter in APPPATH\Models\producto_Model.php on line 74.
 1 SYSTEMPATH\Autoloader\Autoloader.php(311): include_once('C:\\xampp\\htdocs\\proyecto_espinola_emilia\\system\\Debug\\Exceptions.php')
 2 SYSTEMPATH\Autoloader\Autoloader.php(290): CodeIgniter\Autoloader\Autoloader->includeFile('C:\\xampp\\htdocs\\proyecto_espinola_emilia\\app\\Models\\producto_Model.php')
 3 SYSTEMPATH\Autoloader\Autoloader.php(266): CodeIgniter\Autoloader\Autoloader->loadInNamespace('App\\Models\\producto_Model')
 4 APPPATH\Controllers\producto_controller.php(441): CodeIgniter\Autoloader\Autoloader->loadClass('App\\Models\\producto_Model')
 5 APPPATH\Controllers\producto_controller.php(186): App\Controllers\producto_controller->reglasUpdate('122')
 6 SYSTEMPATH\CodeIgniter.php(943): App\Controllers\producto_controller->update('122')
 7 SYSTEMPATH\CodeIgniter.php(503): CodeIgniter\CodeIgniter->runController(Object(App\Controllers\producto_controller))
 8 SYSTEMPATH\CodeIgniter.php(361): CodeIgniter\CodeIgniter->handleRequest(null, Object(Config\Cache), false)
 9 FCPATH\index.php(79): CodeIgniter\CodeIgniter->run()
INFO - 2026-01-03 23:07:48 --> Session: Class initialized using 'CodeIgniter\Session\Handlers\FileHandler' driver.
WARNING - 2026-01-03 23:07:48 --> [DEPRECATED] Optional parameter $colores declared before required parameter $buscar is implicitly treated as a required parameter in APPPATH\Models\producto_Model.php on line 74.
 1 SYSTEMPATH\Autoloader\Autoloader.php(311): include_once('C:\\xampp\\htdocs\\proyecto_espinola_emilia\\system\\Debug\\Exceptions.php')
 2 SYSTEMPATH\Autoloader\Autoloader.php(290): CodeIgniter\Autoloader\Autoloader->includeFile('C:\\xampp\\htdocs\\proyecto_espinola_emilia\\app\\Models\\producto_Model.php')
 3 SYSTEMPATH\Autoloader\Autoloader.php(266): CodeIgniter\Autoloader\Autoloader->loadInNamespace('App\\Models\\producto_Model')
 4 APPPATH\Controllers\producto_controller.php(14): CodeIgniter\Autoloader\Autoloader->loadClass('App\\Models\\producto_Model')
 5 SYSTEMPATH\CodeIgniter.php(943): App\Controllers\producto_controller->index()
 6 SYSTEMPATH\CodeIgniter.php(503): CodeIgniter\CodeIgniter->runController(Object(App\Controllers\producto_controller))
 7 SYSTEMPATH\CodeIgniter.php(361): CodeIgniter\CodeIgniter->handleRequest(null, Object(Config\Cache), false)
 8 FCPATH\index.php(79): CodeIgniter\CodeIgniter->run()
WARNING - 2026-01-03 23:07:48 --> [DEPRECATED] Optional parameter $talles declared before required parameter $buscar is implicitly treated as a required parameter in APPPATH\Models\producto_Model.php on line 74.
 1 SYSTEMPATH\Autoloader\Autoloader.php(311): include_once('C:\\xampp\\htdocs\\proyecto_espinola_emilia\\system\\Debug\\Exceptions.php')
 2 SYSTEMPATH\Autoloader\Autoloader.php(290): CodeIgniter\Autoloader\Autoloader->includeFile('C:\\xampp\\htdocs\\proyecto_espinola_emilia\\app\\Models\\producto_Model.php')
 3 SYSTEMPATH\Autoloader\Autoloader.php(266): CodeIgniter\Autoloader\Autoloader->loadInNamespace('App\\Models\\producto_Model')
 4 APPPATH\Controllers\producto_controller.php(14): CodeIgniter\Autoloader\Autoloader->loadClass('App\\Models\\producto_Model')
 5 SYSTEMPATH\CodeIgniter.php(943): App\Controllers\producto_controller->index()
 6 SYSTEMPATH\CodeIgniter.php(503): CodeIgniter\CodeIgniter->runController(Object(App\Controllers\producto_controller))
 7 SYSTEMPATH\CodeIgniter.php(361): CodeIgniter\CodeIgniter->handleRequest(null, Object(Config\Cache), false)
 8 FCPATH\index.php(79): CodeIgniter\CodeIgniter->run()
WARNING - 2026-01-03 23:07:48 --> [DEPRECATED] Optional parameter $categoria_id declared before required parameter $buscar is implicitly treated as a required parameter in APPPATH\Models\producto_Model.php on line 74.
 1 SYSTEMPATH\Autoloader\Autoloader.php(311): include_once('C:\\xampp\\htdocs\\proyecto_espinola_emilia\\system\\Debug\\Exceptions.php')
 2 SYSTEMPATH\Autoloader\Autoloader.php(290): CodeIgniter\Autoloader\Autoloader->includeFile('C:\\xampp\\htdocs\\proyecto_espinola_emilia\\app\\Models\\producto_Model.php')
 3 SYSTEMPATH\Autoloader\Autoloader.php(266): CodeIgniter\Autoloader\Autoloader->loadInNamespace('App\\Models\\producto_Model')
 4 APPPATH\Controllers\producto_controller.php(14): CodeIgniter\Autoloader\Autoloader->loadClass('App\\Models\\producto_Model')
 5 SYSTEMPATH\CodeIgniter.php(943): App\Controllers\producto_controller->index()
 6 SYSTEMPATH\CodeIgniter.php(503): CodeIgniter\CodeIgniter->runController(Object(App\Controllers\producto_controller))
 7 SYSTEMPATH\CodeIgniter.php(361): CodeIgniter\CodeIgniter->handleRequest(null, Object(Config\Cache), false)
 8 FCPATH\index.php(79): CodeIgniter\CodeIgniter->run()
INFO - 2026-01-03 23:07:53 --> Session: Class initialized using 'CodeIgniter\Session\Handlers\FileHandler' driver.
WARNING - 2026-01-03 23:07:53 --> [DEPRECATED] Optional parameter $colores declared before required parameter $buscar is implicitly treated as a required parameter in APPPATH\Models\producto_Model.php on line 74.
 1 SYSTEMPATH\Autoloader\Autoloader.php(311): include_once('C:\\xampp\\htdocs\\proyecto_espinola_emilia\\system\\Debug\\Exceptions.php')
 2 SYSTEMPATH\Autoloader\Autoloader.php(290): CodeIgniter\Autoloader\Autoloader->includeFile('C:\\xampp\\htdocs\\proyecto_espinola_emilia\\app\\Models\\producto_Model.php')
 3 SYSTEMPATH\Autoloader\Autoloader.php(266): CodeIgniter\Autoloader\Autoloader->loadInNamespace('App\\Models\\producto_Model')
 4 APPPATH\Controllers\producto_controller.php(130): CodeIgniter\Autoloader\Autoloader->loadClass('App\\Models\\producto_Model')
 5 SYSTEMPATH\CodeIgniter.php(943): App\Controllers\producto_controller->edit('122')
 6 SYSTEMPATH\CodeIgniter.php(503): CodeIgniter\CodeIgniter->runController(Object(App\Controllers\producto_controller))
 7 SYSTEMPATH\CodeIgniter.php(361): CodeIgniter\CodeIgniter->handleRequest(null, Object(Config\Cache), false)
 8 FCPATH\index.php(79): CodeIgniter\CodeIgniter->run()
WARNING - 2026-01-03 23:07:53 --> [DEPRECATED] Optional parameter $talles declared before required parameter $buscar is implicitly treated as a required parameter in APPPATH\Models\producto_Model.php on line 74.
 1 SYSTEMPATH\Autoloader\Autoloader.php(311): include_once('C:\\xampp\\htdocs\\proyecto_espinola_emilia\\system\\Debug\\Exceptions.php')
 2 SYSTEMPATH\Autoloader\Autoloader.php(290): CodeIgniter\Autoloader\Autoloader->includeFile('C:\\xampp\\htdocs\\proyecto_espinola_emilia\\app\\Models\\producto_Model.php')
 3 SYSTEMPATH\Autoloader\Autoloader.php(266): CodeIgniter\Autoloader\Autoloader->loadInNamespace('App\\Models\\producto_Model')
 4 APPPATH\Controllers\producto_controller.php(130): CodeIgniter\Autoloader\Autoloader->loadClass('App\\Models\\producto_Model')
 5 SYSTEMPATH\CodeIgniter.php(943): App\Controllers\producto_controller->edit('122')
 6 SYSTEMPATH\CodeIgniter.php(503): CodeIgniter\CodeIgniter->runController(Object(App\Controllers\producto_controller))
 7 SYSTEMPATH\CodeIgniter.php(361): CodeIgniter\CodeIgniter->handleRequest(null, Object(Config\Cache), false)
 8 FCPATH\index.php(79): CodeIgniter\CodeIgniter->run()
WARNING - 2026-01-03 23:07:53 --> [DEPRECATED] Optional parameter $categoria_id declared before required parameter $buscar is implicitly treated as a required parameter in APPPATH\Models\producto_Model.php on line 74.
 1 SYSTEMPATH\Autoloader\Autoloader.php(311): include_once('C:\\xampp\\htdocs\\proyecto_espinola_emilia\\system\\Debug\\Exceptions.php')
 2 SYSTEMPATH\Autoloader\Autoloader.php(290): CodeIgniter\Autoloader\Autoloader->includeFile('C:\\xampp\\htdocs\\proyecto_espinola_emilia\\app\\Models\\producto_Model.php')
 3 SYSTEMPATH\Autoloader\Autoloader.php(266): CodeIgniter\Autoloader\Autoloader->loadInNamespace('App\\Models\\producto_Model')
 4 APPPATH\Controllers\producto_controller.php(130): CodeIgniter\Autoloader\Autoloader->loadClass('App\\Models\\producto_Model')
 5 SYSTEMPATH\CodeIgniter.php(943): App\Controllers\producto_controller->edit('122')
 6 SYSTEMPATH\CodeIgniter.php(503): CodeIgniter\CodeIgniter->runController(Object(App\Controllers\producto_controller))
 7 SYSTEMPATH\CodeIgniter.php(361): CodeIgniter\CodeIgniter->handleRequest(null, Object(Config\Cache), false)
 8 FCPATH\index.php(79): CodeIgniter\CodeIgniter->run()
INFO - 2026-01-03 23:08:33 --> Session: Class initialized using 'CodeIgniter\Session\Handlers\FileHandler' driver.
WARNING - 2026-01-03 23:08:33 --> [DEPRECATED] Optional parameter $colores declared before required parameter $buscar is implicitly treated as a required parameter in APPPATH\Models\producto_Model.php on line 74.
 1 SYSTEMPATH\Autoloader\Autoloader.php(311): include_once('C:\\xampp\\htdocs\\proyecto_espinola_emilia\\system\\Debug\\Exceptions.php')
 2 SYSTEMPATH\Autoloader\Autoloader.php(290): CodeIgniter\Autoloader\Autoloader->includeFile('C:\\xampp\\htdocs\\proyecto_espinola_emilia\\app\\Models\\producto_Model.php')
 3 SYSTEMPATH\Autoloader\Autoloader.php(266): CodeIgniter\Autoloader\Autoloader->loadInNamespace('App\\Models\\producto_Model')
 4 APPPATH\Controllers\producto_controller.php(14): CodeIgniter\Autoloader\Autoloader->loadClass('App\\Models\\producto_Model')
 5 SYSTEMPATH\CodeIgniter.php(943): App\Controllers\producto_controller->index()
 6 SYSTEMPATH\CodeIgniter.php(503): CodeIgniter\CodeIgniter->runController(Object(App\Controllers\producto_controller))
 7 SYSTEMPATH\CodeIgniter.php(361): CodeIgniter\CodeIgniter->handleRequest(null, Object(Config\Cache), false)
 8 FCPATH\index.php(79): CodeIgniter\CodeIgniter->run()
WARNING - 2026-01-03 23:08:33 --> [DEPRECATED] Optional parameter $talles declared before required parameter $buscar is implicitly treated as a required parameter in APPPATH\Models\producto_Model.php on line 74.
 1 SYSTEMPATH\Autoloader\Autoloader.php(311): include_once('C:\\xampp\\htdocs\\proyecto_espinola_emilia\\system\\Debug\\Exceptions.php')
 2 SYSTEMPATH\Autoloader\Autoloader.php(290): CodeIgniter\Autoloader\Autoloader->includeFile('C:\\xampp\\htdocs\\proyecto_espinola_emilia\\app\\Models\\producto_Model.php')
 3 SYSTEMPATH\Autoloader\Autoloader.php(266): CodeIgniter\Autoloader\Autoloader->loadInNamespace('App\\Models\\producto_Model')
 4 APPPATH\Controllers\producto_controller.php(14): CodeIgniter\Autoloader\Autoloader->loadClass('App\\Models\\producto_Model')
 5 SYSTEMPATH\CodeIgniter.php(943): App\Controllers\producto_controller->index()
 6 SYSTEMPATH\CodeIgniter.php(503): CodeIgniter\CodeIgniter->runController(Object(App\Controllers\producto_controller))
 7 SYSTEMPATH\CodeIgniter.php(361): CodeIgniter\CodeIgniter->handleRequest(null, Object(Config\Cache), false)
 8 FCPATH\index.php(79): CodeIgniter\CodeIgniter->run()
WARNING - 2026-01-03 23:08:33 --> [DEPRECATED] Optional parameter $categoria_id declared before required parameter $buscar is implicitly treated as a required parameter in APPPATH\Models\producto_Model.php on line 74.
 1 SYSTEMPATH\Autoloader\Autoloader.php(311): include_once('C:\\xampp\\htdocs\\proyecto_espinola_emilia\\system\\Debug\\Exceptions.php')
 2 SYSTEMPATH\Autoloader\Autoloader.php(290): CodeIgniter\Autoloader\Autoloader->includeFile('C:\\xampp\\htdocs\\proyecto_espinola_emilia\\app\\Models\\producto_Model.php')
 3 SYSTEMPATH\Autoloader\Autoloader.php(266): CodeIgniter\Autoloader\Autoloader->loadInNamespace('App\\Models\\producto_Model')
 4 APPPATH\Controllers\producto_controller.php(14): CodeIgniter\Autoloader\Autoloader->loadClass('App\\Models\\producto_Model')
 5 SYSTEMPATH\CodeIgniter.php(943): App\Controllers\producto_controller->index()
 6 SYSTEMPATH\CodeIgniter.php(503): CodeIgniter\CodeIgniter->runController(Object(App\Controllers\producto_controller))
 7 SYSTEMPATH\CodeIgniter.php(361): CodeIgniter\CodeIgniter->handleRequest(null, Object(Config\Cache), false)
 8 FCPATH\index.php(79): CodeIgniter\CodeIgniter->run()
INFO - 2026-01-03 23:08:38 --> Session: Class initialized using 'CodeIgniter\Session\Handlers\FileHandler' driver.
INFO - 2026-01-03 23:10:06 --> Session: Class initialized using 'CodeIgniter\Session\Handlers\FileHandler' driver.
WARNING - 2026-01-03 23:10:36 --> [DEPRECATED] Optional parameter $colores declared before required parameter $buscar is implicitly treated as a required parameter in APPPATH\Models\producto_Model.php on line 74.
 1 SYSTEMPATH\Autoloader\Autoloader.php(311): include_once('C:\\xampp\\htdocs\\proyecto_espinola_emilia\\system\\Debug\\Exceptions.php')
 2 SYSTEMPATH\Autoloader\Autoloader.php(290): CodeIgniter\Autoloader\Autoloader->includeFile('C:\\xampp\\htdocs\\proyecto_espinola_emilia\\app\\Models\\producto_Model.php')
 3 SYSTEMPATH\Autoloader\Autoloader.php(266): CodeIgniter\Autoloader\Autoloader->loadInNamespace('App\\Models\\producto_Model')
 4 APPPATH\Controllers\producto_controller.php(98): CodeIgniter\Autoloader\Autoloader->loadClass('App\\Models\\producto_Model')
 5 SYSTEMPATH\CodeIgniter.php(943): App\Controllers\producto_controller->create()
 6 SYSTEMPATH\CodeIgniter.php(503): CodeIgniter\CodeIgniter->runController(Object(App\Controllers\producto_controller))
 7 SYSTEMPATH\CodeIgniter.php(361): CodeIgniter\CodeIgniter->handleRequest(null, Object(Config\Cache), false)
 8 FCPATH\index.php(79): CodeIgniter\CodeIgniter->run()
WARNING - 2026-01-03 23:10:36 --> [DEPRECATED] Optional parameter $talles declared before required parameter $buscar is implicitly treated as a required parameter in APPPATH\Models\producto_Model.php on line 0.
 1 SYSTEMPATH\Autoloader\Autoloader.php(311): include_once('C:\\xampp\\htdocs\\proyecto_espinola_emilia\\system\\Debug\\Exceptions.php')
 2 SYSTEMPATH\Autoloader\Autoloader.php(290): CodeIgniter\Autoloader\Autoloader->includeFile('C:\\xampp\\htdocs\\proyecto_espinola_emilia\\app\\Models\\producto_Model.php')
 3 SYSTEMPATH\Autoloader\Autoloader.php(266): CodeIgniter\Autoloader\Autoloader->loadInNamespace('App\\Models\\producto_Model')
 4 APPPATH\Controllers\producto_controller.php(98): CodeIgniter\Autoloader\Autoloader->loadClass('App\\Models\\producto_Model')
 5 SYSTEMPATH\CodeIgniter.php(943): App\Controllers\producto_controller->create()
 6 SYSTEMPATH\CodeIgniter.php(503): CodeIgniter\CodeIgniter->runController(Object(App\Controllers\producto_controller))
 7 SYSTEMPATH\CodeIgniter.php(361): CodeIgniter\CodeIgniter->handleRequest(null, Object(Config\Cache), false)
 8 FCPATH\index.php(79): CodeIgniter\CodeIgniter->run()
WARNING - 2026-01-03 23:10:36 --> [DEPRECATED] Optional parameter $categoria_id declared before required parameter $buscar is implicitly treated as a required parameter in APPPATH\Models\producto_Model.php on line 0.
 1 SYSTEMPATH\Autoloader\Autoloader.php(311): include_once('C:\\xampp\\htdocs\\proyecto_espinola_emilia\\system\\Debug\\Exceptions.php')
 2 SYSTEMPATH\Autoloader\Autoloader.php(290): CodeIgniter\Autoloader\Autoloader->includeFile('C:\\xampp\\htdocs\\proyecto_espinola_emilia\\app\\Models\\producto_Model.php')
 3 SYSTEMPATH\Autoloader\Autoloader.php(266): CodeIgniter\Autoloader\Autoloader->loadInNamespace('App\\Models\\producto_Model')
 4 APPPATH\Controllers\producto_controller.php(98): CodeIgniter\Autoloader\Autoloader->loadClass('App\\Models\\producto_Model')
 5 SYSTEMPATH\CodeIgniter.php(943): App\Controllers\producto_controller->create()
 6 SYSTEMPATH\CodeIgniter.php(503): CodeIgniter\CodeIgniter->runController(Object(App\Controllers\producto_controller))
 7 SYSTEMPATH\CodeIgniter.php(361): CodeIgniter\CodeIgniter->handleRequest(null, Object(Config\Cache), false)
 8 FCPATH\index.php(79): CodeIgniter\CodeIgniter->run()
INFO - 2026-01-03 23:10:36 --> Session: Class initialized using 'CodeIgniter\Session\Handlers\FileHandler' driver.
WARNING - 2026-01-03 23:10:36 --> [DEPRECATED] Optional parameter $colores declared before required parameter $buscar is implicitly treated as a required parameter in APPPATH\Models\producto_Model.php on line 74.
 1 SYSTEMPATH\Autoloader\Autoloader.php(311): include_once('C:\\xampp\\htdocs\\proyecto_espinola_emilia\\system\\Debug\\Exceptions.php')
 2 SYSTEMPATH\Autoloader\Autoloader.php(290): CodeIgniter\Autoloader\Autoloader->includeFile('C:\\xampp\\htdocs\\proyecto_espinola_emilia\\app\\Models\\producto_Model.php')
 3 SYSTEMPATH\Autoloader\Autoloader.php(266): CodeIgniter\Autoloader\Autoloader->loadInNamespace('App\\Models\\producto_Model')
 4 APPPATH\Controllers\producto_controller.php(14): CodeIgniter\Autoloader\Autoloader->loadClass('App\\Models\\producto_Model')
 5 SYSTEMPATH\CodeIgniter.php(943): App\Controllers\producto_controller->index()
 6 SYSTEMPATH\CodeIgniter.php(503): CodeIgniter\CodeIgniter->runController(Object(App\Controllers\producto_controller))
 7 SYSTEMPATH\CodeIgniter.php(361): CodeIgniter\CodeIgniter->handleRequest(null, Object(Config\Cache), false)
 8 FCPATH\index.php(79): CodeIgniter\CodeIgniter->run()
WARNING - 2026-01-03 23:10:36 --> [DEPRECATED] Optional parameter $talles declared before required parameter $buscar is implicitly treated as a required parameter in APPPATH\Models\producto_Model.php on line 74.
 1 SYSTEMPATH\Autoloader\Autoloader.php(311): include_once('C:\\xampp\\htdocs\\proyecto_espinola_emilia\\system\\Debug\\Exceptions.php')
 2 SYSTEMPATH\Autoloader\Autoloader.php(290): CodeIgniter\Autoloader\Autoloader->includeFile('C:\\xampp\\htdocs\\proyecto_espinola_emilia\\app\\Models\\producto_Model.php')
 3 SYSTEMPATH\Autoloader\Autoloader.php(266): CodeIgniter\Autoloader\Autoloader->loadInNamespace('App\\Models\\producto_Model')
 4 APPPATH\Controllers\producto_controller.php(14): CodeIgniter\Autoloader\Autoloader->loadClass('App\\Models\\producto_Model')
 5 SYSTEMPATH\CodeIgniter.php(943): App\Controllers\producto_controller->index()
 6 SYSTEMPATH\CodeIgniter.php(503): CodeIgniter\CodeIgniter->runController(Object(App\Controllers\producto_controller))
 7 SYSTEMPATH\CodeIgniter.php(361): CodeIgniter\CodeIgniter->handleRequest(null, Object(Config\Cache), false)
 8 FCPATH\index.php(79): CodeIgniter\CodeIgniter->run()
WARNING - 2026-01-03 23:10:36 --> [DEPRECATED] Optional parameter $categoria_id declared before required parameter $buscar is implicitly treated as a required parameter in APPPATH\Models\producto_Model.php on line 74.
 1 SYSTEMPATH\Autoloader\Autoloader.php(311): include_once('C:\\xampp\\htdocs\\proyecto_espinola_emilia\\system\\Debug\\Exceptions.php')
 2 SYSTEMPATH\Autoloader\Autoloader.php(290): CodeIgniter\Autoloader\Autoloader->includeFile('C:\\xampp\\htdocs\\proyecto_espinola_emilia\\app\\Models\\producto_Model.php')
 3 SYSTEMPATH\Autoloader\Autoloader.php(266): CodeIgniter\Autoloader\Autoloader->loadInNamespace('App\\Models\\producto_Model')
 4 APPPATH\Controllers\producto_controller.php(14): CodeIgniter\Autoloader\Autoloader->loadClass('App\\Models\\producto_Model')
 5 SYSTEMPATH\CodeIgniter.php(943): App\Controllers\producto_controller->index()
 6 SYSTEMPATH\CodeIgniter.php(503): CodeIgniter\CodeIgniter->runController(Object(App\Controllers\producto_controller))
 7 SYSTEMPATH\CodeIgniter.php(361): CodeIgniter\CodeIgniter->handleRequest(null, Object(Config\Cache), false)
 8 FCPATH\index.php(79): CodeIgniter\CodeIgniter->run()
INFO - 2026-01-03 23:10:40 --> Session: Class initialized using 'CodeIgniter\Session\Handlers\FileHandler' driver.
INFO - 2026-01-03 23:11:01 --> Session: Class initialized using 'CodeIgniter\Session\Handlers\FileHandler' driver.
INFO - 2026-01-03 23:11:01 --> Session: Class initialized using 'CodeIgniter\Session\Handlers\FileHandler' driver.
WARNING - 2026-01-03 23:11:33 --> [DEPRECATED] Optional parameter $colores declared before required parameter $buscar is implicitly treated as a required parameter in APPPATH\Models\producto_Model.php on line 74.
 1 SYSTEMPATH\Autoloader\Autoloader.php(311): include_once('C:\\xampp\\htdocs\\proyecto_espinola_emilia\\system\\Debug\\Exceptions.php')
 2 SYSTEMPATH\Autoloader\Autoloader.php(290): CodeIgniter\Autoloader\Autoloader->includeFile('C:\\xampp\\htdocs\\proyecto_espinola_emilia\\app\\Models\\producto_Model.php')
 3 SYSTEMPATH\Autoloader\Autoloader.php(266): CodeIgniter\Autoloader\Autoloader->loadInNamespace('App\\Models\\producto_Model')
 4 APPPATH\Controllers\producto_controller.php(98): CodeIgniter\Autoloader\Autoloader->loadClass('App\\Models\\producto_Model')
 5 SYSTEMPATH\CodeIgniter.php(943): App\Controllers\producto_controller->create()
 6 SYSTEMPATH\CodeIgniter.php(503): CodeIgniter\CodeIgniter->runController(Object(App\Controllers\producto_controller))
 7 SYSTEMPATH\CodeIgniter.php(361): CodeIgniter\CodeIgniter->handleRequest(null, Object(Config\Cache), false)
 8 FCPATH\index.php(79): CodeIgniter\CodeIgniter->run()
WARNING - 2026-01-03 23:11:33 --> [DEPRECATED] Optional parameter $talles declared before required parameter $buscar is implicitly treated as a required parameter in APPPATH\Models\producto_Model.php on line 0.
 1 SYSTEMPATH\Autoloader\Autoloader.php(311): include_once('C:\\xampp\\htdocs\\proyecto_espinola_emilia\\system\\Debug\\Exceptions.php')
 2 SYSTEMPATH\Autoloader\Autoloader.php(290): CodeIgniter\Autoloader\Autoloader->includeFile('C:\\xampp\\htdocs\\proyecto_espinola_emilia\\app\\Models\\producto_Model.php')
 3 SYSTEMPATH\Autoloader\Autoloader.php(266): CodeIgniter\Autoloader\Autoloader->loadInNamespace('App\\Models\\producto_Model')
 4 APPPATH\Controllers\producto_controller.php(98): CodeIgniter\Autoloader\Autoloader->loadClass('App\\Models\\producto_Model')
 5 SYSTEMPATH\CodeIgniter.php(943): App\Controllers\producto_controller->create()
 6 SYSTEMPATH\CodeIgniter.php(503): CodeIgniter\CodeIgniter->runController(Object(App\Controllers\producto_controller))
 7 SYSTEMPATH\CodeIgniter.php(361): CodeIgniter\CodeIgniter->handleRequest(null, Object(Config\Cache), false)
 8 FCPATH\index.php(79): CodeIgniter\CodeIgniter->run()
WARNING - 2026-01-03 23:11:33 --> [DEPRECATED] Optional parameter $categoria_id declared before required parameter $buscar is implicitly treated as a required parameter in APPPATH\Models\producto_Model.php on line 0.
 1 SYSTEMPATH\Autoloader\Autoloader.php(311): include_once('C:\\xampp\\htdocs\\proyecto_espinola_emilia\\system\\Debug\\Exceptions.php')
 2 SYSTEMPATH\Autoloader\Autoloader.php(290): CodeIgniter\Autoloader\Autoloader->includeFile('C:\\xampp\\htdocs\\proyecto_espinola_emilia\\app\\Models\\producto_Model.php')
 3 SYSTEMPATH\Autoloader\Autoloader.php(266): CodeIgniter\Autoloader\Autoloader->loadInNamespace('App\\Models\\producto_Model')
 4 APPPATH\Controllers\producto_controller.php(98): CodeIgniter\Autoloader\Autoloader->loadClass('App\\Models\\producto_Model')
 5 SYSTEMPATH\CodeIgniter.php(943): App\Controllers\producto_controller->create()
 6 SYSTEMPATH\CodeIgniter.php(503): CodeIgniter\CodeIgniter->runController(Object(App\Controllers\producto_controller))
 7 SYSTEMPATH\CodeIgniter.php(361): CodeIgniter\CodeIgniter->handleRequest(null, Object(Config\Cache), false)
 8 FCPATH\index.php(79): CodeIgniter\CodeIgniter->run()
INFO - 2026-01-03 23:11:33 --> Session: Class initialized using 'CodeIgniter\Session\Handlers\FileHandler' driver.
WARNING - 2026-01-03 23:11:33 --> [DEPRECATED] Optional parameter $colores declared before required parameter $buscar is implicitly treated as a required parameter in APPPATH\Models\producto_Model.php on line 74.
 1 SYSTEMPATH\Autoloader\Autoloader.php(311): include_once('C:\\xampp\\htdocs\\proyecto_espinola_emilia\\system\\Debug\\Exceptions.php')
 2 SYSTEMPATH\Autoloader\Autoloader.php(290): CodeIgniter\Autoloader\Autoloader->includeFile('C:\\xampp\\htdocs\\proyecto_espinola_emilia\\app\\Models\\producto_Model.php')
 3 SYSTEMPATH\Autoloader\Autoloader.php(266): CodeIgniter\Autoloader\Autoloader->loadInNamespace('App\\Models\\producto_Model')
 4 APPPATH\Controllers\producto_controller.php(14): CodeIgniter\Autoloader\Autoloader->loadClass('App\\Models\\producto_Model')
 5 SYSTEMPATH\CodeIgniter.php(943): App\Controllers\producto_controller->index()
 6 SYSTEMPATH\CodeIgniter.php(503): CodeIgniter\CodeIgniter->runController(Object(App\Controllers\producto_controller))
 7 SYSTEMPATH\CodeIgniter.php(361): CodeIgniter\CodeIgniter->handleRequest(null, Object(Config\Cache), false)
 8 FCPATH\index.php(79): CodeIgniter\CodeIgniter->run()
WARNING - 2026-01-03 23:11:33 --> [DEPRECATED] Optional parameter $talles declared before required parameter $buscar is implicitly treated as a required parameter in APPPATH\Models\producto_Model.php on line 74.
 1 SYSTEMPATH\Autoloader\Autoloader.php(311): include_once('C:\\xampp\\htdocs\\proyecto_espinola_emilia\\system\\Debug\\Exceptions.php')
 2 SYSTEMPATH\Autoloader\Autoloader.php(290): CodeIgniter\Autoloader\Autoloader->includeFile('C:\\xampp\\htdocs\\proyecto_espinola_emilia\\app\\Models\\producto_Model.php')
 3 SYSTEMPATH\Autoloader\Autoloader.php(266): CodeIgniter\Autoloader\Autoloader->loadInNamespace('App\\Models\\producto_Model')
 4 APPPATH\Controllers\producto_controller.php(14): CodeIgniter\Autoloader\Autoloader->loadClass('App\\Models\\producto_Model')
 5 SYSTEMPATH\CodeIgniter.php(943): App\Controllers\producto_controller->index()
 6 SYSTEMPATH\CodeIgniter.php(503): CodeIgniter\CodeIgniter->runController(Object(App\Controllers\producto_controller))
 7 SYSTEMPATH\CodeIgniter.php(361): CodeIgniter\CodeIgniter->handleRequest(null, Object(Config\Cache), false)
 8 FCPATH\index.php(79): CodeIgniter\CodeIgniter->run()
WARNING - 2026-01-03 23:11:33 --> [DEPRECATED] Optional parameter $categoria_id declared before required parameter $buscar is implicitly treated as a required parameter in APPPATH\Models\producto_Model.php on line 74.
 1 SYSTEMPATH\Autoloader\Autoloader.php(311): include_once('C:\\xampp\\htdocs\\proyecto_espinola_emilia\\system\\Debug\\Exceptions.php')
 2 SYSTEMPATH\Autoloader\Autoloader.php(290): CodeIgniter\Autoloader\Autoloader->includeFile('C:\\xampp\\htdocs\\proyecto_espinola_emilia\\app\\Models\\producto_Model.php')
 3 SYSTEMPATH\Autoloader\Autoloader.php(266): CodeIgniter\Autoloader\Autoloader->loadInNamespace('App\\Models\\producto_Model')
 4 APPPATH\Controllers\producto_controller.php(14): CodeIgniter\Autoloader\Autoloader->loadClass('App\\Models\\producto_Model')
 5 SYSTEMPATH\CodeIgniter.php(943): App\Controllers\producto_controller->index()
 6 SYSTEMPATH\CodeIgniter.php(503): CodeIgniter\CodeIgniter->runController(Object(App\Controllers\producto_controller))
 7 SYSTEMPATH\CodeIgniter.php(361): CodeIgniter\CodeIgniter->handleRequest(null, Object(Config\Cache), false)
 8 FCPATH\index.php(79): CodeIgniter\CodeIgniter->run()
INFO - 2026-01-03 23:12:03 --> Session: Class initialized using 'CodeIgniter\Session\Handlers\FileHandler' driver.
WARNING - 2026-01-03 23:12:03 --> [DEPRECATED] Optional parameter $colores declared before required parameter $buscar is implicitly treated as a required parameter in APPPATH\Models\producto_Model.php on line 74.
 1 SYSTEMPATH\Autoloader\Autoloader.php(311): include_once('C:\\xampp\\htdocs\\proyecto_espinola_emilia\\system\\Debug\\Exceptions.php')
 2 SYSTEMPATH\Autoloader\Autoloader.php(290): CodeIgniter\Autoloader\Autoloader->includeFile('C:\\xampp\\htdocs\\proyecto_espinola_emilia\\app\\Models\\producto_Model.php')
 3 SYSTEMPATH\Autoloader\Autoloader.php(266): CodeIgniter\Autoloader\Autoloader->loadInNamespace('App\\Models\\producto_Model')
 4 APPPATH\Controllers\producto_controller.php(130): CodeIgniter\Autoloader\Autoloader->loadClass('App\\Models\\producto_Model')
 5 SYSTEMPATH\CodeIgniter.php(943): App\Controllers\producto_controller->edit('124')
 6 SYSTEMPATH\CodeIgniter.php(503): CodeIgniter\CodeIgniter->runController(Object(App\Controllers\producto_controller))
 7 SYSTEMPATH\CodeIgniter.php(361): CodeIgniter\CodeIgniter->handleRequest(null, Object(Config\Cache), false)
 8 FCPATH\index.php(79): CodeIgniter\CodeIgniter->run()
WARNING - 2026-01-03 23:12:03 --> [DEPRECATED] Optional parameter $talles declared before required parameter $buscar is implicitly treated as a required parameter in APPPATH\Models\producto_Model.php on line 74.
 1 SYSTEMPATH\Autoloader\Autoloader.php(311): include_once('C:\\xampp\\htdocs\\proyecto_espinola_emilia\\system\\Debug\\Exceptions.php')
 2 SYSTEMPATH\Autoloader\Autoloader.php(290): CodeIgniter\Autoloader\Autoloader->includeFile('C:\\xampp\\htdocs\\proyecto_espinola_emilia\\app\\Models\\producto_Model.php')
 3 SYSTEMPATH\Autoloader\Autoloader.php(266): CodeIgniter\Autoloader\Autoloader->loadInNamespace('App\\Models\\producto_Model')
 4 APPPATH\Controllers\producto_controller.php(130): CodeIgniter\Autoloader\Autoloader->loadClass('App\\Models\\producto_Model')
 5 SYSTEMPATH\CodeIgniter.php(943): App\Controllers\producto_controller->edit('124')
 6 SYSTEMPATH\CodeIgniter.php(503): CodeIgniter\CodeIgniter->runController(Object(App\Controllers\producto_controller))
 7 SYSTEMPATH\CodeIgniter.php(361): CodeIgniter\CodeIgniter->handleRequest(null, Object(Config\Cache), false)
 8 FCPATH\index.php(79): CodeIgniter\CodeIgniter->run()
WARNING - 2026-01-03 23:12:03 --> [DEPRECATED] Optional parameter $categoria_id declared before required parameter $buscar is implicitly treated as a required parameter in APPPATH\Models\producto_Model.php on line 74.
 1 SYSTEMPATH\Autoloader\Autoloader.php(311): include_once('C:\\xampp\\htdocs\\proyecto_espinola_emilia\\system\\Debug\\Exceptions.php')
 2 SYSTEMPATH\Autoloader\Autoloader.php(290): CodeIgniter\Autoloader\Autoloader->includeFile('C:\\xampp\\htdocs\\proyecto_espinola_emilia\\app\\Models\\producto_Model.php')
 3 SYSTEMPATH\Autoloader\Autoloader.php(266): CodeIgniter\Autoloader\Autoloader->loadInNamespace('App\\Models\\producto_Model')
 4 APPPATH\Controllers\producto_controller.php(130): CodeIgniter\Autoloader\Autoloader->loadClass('App\\Models\\producto_Model')
 5 SYSTEMPATH\CodeIgniter.php(943): App\Controllers\producto_controller->edit('124')
 6 SYSTEMPATH\CodeIgniter.php(503): CodeIgniter\CodeIgniter->runController(Object(App\Controllers\producto_controller))
 7 SYSTEMPATH\CodeIgniter.php(361): CodeIgniter\CodeIgniter->handleRequest(null, Object(Config\Cache), false)
 8 FCPATH\index.php(79): CodeIgniter\CodeIgniter->run()
INFO - 2026-01-03 23:12:22 --> Session: Class initialized using 'CodeIgniter\Session\Handlers\FileHandler' driver.
WARNING - 2026-01-03 23:12:22 --> [DEPRECATED] Optional parameter $colores declared before required parameter $buscar is implicitly treated as a required parameter in APPPATH\Models\producto_Model.php on line 74.
 1 SYSTEMPATH\Autoloader\Autoloader.php(311): include_once('C:\\xampp\\htdocs\\proyecto_espinola_emilia\\system\\Debug\\Exceptions.php')
 2 SYSTEMPATH\Autoloader\Autoloader.php(290): CodeIgniter\Autoloader\Autoloader->includeFile('C:\\xampp\\htdocs\\proyecto_espinola_emilia\\app\\Models\\producto_Model.php')
 3 SYSTEMPATH\Autoloader\Autoloader.php(266): CodeIgniter\Autoloader\Autoloader->loadInNamespace('App\\Models\\producto_Model')
 4 APPPATH\Controllers\producto_controller.php(441): CodeIgniter\Autoloader\Autoloader->loadClass('App\\Models\\producto_Model')
 5 APPPATH\Controllers\producto_controller.php(186): App\Controllers\producto_controller->reglasUpdate('124')
 6 SYSTEMPATH\CodeIgniter.php(943): App\Controllers\producto_controller->update('124')
 7 SYSTEMPATH\CodeIgniter.php(503): CodeIgniter\CodeIgniter->runController(Object(App\Controllers\producto_controller))
 8 SYSTEMPATH\CodeIgniter.php(361): CodeIgniter\CodeIgniter->handleRequest(null, Object(Config\Cache), false)
 9 FCPATH\index.php(79): CodeIgniter\CodeIgniter->run()
WARNING - 2026-01-03 23:12:22 --> [DEPRECATED] Optional parameter $talles declared before required parameter $buscar is implicitly treated as a required parameter in APPPATH\Models\producto_Model.php on line 74.
 1 SYSTEMPATH\Autoloader\Autoloader.php(311): include_once('C:\\xampp\\htdocs\\proyecto_espinola_emilia\\system\\Debug\\Exceptions.php')
 2 SYSTEMPATH\Autoloader\Autoloader.php(290): CodeIgniter\Autoloader\Autoloader->includeFile('C:\\xampp\\htdocs\\proyecto_espinola_emilia\\app\\Models\\producto_Model.php')
 3 SYSTEMPATH\Autoloader\Autoloader.php(266): CodeIgniter\Autoloader\Autoloader->loadInNamespace('App\\Models\\producto_Model')
 4 APPPATH\Controllers\producto_controller.php(441): CodeIgniter\Autoloader\Autoloader->loadClass('App\\Models\\producto_Model')
 5 APPPATH\Controllers\producto_controller.php(186): App\Controllers\producto_controller->reglasUpdate('124')
 6 SYSTEMPATH\CodeIgniter.php(943): App\Controllers\producto_controller->update('124')
 7 SYSTEMPATH\CodeIgniter.php(503): CodeIgniter\CodeIgniter->runController(Object(App\Controllers\producto_controller))
 8 SYSTEMPATH\CodeIgniter.php(361): CodeIgniter\CodeIgniter->handleRequest(null, Object(Config\Cache), false)
 9 FCPATH\index.php(79): CodeIgniter\CodeIgniter->run()
WARNING - 2026-01-03 23:12:22 --> [DEPRECATED] Optional parameter $categoria_id declared before required parameter $buscar is implicitly treated as a required parameter in APPPATH\Models\producto_Model.php on line 74.
 1 SYSTEMPATH\Autoloader\Autoloader.php(311): include_once('C:\\xampp\\htdocs\\proyecto_espinola_emilia\\system\\Debug\\Exceptions.php')
 2 SYSTEMPATH\Autoloader\Autoloader.php(290): CodeIgniter\Autoloader\Autoloader->includeFile('C:\\xampp\\htdocs\\proyecto_espinola_emilia\\app\\Models\\producto_Model.php')
 3 SYSTEMPATH\Autoloader\Autoloader.php(266): CodeIgniter\Autoloader\Autoloader->loadInNamespace('App\\Models\\producto_Model')
 4 APPPATH\Controllers\producto_controller.php(441): CodeIgniter\Autoloader\Autoloader->loadClass('App\\Models\\producto_Model')
 5 APPPATH\Controllers\producto_controller.php(186): App\Controllers\producto_controller->reglasUpdate('124')
 6 SYSTEMPATH\CodeIgniter.php(943): App\Controllers\producto_controller->update('124')
 7 SYSTEMPATH\CodeIgniter.php(503): CodeIgniter\CodeIgniter->runController(Object(App\Controllers\producto_controller))
 8 SYSTEMPATH\CodeIgniter.php(361): CodeIgniter\CodeIgniter->handleRequest(null, Object(Config\Cache), false)
 9 FCPATH\index.php(79): CodeIgniter\CodeIgniter->run()
INFO - 2026-01-03 23:12:22 --> Session: Class initialized using 'CodeIgniter\Session\Handlers\FileHandler' driver.
WARNING - 2026-01-03 23:12:22 --> [DEPRECATED] Optional parameter $colores declared before required parameter $buscar is implicitly treated as a required parameter in APPPATH\Models\producto_Model.php on line 74.
 1 SYSTEMPATH\Autoloader\Autoloader.php(311): include_once('C:\\xampp\\htdocs\\proyecto_espinola_emilia\\system\\Debug\\Exceptions.php')
 2 SYSTEMPATH\Autoloader\Autoloader.php(290): CodeIgniter\Autoloader\Autoloader->includeFile('C:\\xampp\\htdocs\\proyecto_espinola_emilia\\app\\Models\\producto_Model.php')
 3 SYSTEMPATH\Autoloader\Autoloader.php(266): CodeIgniter\Autoloader\Autoloader->loadInNamespace('App\\Models\\producto_Model')
 4 APPPATH\Controllers\producto_controller.php(14): CodeIgniter\Autoloader\Autoloader->loadClass('App\\Models\\producto_Model')
 5 SYSTEMPATH\CodeIgniter.php(943): App\Controllers\producto_controller->index()
 6 SYSTEMPATH\CodeIgniter.php(503): CodeIgniter\CodeIgniter->runController(Object(App\Controllers\producto_controller))
 7 SYSTEMPATH\CodeIgniter.php(361): CodeIgniter\CodeIgniter->handleRequest(null, Object(Config\Cache), false)
 8 FCPATH\index.php(79): CodeIgniter\CodeIgniter->run()
WARNING - 2026-01-03 23:12:22 --> [DEPRECATED] Optional parameter $talles declared before required parameter $buscar is implicitly treated as a required parameter in APPPATH\Models\producto_Model.php on line 74.
 1 SYSTEMPATH\Autoloader\Autoloader.php(311): include_once('C:\\xampp\\htdocs\\proyecto_espinola_emilia\\system\\Debug\\Exceptions.php')
 2 SYSTEMPATH\Autoloader\Autoloader.php(290): CodeIgniter\Autoloader\Autoloader->includeFile('C:\\xampp\\htdocs\\proyecto_espinola_emilia\\app\\Models\\producto_Model.php')
 3 SYSTEMPATH\Autoloader\Autoloader.php(266): CodeIgniter\Autoloader\Autoloader->loadInNamespace('App\\Models\\producto_Model')
 4 APPPATH\Controllers\producto_controller.php(14): CodeIgniter\Autoloader\Autoloader->loadClass('App\\Models\\producto_Model')
 5 SYSTEMPATH\CodeIgniter.php(943): App\Controllers\producto_controller->index()
 6 SYSTEMPATH\CodeIgniter.php(503): CodeIgniter\CodeIgniter->runController(Object(App\Controllers\producto_controller))
 7 SYSTEMPATH\CodeIgniter.php(361): CodeIgniter\CodeIgniter->handleRequest(null, Object(Config\Cache), false)
 8 FCPATH\index.php(79): CodeIgniter\CodeIgniter->run()
WARNING - 2026-01-03 23:12:22 --> [DEPRECATED] Optional parameter $categoria_id declared before required parameter $buscar is implicitly treated as a required parameter in APPPATH\Models\producto_Model.php on line 74.
 1 SYSTEMPATH\Autoloader\Autoloader.php(311): include_once('C:\\xampp\\htdocs\\proyecto_espinola_emilia\\system\\Debug\\Exceptions.php')
 2 SYSTEMPATH\Autoloader\Autoloader.php(290): CodeIgniter\Autoloader\Autoloader->includeFile('C:\\xampp\\htdocs\\proyecto_espinola_emilia\\app\\Models\\producto_Model.php')
 3 SYSTEMPATH\Autoloader\Autoloader.php(266): CodeIgniter\Autoloader\Autoloader->loadInNamespace('App\\Models\\producto_Model')
 4 APPPATH\Controllers\producto_controller.php(14): CodeIgniter\Autoloader\Autoloader->loadClass('App\\Models\\producto_Model')
 5 SYSTEMPATH\CodeIgniter.php(943): App\Controllers\producto_controller->index()
 6 SYSTEMPATH\CodeIgniter.php(503): CodeIgniter\CodeIgniter->runController(Object(App\Controllers\producto_controller))
 7 SYSTEMPATH\CodeIgniter.php(361): CodeIgniter\CodeIgniter->handleRequest(null, Object(Config\Cache), false)
 8 FCPATH\index.php(79): CodeIgniter\CodeIgniter->run()
INFO - 2026-01-03 23:12:27 --> Session: Class initialized using 'CodeIgniter\Session\Handlers\FileHandler' driver.
WARNING - 2026-01-03 23:12:27 --> [DEPRECATED] Optional parameter $colores declared before required parameter $buscar is implicitly treated as a required parameter in APPPATH\Models\producto_Model.php on line 74.
 1 SYSTEMPATH\Autoloader\Autoloader.php(311): include_once('C:\\xampp\\htdocs\\proyecto_espinola_emilia\\system\\Debug\\Exceptions.php')
 2 SYSTEMPATH\Autoloader\Autoloader.php(290): CodeIgniter\Autoloader\Autoloader->includeFile('C:\\xampp\\htdocs\\proyecto_espinola_emilia\\app\\Models\\producto_Model.php')
 3 SYSTEMPATH\Autoloader\Autoloader.php(266): CodeIgniter\Autoloader\Autoloader->loadInNamespace('App\\Models\\producto_Model')
 4 APPPATH\Controllers\producto_controller.php(130): CodeIgniter\Autoloader\Autoloader->loadClass('App\\Models\\producto_Model')
 5 SYSTEMPATH\CodeIgniter.php(943): App\Controllers\producto_controller->edit('124')
 6 SYSTEMPATH\CodeIgniter.php(503): CodeIgniter\CodeIgniter->runController(Object(App\Controllers\producto_controller))
 7 SYSTEMPATH\CodeIgniter.php(361): CodeIgniter\CodeIgniter->handleRequest(null, Object(Config\Cache), false)
 8 FCPATH\index.php(79): CodeIgniter\CodeIgniter->run()
WARNING - 2026-01-03 23:12:27 --> [DEPRECATED] Optional parameter $talles declared before required parameter $buscar is implicitly treated as a required parameter in APPPATH\Models\producto_Model.php on line 74.
 1 SYSTEMPATH\Autoloader\Autoloader.php(311): include_once('C:\\xampp\\htdocs\\proyecto_espinola_emilia\\system\\Debug\\Exceptions.php')
 2 SYSTEMPATH\Autoloader\Autoloader.php(290): CodeIgniter\Autoloader\Autoloader->includeFile('C:\\xampp\\htdocs\\proyecto_espinola_emilia\\app\\Models\\producto_Model.php')
 3 SYSTEMPATH\Autoloader\Autoloader.php(266): CodeIgniter\Autoloader\Autoloader->loadInNamespace('App\\Models\\producto_Model')
 4 APPPATH\Controllers\producto_controller.php(130): CodeIgniter\Autoloader\Autoloader->loadClass('App\\Models\\producto_Model')
 5 SYSTEMPATH\CodeIgniter.php(943): App\Controllers\producto_controller->edit('124')
 6 SYSTEMPATH\CodeIgniter.php(503): CodeIgniter\CodeIgniter->runController(Object(App\Controllers\producto_controller))
 7 SYSTEMPATH\CodeIgniter.php(361): CodeIgniter\CodeIgniter->handleRequest(null, Object(Config\Cache), false)
 8 FCPATH\index.php(79): CodeIgniter\CodeIgniter->run()
WARNING - 2026-01-03 23:12:27 --> [DEPRECATED] Optional parameter $categoria_id declared before required parameter $buscar is implicitly treated as a required parameter in APPPATH\Models\producto_Model.php on line 74.
 1 SYSTEMPATH\Autoloader\Autoloader.php(311): include_once('C:\\xampp\\htdocs\\proyecto_espinola_emilia\\system\\Debug\\Exceptions.php')
 2 SYSTEMPATH\Autoloader\Autoloader.php(290): CodeIgniter\Autoloader\Autoloader->includeFile('C:\\xampp\\htdocs\\proyecto_espinola_emilia\\app\\Models\\producto_Model.php')
 3 SYSTEMPATH\Autoloader\Autoloader.php(266): CodeIgniter\Autoloader\Autoloader->loadInNamespace('App\\Models\\producto_Model')
 4 APPPATH\Controllers\producto_controller.php(130): CodeIgniter\Autoloader\Autoloader->loadClass('App\\Models\\producto_Model')
 5 SYSTEMPATH\CodeIgniter.php(943): App\Controllers\producto_controller->edit('124')
 6 SYSTEMPATH\CodeIgniter.php(503): CodeIgniter\CodeIgniter->runController(Object(App\Controllers\producto_controller))
 7 SYSTEMPATH\CodeIgniter.php(361): CodeIgniter\CodeIgniter->handleRequest(null, Object(Config\Cache), false)
 8 FCPATH\index.php(79): CodeIgniter\CodeIgniter->run()
INFO - 2026-01-03 23:13:31 --> Session: Class initialized using 'CodeIgniter\Session\Handlers\FileHandler' driver.
WARNING - 2026-01-03 23:13:31 --> [DEPRECATED] Optional parameter $colores declared before required parameter $buscar is implicitly treated as a required parameter in APPPATH\Models\producto_Model.php on line 74.
 1 SYSTEMPATH\Autoloader\Autoloader.php(311): include_once('C:\\xampp\\htdocs\\proyecto_espinola_emilia\\system\\Debug\\Exceptions.php')
 2 SYSTEMPATH\Autoloader\Autoloader.php(290): CodeIgniter\Autoloader\Autoloader->includeFile('C:\\xampp\\htdocs\\proyecto_espinola_emilia\\app\\Models\\producto_Model.php')
 3 SYSTEMPATH\Autoloader\Autoloader.php(266): CodeIgniter\Autoloader\Autoloader->loadInNamespace('App\\Models\\producto_Model')
 4 APPPATH\Controllers\producto_controller.php(14): CodeIgniter\Autoloader\Autoloader->loadClass('App\\Models\\producto_Model')
 5 SYSTEMPATH\CodeIgniter.php(943): App\Controllers\producto_controller->index()
 6 SYSTEMPATH\CodeIgniter.php(503): CodeIgniter\CodeIgniter->runController(Object(App\Controllers\producto_controller))
 7 SYSTEMPATH\CodeIgniter.php(361): CodeIgniter\CodeIgniter->handleRequest(null, Object(Config\Cache), false)
 8 FCPATH\index.php(79): CodeIgniter\CodeIgniter->run()
WARNING - 2026-01-03 23:13:31 --> [DEPRECATED] Optional parameter $talles declared before required parameter $buscar is implicitly treated as a required parameter in APPPATH\Models\producto_Model.php on line 74.
 1 SYSTEMPATH\Autoloader\Autoloader.php(311): include_once('C:\\xampp\\htdocs\\proyecto_espinola_emilia\\system\\Debug\\Exceptions.php')
 2 SYSTEMPATH\Autoloader\Autoloader.php(290): CodeIgniter\Autoloader\Autoloader->includeFile('C:\\xampp\\htdocs\\proyecto_espinola_emilia\\app\\Models\\producto_Model.php')
 3 SYSTEMPATH\Autoloader\Autoloader.php(266): CodeIgniter\Autoloader\Autoloader->loadInNamespace('App\\Models\\producto_Model')
 4 APPPATH\Controllers\producto_controller.php(14): CodeIgniter\Autoloader\Autoloader->loadClass('App\\Models\\producto_Model')
 5 SYSTEMPATH\CodeIgniter.php(943): App\Controllers\producto_controller->index()
 6 SYSTEMPATH\CodeIgniter.php(503): CodeIgniter\CodeIgniter->runController(Object(App\Controllers\producto_controller))
 7 SYSTEMPATH\CodeIgniter.php(361): CodeIgniter\CodeIgniter->handleRequest(null, Object(Config\Cache), false)
 8 FCPATH\index.php(79): CodeIgniter\CodeIgniter->run()
WARNING - 2026-01-03 23:13:31 --> [DEPRECATED] Optional parameter $categoria_id declared before required parameter $buscar is implicitly treated as a required parameter in APPPATH\Models\producto_Model.php on line 74.
 1 SYSTEMPATH\Autoloader\Autoloader.php(311): include_once('C:\\xampp\\htdocs\\proyecto_espinola_emilia\\system\\Debug\\Exceptions.php')
 2 SYSTEMPATH\Autoloader\Autoloader.php(290): CodeIgniter\Autoloader\Autoloader->includeFile('C:\\xampp\\htdocs\\proyecto_espinola_emilia\\app\\Models\\producto_Model.php')
 3 SYSTEMPATH\Autoloader\Autoloader.php(266): CodeIgniter\Autoloader\Autoloader->loadInNamespace('App\\Models\\producto_Model')
 4 APPPATH\Controllers\producto_controller.php(14): CodeIgniter\Autoloader\Autoloader->loadClass('App\\Models\\producto_Model')
 5 SYSTEMPATH\CodeIgniter.php(943): App\Controllers\producto_controller->index()
 6 SYSTEMPATH\CodeIgniter.php(503): CodeIgniter\CodeIgniter->runController(Object(App\Controllers\producto_controller))
 7 SYSTEMPATH\CodeIgniter.php(361): CodeIgniter\CodeIgniter->handleRequest(null, Object(Config\Cache), false)
 8 FCPATH\index.php(79): CodeIgniter\CodeIgniter->run()
INFO - 2026-01-03 23:17:18 --> Session: Class initialized using 'CodeIgniter\Session\Handlers\FileHandler' driver.
WARNING - 2026-01-03 23:17:18 --> [DEPRECATED] Optional parameter $colores declared before required parameter $buscar is implicitly treated as a required parameter in APPPATH\Models\producto_Model.php on line 74.
 1 SYSTEMPATH\Autoloader\Autoloader.php(311): include_once('C:\\xampp\\htdocs\\proyecto_espinola_emilia\\system\\Debug\\Exceptions.php')
 2 SYSTEMPATH\Autoloader\Autoloader.php(290): CodeIgniter\Autoloader\Autoloader->includeFile('C:\\xampp\\htdocs\\proyecto_espinola_emilia\\app\\Models\\producto_Model.php')
 3 SYSTEMPATH\Autoloader\Autoloader.php(266): CodeIgniter\Autoloader\Autoloader->loadInNamespace('App\\Models\\producto_Model')
 4 APPPATH\Controllers\producto_controller.php(14): CodeIgniter\Autoloader\Autoloader->loadClass('App\\Models\\producto_Model')
 5 SYSTEMPATH\CodeIgniter.php(943): App\Controllers\producto_controller->index()
 6 SYSTEMPATH\CodeIgniter.php(503): CodeIgniter\CodeIgniter->runController(Object(App\Controllers\producto_controller))
 7 SYSTEMPATH\CodeIgniter.php(361): CodeIgniter\CodeIgniter->handleRequest(null, Object(Config\Cache), false)
 8 FCPATH\index.php(79): CodeIgniter\CodeIgniter->run()
WARNING - 2026-01-03 23:17:18 --> [DEPRECATED] Optional parameter $talles declared before required parameter $buscar is implicitly treated as a required parameter in APPPATH\Models\producto_Model.php on line 74.
 1 SYSTEMPATH\Autoloader\Autoloader.php(311): include_once('C:\\xampp\\htdocs\\proyecto_espinola_emilia\\system\\Debug\\Exceptions.php')
 2 SYSTEMPATH\Autoloader\Autoloader.php(290): CodeIgniter\Autoloader\Autoloader->includeFile('C:\\xampp\\htdocs\\proyecto_espinola_emilia\\app\\Models\\producto_Model.php')
 3 SYSTEMPATH\Autoloader\Autoloader.php(266): CodeIgniter\Autoloader\Autoloader->loadInNamespace('App\\Models\\producto_Model')
 4 APPPATH\Controllers\producto_controller.php(14): CodeIgniter\Autoloader\Autoloader->loadClass('App\\Models\\producto_Model')
 5 SYSTEMPATH\CodeIgniter.php(943): App\Controllers\producto_controller->index()
 6 SYSTEMPATH\CodeIgniter.php(503): CodeIgniter\CodeIgniter->runController(Object(App\Controllers\producto_controller))
 7 SYSTEMPATH\CodeIgniter.php(361): CodeIgniter\CodeIgniter->handleRequest(null, Object(Config\Cache), false)
 8 FCPATH\index.php(79): CodeIgniter\CodeIgniter->run()
WARNING - 2026-01-03 23:17:18 --> [DEPRECATED] Optional parameter $categoria_id declared before required parameter $buscar is implicitly treated as a required parameter in APPPATH\Models\producto_Model.php on line 74.
 1 SYSTEMPATH\Autoloader\Autoloader.php(311): include_once('C:\\xampp\\htdocs\\proyecto_espinola_emilia\\system\\Debug\\Exceptions.php')
 2 SYSTEMPATH\Autoloader\Autoloader.php(290): CodeIgniter\Autoloader\Autoloader->includeFile('C:\\xampp\\htdocs\\proyecto_espinola_emilia\\app\\Models\\producto_Model.php')
 3 SYSTEMPATH\Autoloader\Autoloader.php(266): CodeIgniter\Autoloader\Autoloader->loadInNamespace('App\\Models\\producto_Model')
 4 APPPATH\Controllers\producto_controller.php(14): CodeIgniter\Autoloader\Autoloader->loadClass('App\\Models\\producto_Model')
 5 SYSTEMPATH\CodeIgniter.php(943): App\Controllers\producto_controller->index()
 6 SYSTEMPATH\CodeIgniter.php(503): CodeIgniter\CodeIgniter->runController(Object(App\Controllers\producto_controller))
 7 SYSTEMPATH\CodeIgniter.php(361): CodeIgniter\CodeIgniter->handleRequest(null, Object(Config\Cache), false)
 8 FCPATH\index.php(79): CodeIgniter\CodeIgniter->run()
