INFO - 2026-01-11 01:10:31 --> Session: Class initialized using 'CodeIgniter\Session\Handlers\FileHandler' driver.
WARNING - 2026-01-11 01:10:31 --> [DEPRECATED] Optional parameter $colores declared before required parameter $buscar is implicitly treated as a required parameter in APPPATH\Models\producto_Model.php on line 74.
 1 SYSTEMPATH\Autoloader\Autoloader.php(311): include_once('C:\\xampp\\htdocs\\proyecto_espinola_emilia\\system\\Debug\\Exceptions.php')
 2 SYSTEMPATH\Autoloader\Autoloader.php(290): CodeIgniter\Autoloader\Autoloader->includeFile('C:\\xampp\\htdocs\\proyecto_espinola_emilia\\app\\Models\\producto_Model.php')
 3 SYSTEMPATH\Autoloader\Autoloader.php(266): CodeIgniter\Autoloader\Autoloader->loadInNamespace('App\\Models\\producto_Model')
 4 APPPATH\Controllers\Home.php(15): CodeIgniter\Autoloader\Autoloader->loadClass('App\\Models\\producto_Model')
 5 SYSTEMPATH\CodeIgniter.php(943): App\Controllers\Home->inicio()
 6 SYSTEMPATH\CodeIgniter.php(503): CodeIgniter\CodeIgniter->runController(Object(App\Controllers\Home))
 7 SYSTEMPATH\CodeIgniter.php(361): CodeIgniter\CodeIgniter->handleRequest(null, Object(Config\Cache), false)
 8 FCPATH\index.php(79): CodeIgniter\CodeIgniter->run()
WARNING - 2026-01-11 01:10:31 --> [DEPRECATED] Optional parameter $talles declared before required parameter $buscar is implicitly treated as a required parameter in APPPATH\Models\producto_Model.php on line 0.
 1 SYSTEMPATH\Autoloader\Autoloader.php(311): include_once('C:\\xampp\\htdocs\\proyecto_espinola_emilia\\system\\Debug\\Exceptions.php')
 2 SYSTEMPATH\Autoloader\Autoloader.php(290): CodeIgniter\Autoloader\Autoloader->includeFile('C:\\xampp\\htdocs\\proyecto_espinola_emilia\\app\\Models\\producto_Model.php')
 3 SYSTEMPATH\Autoloader\Autoloader.php(266): CodeIgniter\Autoloader\Autoloader->loadInNamespace('App\\Models\\producto_Model')
 4 APPPATH\Controllers\Home.php(15): CodeIgniter\Autoloader\Autoloader->loadClass('App\\Models\\producto_Model')
 5 SYSTEMPATH\CodeIgniter.php(943): App\Controllers\Home->inicio()
 6 SYSTEMPATH\CodeIgniter.php(503): CodeIgniter\CodeIgniter->runController(Object(App\Controllers\Home))
 7 SYSTEMPATH\CodeIgniter.php(361): CodeIgniter\CodeIgniter->handleRequest(null, Object(Config\Cache), false)
 8 FCPATH\index.php(79): CodeIgniter\CodeIgniter->run()
WARNING - 2026-01-11 01:10:31 --> [DEPRECATED] Optional parameter $categoria_id declared before required parameter $buscar is implicitly treated as a required parameter in APPPATH\Models\producto_Model.php on line 0.
 1 SYSTEMPATH\Autoloader\Autoloader.php(311): include_once('C:\\xampp\\htdocs\\proyecto_espinola_emilia\\system\\Debug\\Exceptions.php')
 2 SYSTEMPATH\Autoloader\Autoloader.php(290): CodeIgniter\Autoloader\Autoloader->includeFile('C:\\xampp\\htdocs\\proyecto_espinola_emilia\\app\\Models\\producto_Model.php')
 3 SYSTEMPATH\Autoloader\Autoloader.php(266): CodeIgniter\Autoloader\Autoloader->loadInNamespace('App\\Models\\producto_Model')
 4 APPPATH\Controllers\Home.php(15): CodeIgniter\Autoloader\Autoloader->loadClass('App\\Models\\producto_Model')
 5 SYSTEMPATH\CodeIgniter.php(943): App\Controllers\Home->inicio()
 6 SYSTEMPATH\CodeIgniter.php(503): CodeIgniter\CodeIgniter->runController(Object(App\Controllers\Home))
 7 SYSTEMPATH\CodeIgniter.php(361): CodeIgniter\CodeIgniter->handleRequest(null, Object(Config\Cache), false)
 8 FCPATH\index.php(79): CodeIgniter\CodeIgniter->run()
INFO - 2026-01-11 01:10:31 --> Session: Class initialized using 'CodeIgniter\Session\Handlers\FileHandler' driver.
INFO - 2026-01-11 01:10:45 --> Session: Class initialized using 'CodeIgniter\Session\Handlers\FileHandler' driver.
INFO - 2026-01-11 01:10:50 --> Session: Class initialized using 'CodeIgniter\Session\Handlers\FileHandler' driver.
INFO - 2026-01-11 01:10:50 --> Session: Class initialized using 'CodeIgniter\Session\Handlers\FileHandler' driver.
WARNING - 2026-01-11 01:10:50 --> [DEPRECATED] Optional parameter $colores declared before required parameter $buscar is implicitly treated as a required parameter in APPPATH\Models\producto_Model.php on line 74.
 1 SYSTEMPATH\Autoloader\Autoloader.php(311): include_once('C:\\xampp\\htdocs\\proyecto_espinola_emilia\\system\\Debug\\Exceptions.php')
 2 SYSTEMPATH\Autoloader\Autoloader.php(290): CodeIgniter\Autoloader\Autoloader->includeFile('C:\\xampp\\htdocs\\proyecto_espinola_emilia\\app\\Models\\producto_Model.php')
 3 SYSTEMPATH\Autoloader\Autoloader.php(266): CodeIgniter\Autoloader\Autoloader->loadInNamespace('App\\Models\\producto_Model')
 4 APPPATH\Controllers\producto_controller.php(14): CodeIgniter\Autoloader\Autoloader->loadClass('App\\Models\\producto_Model')
 5 SYSTEMPATH\CodeIgniter.php(943): App\Controllers\producto_controller->index()
 6 SYSTEMPATH\CodeIgniter.php(503): CodeIgniter\CodeIgniter->runController(Object(App\Controllers\producto_controller))
 7 SYSTEMPATH\CodeIgniter.php(361): CodeIgniter\CodeIgniter->handleRequest(null, Object(Config\Cache), false)
 8 FCPATH\index.php(79): CodeIgniter\CodeIgniter->run()
WARNING - 2026-01-11 01:10:50 --> [DEPRECATED] Optional parameter $talles declared before required parameter $buscar is implicitly treated as a required parameter in APPPATH\Models\producto_Model.php on line 74.
 1 SYSTEMPATH\Autoloader\Autoloader.php(311): include_once('C:\\xampp\\htdocs\\proyecto_espinola_emilia\\system\\Debug\\Exceptions.php')
 2 SYSTEMPATH\Autoloader\Autoloader.php(290): CodeIgniter\Autoloader\Autoloader->includeFile('C:\\xampp\\htdocs\\proyecto_espinola_emilia\\app\\Models\\producto_Model.php')
 3 SYSTEMPATH\Autoloader\Autoloader.php(266): CodeIgniter\Autoloader\Autoloader->loadInNamespace('App\\Models\\producto_Model')
 4 APPPATH\Controllers\producto_controller.php(14): CodeIgniter\Autoloader\Autoloader->loadClass('App\\Models\\producto_Model')
 5 SYSTEMPATH\CodeIgniter.php(943): App\Controllers\producto_controller->index()
 6 SYSTEMPATH\CodeIgniter.php(503): CodeIgniter\CodeIgniter->runController(Object(App\Controllers\producto_controller))
 7 SYSTEMPATH\CodeIgniter.php(361): CodeIgniter\CodeIgniter->handleRequest(null, Object(Config\Cache), false)
 8 FCPATH\index.php(79): CodeIgniter\CodeIgniter->run()
WARNING - 2026-01-11 01:10:50 --> [DEPRECATED] Optional parameter $categoria_id declared before required parameter $buscar is implicitly treated as a required parameter in APPPATH\Models\producto_Model.php on line 74.
 1 SYSTEMPATH\Autoloader\Autoloader.php(311): include_once('C:\\xampp\\htdocs\\proyecto_espinola_emilia\\system\\Debug\\Exceptions.php')
 2 SYSTEMPATH\Autoloader\Autoloader.php(290): CodeIgniter\Autoloader\Autoloader->includeFile('C:\\xampp\\htdocs\\proyecto_espinola_emilia\\app\\Models\\producto_Model.php')
 3 SYSTEMPATH\Autoloader\Autoloader.php(266): CodeIgniter\Autoloader\Autoloader->loadInNamespace('App\\Models\\producto_Model')
 4 APPPATH\Controllers\producto_controller.php(14): CodeIgniter\Autoloader\Autoloader->loadClass('App\\Models\\producto_Model')
 5 SYSTEMPATH\CodeIgniter.php(943): App\Controllers\producto_controller->index()
 6 SYSTEMPATH\CodeIgniter.php(503): CodeIgniter\CodeIgniter->runController(Object(App\Controllers\producto_controller))
 7 SYSTEMPATH\CodeIgniter.php(361): CodeIgniter\CodeIgniter->handleRequest(null, Object(Config\Cache), false)
 8 FCPATH\index.php(79): CodeIgniter\CodeIgniter->run()
INFO - 2026-01-11 01:13:03 --> Session: Class initialized using 'CodeIgniter\Session\Handlers\FileHandler' driver.
WARNING - 2026-01-11 01:13:03 --> [DEPRECATED] Optional parameter $colores declared before required parameter $buscar is implicitly treated as a required parameter in APPPATH\Models\producto_Model.php on line 74.
 1 SYSTEMPATH\Autoloader\Autoloader.php(311): include_once('C:\\xampp\\htdocs\\proyecto_espinola_emilia\\system\\Debug\\Exceptions.php')
 2 SYSTEMPATH\Autoloader\Autoloader.php(290): CodeIgniter\Autoloader\Autoloader->includeFile('C:\\xampp\\htdocs\\proyecto_espinola_emilia\\app\\Models\\producto_Model.php')
 3 SYSTEMPATH\Autoloader\Autoloader.php(266): CodeIgniter\Autoloader\Autoloader->loadInNamespace('App\\Models\\producto_Model')
 4 APPPATH\Controllers\ventas_controller.php(23): CodeIgniter\Autoloader\Autoloader->loadClass('App\\Models\\producto_Model')
 5 SYSTEMPATH\CodeIgniter.php(915): App\Controllers\ventas_controller->__construct()
 6 SYSTEMPATH\CodeIgniter.php(494): CodeIgniter\CodeIgniter->createController()
 7 SYSTEMPATH\CodeIgniter.php(361): CodeIgniter\CodeIgniter->handleRequest(null, Object(Config\Cache), false)
 8 FCPATH\index.php(79): CodeIgniter\CodeIgniter->run()
WARNING - 2026-01-11 01:13:03 --> [DEPRECATED] Optional parameter $talles declared before required parameter $buscar is implicitly treated as a required parameter in APPPATH\Models\producto_Model.php on line 74.
 1 SYSTEMPATH\Autoloader\Autoloader.php(311): include_once('C:\\xampp\\htdocs\\proyecto_espinola_emilia\\system\\Debug\\Exceptions.php')
 2 SYSTEMPATH\Autoloader\Autoloader.php(290): CodeIgniter\Autoloader\Autoloader->includeFile('C:\\xampp\\htdocs\\proyecto_espinola_emilia\\app\\Models\\producto_Model.php')
 3 SYSTEMPATH\Autoloader\Autoloader.php(266): CodeIgniter\Autoloader\Autoloader->loadInNamespace('App\\Models\\producto_Model')
 4 APPPATH\Controllers\ventas_controller.php(23): CodeIgniter\Autoloader\Autoloader->loadClass('App\\Models\\producto_Model')
 5 SYSTEMPATH\CodeIgniter.php(915): App\Controllers\ventas_controller->__construct()
 6 SYSTEMPATH\CodeIgniter.php(494): CodeIgniter\CodeIgniter->createController()
 7 SYSTEMPATH\CodeIgniter.php(361): CodeIgniter\CodeIgniter->handleRequest(null, Object(Config\Cache), false)
 8 FCPATH\index.php(79): CodeIgniter\CodeIgniter->run()
WARNING - 2026-01-11 01:13:03 --> [DEPRECATED] Optional parameter $categoria_id declared before required parameter $buscar is implicitly treated as a required parameter in APPPATH\Models\producto_Model.php on line 74.
 1 SYSTEMPATH\Autoloader\Autoloader.php(311): include_once('C:\\xampp\\htdocs\\proyecto_espinola_emilia\\system\\Debug\\Exceptions.php')
 2 SYSTEMPATH\Autoloader\Autoloader.php(290): CodeIgniter\Autoloader\Autoloader->includeFile('C:\\xampp\\htdocs\\proyecto_espinola_emilia\\app\\Models\\producto_Model.php')
 3 SYSTEMPATH\Autoloader\Autoloader.php(266): CodeIgniter\Autoloader\Autoloader->loadInNamespace('App\\Models\\producto_Model')
 4 APPPATH\Controllers\ventas_controller.php(23): CodeIgniter\Autoloader\Autoloader->loadClass('App\\Models\\producto_Model')
 5 SYSTEMPATH\CodeIgniter.php(915): App\Controllers\ventas_controller->__construct()
 6 SYSTEMPATH\CodeIgniter.php(494): CodeIgniter\CodeIgniter->createController()
 7 SYSTEMPATH\CodeIgniter.php(361): CodeIgniter\CodeIgniter->handleRequest(null, Object(Config\Cache), false)
 8 FCPATH\index.php(79): CodeIgniter\CodeIgniter->run()
WARNING - 2026-01-11 01:13:03 --> [DEPRECATED] Creation of dynamic property App\Controllers\ventas_controller::$productosDetalle is deprecated in APPPATH\Controllers\ventas_controller.php on line 24.
 1 SYSTEMPATH\CodeIgniter.php(915): App\Controllers\ventas_controller->__construct()
 2 SYSTEMPATH\CodeIgniter.php(494): CodeIgniter\CodeIgniter->createController()
 3 SYSTEMPATH\CodeIgniter.php(361): CodeIgniter\CodeIgniter->handleRequest(null, Object(Config\Cache), false)
 4 FCPATH\index.php(79): CodeIgniter\CodeIgniter->run()
INFO - 2026-01-11 01:14:45 --> Session: Class initialized using 'CodeIgniter\Session\Handlers\FileHandler' driver.
WARNING - 2026-01-11 01:14:45 --> [DEPRECATED] Optional parameter $colores declared before required parameter $buscar is implicitly treated as a required parameter in APPPATH\Models\producto_Model.php on line 74.
 1 SYSTEMPATH\Autoloader\Autoloader.php(311): include_once('C:\\xampp\\htdocs\\proyecto_espinola_emilia\\system\\Debug\\Exceptions.php')
 2 SYSTEMPATH\Autoloader\Autoloader.php(290): CodeIgniter\Autoloader\Autoloader->includeFile('C:\\xampp\\htdocs\\proyecto_espinola_emilia\\app\\Models\\producto_Model.php')
 3 SYSTEMPATH\Autoloader\Autoloader.php(266): CodeIgniter\Autoloader\Autoloader->loadInNamespace('App\\Models\\producto_Model')
 4 APPPATH\Controllers\ventas_controller.php(23): CodeIgniter\Autoloader\Autoloader->loadClass('App\\Models\\producto_Model')
 5 SYSTEMPATH\CodeIgniter.php(915): App\Controllers\ventas_controller->__construct()
 6 SYSTEMPATH\CodeIgniter.php(494): CodeIgniter\CodeIgniter->createController()
 7 SYSTEMPATH\CodeIgniter.php(361): CodeIgniter\CodeIgniter->handleRequest(null, Object(Config\Cache), false)
 8 FCPATH\index.php(79): CodeIgniter\CodeIgniter->run()
WARNING - 2026-01-11 01:14:45 --> [DEPRECATED] Optional parameter $talles declared before required parameter $buscar is implicitly treated as a required parameter in APPPATH\Models\producto_Model.php on line 74.
 1 SYSTEMPATH\Autoloader\Autoloader.php(311): include_once('C:\\xampp\\htdocs\\proyecto_espinola_emilia\\system\\Debug\\Exceptions.php')
 2 SYSTEMPATH\Autoloader\Autoloader.php(290): CodeIgniter\Autoloader\Autoloader->includeFile('C:\\xampp\\htdocs\\proyecto_espinola_emilia\\app\\Models\\producto_Model.php')
 3 SYSTEMPATH\Autoloader\Autoloader.php(266): CodeIgniter\Autoloader\Autoloader->loadInNamespace('App\\Models\\producto_Model')
 4 APPPATH\Controllers\ventas_controller.php(23): CodeIgniter\Autoloader\Autoloader->loadClass('App\\Models\\producto_Model')
 5 SYSTEMPATH\CodeIgniter.php(915): App\Controllers\ventas_controller->__construct()
 6 SYSTEMPATH\CodeIgniter.php(494): CodeIgniter\CodeIgniter->createController()
 7 SYSTEMPATH\CodeIgniter.php(361): CodeIgniter\CodeIgniter->handleRequest(null, Object(Config\Cache), false)
 8 FCPATH\index.php(79): CodeIgniter\CodeIgniter->run()
WARNING - 2026-01-11 01:14:45 --> [DEPRECATED] Optional parameter $categoria_id declared before required parameter $buscar is implicitly treated as a required parameter in APPPATH\Models\producto_Model.php on line 74.
 1 SYSTEMPATH\Autoloader\Autoloader.php(311): include_once('C:\\xampp\\htdocs\\proyecto_espinola_emilia\\system\\Debug\\Exceptions.php')
 2 SYSTEMPATH\Autoloader\Autoloader.php(290): CodeIgniter\Autoloader\Autoloader->includeFile('C:\\xampp\\htdocs\\proyecto_espinola_emilia\\app\\Models\\producto_Model.php')
 3 SYSTEMPATH\Autoloader\Autoloader.php(266): CodeIgniter\Autoloader\Autoloader->loadInNamespace('App\\Models\\producto_Model')
 4 APPPATH\Controllers\ventas_controller.php(23): CodeIgniter\Autoloader\Autoloader->loadClass('App\\Models\\producto_Model')
 5 SYSTEMPATH\CodeIgniter.php(915): App\Controllers\ventas_controller->__construct()
 6 SYSTEMPATH\CodeIgniter.php(494): CodeIgniter\CodeIgniter->createController()
 7 SYSTEMPATH\CodeIgniter.php(361): CodeIgniter\CodeIgniter->handleRequest(null, Object(Config\Cache), false)
 8 FCPATH\index.php(79): CodeIgniter\CodeIgniter->run()
WARNING - 2026-01-11 01:14:45 --> [DEPRECATED] Creation of dynamic property App\Controllers\ventas_controller::$productosDetalle is deprecated in APPPATH\Controllers\ventas_controller.php on line 24.
 1 SYSTEMPATH\CodeIgniter.php(915): App\Controllers\ventas_controller->__construct()
 2 SYSTEMPATH\CodeIgniter.php(494): CodeIgniter\CodeIgniter->createController()
 3 SYSTEMPATH\CodeIgniter.php(361): CodeIgniter\CodeIgniter->handleRequest(null, Object(Config\Cache), false)
 4 FCPATH\index.php(79): CodeIgniter\CodeIgniter->run()
INFO - 2026-01-11 01:14:54 --> Session: Class initialized using 'CodeIgniter\Session\Handlers\FileHandler' driver.
WARNING - 2026-01-11 01:14:54 --> [DEPRECATED] Optional parameter $colores declared before required parameter $buscar is implicitly treated as a required parameter in APPPATH\Models\producto_Model.php on line 74.
 1 SYSTEMPATH\Autoloader\Autoloader.php(311): include_once('C:\\xampp\\htdocs\\proyecto_espinola_emilia\\system\\Debug\\Exceptions.php')
 2 SYSTEMPATH\Autoloader\Autoloader.php(290): CodeIgniter\Autoloader\Autoloader->includeFile('C:\\xampp\\htdocs\\proyecto_espinola_emilia\\app\\Models\\producto_Model.php')
 3 SYSTEMPATH\Autoloader\Autoloader.php(266): CodeIgniter\Autoloader\Autoloader->loadInNamespace('App\\Models\\producto_Model')
 4 APPPATH\Controllers\ventas_controller.php(23): CodeIgniter\Autoloader\Autoloader->loadClass('App\\Models\\producto_Model')
 5 SYSTEMPATH\CodeIgniter.php(915): App\Controllers\ventas_controller->__construct()
 6 SYSTEMPATH\CodeIgniter.php(494): CodeIgniter\CodeIgniter->createController()
 7 SYSTEMPATH\CodeIgniter.php(361): CodeIgniter\CodeIgniter->handleRequest(null, Object(Config\Cache), false)
 8 FCPATH\index.php(79): CodeIgniter\CodeIgniter->run()
WARNING - 2026-01-11 01:14:54 --> [DEPRECATED] Optional parameter $talles declared before required parameter $buscar is implicitly treated as a required parameter in APPPATH\Models\producto_Model.php on line 74.
 1 SYSTEMPATH\Autoloader\Autoloader.php(311): include_once('C:\\xampp\\htdocs\\proyecto_espinola_emilia\\system\\Debug\\Exceptions.php')
 2 SYSTEMPATH\Autoloader\Autoloader.php(290): CodeIgniter\Autoloader\Autoloader->includeFile('C:\\xampp\\htdocs\\proyecto_espinola_emilia\\app\\Models\\producto_Model.php')
 3 SYSTEMPATH\Autoloader\Autoloader.php(266): CodeIgniter\Autoloader\Autoloader->loadInNamespace('App\\Models\\producto_Model')
 4 APPPATH\Controllers\ventas_controller.php(23): CodeIgniter\Autoloader\Autoloader->loadClass('App\\Models\\producto_Model')
 5 SYSTEMPATH\CodeIgniter.php(915): App\Controllers\ventas_controller->__construct()
 6 SYSTEMPATH\CodeIgniter.php(494): CodeIgniter\CodeIgniter->createController()
 7 SYSTEMPATH\CodeIgniter.php(361): CodeIgniter\CodeIgniter->handleRequest(null, Object(Config\Cache), false)
 8 FCPATH\index.php(79): CodeIgniter\CodeIgniter->run()
WARNING - 2026-01-11 01:14:54 --> [DEPRECATED] Optional parameter $categoria_id declared before required parameter $buscar is implicitly treated as a required parameter in APPPATH\Models\producto_Model.php on line 74.
 1 SYSTEMPATH\Autoloader\Autoloader.php(311): include_once('C:\\xampp\\htdocs\\proyecto_espinola_emilia\\system\\Debug\\Exceptions.php')
 2 SYSTEMPATH\Autoloader\Autoloader.php(290): CodeIgniter\Autoloader\Autoloader->includeFile('C:\\xampp\\htdocs\\proyecto_espinola_emilia\\app\\Models\\producto_Model.php')
 3 SYSTEMPATH\Autoloader\Autoloader.php(266): CodeIgniter\Autoloader\Autoloader->loadInNamespace('App\\Models\\producto_Model')
 4 APPPATH\Controllers\ventas_controller.php(23): CodeIgniter\Autoloader\Autoloader->loadClass('App\\Models\\producto_Model')
 5 SYSTEMPATH\CodeIgniter.php(915): App\Controllers\ventas_controller->__construct()
 6 SYSTEMPATH\CodeIgniter.php(494): CodeIgniter\CodeIgniter->createController()
 7 SYSTEMPATH\CodeIgniter.php(361): CodeIgniter\CodeIgniter->handleRequest(null, Object(Config\Cache), false)
 8 FCPATH\index.php(79): CodeIgniter\CodeIgniter->run()
WARNING - 2026-01-11 01:14:54 --> [DEPRECATED] Creation of dynamic property App\Controllers\ventas_controller::$productosDetalle is deprecated in APPPATH\Controllers\ventas_controller.php on line 24.
 1 SYSTEMPATH\CodeIgniter.php(915): App\Controllers\ventas_controller->__construct()
 2 SYSTEMPATH\CodeIgniter.php(494): CodeIgniter\CodeIgniter->createController()
 3 SYSTEMPATH\CodeIgniter.php(361): CodeIgniter\CodeIgniter->handleRequest(null, Object(Config\Cache), false)
 4 FCPATH\index.php(79): CodeIgniter\CodeIgniter->run()
INFO - 2026-01-11 01:26:45 --> Session: Class initialized using 'CodeIgniter\Session\Handlers\FileHandler' driver.
WARNING - 2026-01-11 01:26:45 --> [DEPRECATED] Optional parameter $colores declared before required parameter $buscar is implicitly treated as a required parameter in APPPATH\Models\producto_Model.php on line 74.
 1 SYSTEMPATH\Autoloader\Autoloader.php(311): include_once('C:\\xampp\\htdocs\\proyecto_espinola_emilia\\system\\Debug\\Exceptions.php')
 2 SYSTEMPATH\Autoloader\Autoloader.php(290): CodeIgniter\Autoloader\Autoloader->includeFile('C:\\xampp\\htdocs\\proyecto_espinola_emilia\\app\\Models\\producto_Model.php')
 3 SYSTEMPATH\Autoloader\Autoloader.php(266): CodeIgniter\Autoloader\Autoloader->loadInNamespace('App\\Models\\producto_Model')
 4 APPPATH\Controllers\producto_controller.php(14): CodeIgniter\Autoloader\Autoloader->loadClass('App\\Models\\producto_Model')
 5 SYSTEMPATH\CodeIgniter.php(943): App\Controllers\producto_controller->index()
 6 SYSTEMPATH\CodeIgniter.php(503): CodeIgniter\CodeIgniter->runController(Object(App\Controllers\producto_controller))
 7 SYSTEMPATH\CodeIgniter.php(361): CodeIgniter\CodeIgniter->handleRequest(null, Object(Config\Cache), false)
 8 FCPATH\index.php(79): CodeIgniter\CodeIgniter->run()
WARNING - 2026-01-11 01:26:45 --> [DEPRECATED] Optional parameter $talles declared before required parameter $buscar is implicitly treated as a required parameter in APPPATH\Models\producto_Model.php on line 74.
 1 SYSTEMPATH\Autoloader\Autoloader.php(311): include_once('C:\\xampp\\htdocs\\proyecto_espinola_emilia\\system\\Debug\\Exceptions.php')
 2 SYSTEMPATH\Autoloader\Autoloader.php(290): CodeIgniter\Autoloader\Autoloader->includeFile('C:\\xampp\\htdocs\\proyecto_espinola_emilia\\app\\Models\\producto_Model.php')
 3 SYSTEMPATH\Autoloader\Autoloader.php(266): CodeIgniter\Autoloader\Autoloader->loadInNamespace('App\\Models\\producto_Model')
 4 APPPATH\Controllers\producto_controller.php(14): CodeIgniter\Autoloader\Autoloader->loadClass('App\\Models\\producto_Model')
 5 SYSTEMPATH\CodeIgniter.php(943): App\Controllers\producto_controller->index()
 6 SYSTEMPATH\CodeIgniter.php(503): CodeIgniter\CodeIgniter->runController(Object(App\Controllers\producto_controller))
 7 SYSTEMPATH\CodeIgniter.php(361): CodeIgniter\CodeIgniter->handleRequest(null, Object(Config\Cache), false)
 8 FCPATH\index.php(79): CodeIgniter\CodeIgniter->run()
WARNING - 2026-01-11 01:26:45 --> [DEPRECATED] Optional parameter $categoria_id declared before required parameter $buscar is implicitly treated as a required parameter in APPPATH\Models\producto_Model.php on line 74.
 1 SYSTEMPATH\Autoloader\Autoloader.php(311): include_once('C:\\xampp\\htdocs\\proyecto_espinola_emilia\\system\\Debug\\Exceptions.php')
 2 SYSTEMPATH\Autoloader\Autoloader.php(290): CodeIgniter\Autoloader\Autoloader->includeFile('C:\\xampp\\htdocs\\proyecto_espinola_emilia\\app\\Models\\producto_Model.php')
 3 SYSTEMPATH\Autoloader\Autoloader.php(266): CodeIgniter\Autoloader\Autoloader->loadInNamespace('App\\Models\\producto_Model')
 4 APPPATH\Controllers\producto_controller.php(14): CodeIgniter\Autoloader\Autoloader->loadClass('App\\Models\\producto_Model')
 5 SYSTEMPATH\CodeIgniter.php(943): App\Controllers\producto_controller->index()
 6 SYSTEMPATH\CodeIgniter.php(503): CodeIgniter\CodeIgniter->runController(Object(App\Controllers\producto_controller))
 7 SYSTEMPATH\CodeIgniter.php(361): CodeIgniter\CodeIgniter->handleRequest(null, Object(Config\Cache), false)
 8 FCPATH\index.php(79): CodeIgniter\CodeIgniter->run()
INFO - 2026-01-11 01:27:04 --> Session: Class initialized using 'CodeIgniter\Session\Handlers\FileHandler' driver.
WARNING - 2026-01-11 01:27:04 --> [DEPRECATED] Optional parameter $colores declared before required parameter $buscar is implicitly treated as a required parameter in APPPATH\Models\producto_Model.php on line 74.
 1 SYSTEMPATH\Autoloader\Autoloader.php(311): include_once('C:\\xampp\\htdocs\\proyecto_espinola_emilia\\system\\Debug\\Exceptions.php')
 2 SYSTEMPATH\Autoloader\Autoloader.php(290): CodeIgniter\Autoloader\Autoloader->includeFile('C:\\xampp\\htdocs\\proyecto_espinola_emilia\\app\\Models\\producto_Model.php')
 3 SYSTEMPATH\Autoloader\Autoloader.php(266): CodeIgniter\Autoloader\Autoloader->loadInNamespace('App\\Models\\producto_Model')
 4 APPPATH\Controllers\producto_controller.php(128): CodeIgniter\Autoloader\Autoloader->loadClass('App\\Models\\producto_Model')
 5 SYSTEMPATH\CodeIgniter.php(943): App\Controllers\producto_controller->edit('79')
 6 SYSTEMPATH\CodeIgniter.php(503): CodeIgniter\CodeIgniter->runController(Object(App\Controllers\producto_controller))
 7 SYSTEMPATH\CodeIgniter.php(361): CodeIgniter\CodeIgniter->handleRequest(null, Object(Config\Cache), false)
 8 FCPATH\index.php(79): CodeIgniter\CodeIgniter->run()
WARNING - 2026-01-11 01:27:04 --> [DEPRECATED] Optional parameter $talles declared before required parameter $buscar is implicitly treated as a required parameter in APPPATH\Models\producto_Model.php on line 74.
 1 SYSTEMPATH\Autoloader\Autoloader.php(311): include_once('C:\\xampp\\htdocs\\proyecto_espinola_emilia\\system\\Debug\\Exceptions.php')
 2 SYSTEMPATH\Autoloader\Autoloader.php(290): CodeIgniter\Autoloader\Autoloader->includeFile('C:\\xampp\\htdocs\\proyecto_espinola_emilia\\app\\Models\\producto_Model.php')
 3 SYSTEMPATH\Autoloader\Autoloader.php(266): CodeIgniter\Autoloader\Autoloader->loadInNamespace('App\\Models\\producto_Model')
 4 APPPATH\Controllers\producto_controller.php(128): CodeIgniter\Autoloader\Autoloader->loadClass('App\\Models\\producto_Model')
 5 SYSTEMPATH\CodeIgniter.php(943): App\Controllers\producto_controller->edit('79')
 6 SYSTEMPATH\CodeIgniter.php(503): CodeIgniter\CodeIgniter->runController(Object(App\Controllers\producto_controller))
 7 SYSTEMPATH\CodeIgniter.php(361): CodeIgniter\CodeIgniter->handleRequest(null, Object(Config\Cache), false)
 8 FCPATH\index.php(79): CodeIgniter\CodeIgniter->run()
WARNING - 2026-01-11 01:27:04 --> [DEPRECATED] Optional parameter $categoria_id declared before required parameter $buscar is implicitly treated as a required parameter in APPPATH\Models\producto_Model.php on line 74.
 1 SYSTEMPATH\Autoloader\Autoloader.php(311): include_once('C:\\xampp\\htdocs\\proyecto_espinola_emilia\\system\\Debug\\Exceptions.php')
 2 SYSTEMPATH\Autoloader\Autoloader.php(290): CodeIgniter\Autoloader\Autoloader->includeFile('C:\\xampp\\htdocs\\proyecto_espinola_emilia\\app\\Models\\producto_Model.php')
 3 SYSTEMPATH\Autoloader\Autoloader.php(266): CodeIgniter\Autoloader\Autoloader->loadInNamespace('App\\Models\\producto_Model')
 4 APPPATH\Controllers\producto_controller.php(128): CodeIgniter\Autoloader\Autoloader->loadClass('App\\Models\\producto_Model')
 5 SYSTEMPATH\CodeIgniter.php(943): App\Controllers\producto_controller->edit('79')
 6 SYSTEMPATH\CodeIgniter.php(503): CodeIgniter\CodeIgniter->runController(Object(App\Controllers\producto_controller))
 7 SYSTEMPATH\CodeIgniter.php(361): CodeIgniter\CodeIgniter->handleRequest(null, Object(Config\Cache), false)
 8 FCPATH\index.php(79): CodeIgniter\CodeIgniter->run()
INFO - 2026-01-11 01:27:30 --> Session: Class initialized using 'CodeIgniter\Session\Handlers\FileHandler' driver.
WARNING - 2026-01-11 01:27:31 --> [DEPRECATED] Optional parameter $colores declared before required parameter $buscar is implicitly treated as a required parameter in APPPATH\Models\producto_Model.php on line 74.
 1 SYSTEMPATH\Autoloader\Autoloader.php(311): include_once('C:\\xampp\\htdocs\\proyecto_espinola_emilia\\system\\Debug\\Exceptions.php')
 2 SYSTEMPATH\Autoloader\Autoloader.php(290): CodeIgniter\Autoloader\Autoloader->includeFile('C:\\xampp\\htdocs\\proyecto_espinola_emilia\\app\\Models\\producto_Model.php')
 3 SYSTEMPATH\Autoloader\Autoloader.php(266): CodeIgniter\Autoloader\Autoloader->loadInNamespace('App\\Models\\producto_Model')
 4 APPPATH\Controllers\producto_controller.php(172): CodeIgniter\Autoloader\Autoloader->loadClass('App\\Models\\producto_Model')
 5 SYSTEMPATH\CodeIgniter.php(943): App\Controllers\producto_controller->update('79')
 6 SYSTEMPATH\CodeIgniter.php(503): CodeIgniter\CodeIgniter->runController(Object(App\Controllers\producto_controller))
 7 SYSTEMPATH\CodeIgniter.php(361): CodeIgniter\CodeIgniter->handleRequest(null, Object(Config\Cache), false)
 8 FCPATH\index.php(79): CodeIgniter\CodeIgniter->run()
WARNING - 2026-01-11 01:27:31 --> [DEPRECATED] Optional parameter $talles declared before required parameter $buscar is implicitly treated as a required parameter in APPPATH\Models\producto_Model.php on line 74.
 1 SYSTEMPATH\Autoloader\Autoloader.php(311): include_once('C:\\xampp\\htdocs\\proyecto_espinola_emilia\\system\\Debug\\Exceptions.php')
 2 SYSTEMPATH\Autoloader\Autoloader.php(290): CodeIgniter\Autoloader\Autoloader->includeFile('C:\\xampp\\htdocs\\proyecto_espinola_emilia\\app\\Models\\producto_Model.php')
 3 SYSTEMPATH\Autoloader\Autoloader.php(266): CodeIgniter\Autoloader\Autoloader->loadInNamespace('App\\Models\\producto_Model')
 4 APPPATH\Controllers\producto_controller.php(172): CodeIgniter\Autoloader\Autoloader->loadClass('App\\Models\\producto_Model')
 5 SYSTEMPATH\CodeIgniter.php(943): App\Controllers\producto_controller->update('79')
 6 SYSTEMPATH\CodeIgniter.php(503): CodeIgniter\CodeIgniter->runController(Object(App\Controllers\producto_controller))
 7 SYSTEMPATH\CodeIgniter.php(361): CodeIgniter\CodeIgniter->handleRequest(null, Object(Config\Cache), false)
 8 FCPATH\index.php(79): CodeIgniter\CodeIgniter->run()
WARNING - 2026-01-11 01:27:31 --> [DEPRECATED] Optional parameter $categoria_id declared before required parameter $buscar is implicitly treated as a required parameter in APPPATH\Models\producto_Model.php on line 74.
 1 SYSTEMPATH\Autoloader\Autoloader.php(311): include_once('C:\\xampp\\htdocs\\proyecto_espinola_emilia\\system\\Debug\\Exceptions.php')
 2 SYSTEMPATH\Autoloader\Autoloader.php(290): CodeIgniter\Autoloader\Autoloader->includeFile('C:\\xampp\\htdocs\\proyecto_espinola_emilia\\app\\Models\\producto_Model.php')
 3 SYSTEMPATH\Autoloader\Autoloader.php(266): CodeIgniter\Autoloader\Autoloader->loadInNamespace('App\\Models\\producto_Model')
 4 APPPATH\Controllers\producto_controller.php(172): CodeIgniter\Autoloader\Autoloader->loadClass('App\\Models\\producto_Model')
 5 SYSTEMPATH\CodeIgniter.php(943): App\Controllers\producto_controller->update('79')
 6 SYSTEMPATH\CodeIgniter.php(503): CodeIgniter\CodeIgniter->runController(Object(App\Controllers\producto_controller))
 7 SYSTEMPATH\CodeIgniter.php(361): CodeIgniter\CodeIgniter->handleRequest(null, Object(Config\Cache), false)
 8 FCPATH\index.php(79): CodeIgniter\CodeIgniter->run()
INFO - 2026-01-11 01:27:31 --> Session: Class initialized using 'CodeIgniter\Session\Handlers\FileHandler' driver.
WARNING - 2026-01-11 01:27:31 --> [DEPRECATED] Optional parameter $colores declared before required parameter $buscar is implicitly treated as a required parameter in APPPATH\Models\producto_Model.php on line 74.
 1 SYSTEMPATH\Autoloader\Autoloader.php(311): include_once('C:\\xampp\\htdocs\\proyecto_espinola_emilia\\system\\Debug\\Exceptions.php')
 2 SYSTEMPATH\Autoloader\Autoloader.php(290): CodeIgniter\Autoloader\Autoloader->includeFile('C:\\xampp\\htdocs\\proyecto_espinola_emilia\\app\\Models\\producto_Model.php')
 3 SYSTEMPATH\Autoloader\Autoloader.php(266): CodeIgniter\Autoloader\Autoloader->loadInNamespace('App\\Models\\producto_Model')
 4 APPPATH\Controllers\producto_controller.php(14): CodeIgniter\Autoloader\Autoloader->loadClass('App\\Models\\producto_Model')
 5 SYSTEMPATH\CodeIgniter.php(943): App\Controllers\producto_controller->index()
 6 SYSTEMPATH\CodeIgniter.php(503): CodeIgniter\CodeIgniter->runController(Object(App\Controllers\producto_controller))
 7 SYSTEMPATH\CodeIgniter.php(361): CodeIgniter\CodeIgniter->handleRequest(null, Object(Config\Cache), false)
 8 FCPATH\index.php(79): CodeIgniter\CodeIgniter->run()
WARNING - 2026-01-11 01:27:31 --> [DEPRECATED] Optional parameter $talles declared before required parameter $buscar is implicitly treated as a required parameter in APPPATH\Models\producto_Model.php on line 74.
 1 SYSTEMPATH\Autoloader\Autoloader.php(311): include_once('C:\\xampp\\htdocs\\proyecto_espinola_emilia\\system\\Debug\\Exceptions.php')
 2 SYSTEMPATH\Autoloader\Autoloader.php(290): CodeIgniter\Autoloader\Autoloader->includeFile('C:\\xampp\\htdocs\\proyecto_espinola_emilia\\app\\Models\\producto_Model.php')
 3 SYSTEMPATH\Autoloader\Autoloader.php(266): CodeIgniter\Autoloader\Autoloader->loadInNamespace('App\\Models\\producto_Model')
 4 APPPATH\Controllers\producto_controller.php(14): CodeIgniter\Autoloader\Autoloader->loadClass('App\\Models\\producto_Model')
 5 SYSTEMPATH\CodeIgniter.php(943): App\Controllers\producto_controller->index()
 6 SYSTEMPATH\CodeIgniter.php(503): CodeIgniter\CodeIgniter->runController(Object(App\Controllers\producto_controller))
 7 SYSTEMPATH\CodeIgniter.php(361): CodeIgniter\CodeIgniter->handleRequest(null, Object(Config\Cache), false)
 8 FCPATH\index.php(79): CodeIgniter\CodeIgniter->run()
WARNING - 2026-01-11 01:27:31 --> [DEPRECATED] Optional parameter $categoria_id declared before required parameter $buscar is implicitly treated as a required parameter in APPPATH\Models\producto_Model.php on line 74.
 1 SYSTEMPATH\Autoloader\Autoloader.php(311): include_once('C:\\xampp\\htdocs\\proyecto_espinola_emilia\\system\\Debug\\Exceptions.php')
 2 SYSTEMPATH\Autoloader\Autoloader.php(290): CodeIgniter\Autoloader\Autoloader->includeFile('C:\\xampp\\htdocs\\proyecto_espinola_emilia\\app\\Models\\producto_Model.php')
 3 SYSTEMPATH\Autoloader\Autoloader.php(266): CodeIgniter\Autoloader\Autoloader->loadInNamespace('App\\Models\\producto_Model')
 4 APPPATH\Controllers\producto_controller.php(14): CodeIgniter\Autoloader\Autoloader->loadClass('App\\Models\\producto_Model')
 5 SYSTEMPATH\CodeIgniter.php(943): App\Controllers\producto_controller->index()
 6 SYSTEMPATH\CodeIgniter.php(503): CodeIgniter\CodeIgniter->runController(Object(App\Controllers\producto_controller))
 7 SYSTEMPATH\CodeIgniter.php(361): CodeIgniter\CodeIgniter->handleRequest(null, Object(Config\Cache), false)
 8 FCPATH\index.php(79): CodeIgniter\CodeIgniter->run()
INFO - 2026-01-11 01:28:40 --> Session: Class initialized using 'CodeIgniter\Session\Handlers\FileHandler' driver.
WARNING - 2026-01-11 01:28:40 --> [DEPRECATED] Optional parameter $colores declared before required parameter $buscar is implicitly treated as a required parameter in APPPATH\Models\producto_Model.php on line 74.
 1 SYSTEMPATH\Autoloader\Autoloader.php(311): include_once('C:\\xampp\\htdocs\\proyecto_espinola_emilia\\system\\Debug\\Exceptions.php')
 2 SYSTEMPATH\Autoloader\Autoloader.php(290): CodeIgniter\Autoloader\Autoloader->includeFile('C:\\xampp\\htdocs\\proyecto_espinola_emilia\\app\\Models\\producto_Model.php')
 3 SYSTEMPATH\Autoloader\Autoloader.php(266): CodeIgniter\Autoloader\Autoloader->loadInNamespace('App\\Models\\producto_Model')
 4 APPPATH\Controllers\producto_controller.php(128): CodeIgniter\Autoloader\Autoloader->loadClass('App\\Models\\producto_Model')
 5 SYSTEMPATH\CodeIgniter.php(943): App\Controllers\producto_controller->edit('81')
 6 SYSTEMPATH\CodeIgniter.php(503): CodeIgniter\CodeIgniter->runController(Object(App\Controllers\producto_controller))
 7 SYSTEMPATH\CodeIgniter.php(361): CodeIgniter\CodeIgniter->handleRequest(null, Object(Config\Cache), false)
 8 FCPATH\index.php(79): CodeIgniter\CodeIgniter->run()
WARNING - 2026-01-11 01:28:40 --> [DEPRECATED] Optional parameter $talles declared before required parameter $buscar is implicitly treated as a required parameter in APPPATH\Models\producto_Model.php on line 74.
 1 SYSTEMPATH\Autoloader\Autoloader.php(311): include_once('C:\\xampp\\htdocs\\proyecto_espinola_emilia\\system\\Debug\\Exceptions.php')
 2 SYSTEMPATH\Autoloader\Autoloader.php(290): CodeIgniter\Autoloader\Autoloader->includeFile('C:\\xampp\\htdocs\\proyecto_espinola_emilia\\app\\Models\\producto_Model.php')
 3 SYSTEMPATH\Autoloader\Autoloader.php(266): CodeIgniter\Autoloader\Autoloader->loadInNamespace('App\\Models\\producto_Model')
 4 APPPATH\Controllers\producto_controller.php(128): CodeIgniter\Autoloader\Autoloader->loadClass('App\\Models\\producto_Model')
 5 SYSTEMPATH\CodeIgniter.php(943): App\Controllers\producto_controller->edit('81')
 6 SYSTEMPATH\CodeIgniter.php(503): CodeIgniter\CodeIgniter->runController(Object(App\Controllers\producto_controller))
 7 SYSTEMPATH\CodeIgniter.php(361): CodeIgniter\CodeIgniter->handleRequest(null, Object(Config\Cache), false)
 8 FCPATH\index.php(79): CodeIgniter\CodeIgniter->run()
WARNING - 2026-01-11 01:28:40 --> [DEPRECATED] Optional parameter $categoria_id declared before required parameter $buscar is implicitly treated as a required parameter in APPPATH\Models\producto_Model.php on line 74.
 1 SYSTEMPATH\Autoloader\Autoloader.php(311): include_once('C:\\xampp\\htdocs\\proyecto_espinola_emilia\\system\\Debug\\Exceptions.php')
 2 SYSTEMPATH\Autoloader\Autoloader.php(290): CodeIgniter\Autoloader\Autoloader->includeFile('C:\\xampp\\htdocs\\proyecto_espinola_emilia\\app\\Models\\producto_Model.php')
 3 SYSTEMPATH\Autoloader\Autoloader.php(266): CodeIgniter\Autoloader\Autoloader->loadInNamespace('App\\Models\\producto_Model')
 4 APPPATH\Controllers\producto_controller.php(128): CodeIgniter\Autoloader\Autoloader->loadClass('App\\Models\\producto_Model')
 5 SYSTEMPATH\CodeIgniter.php(943): App\Controllers\producto_controller->edit('81')
 6 SYSTEMPATH\CodeIgniter.php(503): CodeIgniter\CodeIgniter->runController(Object(App\Controllers\producto_controller))
 7 SYSTEMPATH\CodeIgniter.php(361): CodeIgniter\CodeIgniter->handleRequest(null, Object(Config\Cache), false)
 8 FCPATH\index.php(79): CodeIgniter\CodeIgniter->run()
INFO - 2026-01-11 01:28:51 --> Session: Class initialized using 'CodeIgniter\Session\Handlers\FileHandler' driver.
INFO - 2026-01-11 01:28:51 --> Session: Class initialized using 'CodeIgniter\Session\Handlers\FileHandler' driver.
WARNING - 2026-01-11 01:28:51 --> [DEPRECATED] Optional parameter $colores declared before required parameter $buscar is implicitly treated as a required parameter in APPPATH\Models\producto_Model.php on line 74.
 1 SYSTEMPATH\Autoloader\Autoloader.php(311): include_once('C:\\xampp\\htdocs\\proyecto_espinola_emilia\\system\\Debug\\Exceptions.php')
 2 SYSTEMPATH\Autoloader\Autoloader.php(290): CodeIgniter\Autoloader\Autoloader->includeFile('C:\\xampp\\htdocs\\proyecto_espinola_emilia\\app\\Models\\producto_Model.php')
 3 SYSTEMPATH\Autoloader\Autoloader.php(266): CodeIgniter\Autoloader\Autoloader->loadInNamespace('App\\Models\\producto_Model')
 4 APPPATH\Controllers\producto_controller.php(128): CodeIgniter\Autoloader\Autoloader->loadClass('App\\Models\\producto_Model')
 5 SYSTEMPATH\CodeIgniter.php(943): App\Controllers\producto_controller->edit('81')
 6 SYSTEMPATH\CodeIgniter.php(503): CodeIgniter\CodeIgniter->runController(Object(App\Controllers\producto_controller))
 7 SYSTEMPATH\CodeIgniter.php(361): CodeIgniter\CodeIgniter->handleRequest(null, Object(Config\Cache), false)
 8 FCPATH\index.php(79): CodeIgniter\CodeIgniter->run()
WARNING - 2026-01-11 01:28:51 --> [DEPRECATED] Optional parameter $talles declared before required parameter $buscar is implicitly treated as a required parameter in APPPATH\Models\producto_Model.php on line 74.
 1 SYSTEMPATH\Autoloader\Autoloader.php(311): include_once('C:\\xampp\\htdocs\\proyecto_espinola_emilia\\system\\Debug\\Exceptions.php')
 2 SYSTEMPATH\Autoloader\Autoloader.php(290): CodeIgniter\Autoloader\Autoloader->includeFile('C:\\xampp\\htdocs\\proyecto_espinola_emilia\\app\\Models\\producto_Model.php')
 3 SYSTEMPATH\Autoloader\Autoloader.php(266): CodeIgniter\Autoloader\Autoloader->loadInNamespace('App\\Models\\producto_Model')
 4 APPPATH\Controllers\producto_controller.php(128): CodeIgniter\Autoloader\Autoloader->loadClass('App\\Models\\producto_Model')
 5 SYSTEMPATH\CodeIgniter.php(943): App\Controllers\producto_controller->edit('81')
 6 SYSTEMPATH\CodeIgniter.php(503): CodeIgniter\CodeIgniter->runController(Object(App\Controllers\producto_controller))
 7 SYSTEMPATH\CodeIgniter.php(361): CodeIgniter\CodeIgniter->handleRequest(null, Object(Config\Cache), false)
 8 FCPATH\index.php(79): CodeIgniter\CodeIgniter->run()
WARNING - 2026-01-11 01:28:51 --> [DEPRECATED] Optional parameter $categoria_id declared before required parameter $buscar is implicitly treated as a required parameter in APPPATH\Models\producto_Model.php on line 74.
 1 SYSTEMPATH\Autoloader\Autoloader.php(311): include_once('C:\\xampp\\htdocs\\proyecto_espinola_emilia\\system\\Debug\\Exceptions.php')
 2 SYSTEMPATH\Autoloader\Autoloader.php(290): CodeIgniter\Autoloader\Autoloader->includeFile('C:\\xampp\\htdocs\\proyecto_espinola_emilia\\app\\Models\\producto_Model.php')
 3 SYSTEMPATH\Autoloader\Autoloader.php(266): CodeIgniter\Autoloader\Autoloader->loadInNamespace('App\\Models\\producto_Model')
 4 APPPATH\Controllers\producto_controller.php(128): CodeIgniter\Autoloader\Autoloader->loadClass('App\\Models\\producto_Model')
 5 SYSTEMPATH\CodeIgniter.php(943): App\Controllers\producto_controller->edit('81')
 6 SYSTEMPATH\CodeIgniter.php(503): CodeIgniter\CodeIgniter->runController(Object(App\Controllers\producto_controller))
 7 SYSTEMPATH\CodeIgniter.php(361): CodeIgniter\CodeIgniter->handleRequest(null, Object(Config\Cache), false)
 8 FCPATH\index.php(79): CodeIgniter\CodeIgniter->run()
INFO - 2026-01-11 01:29:19 --> Session: Class initialized using 'CodeIgniter\Session\Handlers\FileHandler' driver.
WARNING - 2026-01-11 01:29:19 --> [DEPRECATED] Optional parameter $colores declared before required parameter $buscar is implicitly treated as a required parameter in APPPATH\Models\producto_Model.php on line 74.
 1 SYSTEMPATH\Autoloader\Autoloader.php(311): include_once('C:\\xampp\\htdocs\\proyecto_espinola_emilia\\system\\Debug\\Exceptions.php')
 2 SYSTEMPATH\Autoloader\Autoloader.php(290): CodeIgniter\Autoloader\Autoloader->includeFile('C:\\xampp\\htdocs\\proyecto_espinola_emilia\\app\\Models\\producto_Model.php')
 3 SYSTEMPATH\Autoloader\Autoloader.php(266): CodeIgniter\Autoloader\Autoloader->loadInNamespace('App\\Models\\producto_Model')
 4 APPPATH\Controllers\producto_controller.php(172): CodeIgniter\Autoloader\Autoloader->loadClass('App\\Models\\producto_Model')
 5 SYSTEMPATH\CodeIgniter.php(943): App\Controllers\producto_controller->update('81')
 6 SYSTEMPATH\CodeIgniter.php(503): CodeIgniter\CodeIgniter->runController(Object(App\Controllers\producto_controller))
 7 SYSTEMPATH\CodeIgniter.php(361): CodeIgniter\CodeIgniter->handleRequest(null, Object(Config\Cache), false)
 8 FCPATH\index.php(79): CodeIgniter\CodeIgniter->run()
WARNING - 2026-01-11 01:29:19 --> [DEPRECATED] Optional parameter $talles declared before required parameter $buscar is implicitly treated as a required parameter in APPPATH\Models\producto_Model.php on line 74.
 1 SYSTEMPATH\Autoloader\Autoloader.php(311): include_once('C:\\xampp\\htdocs\\proyecto_espinola_emilia\\system\\Debug\\Exceptions.php')
 2 SYSTEMPATH\Autoloader\Autoloader.php(290): CodeIgniter\Autoloader\Autoloader->includeFile('C:\\xampp\\htdocs\\proyecto_espinola_emilia\\app\\Models\\producto_Model.php')
 3 SYSTEMPATH\Autoloader\Autoloader.php(266): CodeIgniter\Autoloader\Autoloader->loadInNamespace('App\\Models\\producto_Model')
 4 APPPATH\Controllers\producto_controller.php(172): CodeIgniter\Autoloader\Autoloader->loadClass('App\\Models\\producto_Model')
 5 SYSTEMPATH\CodeIgniter.php(943): App\Controllers\producto_controller->update('81')
 6 SYSTEMPATH\CodeIgniter.php(503): CodeIgniter\CodeIgniter->runController(Object(App\Controllers\producto_controller))
 7 SYSTEMPATH\CodeIgniter.php(361): CodeIgniter\CodeIgniter->handleRequest(null, Object(Config\Cache), false)
 8 FCPATH\index.php(79): CodeIgniter\CodeIgniter->run()
WARNING - 2026-01-11 01:29:19 --> [DEPRECATED] Optional parameter $categoria_id declared before required parameter $buscar is implicitly treated as a required parameter in APPPATH\Models\producto_Model.php on line 74.
 1 SYSTEMPATH\Autoloader\Autoloader.php(311): include_once('C:\\xampp\\htdocs\\proyecto_espinola_emilia\\system\\Debug\\Exceptions.php')
 2 SYSTEMPATH\Autoloader\Autoloader.php(290): CodeIgniter\Autoloader\Autoloader->includeFile('C:\\xampp\\htdocs\\proyecto_espinola_emilia\\app\\Models\\producto_Model.php')
 3 SYSTEMPATH\Autoloader\Autoloader.php(266): CodeIgniter\Autoloader\Autoloader->loadInNamespace('App\\Models\\producto_Model')
 4 APPPATH\Controllers\producto_controller.php(172): CodeIgniter\Autoloader\Autoloader->loadClass('App\\Models\\producto_Model')
 5 SYSTEMPATH\CodeIgniter.php(943): App\Controllers\producto_controller->update('81')
 6 SYSTEMPATH\CodeIgniter.php(503): CodeIgniter\CodeIgniter->runController(Object(App\Controllers\producto_controller))
 7 SYSTEMPATH\CodeIgniter.php(361): CodeIgniter\CodeIgniter->handleRequest(null, Object(Config\Cache), false)
 8 FCPATH\index.php(79): CodeIgniter\CodeIgniter->run()
INFO - 2026-01-11 01:29:19 --> Session: Class initialized using 'CodeIgniter\Session\Handlers\FileHandler' driver.
WARNING - 2026-01-11 01:29:19 --> [DEPRECATED] Optional parameter $colores declared before required parameter $buscar is implicitly treated as a required parameter in APPPATH\Models\producto_Model.php on line 74.
 1 SYSTEMPATH\Autoloader\Autoloader.php(311): include_once('C:\\xampp\\htdocs\\proyecto_espinola_emilia\\system\\Debug\\Exceptions.php')
 2 SYSTEMPATH\Autoloader\Autoloader.php(290): CodeIgniter\Autoloader\Autoloader->includeFile('C:\\xampp\\htdocs\\proyecto_espinola_emilia\\app\\Models\\producto_Model.php')
 3 SYSTEMPATH\Autoloader\Autoloader.php(266): CodeIgniter\Autoloader\Autoloader->loadInNamespace('App\\Models\\producto_Model')
 4 APPPATH\Controllers\producto_controller.php(14): CodeIgniter\Autoloader\Autoloader->loadClass('App\\Models\\producto_Model')
 5 SYSTEMPATH\CodeIgniter.php(943): App\Controllers\producto_controller->index()
 6 SYSTEMPATH\CodeIgniter.php(503): CodeIgniter\CodeIgniter->runController(Object(App\Controllers\producto_controller))
 7 SYSTEMPATH\CodeIgniter.php(361): CodeIgniter\CodeIgniter->handleRequest(null, Object(Config\Cache), false)
 8 FCPATH\index.php(79): CodeIgniter\CodeIgniter->run()
WARNING - 2026-01-11 01:29:19 --> [DEPRECATED] Optional parameter $talles declared before required parameter $buscar is implicitly treated as a required parameter in APPPATH\Models\producto_Model.php on line 74.
 1 SYSTEMPATH\Autoloader\Autoloader.php(311): include_once('C:\\xampp\\htdocs\\proyecto_espinola_emilia\\system\\Debug\\Exceptions.php')
 2 SYSTEMPATH\Autoloader\Autoloader.php(290): CodeIgniter\Autoloader\Autoloader->includeFile('C:\\xampp\\htdocs\\proyecto_espinola_emilia\\app\\Models\\producto_Model.php')
 3 SYSTEMPATH\Autoloader\Autoloader.php(266): CodeIgniter\Autoloader\Autoloader->loadInNamespace('App\\Models\\producto_Model')
 4 APPPATH\Controllers\producto_controller.php(14): CodeIgniter\Autoloader\Autoloader->loadClass('App\\Models\\producto_Model')
 5 SYSTEMPATH\CodeIgniter.php(943): App\Controllers\producto_controller->index()
 6 SYSTEMPATH\CodeIgniter.php(503): CodeIgniter\CodeIgniter->runController(Object(App\Controllers\producto_controller))
 7 SYSTEMPATH\CodeIgniter.php(361): CodeIgniter\CodeIgniter->handleRequest(null, Object(Config\Cache), false)
 8 FCPATH\index.php(79): CodeIgniter\CodeIgniter->run()
WARNING - 2026-01-11 01:29:19 --> [DEPRECATED] Optional parameter $categoria_id declared before required parameter $buscar is implicitly treated as a required parameter in APPPATH\Models\producto_Model.php on line 74.
 1 SYSTEMPATH\Autoloader\Autoloader.php(311): include_once('C:\\xampp\\htdocs\\proyecto_espinola_emilia\\system\\Debug\\Exceptions.php')
 2 SYSTEMPATH\Autoloader\Autoloader.php(290): CodeIgniter\Autoloader\Autoloader->includeFile('C:\\xampp\\htdocs\\proyecto_espinola_emilia\\app\\Models\\producto_Model.php')
 3 SYSTEMPATH\Autoloader\Autoloader.php(266): CodeIgniter\Autoloader\Autoloader->loadInNamespace('App\\Models\\producto_Model')
 4 APPPATH\Controllers\producto_controller.php(14): CodeIgniter\Autoloader\Autoloader->loadClass('App\\Models\\producto_Model')
 5 SYSTEMPATH\CodeIgniter.php(943): App\Controllers\producto_controller->index()
 6 SYSTEMPATH\CodeIgniter.php(503): CodeIgniter\CodeIgniter->runController(Object(App\Controllers\producto_controller))
 7 SYSTEMPATH\CodeIgniter.php(361): CodeIgniter\CodeIgniter->handleRequest(null, Object(Config\Cache), false)
 8 FCPATH\index.php(79): CodeIgniter\CodeIgniter->run()
INFO - 2026-01-11 01:29:27 --> Session: Class initialized using 'CodeIgniter\Session\Handlers\FileHandler' driver.
WARNING - 2026-01-11 01:29:27 --> [DEPRECATED] Optional parameter $colores declared before required parameter $buscar is implicitly treated as a required parameter in APPPATH\Models\producto_Model.php on line 74.
 1 SYSTEMPATH\Autoloader\Autoloader.php(311): include_once('C:\\xampp\\htdocs\\proyecto_espinola_emilia\\system\\Debug\\Exceptions.php')
 2 SYSTEMPATH\Autoloader\Autoloader.php(290): CodeIgniter\Autoloader\Autoloader->includeFile('C:\\xampp\\htdocs\\proyecto_espinola_emilia\\app\\Models\\producto_Model.php')
 3 SYSTEMPATH\Autoloader\Autoloader.php(266): CodeIgniter\Autoloader\Autoloader->loadInNamespace('App\\Models\\producto_Model')
 4 APPPATH\Controllers\producto_controller.php(128): CodeIgniter\Autoloader\Autoloader->loadClass('App\\Models\\producto_Model')
 5 SYSTEMPATH\CodeIgniter.php(943): App\Controllers\producto_controller->edit('82')
 6 SYSTEMPATH\CodeIgniter.php(503): CodeIgniter\CodeIgniter->runController(Object(App\Controllers\producto_controller))
 7 SYSTEMPATH\CodeIgniter.php(361): CodeIgniter\CodeIgniter->handleRequest(null, Object(Config\Cache), false)
 8 FCPATH\index.php(79): CodeIgniter\CodeIgniter->run()
WARNING - 2026-01-11 01:29:27 --> [DEPRECATED] Optional parameter $talles declared before required parameter $buscar is implicitly treated as a required parameter in APPPATH\Models\producto_Model.php on line 74.
 1 SYSTEMPATH\Autoloader\Autoloader.php(311): include_once('C:\\xampp\\htdocs\\proyecto_espinola_emilia\\system\\Debug\\Exceptions.php')
 2 SYSTEMPATH\Autoloader\Autoloader.php(290): CodeIgniter\Autoloader\Autoloader->includeFile('C:\\xampp\\htdocs\\proyecto_espinola_emilia\\app\\Models\\producto_Model.php')
 3 SYSTEMPATH\Autoloader\Autoloader.php(266): CodeIgniter\Autoloader\Autoloader->loadInNamespace('App\\Models\\producto_Model')
 4 APPPATH\Controllers\producto_controller.php(128): CodeIgniter\Autoloader\Autoloader->loadClass('App\\Models\\producto_Model')
 5 SYSTEMPATH\CodeIgniter.php(943): App\Controllers\producto_controller->edit('82')
 6 SYSTEMPATH\CodeIgniter.php(503): CodeIgniter\CodeIgniter->runController(Object(App\Controllers\producto_controller))
 7 SYSTEMPATH\CodeIgniter.php(361): CodeIgniter\CodeIgniter->handleRequest(null, Object(Config\Cache), false)
 8 FCPATH\index.php(79): CodeIgniter\CodeIgniter->run()
WARNING - 2026-01-11 01:29:27 --> [DEPRECATED] Optional parameter $categoria_id declared before required parameter $buscar is implicitly treated as a required parameter in APPPATH\Models\producto_Model.php on line 74.
 1 SYSTEMPATH\Autoloader\Autoloader.php(311): include_once('C:\\xampp\\htdocs\\proyecto_espinola_emilia\\system\\Debug\\Exceptions.php')
 2 SYSTEMPATH\Autoloader\Autoloader.php(290): CodeIgniter\Autoloader\Autoloader->includeFile('C:\\xampp\\htdocs\\proyecto_espinola_emilia\\app\\Models\\producto_Model.php')
 3 SYSTEMPATH\Autoloader\Autoloader.php(266): CodeIgniter\Autoloader\Autoloader->loadInNamespace('App\\Models\\producto_Model')
 4 APPPATH\Controllers\producto_controller.php(128): CodeIgniter\Autoloader\Autoloader->loadClass('App\\Models\\producto_Model')
 5 SYSTEMPATH\CodeIgniter.php(943): App\Controllers\producto_controller->edit('82')
 6 SYSTEMPATH\CodeIgniter.php(503): CodeIgniter\CodeIgniter->runController(Object(App\Controllers\producto_controller))
 7 SYSTEMPATH\CodeIgniter.php(361): CodeIgniter\CodeIgniter->handleRequest(null, Object(Config\Cache), false)
 8 FCPATH\index.php(79): CodeIgniter\CodeIgniter->run()
INFO - 2026-01-11 01:29:37 --> Session: Class initialized using 'CodeIgniter\Session\Handlers\FileHandler' driver.
WARNING - 2026-01-11 01:29:37 --> [DEPRECATED] Optional parameter $colores declared before required parameter $buscar is implicitly treated as a required parameter in APPPATH\Models\producto_Model.php on line 74.
 1 SYSTEMPATH\Autoloader\Autoloader.php(311): include_once('C:\\xampp\\htdocs\\proyecto_espinola_emilia\\system\\Debug\\Exceptions.php')
 2 SYSTEMPATH\Autoloader\Autoloader.php(290): CodeIgniter\Autoloader\Autoloader->includeFile('C:\\xampp\\htdocs\\proyecto_espinola_emilia\\app\\Models\\producto_Model.php')
 3 SYSTEMPATH\Autoloader\Autoloader.php(266): CodeIgniter\Autoloader\Autoloader->loadInNamespace('App\\Models\\producto_Model')
 4 APPPATH\Controllers\producto_controller.php(128): CodeIgniter\Autoloader\Autoloader->loadClass('App\\Models\\producto_Model')
 5 SYSTEMPATH\CodeIgniter.php(943): App\Controllers\producto_controller->edit('83')
 6 SYSTEMPATH\CodeIgniter.php(503): CodeIgniter\CodeIgniter->runController(Object(App\Controllers\producto_controller))
 7 SYSTEMPATH\CodeIgniter.php(361): CodeIgniter\CodeIgniter->handleRequest(null, Object(Config\Cache), false)
 8 FCPATH\index.php(79): CodeIgniter\CodeIgniter->run()
WARNING - 2026-01-11 01:29:37 --> [DEPRECATED] Optional parameter $talles declared before required parameter $buscar is implicitly treated as a required parameter in APPPATH\Models\producto_Model.php on line 74.
 1 SYSTEMPATH\Autoloader\Autoloader.php(311): include_once('C:\\xampp\\htdocs\\proyecto_espinola_emilia\\system\\Debug\\Exceptions.php')
 2 SYSTEMPATH\Autoloader\Autoloader.php(290): CodeIgniter\Autoloader\Autoloader->includeFile('C:\\xampp\\htdocs\\proyecto_espinola_emilia\\app\\Models\\producto_Model.php')
 3 SYSTEMPATH\Autoloader\Autoloader.php(266): CodeIgniter\Autoloader\Autoloader->loadInNamespace('App\\Models\\producto_Model')
 4 APPPATH\Controllers\producto_controller.php(128): CodeIgniter\Autoloader\Autoloader->loadClass('App\\Models\\producto_Model')
 5 SYSTEMPATH\CodeIgniter.php(943): App\Controllers\producto_controller->edit('83')
 6 SYSTEMPATH\CodeIgniter.php(503): CodeIgniter\CodeIgniter->runController(Object(App\Controllers\producto_controller))
 7 SYSTEMPATH\CodeIgniter.php(361): CodeIgniter\CodeIgniter->handleRequest(null, Object(Config\Cache), false)
 8 FCPATH\index.php(79): CodeIgniter\CodeIgniter->run()
WARNING - 2026-01-11 01:29:37 --> [DEPRECATED] Optional parameter $categoria_id declared before required parameter $buscar is implicitly treated as a required parameter in APPPATH\Models\producto_Model.php on line 74.
 1 SYSTEMPATH\Autoloader\Autoloader.php(311): include_once('C:\\xampp\\htdocs\\proyecto_espinola_emilia\\system\\Debug\\Exceptions.php')
 2 SYSTEMPATH\Autoloader\Autoloader.php(290): CodeIgniter\Autoloader\Autoloader->includeFile('C:\\xampp\\htdocs\\proyecto_espinola_emilia\\app\\Models\\producto_Model.php')
 3 SYSTEMPATH\Autoloader\Autoloader.php(266): CodeIgniter\Autoloader\Autoloader->loadInNamespace('App\\Models\\producto_Model')
 4 APPPATH\Controllers\producto_controller.php(128): CodeIgniter\Autoloader\Autoloader->loadClass('App\\Models\\producto_Model')
 5 SYSTEMPATH\CodeIgniter.php(943): App\Controllers\producto_controller->edit('83')
 6 SYSTEMPATH\CodeIgniter.php(503): CodeIgniter\CodeIgniter->runController(Object(App\Controllers\producto_controller))
 7 SYSTEMPATH\CodeIgniter.php(361): CodeIgniter\CodeIgniter->handleRequest(null, Object(Config\Cache), false)
 8 FCPATH\index.php(79): CodeIgniter\CodeIgniter->run()
INFO - 2026-01-11 01:29:59 --> Session: Class initialized using 'CodeIgniter\Session\Handlers\FileHandler' driver.
WARNING - 2026-01-11 01:29:59 --> [DEPRECATED] Optional parameter $colores declared before required parameter $buscar is implicitly treated as a required parameter in APPPATH\Models\producto_Model.php on line 74.
 1 SYSTEMPATH\Autoloader\Autoloader.php(311): include_once('C:\\xampp\\htdocs\\proyecto_espinola_emilia\\system\\Debug\\Exceptions.php')
 2 SYSTEMPATH\Autoloader\Autoloader.php(290): CodeIgniter\Autoloader\Autoloader->includeFile('C:\\xampp\\htdocs\\proyecto_espinola_emilia\\app\\Models\\producto_Model.php')
 3 SYSTEMPATH\Autoloader\Autoloader.php(266): CodeIgniter\Autoloader\Autoloader->loadInNamespace('App\\Models\\producto_Model')
 4 APPPATH\Controllers\producto_controller.php(172): CodeIgniter\Autoloader\Autoloader->loadClass('App\\Models\\producto_Model')
 5 SYSTEMPATH\CodeIgniter.php(943): App\Controllers\producto_controller->update('83')
 6 SYSTEMPATH\CodeIgniter.php(503): CodeIgniter\CodeIgniter->runController(Object(App\Controllers\producto_controller))
 7 SYSTEMPATH\CodeIgniter.php(361): CodeIgniter\CodeIgniter->handleRequest(null, Object(Config\Cache), false)
 8 FCPATH\index.php(79): CodeIgniter\CodeIgniter->run()
WARNING - 2026-01-11 01:29:59 --> [DEPRECATED] Optional parameter $talles declared before required parameter $buscar is implicitly treated as a required parameter in APPPATH\Models\producto_Model.php on line 74.
 1 SYSTEMPATH\Autoloader\Autoloader.php(311): include_once('C:\\xampp\\htdocs\\proyecto_espinola_emilia\\system\\Debug\\Exceptions.php')
 2 SYSTEMPATH\Autoloader\Autoloader.php(290): CodeIgniter\Autoloader\Autoloader->includeFile('C:\\xampp\\htdocs\\proyecto_espinola_emilia\\app\\Models\\producto_Model.php')
 3 SYSTEMPATH\Autoloader\Autoloader.php(266): CodeIgniter\Autoloader\Autoloader->loadInNamespace('App\\Models\\producto_Model')
 4 APPPATH\Controllers\producto_controller.php(172): CodeIgniter\Autoloader\Autoloader->loadClass('App\\Models\\producto_Model')
 5 SYSTEMPATH\CodeIgniter.php(943): App\Controllers\producto_controller->update('83')
 6 SYSTEMPATH\CodeIgniter.php(503): CodeIgniter\CodeIgniter->runController(Object(App\Controllers\producto_controller))
 7 SYSTEMPATH\CodeIgniter.php(361): CodeIgniter\CodeIgniter->handleRequest(null, Object(Config\Cache), false)
 8 FCPATH\index.php(79): CodeIgniter\CodeIgniter->run()
WARNING - 2026-01-11 01:29:59 --> [DEPRECATED] Optional parameter $categoria_id declared before required parameter $buscar is implicitly treated as a required parameter in APPPATH\Models\producto_Model.php on line 74.
 1 SYSTEMPATH\Autoloader\Autoloader.php(311): include_once('C:\\xampp\\htdocs\\proyecto_espinola_emilia\\system\\Debug\\Exceptions.php')
 2 SYSTEMPATH\Autoloader\Autoloader.php(290): CodeIgniter\Autoloader\Autoloader->includeFile('C:\\xampp\\htdocs\\proyecto_espinola_emilia\\app\\Models\\producto_Model.php')
 3 SYSTEMPATH\Autoloader\Autoloader.php(266): CodeIgniter\Autoloader\Autoloader->loadInNamespace('App\\Models\\producto_Model')
 4 APPPATH\Controllers\producto_controller.php(172): CodeIgniter\Autoloader\Autoloader->loadClass('App\\Models\\producto_Model')
 5 SYSTEMPATH\CodeIgniter.php(943): App\Controllers\producto_controller->update('83')
 6 SYSTEMPATH\CodeIgniter.php(503): CodeIgniter\CodeIgniter->runController(Object(App\Controllers\producto_controller))
 7 SYSTEMPATH\CodeIgniter.php(361): CodeIgniter\CodeIgniter->handleRequest(null, Object(Config\Cache), false)
 8 FCPATH\index.php(79): CodeIgniter\CodeIgniter->run()
INFO - 2026-01-11 01:29:59 --> Session: Class initialized using 'CodeIgniter\Session\Handlers\FileHandler' driver.
WARNING - 2026-01-11 01:29:59 --> [DEPRECATED] Optional parameter $colores declared before required parameter $buscar is implicitly treated as a required parameter in APPPATH\Models\producto_Model.php on line 74.
 1 SYSTEMPATH\Autoloader\Autoloader.php(311): include_once('C:\\xampp\\htdocs\\proyecto_espinola_emilia\\system\\Debug\\Exceptions.php')
 2 SYSTEMPATH\Autoloader\Autoloader.php(290): CodeIgniter\Autoloader\Autoloader->includeFile('C:\\xampp\\htdocs\\proyecto_espinola_emilia\\app\\Models\\producto_Model.php')
 3 SYSTEMPATH\Autoloader\Autoloader.php(266): CodeIgniter\Autoloader\Autoloader->loadInNamespace('App\\Models\\producto_Model')
 4 APPPATH\Controllers\producto_controller.php(14): CodeIgniter\Autoloader\Autoloader->loadClass('App\\Models\\producto_Model')
 5 SYSTEMPATH\CodeIgniter.php(943): App\Controllers\producto_controller->index()
 6 SYSTEMPATH\CodeIgniter.php(503): CodeIgniter\CodeIgniter->runController(Object(App\Controllers\producto_controller))
 7 SYSTEMPATH\CodeIgniter.php(361): CodeIgniter\CodeIgniter->handleRequest(null, Object(Config\Cache), false)
 8 FCPATH\index.php(79): CodeIgniter\CodeIgniter->run()
WARNING - 2026-01-11 01:29:59 --> [DEPRECATED] Optional parameter $talles declared before required parameter $buscar is implicitly treated as a required parameter in APPPATH\Models\producto_Model.php on line 74.
 1 SYSTEMPATH\Autoloader\Autoloader.php(311): include_once('C:\\xampp\\htdocs\\proyecto_espinola_emilia\\system\\Debug\\Exceptions.php')
 2 SYSTEMPATH\Autoloader\Autoloader.php(290): CodeIgniter\Autoloader\Autoloader->includeFile('C:\\xampp\\htdocs\\proyecto_espinola_emilia\\app\\Models\\producto_Model.php')
 3 SYSTEMPATH\Autoloader\Autoloader.php(266): CodeIgniter\Autoloader\Autoloader->loadInNamespace('App\\Models\\producto_Model')
 4 APPPATH\Controllers\producto_controller.php(14): CodeIgniter\Autoloader\Autoloader->loadClass('App\\Models\\producto_Model')
 5 SYSTEMPATH\CodeIgniter.php(943): App\Controllers\producto_controller->index()
 6 SYSTEMPATH\CodeIgniter.php(503): CodeIgniter\CodeIgniter->runController(Object(App\Controllers\producto_controller))
 7 SYSTEMPATH\CodeIgniter.php(361): CodeIgniter\CodeIgniter->handleRequest(null, Object(Config\Cache), false)
 8 FCPATH\index.php(79): CodeIgniter\CodeIgniter->run()
WARNING - 2026-01-11 01:29:59 --> [DEPRECATED] Optional parameter $categoria_id declared before required parameter $buscar is implicitly treated as a required parameter in APPPATH\Models\producto_Model.php on line 74.
 1 SYSTEMPATH\Autoloader\Autoloader.php(311): include_once('C:\\xampp\\htdocs\\proyecto_espinola_emilia\\system\\Debug\\Exceptions.php')
 2 SYSTEMPATH\Autoloader\Autoloader.php(290): CodeIgniter\Autoloader\Autoloader->includeFile('C:\\xampp\\htdocs\\proyecto_espinola_emilia\\app\\Models\\producto_Model.php')
 3 SYSTEMPATH\Autoloader\Autoloader.php(266): CodeIgniter\Autoloader\Autoloader->loadInNamespace('App\\Models\\producto_Model')
 4 APPPATH\Controllers\producto_controller.php(14): CodeIgniter\Autoloader\Autoloader->loadClass('App\\Models\\producto_Model')
 5 SYSTEMPATH\CodeIgniter.php(943): App\Controllers\producto_controller->index()
 6 SYSTEMPATH\CodeIgniter.php(503): CodeIgniter\CodeIgniter->runController(Object(App\Controllers\producto_controller))
 7 SYSTEMPATH\CodeIgniter.php(361): CodeIgniter\CodeIgniter->handleRequest(null, Object(Config\Cache), false)
 8 FCPATH\index.php(79): CodeIgniter\CodeIgniter->run()
INFO - 2026-01-11 01:30:07 --> Session: Class initialized using 'CodeIgniter\Session\Handlers\FileHandler' driver.
WARNING - 2026-01-11 01:30:07 --> [DEPRECATED] Optional parameter $colores declared before required parameter $buscar is implicitly treated as a required parameter in APPPATH\Models\producto_Model.php on line 74.
 1 SYSTEMPATH\Autoloader\Autoloader.php(311): include_once('C:\\xampp\\htdocs\\proyecto_espinola_emilia\\system\\Debug\\Exceptions.php')
 2 SYSTEMPATH\Autoloader\Autoloader.php(290): CodeIgniter\Autoloader\Autoloader->includeFile('C:\\xampp\\htdocs\\proyecto_espinola_emilia\\app\\Models\\producto_Model.php')
 3 SYSTEMPATH\Autoloader\Autoloader.php(266): CodeIgniter\Autoloader\Autoloader->loadInNamespace('App\\Models\\producto_Model')
 4 APPPATH\Controllers\producto_controller.php(128): CodeIgniter\Autoloader\Autoloader->loadClass('App\\Models\\producto_Model')
 5 SYSTEMPATH\CodeIgniter.php(943): App\Controllers\producto_controller->edit('92')
 6 SYSTEMPATH\CodeIgniter.php(503): CodeIgniter\CodeIgniter->runController(Object(App\Controllers\producto_controller))
 7 SYSTEMPATH\CodeIgniter.php(361): CodeIgniter\CodeIgniter->handleRequest(null, Object(Config\Cache), false)
 8 FCPATH\index.php(79): CodeIgniter\CodeIgniter->run()
WARNING - 2026-01-11 01:30:07 --> [DEPRECATED] Optional parameter $talles declared before required parameter $buscar is implicitly treated as a required parameter in APPPATH\Models\producto_Model.php on line 74.
 1 SYSTEMPATH\Autoloader\Autoloader.php(311): include_once('C:\\xampp\\htdocs\\proyecto_espinola_emilia\\system\\Debug\\Exceptions.php')
 2 SYSTEMPATH\Autoloader\Autoloader.php(290): CodeIgniter\Autoloader\Autoloader->includeFile('C:\\xampp\\htdocs\\proyecto_espinola_emilia\\app\\Models\\producto_Model.php')
 3 SYSTEMPATH\Autoloader\Autoloader.php(266): CodeIgniter\Autoloader\Autoloader->loadInNamespace('App\\Models\\producto_Model')
 4 APPPATH\Controllers\producto_controller.php(128): CodeIgniter\Autoloader\Autoloader->loadClass('App\\Models\\producto_Model')
 5 SYSTEMPATH\CodeIgniter.php(943): App\Controllers\producto_controller->edit('92')
 6 SYSTEMPATH\CodeIgniter.php(503): CodeIgniter\CodeIgniter->runController(Object(App\Controllers\producto_controller))
 7 SYSTEMPATH\CodeIgniter.php(361): CodeIgniter\CodeIgniter->handleRequest(null, Object(Config\Cache), false)
 8 FCPATH\index.php(79): CodeIgniter\CodeIgniter->run()
WARNING - 2026-01-11 01:30:07 --> [DEPRECATED] Optional parameter $categoria_id declared before required parameter $buscar is implicitly treated as a required parameter in APPPATH\Models\producto_Model.php on line 74.
 1 SYSTEMPATH\Autoloader\Autoloader.php(311): include_once('C:\\xampp\\htdocs\\proyecto_espinola_emilia\\system\\Debug\\Exceptions.php')
 2 SYSTEMPATH\Autoloader\Autoloader.php(290): CodeIgniter\Autoloader\Autoloader->includeFile('C:\\xampp\\htdocs\\proyecto_espinola_emilia\\app\\Models\\producto_Model.php')
 3 SYSTEMPATH\Autoloader\Autoloader.php(266): CodeIgniter\Autoloader\Autoloader->loadInNamespace('App\\Models\\producto_Model')
 4 APPPATH\Controllers\producto_controller.php(128): CodeIgniter\Autoloader\Autoloader->loadClass('App\\Models\\producto_Model')
 5 SYSTEMPATH\CodeIgniter.php(943): App\Controllers\producto_controller->edit('92')
 6 SYSTEMPATH\CodeIgniter.php(503): CodeIgniter\CodeIgniter->runController(Object(App\Controllers\producto_controller))
 7 SYSTEMPATH\CodeIgniter.php(361): CodeIgniter\CodeIgniter->handleRequest(null, Object(Config\Cache), false)
 8 FCPATH\index.php(79): CodeIgniter\CodeIgniter->run()
INFO - 2026-01-11 01:31:35 --> Session: Class initialized using 'CodeIgniter\Session\Handlers\FileHandler' driver.
WARNING - 2026-01-11 01:31:35 --> [DEPRECATED] Optional parameter $colores declared before required parameter $buscar is implicitly treated as a required parameter in APPPATH\Models\producto_Model.php on line 74.
 1 SYSTEMPATH\Autoloader\Autoloader.php(311): include_once('C:\\xampp\\htdocs\\proyecto_espinola_emilia\\system\\Debug\\Exceptions.php')
 2 SYSTEMPATH\Autoloader\Autoloader.php(290): CodeIgniter\Autoloader\Autoloader->includeFile('C:\\xampp\\htdocs\\proyecto_espinola_emilia\\app\\Models\\producto_Model.php')
 3 SYSTEMPATH\Autoloader\Autoloader.php(266): CodeIgniter\Autoloader\Autoloader->loadInNamespace('App\\Models\\producto_Model')
 4 APPPATH\Controllers\producto_controller.php(128): CodeIgniter\Autoloader\Autoloader->loadClass('App\\Models\\producto_Model')
 5 SYSTEMPATH\CodeIgniter.php(943): App\Controllers\producto_controller->edit('98')
 6 SYSTEMPATH\CodeIgniter.php(503): CodeIgniter\CodeIgniter->runController(Object(App\Controllers\producto_controller))
 7 SYSTEMPATH\CodeIgniter.php(361): CodeIgniter\CodeIgniter->handleRequest(null, Object(Config\Cache), false)
 8 FCPATH\index.php(79): CodeIgniter\CodeIgniter->run()
WARNING - 2026-01-11 01:31:35 --> [DEPRECATED] Optional parameter $talles declared before required parameter $buscar is implicitly treated as a required parameter in APPPATH\Models\producto_Model.php on line 74.
 1 SYSTEMPATH\Autoloader\Autoloader.php(311): include_once('C:\\xampp\\htdocs\\proyecto_espinola_emilia\\system\\Debug\\Exceptions.php')
 2 SYSTEMPATH\Autoloader\Autoloader.php(290): CodeIgniter\Autoloader\Autoloader->includeFile('C:\\xampp\\htdocs\\proyecto_espinola_emilia\\app\\Models\\producto_Model.php')
 3 SYSTEMPATH\Autoloader\Autoloader.php(266): CodeIgniter\Autoloader\Autoloader->loadInNamespace('App\\Models\\producto_Model')
 4 APPPATH\Controllers\producto_controller.php(128): CodeIgniter\Autoloader\Autoloader->loadClass('App\\Models\\producto_Model')
 5 SYSTEMPATH\CodeIgniter.php(943): App\Controllers\producto_controller->edit('98')
 6 SYSTEMPATH\CodeIgniter.php(503): CodeIgniter\CodeIgniter->runController(Object(App\Controllers\producto_controller))
 7 SYSTEMPATH\CodeIgniter.php(361): CodeIgniter\CodeIgniter->handleRequest(null, Object(Config\Cache), false)
 8 FCPATH\index.php(79): CodeIgniter\CodeIgniter->run()
WARNING - 2026-01-11 01:31:35 --> [DEPRECATED] Optional parameter $categoria_id declared before required parameter $buscar is implicitly treated as a required parameter in APPPATH\Models\producto_Model.php on line 74.
 1 SYSTEMPATH\Autoloader\Autoloader.php(311): include_once('C:\\xampp\\htdocs\\proyecto_espinola_emilia\\system\\Debug\\Exceptions.php')
 2 SYSTEMPATH\Autoloader\Autoloader.php(290): CodeIgniter\Autoloader\Autoloader->includeFile('C:\\xampp\\htdocs\\proyecto_espinola_emilia\\app\\Models\\producto_Model.php')
 3 SYSTEMPATH\Autoloader\Autoloader.php(266): CodeIgniter\Autoloader\Autoloader->loadInNamespace('App\\Models\\producto_Model')
 4 APPPATH\Controllers\producto_controller.php(128): CodeIgniter\Autoloader\Autoloader->loadClass('App\\Models\\producto_Model')
 5 SYSTEMPATH\CodeIgniter.php(943): App\Controllers\producto_controller->edit('98')
 6 SYSTEMPATH\CodeIgniter.php(503): CodeIgniter\CodeIgniter->runController(Object(App\Controllers\producto_controller))
 7 SYSTEMPATH\CodeIgniter.php(361): CodeIgniter\CodeIgniter->handleRequest(null, Object(Config\Cache), false)
 8 FCPATH\index.php(79): CodeIgniter\CodeIgniter->run()
INFO - 2026-01-11 01:32:10 --> Session: Class initialized using 'CodeIgniter\Session\Handlers\FileHandler' driver.
WARNING - 2026-01-11 01:32:10 --> [DEPRECATED] Optional parameter $colores declared before required parameter $buscar is implicitly treated as a required parameter in APPPATH\Models\producto_Model.php on line 74.
 1 SYSTEMPATH\Autoloader\Autoloader.php(311): include_once('C:\\xampp\\htdocs\\proyecto_espinola_emilia\\system\\Debug\\Exceptions.php')
 2 SYSTEMPATH\Autoloader\Autoloader.php(290): CodeIgniter\Autoloader\Autoloader->includeFile('C:\\xampp\\htdocs\\proyecto_espinola_emilia\\app\\Models\\producto_Model.php')
 3 SYSTEMPATH\Autoloader\Autoloader.php(266): CodeIgniter\Autoloader\Autoloader->loadInNamespace('App\\Models\\producto_Model')
 4 APPPATH\Controllers\producto_controller.php(172): CodeIgniter\Autoloader\Autoloader->loadClass('App\\Models\\producto_Model')
 5 SYSTEMPATH\CodeIgniter.php(943): App\Controllers\producto_controller->update('98')
 6 SYSTEMPATH\CodeIgniter.php(503): CodeIgniter\CodeIgniter->runController(Object(App\Controllers\producto_controller))
 7 SYSTEMPATH\CodeIgniter.php(361): CodeIgniter\CodeIgniter->handleRequest(null, Object(Config\Cache), false)
 8 FCPATH\index.php(79): CodeIgniter\CodeIgniter->run()
WARNING - 2026-01-11 01:32:10 --> [DEPRECATED] Optional parameter $talles declared before required parameter $buscar is implicitly treated as a required parameter in APPPATH\Models\producto_Model.php on line 74.
 1 SYSTEMPATH\Autoloader\Autoloader.php(311): include_once('C:\\xampp\\htdocs\\proyecto_espinola_emilia\\system\\Debug\\Exceptions.php')
 2 SYSTEMPATH\Autoloader\Autoloader.php(290): CodeIgniter\Autoloader\Autoloader->includeFile('C:\\xampp\\htdocs\\proyecto_espinola_emilia\\app\\Models\\producto_Model.php')
 3 SYSTEMPATH\Autoloader\Autoloader.php(266): CodeIgniter\Autoloader\Autoloader->loadInNamespace('App\\Models\\producto_Model')
 4 APPPATH\Controllers\producto_controller.php(172): CodeIgniter\Autoloader\Autoloader->loadClass('App\\Models\\producto_Model')
 5 SYSTEMPATH\CodeIgniter.php(943): App\Controllers\producto_controller->update('98')
 6 SYSTEMPATH\CodeIgniter.php(503): CodeIgniter\CodeIgniter->runController(Object(App\Controllers\producto_controller))
 7 SYSTEMPATH\CodeIgniter.php(361): CodeIgniter\CodeIgniter->handleRequest(null, Object(Config\Cache), false)
 8 FCPATH\index.php(79): CodeIgniter\CodeIgniter->run()
WARNING - 2026-01-11 01:32:10 --> [DEPRECATED] Optional parameter $categoria_id declared before required parameter $buscar is implicitly treated as a required parameter in APPPATH\Models\producto_Model.php on line 74.
 1 SYSTEMPATH\Autoloader\Autoloader.php(311): include_once('C:\\xampp\\htdocs\\proyecto_espinola_emilia\\system\\Debug\\Exceptions.php')
 2 SYSTEMPATH\Autoloader\Autoloader.php(290): CodeIgniter\Autoloader\Autoloader->includeFile('C:\\xampp\\htdocs\\proyecto_espinola_emilia\\app\\Models\\producto_Model.php')
 3 SYSTEMPATH\Autoloader\Autoloader.php(266): CodeIgniter\Autoloader\Autoloader->loadInNamespace('App\\Models\\producto_Model')
 4 APPPATH\Controllers\producto_controller.php(172): CodeIgniter\Autoloader\Autoloader->loadClass('App\\Models\\producto_Model')
 5 SYSTEMPATH\CodeIgniter.php(943): App\Controllers\producto_controller->update('98')
 6 SYSTEMPATH\CodeIgniter.php(503): CodeIgniter\CodeIgniter->runController(Object(App\Controllers\producto_controller))
 7 SYSTEMPATH\CodeIgniter.php(361): CodeIgniter\CodeIgniter->handleRequest(null, Object(Config\Cache), false)
 8 FCPATH\index.php(79): CodeIgniter\CodeIgniter->run()
INFO - 2026-01-11 01:32:10 --> Session: Class initialized using 'CodeIgniter\Session\Handlers\FileHandler' driver.
WARNING - 2026-01-11 01:32:10 --> [DEPRECATED] Optional parameter $colores declared before required parameter $buscar is implicitly treated as a required parameter in APPPATH\Models\producto_Model.php on line 74.
 1 SYSTEMPATH\Autoloader\Autoloader.php(311): include_once('C:\\xampp\\htdocs\\proyecto_espinola_emilia\\system\\Debug\\Exceptions.php')
 2 SYSTEMPATH\Autoloader\Autoloader.php(290): CodeIgniter\Autoloader\Autoloader->includeFile('C:\\xampp\\htdocs\\proyecto_espinola_emilia\\app\\Models\\producto_Model.php')
 3 SYSTEMPATH\Autoloader\Autoloader.php(266): CodeIgniter\Autoloader\Autoloader->loadInNamespace('App\\Models\\producto_Model')
 4 APPPATH\Controllers\producto_controller.php(14): CodeIgniter\Autoloader\Autoloader->loadClass('App\\Models\\producto_Model')
 5 SYSTEMPATH\CodeIgniter.php(943): App\Controllers\producto_controller->index()
 6 SYSTEMPATH\CodeIgniter.php(503): CodeIgniter\CodeIgniter->runController(Object(App\Controllers\producto_controller))
 7 SYSTEMPATH\CodeIgniter.php(361): CodeIgniter\CodeIgniter->handleRequest(null, Object(Config\Cache), false)
 8 FCPATH\index.php(79): CodeIgniter\CodeIgniter->run()
WARNING - 2026-01-11 01:32:10 --> [DEPRECATED] Optional parameter $talles declared before required parameter $buscar is implicitly treated as a required parameter in APPPATH\Models\producto_Model.php on line 74.
 1 SYSTEMPATH\Autoloader\Autoloader.php(311): include_once('C:\\xampp\\htdocs\\proyecto_espinola_emilia\\system\\Debug\\Exceptions.php')
 2 SYSTEMPATH\Autoloader\Autoloader.php(290): CodeIgniter\Autoloader\Autoloader->includeFile('C:\\xampp\\htdocs\\proyecto_espinola_emilia\\app\\Models\\producto_Model.php')
 3 SYSTEMPATH\Autoloader\Autoloader.php(266): CodeIgniter\Autoloader\Autoloader->loadInNamespace('App\\Models\\producto_Model')
 4 APPPATH\Controllers\producto_controller.php(14): CodeIgniter\Autoloader\Autoloader->loadClass('App\\Models\\producto_Model')
 5 SYSTEMPATH\CodeIgniter.php(943): App\Controllers\producto_controller->index()
 6 SYSTEMPATH\CodeIgniter.php(503): CodeIgniter\CodeIgniter->runController(Object(App\Controllers\producto_controller))
 7 SYSTEMPATH\CodeIgniter.php(361): CodeIgniter\CodeIgniter->handleRequest(null, Object(Config\Cache), false)
 8 FCPATH\index.php(79): CodeIgniter\CodeIgniter->run()
WARNING - 2026-01-11 01:32:10 --> [DEPRECATED] Optional parameter $categoria_id declared before required parameter $buscar is implicitly treated as a required parameter in APPPATH\Models\producto_Model.php on line 74.
 1 SYSTEMPATH\Autoloader\Autoloader.php(311): include_once('C:\\xampp\\htdocs\\proyecto_espinola_emilia\\system\\Debug\\Exceptions.php')
 2 SYSTEMPATH\Autoloader\Autoloader.php(290): CodeIgniter\Autoloader\Autoloader->includeFile('C:\\xampp\\htdocs\\proyecto_espinola_emilia\\app\\Models\\producto_Model.php')
 3 SYSTEMPATH\Autoloader\Autoloader.php(266): CodeIgniter\Autoloader\Autoloader->loadInNamespace('App\\Models\\producto_Model')
 4 APPPATH\Controllers\producto_controller.php(14): CodeIgniter\Autoloader\Autoloader->loadClass('App\\Models\\producto_Model')
 5 SYSTEMPATH\CodeIgniter.php(943): App\Controllers\producto_controller->index()
 6 SYSTEMPATH\CodeIgniter.php(503): CodeIgniter\CodeIgniter->runController(Object(App\Controllers\producto_controller))
 7 SYSTEMPATH\CodeIgniter.php(361): CodeIgniter\CodeIgniter->handleRequest(null, Object(Config\Cache), false)
 8 FCPATH\index.php(79): CodeIgniter\CodeIgniter->run()
INFO - 2026-01-11 01:32:23 --> Session: Class initialized using 'CodeIgniter\Session\Handlers\FileHandler' driver.
WARNING - 2026-01-11 01:32:23 --> [DEPRECATED] Optional parameter $colores declared before required parameter $buscar is implicitly treated as a required parameter in APPPATH\Models\producto_Model.php on line 74.
 1 SYSTEMPATH\Autoloader\Autoloader.php(311): include_once('C:\\xampp\\htdocs\\proyecto_espinola_emilia\\system\\Debug\\Exceptions.php')
 2 SYSTEMPATH\Autoloader\Autoloader.php(290): CodeIgniter\Autoloader\Autoloader->includeFile('C:\\xampp\\htdocs\\proyecto_espinola_emilia\\app\\Models\\producto_Model.php')
 3 SYSTEMPATH\Autoloader\Autoloader.php(266): CodeIgniter\Autoloader\Autoloader->loadInNamespace('App\\Models\\producto_Model')
 4 APPPATH\Controllers\producto_controller.php(128): CodeIgniter\Autoloader\Autoloader->loadClass('App\\Models\\producto_Model')
 5 SYSTEMPATH\CodeIgniter.php(943): App\Controllers\producto_controller->edit('88')
 6 SYSTEMPATH\CodeIgniter.php(503): CodeIgniter\CodeIgniter->runController(Object(App\Controllers\producto_controller))
 7 SYSTEMPATH\CodeIgniter.php(361): CodeIgniter\CodeIgniter->handleRequest(null, Object(Config\Cache), false)
 8 FCPATH\index.php(79): CodeIgniter\CodeIgniter->run()
WARNING - 2026-01-11 01:32:23 --> [DEPRECATED] Optional parameter $talles declared before required parameter $buscar is implicitly treated as a required parameter in APPPATH\Models\producto_Model.php on line 74.
 1 SYSTEMPATH\Autoloader\Autoloader.php(311): include_once('C:\\xampp\\htdocs\\proyecto_espinola_emilia\\system\\Debug\\Exceptions.php')
 2 SYSTEMPATH\Autoloader\Autoloader.php(290): CodeIgniter\Autoloader\Autoloader->includeFile('C:\\xampp\\htdocs\\proyecto_espinola_emilia\\app\\Models\\producto_Model.php')
 3 SYSTEMPATH\Autoloader\Autoloader.php(266): CodeIgniter\Autoloader\Autoloader->loadInNamespace('App\\Models\\producto_Model')
 4 APPPATH\Controllers\producto_controller.php(128): CodeIgniter\Autoloader\Autoloader->loadClass('App\\Models\\producto_Model')
 5 SYSTEMPATH\CodeIgniter.php(943): App\Controllers\producto_controller->edit('88')
 6 SYSTEMPATH\CodeIgniter.php(503): CodeIgniter\CodeIgniter->runController(Object(App\Controllers\producto_controller))
 7 SYSTEMPATH\CodeIgniter.php(361): CodeIgniter\CodeIgniter->handleRequest(null, Object(Config\Cache), false)
 8 FCPATH\index.php(79): CodeIgniter\CodeIgniter->run()
WARNING - 2026-01-11 01:32:23 --> [DEPRECATED] Optional parameter $categoria_id declared before required parameter $buscar is implicitly treated as a required parameter in APPPATH\Models\producto_Model.php on line 74.
 1 SYSTEMPATH\Autoloader\Autoloader.php(311): include_once('C:\\xampp\\htdocs\\proyecto_espinola_emilia\\system\\Debug\\Exceptions.php')
 2 SYSTEMPATH\Autoloader\Autoloader.php(290): CodeIgniter\Autoloader\Autoloader->includeFile('C:\\xampp\\htdocs\\proyecto_espinola_emilia\\app\\Models\\producto_Model.php')
 3 SYSTEMPATH\Autoloader\Autoloader.php(266): CodeIgniter\Autoloader\Autoloader->loadInNamespace('App\\Models\\producto_Model')
 4 APPPATH\Controllers\producto_controller.php(128): CodeIgniter\Autoloader\Autoloader->loadClass('App\\Models\\producto_Model')
 5 SYSTEMPATH\CodeIgniter.php(943): App\Controllers\producto_controller->edit('88')
 6 SYSTEMPATH\CodeIgniter.php(503): CodeIgniter\CodeIgniter->runController(Object(App\Controllers\producto_controller))
 7 SYSTEMPATH\CodeIgniter.php(361): CodeIgniter\CodeIgniter->handleRequest(null, Object(Config\Cache), false)
 8 FCPATH\index.php(79): CodeIgniter\CodeIgniter->run()
INFO - 2026-01-11 01:32:46 --> Session: Class initialized using 'CodeIgniter\Session\Handlers\FileHandler' driver.
WARNING - 2026-01-11 01:32:46 --> [DEPRECATED] Optional parameter $colores declared before required parameter $buscar is implicitly treated as a required parameter in APPPATH\Models\producto_Model.php on line 74.
 1 SYSTEMPATH\Autoloader\Autoloader.php(311): include_once('C:\\xampp\\htdocs\\proyecto_espinola_emilia\\system\\Debug\\Exceptions.php')
 2 SYSTEMPATH\Autoloader\Autoloader.php(290): CodeIgniter\Autoloader\Autoloader->includeFile('C:\\xampp\\htdocs\\proyecto_espinola_emilia\\app\\Models\\producto_Model.php')
 3 SYSTEMPATH\Autoloader\Autoloader.php(266): CodeIgniter\Autoloader\Autoloader->loadInNamespace('App\\Models\\producto_Model')
 4 APPPATH\Controllers\producto_controller.php(172): CodeIgniter\Autoloader\Autoloader->loadClass('App\\Models\\producto_Model')
 5 SYSTEMPATH\CodeIgniter.php(943): App\Controllers\producto_controller->update('88')
 6 SYSTEMPATH\CodeIgniter.php(503): CodeIgniter\CodeIgniter->runController(Object(App\Controllers\producto_controller))
 7 SYSTEMPATH\CodeIgniter.php(361): CodeIgniter\CodeIgniter->handleRequest(null, Object(Config\Cache), false)
 8 FCPATH\index.php(79): CodeIgniter\CodeIgniter->run()
WARNING - 2026-01-11 01:32:46 --> [DEPRECATED] Optional parameter $talles declared before required parameter $buscar is implicitly treated as a required parameter in APPPATH\Models\producto_Model.php on line 74.
 1 SYSTEMPATH\Autoloader\Autoloader.php(311): include_once('C:\\xampp\\htdocs\\proyecto_espinola_emilia\\system\\Debug\\Exceptions.php')
 2 SYSTEMPATH\Autoloader\Autoloader.php(290): CodeIgniter\Autoloader\Autoloader->includeFile('C:\\xampp\\htdocs\\proyecto_espinola_emilia\\app\\Models\\producto_Model.php')
 3 SYSTEMPATH\Autoloader\Autoloader.php(266): CodeIgniter\Autoloader\Autoloader->loadInNamespace('App\\Models\\producto_Model')
 4 APPPATH\Controllers\producto_controller.php(172): CodeIgniter\Autoloader\Autoloader->loadClass('App\\Models\\producto_Model')
 5 SYSTEMPATH\CodeIgniter.php(943): App\Controllers\producto_controller->update('88')
 6 SYSTEMPATH\CodeIgniter.php(503): CodeIgniter\CodeIgniter->runController(Object(App\Controllers\producto_controller))
 7 SYSTEMPATH\CodeIgniter.php(361): CodeIgniter\CodeIgniter->handleRequest(null, Object(Config\Cache), false)
 8 FCPATH\index.php(79): CodeIgniter\CodeIgniter->run()
WARNING - 2026-01-11 01:32:46 --> [DEPRECATED] Optional parameter $categoria_id declared before required parameter $buscar is implicitly treated as a required parameter in APPPATH\Models\producto_Model.php on line 74.
 1 SYSTEMPATH\Autoloader\Autoloader.php(311): include_once('C:\\xampp\\htdocs\\proyecto_espinola_emilia\\system\\Debug\\Exceptions.php')
 2 SYSTEMPATH\Autoloader\Autoloader.php(290): CodeIgniter\Autoloader\Autoloader->includeFile('C:\\xampp\\htdocs\\proyecto_espinola_emilia\\app\\Models\\producto_Model.php')
 3 SYSTEMPATH\Autoloader\Autoloader.php(266): CodeIgniter\Autoloader\Autoloader->loadInNamespace('App\\Models\\producto_Model')
 4 APPPATH\Controllers\producto_controller.php(172): CodeIgniter\Autoloader\Autoloader->loadClass('App\\Models\\producto_Model')
 5 SYSTEMPATH\CodeIgniter.php(943): App\Controllers\producto_controller->update('88')
 6 SYSTEMPATH\CodeIgniter.php(503): CodeIgniter\CodeIgniter->runController(Object(App\Controllers\producto_controller))
 7 SYSTEMPATH\CodeIgniter.php(361): CodeIgniter\CodeIgniter->handleRequest(null, Object(Config\Cache), false)
 8 FCPATH\index.php(79): CodeIgniter\CodeIgniter->run()
INFO - 2026-01-11 01:32:46 --> Session: Class initialized using 'CodeIgniter\Session\Handlers\FileHandler' driver.
WARNING - 2026-01-11 01:32:46 --> [DEPRECATED] Optional parameter $colores declared before required parameter $buscar is implicitly treated as a required parameter in APPPATH\Models\producto_Model.php on line 74.
 1 SYSTEMPATH\Autoloader\Autoloader.php(311): include_once('C:\\xampp\\htdocs\\proyecto_espinola_emilia\\system\\Debug\\Exceptions.php')
 2 SYSTEMPATH\Autoloader\Autoloader.php(290): CodeIgniter\Autoloader\Autoloader->includeFile('C:\\xampp\\htdocs\\proyecto_espinola_emilia\\app\\Models\\producto_Model.php')
 3 SYSTEMPATH\Autoloader\Autoloader.php(266): CodeIgniter\Autoloader\Autoloader->loadInNamespace('App\\Models\\producto_Model')
 4 APPPATH\Controllers\producto_controller.php(14): CodeIgniter\Autoloader\Autoloader->loadClass('App\\Models\\producto_Model')
 5 SYSTEMPATH\CodeIgniter.php(943): App\Controllers\producto_controller->index()
 6 SYSTEMPATH\CodeIgniter.php(503): CodeIgniter\CodeIgniter->runController(Object(App\Controllers\producto_controller))
 7 SYSTEMPATH\CodeIgniter.php(361): CodeIgniter\CodeIgniter->handleRequest(null, Object(Config\Cache), false)
 8 FCPATH\index.php(79): CodeIgniter\CodeIgniter->run()
WARNING - 2026-01-11 01:32:46 --> [DEPRECATED] Optional parameter $talles declared before required parameter $buscar is implicitly treated as a required parameter in APPPATH\Models\producto_Model.php on line 74.
 1 SYSTEMPATH\Autoloader\Autoloader.php(311): include_once('C:\\xampp\\htdocs\\proyecto_espinola_emilia\\system\\Debug\\Exceptions.php')
 2 SYSTEMPATH\Autoloader\Autoloader.php(290): CodeIgniter\Autoloader\Autoloader->includeFile('C:\\xampp\\htdocs\\proyecto_espinola_emilia\\app\\Models\\producto_Model.php')
 3 SYSTEMPATH\Autoloader\Autoloader.php(266): CodeIgniter\Autoloader\Autoloader->loadInNamespace('App\\Models\\producto_Model')
 4 APPPATH\Controllers\producto_controller.php(14): CodeIgniter\Autoloader\Autoloader->loadClass('App\\Models\\producto_Model')
 5 SYSTEMPATH\CodeIgniter.php(943): App\Controllers\producto_controller->index()
 6 SYSTEMPATH\CodeIgniter.php(503): CodeIgniter\CodeIgniter->runController(Object(App\Controllers\producto_controller))
 7 SYSTEMPATH\CodeIgniter.php(361): CodeIgniter\CodeIgniter->handleRequest(null, Object(Config\Cache), false)
 8 FCPATH\index.php(79): CodeIgniter\CodeIgniter->run()
WARNING - 2026-01-11 01:32:46 --> [DEPRECATED] Optional parameter $categoria_id declared before required parameter $buscar is implicitly treated as a required parameter in APPPATH\Models\producto_Model.php on line 74.
 1 SYSTEMPATH\Autoloader\Autoloader.php(311): include_once('C:\\xampp\\htdocs\\proyecto_espinola_emilia\\system\\Debug\\Exceptions.php')
 2 SYSTEMPATH\Autoloader\Autoloader.php(290): CodeIgniter\Autoloader\Autoloader->includeFile('C:\\xampp\\htdocs\\proyecto_espinola_emilia\\app\\Models\\producto_Model.php')
 3 SYSTEMPATH\Autoloader\Autoloader.php(266): CodeIgniter\Autoloader\Autoloader->loadInNamespace('App\\Models\\producto_Model')
 4 APPPATH\Controllers\producto_controller.php(14): CodeIgniter\Autoloader\Autoloader->loadClass('App\\Models\\producto_Model')
 5 SYSTEMPATH\CodeIgniter.php(943): App\Controllers\producto_controller->index()
 6 SYSTEMPATH\CodeIgniter.php(503): CodeIgniter\CodeIgniter->runController(Object(App\Controllers\producto_controller))
 7 SYSTEMPATH\CodeIgniter.php(361): CodeIgniter\CodeIgniter->handleRequest(null, Object(Config\Cache), false)
 8 FCPATH\index.php(79): CodeIgniter\CodeIgniter->run()
INFO - 2026-01-11 01:32:54 --> Session: Class initialized using 'CodeIgniter\Session\Handlers\FileHandler' driver.
WARNING - 2026-01-11 01:32:54 --> [DEPRECATED] Optional parameter $colores declared before required parameter $buscar is implicitly treated as a required parameter in APPPATH\Models\producto_Model.php on line 74.
 1 SYSTEMPATH\Autoloader\Autoloader.php(311): include_once('C:\\xampp\\htdocs\\proyecto_espinola_emilia\\system\\Debug\\Exceptions.php')
 2 SYSTEMPATH\Autoloader\Autoloader.php(290): CodeIgniter\Autoloader\Autoloader->includeFile('C:\\xampp\\htdocs\\proyecto_espinola_emilia\\app\\Models\\producto_Model.php')
 3 SYSTEMPATH\Autoloader\Autoloader.php(266): CodeIgniter\Autoloader\Autoloader->loadInNamespace('App\\Models\\producto_Model')
 4 APPPATH\Controllers\producto_controller.php(128): CodeIgniter\Autoloader\Autoloader->loadClass('App\\Models\\producto_Model')
 5 SYSTEMPATH\CodeIgniter.php(943): App\Controllers\producto_controller->edit('83')
 6 SYSTEMPATH\CodeIgniter.php(503): CodeIgniter\CodeIgniter->runController(Object(App\Controllers\producto_controller))
 7 SYSTEMPATH\CodeIgniter.php(361): CodeIgniter\CodeIgniter->handleRequest(null, Object(Config\Cache), false)
 8 FCPATH\index.php(79): CodeIgniter\CodeIgniter->run()
WARNING - 2026-01-11 01:32:54 --> [DEPRECATED] Optional parameter $talles declared before required parameter $buscar is implicitly treated as a required parameter in APPPATH\Models\producto_Model.php on line 74.
 1 SYSTEMPATH\Autoloader\Autoloader.php(311): include_once('C:\\xampp\\htdocs\\proyecto_espinola_emilia\\system\\Debug\\Exceptions.php')
 2 SYSTEMPATH\Autoloader\Autoloader.php(290): CodeIgniter\Autoloader\Autoloader->includeFile('C:\\xampp\\htdocs\\proyecto_espinola_emilia\\app\\Models\\producto_Model.php')
 3 SYSTEMPATH\Autoloader\Autoloader.php(266): CodeIgniter\Autoloader\Autoloader->loadInNamespace('App\\Models\\producto_Model')
 4 APPPATH\Controllers\producto_controller.php(128): CodeIgniter\Autoloader\Autoloader->loadClass('App\\Models\\producto_Model')
 5 SYSTEMPATH\CodeIgniter.php(943): App\Controllers\producto_controller->edit('83')
 6 SYSTEMPATH\CodeIgniter.php(503): CodeIgniter\CodeIgniter->runController(Object(App\Controllers\producto_controller))
 7 SYSTEMPATH\CodeIgniter.php(361): CodeIgniter\CodeIgniter->handleRequest(null, Object(Config\Cache), false)
 8 FCPATH\index.php(79): CodeIgniter\CodeIgniter->run()
WARNING - 2026-01-11 01:32:54 --> [DEPRECATED] Optional parameter $categoria_id declared before required parameter $buscar is implicitly treated as a required parameter in APPPATH\Models\producto_Model.php on line 74.
 1 SYSTEMPATH\Autoloader\Autoloader.php(311): include_once('C:\\xampp\\htdocs\\proyecto_espinola_emilia\\system\\Debug\\Exceptions.php')
 2 SYSTEMPATH\Autoloader\Autoloader.php(290): CodeIgniter\Autoloader\Autoloader->includeFile('C:\\xampp\\htdocs\\proyecto_espinola_emilia\\app\\Models\\producto_Model.php')
 3 SYSTEMPATH\Autoloader\Autoloader.php(266): CodeIgniter\Autoloader\Autoloader->loadInNamespace('App\\Models\\producto_Model')
 4 APPPATH\Controllers\producto_controller.php(128): CodeIgniter\Autoloader\Autoloader->loadClass('App\\Models\\producto_Model')
 5 SYSTEMPATH\CodeIgniter.php(943): App\Controllers\producto_controller->edit('83')
 6 SYSTEMPATH\CodeIgniter.php(503): CodeIgniter\CodeIgniter->runController(Object(App\Controllers\producto_controller))
 7 SYSTEMPATH\CodeIgniter.php(361): CodeIgniter\CodeIgniter->handleRequest(null, Object(Config\Cache), false)
 8 FCPATH\index.php(79): CodeIgniter\CodeIgniter->run()
INFO - 2026-01-11 01:33:00 --> Session: Class initialized using 'CodeIgniter\Session\Handlers\FileHandler' driver.
WARNING - 2026-01-11 01:33:00 --> [DEPRECATED] Optional parameter $colores declared before required parameter $buscar is implicitly treated as a required parameter in APPPATH\Models\producto_Model.php on line 74.
 1 SYSTEMPATH\Autoloader\Autoloader.php(311): include_once('C:\\xampp\\htdocs\\proyecto_espinola_emilia\\system\\Debug\\Exceptions.php')
 2 SYSTEMPATH\Autoloader\Autoloader.php(290): CodeIgniter\Autoloader\Autoloader->includeFile('C:\\xampp\\htdocs\\proyecto_espinola_emilia\\app\\Models\\producto_Model.php')
 3 SYSTEMPATH\Autoloader\Autoloader.php(266): CodeIgniter\Autoloader\Autoloader->loadInNamespace('App\\Models\\producto_Model')
 4 APPPATH\Controllers\producto_controller.php(128): CodeIgniter\Autoloader\Autoloader->loadClass('App\\Models\\producto_Model')
 5 SYSTEMPATH\CodeIgniter.php(943): App\Controllers\producto_controller->edit('87')
 6 SYSTEMPATH\CodeIgniter.php(503): CodeIgniter\CodeIgniter->runController(Object(App\Controllers\producto_controller))
 7 SYSTEMPATH\CodeIgniter.php(361): CodeIgniter\CodeIgniter->handleRequest(null, Object(Config\Cache), false)
 8 FCPATH\index.php(79): CodeIgniter\CodeIgniter->run()
WARNING - 2026-01-11 01:33:00 --> [DEPRECATED] Optional parameter $talles declared before required parameter $buscar is implicitly treated as a required parameter in APPPATH\Models\producto_Model.php on line 74.
 1 SYSTEMPATH\Autoloader\Autoloader.php(311): include_once('C:\\xampp\\htdocs\\proyecto_espinola_emilia\\system\\Debug\\Exceptions.php')
 2 SYSTEMPATH\Autoloader\Autoloader.php(290): CodeIgniter\Autoloader\Autoloader->includeFile('C:\\xampp\\htdocs\\proyecto_espinola_emilia\\app\\Models\\producto_Model.php')
 3 SYSTEMPATH\Autoloader\Autoloader.php(266): CodeIgniter\Autoloader\Autoloader->loadInNamespace('App\\Models\\producto_Model')
 4 APPPATH\Controllers\producto_controller.php(128): CodeIgniter\Autoloader\Autoloader->loadClass('App\\Models\\producto_Model')
 5 SYSTEMPATH\CodeIgniter.php(943): App\Controllers\producto_controller->edit('87')
 6 SYSTEMPATH\CodeIgniter.php(503): CodeIgniter\CodeIgniter->runController(Object(App\Controllers\producto_controller))
 7 SYSTEMPATH\CodeIgniter.php(361): CodeIgniter\CodeIgniter->handleRequest(null, Object(Config\Cache), false)
 8 FCPATH\index.php(79): CodeIgniter\CodeIgniter->run()
WARNING - 2026-01-11 01:33:00 --> [DEPRECATED] Optional parameter $categoria_id declared before required parameter $buscar is implicitly treated as a required parameter in APPPATH\Models\producto_Model.php on line 74.
 1 SYSTEMPATH\Autoloader\Autoloader.php(311): include_once('C:\\xampp\\htdocs\\proyecto_espinola_emilia\\system\\Debug\\Exceptions.php')
 2 SYSTEMPATH\Autoloader\Autoloader.php(290): CodeIgniter\Autoloader\Autoloader->includeFile('C:\\xampp\\htdocs\\proyecto_espinola_emilia\\app\\Models\\producto_Model.php')
 3 SYSTEMPATH\Autoloader\Autoloader.php(266): CodeIgniter\Autoloader\Autoloader->loadInNamespace('App\\Models\\producto_Model')
 4 APPPATH\Controllers\producto_controller.php(128): CodeIgniter\Autoloader\Autoloader->loadClass('App\\Models\\producto_Model')
 5 SYSTEMPATH\CodeIgniter.php(943): App\Controllers\producto_controller->edit('87')
 6 SYSTEMPATH\CodeIgniter.php(503): CodeIgniter\CodeIgniter->runController(Object(App\Controllers\producto_controller))
 7 SYSTEMPATH\CodeIgniter.php(361): CodeIgniter\CodeIgniter->handleRequest(null, Object(Config\Cache), false)
 8 FCPATH\index.php(79): CodeIgniter\CodeIgniter->run()
INFO - 2026-01-11 01:33:37 --> Session: Class initialized using 'CodeIgniter\Session\Handlers\FileHandler' driver.
WARNING - 2026-01-11 01:33:37 --> [DEPRECATED] Optional parameter $colores declared before required parameter $buscar is implicitly treated as a required parameter in APPPATH\Models\producto_Model.php on line 74.
 1 SYSTEMPATH\Autoloader\Autoloader.php(311): include_once('C:\\xampp\\htdocs\\proyecto_espinola_emilia\\system\\Debug\\Exceptions.php')
 2 SYSTEMPATH\Autoloader\Autoloader.php(290): CodeIgniter\Autoloader\Autoloader->includeFile('C:\\xampp\\htdocs\\proyecto_espinola_emilia\\app\\Models\\producto_Model.php')
 3 SYSTEMPATH\Autoloader\Autoloader.php(266): CodeIgniter\Autoloader\Autoloader->loadInNamespace('App\\Models\\producto_Model')
 4 APPPATH\Controllers\producto_controller.php(172): CodeIgniter\Autoloader\Autoloader->loadClass('App\\Models\\producto_Model')
 5 SYSTEMPATH\CodeIgniter.php(943): App\Controllers\producto_controller->update('87')
 6 SYSTEMPATH\CodeIgniter.php(503): CodeIgniter\CodeIgniter->runController(Object(App\Controllers\producto_controller))
 7 SYSTEMPATH\CodeIgniter.php(361): CodeIgniter\CodeIgniter->handleRequest(null, Object(Config\Cache), false)
 8 FCPATH\index.php(79): CodeIgniter\CodeIgniter->run()
WARNING - 2026-01-11 01:33:37 --> [DEPRECATED] Optional parameter $talles declared before required parameter $buscar is implicitly treated as a required parameter in APPPATH\Models\producto_Model.php on line 74.
 1 SYSTEMPATH\Autoloader\Autoloader.php(311): include_once('C:\\xampp\\htdocs\\proyecto_espinola_emilia\\system\\Debug\\Exceptions.php')
 2 SYSTEMPATH\Autoloader\Autoloader.php(290): CodeIgniter\Autoloader\Autoloader->includeFile('C:\\xampp\\htdocs\\proyecto_espinola_emilia\\app\\Models\\producto_Model.php')
 3 SYSTEMPATH\Autoloader\Autoloader.php(266): CodeIgniter\Autoloader\Autoloader->loadInNamespace('App\\Models\\producto_Model')
 4 APPPATH\Controllers\producto_controller.php(172): CodeIgniter\Autoloader\Autoloader->loadClass('App\\Models\\producto_Model')
 5 SYSTEMPATH\CodeIgniter.php(943): App\Controllers\producto_controller->update('87')
 6 SYSTEMPATH\CodeIgniter.php(503): CodeIgniter\CodeIgniter->runController(Object(App\Controllers\producto_controller))
 7 SYSTEMPATH\CodeIgniter.php(361): CodeIgniter\CodeIgniter->handleRequest(null, Object(Config\Cache), false)
 8 FCPATH\index.php(79): CodeIgniter\CodeIgniter->run()
WARNING - 2026-01-11 01:33:37 --> [DEPRECATED] Optional parameter $categoria_id declared before required parameter $buscar is implicitly treated as a required parameter in APPPATH\Models\producto_Model.php on line 74.
 1 SYSTEMPATH\Autoloader\Autoloader.php(311): include_once('C:\\xampp\\htdocs\\proyecto_espinola_emilia\\system\\Debug\\Exceptions.php')
 2 SYSTEMPATH\Autoloader\Autoloader.php(290): CodeIgniter\Autoloader\Autoloader->includeFile('C:\\xampp\\htdocs\\proyecto_espinola_emilia\\app\\Models\\producto_Model.php')
 3 SYSTEMPATH\Autoloader\Autoloader.php(266): CodeIgniter\Autoloader\Autoloader->loadInNamespace('App\\Models\\producto_Model')
 4 APPPATH\Controllers\producto_controller.php(172): CodeIgniter\Autoloader\Autoloader->loadClass('App\\Models\\producto_Model')
 5 SYSTEMPATH\CodeIgniter.php(943): App\Controllers\producto_controller->update('87')
 6 SYSTEMPATH\CodeIgniter.php(503): CodeIgniter\CodeIgniter->runController(Object(App\Controllers\producto_controller))
 7 SYSTEMPATH\CodeIgniter.php(361): CodeIgniter\CodeIgniter->handleRequest(null, Object(Config\Cache), false)
 8 FCPATH\index.php(79): CodeIgniter\CodeIgniter->run()
INFO - 2026-01-11 01:33:37 --> Session: Class initialized using 'CodeIgniter\Session\Handlers\FileHandler' driver.
WARNING - 2026-01-11 01:33:37 --> [DEPRECATED] Optional parameter $colores declared before required parameter $buscar is implicitly treated as a required parameter in APPPATH\Models\producto_Model.php on line 74.
 1 SYSTEMPATH\Autoloader\Autoloader.php(311): include_once('C:\\xampp\\htdocs\\proyecto_espinola_emilia\\system\\Debug\\Exceptions.php')
 2 SYSTEMPATH\Autoloader\Autoloader.php(290): CodeIgniter\Autoloader\Autoloader->includeFile('C:\\xampp\\htdocs\\proyecto_espinola_emilia\\app\\Models\\producto_Model.php')
 3 SYSTEMPATH\Autoloader\Autoloader.php(266): CodeIgniter\Autoloader\Autoloader->loadInNamespace('App\\Models\\producto_Model')
 4 APPPATH\Controllers\producto_controller.php(14): CodeIgniter\Autoloader\Autoloader->loadClass('App\\Models\\producto_Model')
 5 SYSTEMPATH\CodeIgniter.php(943): App\Controllers\producto_controller->index()
 6 SYSTEMPATH\CodeIgniter.php(503): CodeIgniter\CodeIgniter->runController(Object(App\Controllers\producto_controller))
 7 SYSTEMPATH\CodeIgniter.php(361): CodeIgniter\CodeIgniter->handleRequest(null, Object(Config\Cache), false)
 8 FCPATH\index.php(79): CodeIgniter\CodeIgniter->run()
WARNING - 2026-01-11 01:33:37 --> [DEPRECATED] Optional parameter $talles declared before required parameter $buscar is implicitly treated as a required parameter in APPPATH\Models\producto_Model.php on line 74.
 1 SYSTEMPATH\Autoloader\Autoloader.php(311): include_once('C:\\xampp\\htdocs\\proyecto_espinola_emilia\\system\\Debug\\Exceptions.php')
 2 SYSTEMPATH\Autoloader\Autoloader.php(290): CodeIgniter\Autoloader\Autoloader->includeFile('C:\\xampp\\htdocs\\proyecto_espinola_emilia\\app\\Models\\producto_Model.php')
 3 SYSTEMPATH\Autoloader\Autoloader.php(266): CodeIgniter\Autoloader\Autoloader->loadInNamespace('App\\Models\\producto_Model')
 4 APPPATH\Controllers\producto_controller.php(14): CodeIgniter\Autoloader\Autoloader->loadClass('App\\Models\\producto_Model')
 5 SYSTEMPATH\CodeIgniter.php(943): App\Controllers\producto_controller->index()
 6 SYSTEMPATH\CodeIgniter.php(503): CodeIgniter\CodeIgniter->runController(Object(App\Controllers\producto_controller))
 7 SYSTEMPATH\CodeIgniter.php(361): CodeIgniter\CodeIgniter->handleRequest(null, Object(Config\Cache), false)
 8 FCPATH\index.php(79): CodeIgniter\CodeIgniter->run()
WARNING - 2026-01-11 01:33:37 --> [DEPRECATED] Optional parameter $categoria_id declared before required parameter $buscar is implicitly treated as a required parameter in APPPATH\Models\producto_Model.php on line 74.
 1 SYSTEMPATH\Autoloader\Autoloader.php(311): include_once('C:\\xampp\\htdocs\\proyecto_espinola_emilia\\system\\Debug\\Exceptions.php')
 2 SYSTEMPATH\Autoloader\Autoloader.php(290): CodeIgniter\Autoloader\Autoloader->includeFile('C:\\xampp\\htdocs\\proyecto_espinola_emilia\\app\\Models\\producto_Model.php')
 3 SYSTEMPATH\Autoloader\Autoloader.php(266): CodeIgniter\Autoloader\Autoloader->loadInNamespace('App\\Models\\producto_Model')
 4 APPPATH\Controllers\producto_controller.php(14): CodeIgniter\Autoloader\Autoloader->loadClass('App\\Models\\producto_Model')
 5 SYSTEMPATH\CodeIgniter.php(943): App\Controllers\producto_controller->index()
 6 SYSTEMPATH\CodeIgniter.php(503): CodeIgniter\CodeIgniter->runController(Object(App\Controllers\producto_controller))
 7 SYSTEMPATH\CodeIgniter.php(361): CodeIgniter\CodeIgniter->handleRequest(null, Object(Config\Cache), false)
 8 FCPATH\index.php(79): CodeIgniter\CodeIgniter->run()
INFO - 2026-01-11 01:33:53 --> Session: Class initialized using 'CodeIgniter\Session\Handlers\FileHandler' driver.
WARNING - 2026-01-11 01:33:53 --> [DEPRECATED] Optional parameter $colores declared before required parameter $buscar is implicitly treated as a required parameter in APPPATH\Models\producto_Model.php on line 74.
 1 SYSTEMPATH\Autoloader\Autoloader.php(311): include_once('C:\\xampp\\htdocs\\proyecto_espinola_emilia\\system\\Debug\\Exceptions.php')
 2 SYSTEMPATH\Autoloader\Autoloader.php(290): CodeIgniter\Autoloader\Autoloader->includeFile('C:\\xampp\\htdocs\\proyecto_espinola_emilia\\app\\Models\\producto_Model.php')
 3 SYSTEMPATH\Autoloader\Autoloader.php(266): CodeIgniter\Autoloader\Autoloader->loadInNamespace('App\\Models\\producto_Model')
 4 APPPATH\Controllers\producto_controller.php(128): CodeIgniter\Autoloader\Autoloader->loadClass('App\\Models\\producto_Model')
 5 SYSTEMPATH\CodeIgniter.php(943): App\Controllers\producto_controller->edit('98')
 6 SYSTEMPATH\CodeIgniter.php(503): CodeIgniter\CodeIgniter->runController(Object(App\Controllers\producto_controller))
 7 SYSTEMPATH\CodeIgniter.php(361): CodeIgniter\CodeIgniter->handleRequest(null, Object(Config\Cache), false)
 8 FCPATH\index.php(79): CodeIgniter\CodeIgniter->run()
WARNING - 2026-01-11 01:33:53 --> [DEPRECATED] Optional parameter $talles declared before required parameter $buscar is implicitly treated as a required parameter in APPPATH\Models\producto_Model.php on line 74.
 1 SYSTEMPATH\Autoloader\Autoloader.php(311): include_once('C:\\xampp\\htdocs\\proyecto_espinola_emilia\\system\\Debug\\Exceptions.php')
 2 SYSTEMPATH\Autoloader\Autoloader.php(290): CodeIgniter\Autoloader\Autoloader->includeFile('C:\\xampp\\htdocs\\proyecto_espinola_emilia\\app\\Models\\producto_Model.php')
 3 SYSTEMPATH\Autoloader\Autoloader.php(266): CodeIgniter\Autoloader\Autoloader->loadInNamespace('App\\Models\\producto_Model')
 4 APPPATH\Controllers\producto_controller.php(128): CodeIgniter\Autoloader\Autoloader->loadClass('App\\Models\\producto_Model')
 5 SYSTEMPATH\CodeIgniter.php(943): App\Controllers\producto_controller->edit('98')
 6 SYSTEMPATH\CodeIgniter.php(503): CodeIgniter\CodeIgniter->runController(Object(App\Controllers\producto_controller))
 7 SYSTEMPATH\CodeIgniter.php(361): CodeIgniter\CodeIgniter->handleRequest(null, Object(Config\Cache), false)
 8 FCPATH\index.php(79): CodeIgniter\CodeIgniter->run()
WARNING - 2026-01-11 01:33:53 --> [DEPRECATED] Optional parameter $categoria_id declared before required parameter $buscar is implicitly treated as a required parameter in APPPATH\Models\producto_Model.php on line 74.
 1 SYSTEMPATH\Autoloader\Autoloader.php(311): include_once('C:\\xampp\\htdocs\\proyecto_espinola_emilia\\system\\Debug\\Exceptions.php')
 2 SYSTEMPATH\Autoloader\Autoloader.php(290): CodeIgniter\Autoloader\Autoloader->includeFile('C:\\xampp\\htdocs\\proyecto_espinola_emilia\\app\\Models\\producto_Model.php')
 3 SYSTEMPATH\Autoloader\Autoloader.php(266): CodeIgniter\Autoloader\Autoloader->loadInNamespace('App\\Models\\producto_Model')
 4 APPPATH\Controllers\producto_controller.php(128): CodeIgniter\Autoloader\Autoloader->loadClass('App\\Models\\producto_Model')
 5 SYSTEMPATH\CodeIgniter.php(943): App\Controllers\producto_controller->edit('98')
 6 SYSTEMPATH\CodeIgniter.php(503): CodeIgniter\CodeIgniter->runController(Object(App\Controllers\producto_controller))
 7 SYSTEMPATH\CodeIgniter.php(361): CodeIgniter\CodeIgniter->handleRequest(null, Object(Config\Cache), false)
 8 FCPATH\index.php(79): CodeIgniter\CodeIgniter->run()
INFO - 2026-01-11 01:34:02 --> Session: Class initialized using 'CodeIgniter\Session\Handlers\FileHandler' driver.
WARNING - 2026-01-11 01:34:02 --> [DEPRECATED] Optional parameter $colores declared before required parameter $buscar is implicitly treated as a required parameter in APPPATH\Models\producto_Model.php on line 74.
 1 SYSTEMPATH\Autoloader\Autoloader.php(311): include_once('C:\\xampp\\htdocs\\proyecto_espinola_emilia\\system\\Debug\\Exceptions.php')
 2 SYSTEMPATH\Autoloader\Autoloader.php(290): CodeIgniter\Autoloader\Autoloader->includeFile('C:\\xampp\\htdocs\\proyecto_espinola_emilia\\app\\Models\\producto_Model.php')
 3 SYSTEMPATH\Autoloader\Autoloader.php(266): CodeIgniter\Autoloader\Autoloader->loadInNamespace('App\\Models\\producto_Model')
 4 APPPATH\Controllers\producto_controller.php(128): CodeIgniter\Autoloader\Autoloader->loadClass('App\\Models\\producto_Model')
 5 SYSTEMPATH\CodeIgniter.php(943): App\Controllers\producto_controller->edit('102')
 6 SYSTEMPATH\CodeIgniter.php(503): CodeIgniter\CodeIgniter->runController(Object(App\Controllers\producto_controller))
 7 SYSTEMPATH\CodeIgniter.php(361): CodeIgniter\CodeIgniter->handleRequest(null, Object(Config\Cache), false)
 8 FCPATH\index.php(79): CodeIgniter\CodeIgniter->run()
WARNING - 2026-01-11 01:34:02 --> [DEPRECATED] Optional parameter $talles declared before required parameter $buscar is implicitly treated as a required parameter in APPPATH\Models\producto_Model.php on line 74.
 1 SYSTEMPATH\Autoloader\Autoloader.php(311): include_once('C:\\xampp\\htdocs\\proyecto_espinola_emilia\\system\\Debug\\Exceptions.php')
 2 SYSTEMPATH\Autoloader\Autoloader.php(290): CodeIgniter\Autoloader\Autoloader->includeFile('C:\\xampp\\htdocs\\proyecto_espinola_emilia\\app\\Models\\producto_Model.php')
 3 SYSTEMPATH\Autoloader\Autoloader.php(266): CodeIgniter\Autoloader\Autoloader->loadInNamespace('App\\Models\\producto_Model')
 4 APPPATH\Controllers\producto_controller.php(128): CodeIgniter\Autoloader\Autoloader->loadClass('App\\Models\\producto_Model')
 5 SYSTEMPATH\CodeIgniter.php(943): App\Controllers\producto_controller->edit('102')
 6 SYSTEMPATH\CodeIgniter.php(503): CodeIgniter\CodeIgniter->runController(Object(App\Controllers\producto_controller))
 7 SYSTEMPATH\CodeIgniter.php(361): CodeIgniter\CodeIgniter->handleRequest(null, Object(Config\Cache), false)
 8 FCPATH\index.php(79): CodeIgniter\CodeIgniter->run()
WARNING - 2026-01-11 01:34:02 --> [DEPRECATED] Optional parameter $categoria_id declared before required parameter $buscar is implicitly treated as a required parameter in APPPATH\Models\producto_Model.php on line 74.
 1 SYSTEMPATH\Autoloader\Autoloader.php(311): include_once('C:\\xampp\\htdocs\\proyecto_espinola_emilia\\system\\Debug\\Exceptions.php')
 2 SYSTEMPATH\Autoloader\Autoloader.php(290): CodeIgniter\Autoloader\Autoloader->includeFile('C:\\xampp\\htdocs\\proyecto_espinola_emilia\\app\\Models\\producto_Model.php')
 3 SYSTEMPATH\Autoloader\Autoloader.php(266): CodeIgniter\Autoloader\Autoloader->loadInNamespace('App\\Models\\producto_Model')
 4 APPPATH\Controllers\producto_controller.php(128): CodeIgniter\Autoloader\Autoloader->loadClass('App\\Models\\producto_Model')
 5 SYSTEMPATH\CodeIgniter.php(943): App\Controllers\producto_controller->edit('102')
 6 SYSTEMPATH\CodeIgniter.php(503): CodeIgniter\CodeIgniter->runController(Object(App\Controllers\producto_controller))
 7 SYSTEMPATH\CodeIgniter.php(361): CodeIgniter\CodeIgniter->handleRequest(null, Object(Config\Cache), false)
 8 FCPATH\index.php(79): CodeIgniter\CodeIgniter->run()
INFO - 2026-01-11 01:34:28 --> Session: Class initialized using 'CodeIgniter\Session\Handlers\FileHandler' driver.
WARNING - 2026-01-11 01:34:28 --> [DEPRECATED] Optional parameter $colores declared before required parameter $buscar is implicitly treated as a required parameter in APPPATH\Models\producto_Model.php on line 74.
 1 SYSTEMPATH\Autoloader\Autoloader.php(311): include_once('C:\\xampp\\htdocs\\proyecto_espinola_emilia\\system\\Debug\\Exceptions.php')
 2 SYSTEMPATH\Autoloader\Autoloader.php(290): CodeIgniter\Autoloader\Autoloader->includeFile('C:\\xampp\\htdocs\\proyecto_espinola_emilia\\app\\Models\\producto_Model.php')
 3 SYSTEMPATH\Autoloader\Autoloader.php(266): CodeIgniter\Autoloader\Autoloader->loadInNamespace('App\\Models\\producto_Model')
 4 APPPATH\Controllers\producto_controller.php(172): CodeIgniter\Autoloader\Autoloader->loadClass('App\\Models\\producto_Model')
 5 SYSTEMPATH\CodeIgniter.php(943): App\Controllers\producto_controller->update('102')
 6 SYSTEMPATH\CodeIgniter.php(503): CodeIgniter\CodeIgniter->runController(Object(App\Controllers\producto_controller))
 7 SYSTEMPATH\CodeIgniter.php(361): CodeIgniter\CodeIgniter->handleRequest(null, Object(Config\Cache), false)
 8 FCPATH\index.php(79): CodeIgniter\CodeIgniter->run()
WARNING - 2026-01-11 01:34:28 --> [DEPRECATED] Optional parameter $talles declared before required parameter $buscar is implicitly treated as a required parameter in APPPATH\Models\producto_Model.php on line 74.
 1 SYSTEMPATH\Autoloader\Autoloader.php(311): include_once('C:\\xampp\\htdocs\\proyecto_espinola_emilia\\system\\Debug\\Exceptions.php')
 2 SYSTEMPATH\Autoloader\Autoloader.php(290): CodeIgniter\Autoloader\Autoloader->includeFile('C:\\xampp\\htdocs\\proyecto_espinola_emilia\\app\\Models\\producto_Model.php')
 3 SYSTEMPATH\Autoloader\Autoloader.php(266): CodeIgniter\Autoloader\Autoloader->loadInNamespace('App\\Models\\producto_Model')
 4 APPPATH\Controllers\producto_controller.php(172): CodeIgniter\Autoloader\Autoloader->loadClass('App\\Models\\producto_Model')
 5 SYSTEMPATH\CodeIgniter.php(943): App\Controllers\producto_controller->update('102')
 6 SYSTEMPATH\CodeIgniter.php(503): CodeIgniter\CodeIgniter->runController(Object(App\Controllers\producto_controller))
 7 SYSTEMPATH\CodeIgniter.php(361): CodeIgniter\CodeIgniter->handleRequest(null, Object(Config\Cache), false)
 8 FCPATH\index.php(79): CodeIgniter\CodeIgniter->run()
WARNING - 2026-01-11 01:34:28 --> [DEPRECATED] Optional parameter $categoria_id declared before required parameter $buscar is implicitly treated as a required parameter in APPPATH\Models\producto_Model.php on line 74.
 1 SYSTEMPATH\Autoloader\Autoloader.php(311): include_once('C:\\xampp\\htdocs\\proyecto_espinola_emilia\\system\\Debug\\Exceptions.php')
 2 SYSTEMPATH\Autoloader\Autoloader.php(290): CodeIgniter\Autoloader\Autoloader->includeFile('C:\\xampp\\htdocs\\proyecto_espinola_emilia\\app\\Models\\producto_Model.php')
 3 SYSTEMPATH\Autoloader\Autoloader.php(266): CodeIgniter\Autoloader\Autoloader->loadInNamespace('App\\Models\\producto_Model')
 4 APPPATH\Controllers\producto_controller.php(172): CodeIgniter\Autoloader\Autoloader->loadClass('App\\Models\\producto_Model')
 5 SYSTEMPATH\CodeIgniter.php(943): App\Controllers\producto_controller->update('102')
 6 SYSTEMPATH\CodeIgniter.php(503): CodeIgniter\CodeIgniter->runController(Object(App\Controllers\producto_controller))
 7 SYSTEMPATH\CodeIgniter.php(361): CodeIgniter\CodeIgniter->handleRequest(null, Object(Config\Cache), false)
 8 FCPATH\index.php(79): CodeIgniter\CodeIgniter->run()
INFO - 2026-01-11 01:34:28 --> Session: Class initialized using 'CodeIgniter\Session\Handlers\FileHandler' driver.
WARNING - 2026-01-11 01:34:28 --> [DEPRECATED] Optional parameter $colores declared before required parameter $buscar is implicitly treated as a required parameter in APPPATH\Models\producto_Model.php on line 74.
 1 SYSTEMPATH\Autoloader\Autoloader.php(311): include_once('C:\\xampp\\htdocs\\proyecto_espinola_emilia\\system\\Debug\\Exceptions.php')
 2 SYSTEMPATH\Autoloader\Autoloader.php(290): CodeIgniter\Autoloader\Autoloader->includeFile('C:\\xampp\\htdocs\\proyecto_espinola_emilia\\app\\Models\\producto_Model.php')
 3 SYSTEMPATH\Autoloader\Autoloader.php(266): CodeIgniter\Autoloader\Autoloader->loadInNamespace('App\\Models\\producto_Model')
 4 APPPATH\Controllers\producto_controller.php(14): CodeIgniter\Autoloader\Autoloader->loadClass('App\\Models\\producto_Model')
 5 SYSTEMPATH\CodeIgniter.php(943): App\Controllers\producto_controller->index()
 6 SYSTEMPATH\CodeIgniter.php(503): CodeIgniter\CodeIgniter->runController(Object(App\Controllers\producto_controller))
 7 SYSTEMPATH\CodeIgniter.php(361): CodeIgniter\CodeIgniter->handleRequest(null, Object(Config\Cache), false)
 8 FCPATH\index.php(79): CodeIgniter\CodeIgniter->run()
WARNING - 2026-01-11 01:34:28 --> [DEPRECATED] Optional parameter $talles declared before required parameter $buscar is implicitly treated as a required parameter in APPPATH\Models\producto_Model.php on line 74.
 1 SYSTEMPATH\Autoloader\Autoloader.php(311): include_once('C:\\xampp\\htdocs\\proyecto_espinola_emilia\\system\\Debug\\Exceptions.php')
 2 SYSTEMPATH\Autoloader\Autoloader.php(290): CodeIgniter\Autoloader\Autoloader->includeFile('C:\\xampp\\htdocs\\proyecto_espinola_emilia\\app\\Models\\producto_Model.php')
 3 SYSTEMPATH\Autoloader\Autoloader.php(266): CodeIgniter\Autoloader\Autoloader->loadInNamespace('App\\Models\\producto_Model')
 4 APPPATH\Controllers\producto_controller.php(14): CodeIgniter\Autoloader\Autoloader->loadClass('App\\Models\\producto_Model')
 5 SYSTEMPATH\CodeIgniter.php(943): App\Controllers\producto_controller->index()
 6 SYSTEMPATH\CodeIgniter.php(503): CodeIgniter\CodeIgniter->runController(Object(App\Controllers\producto_controller))
 7 SYSTEMPATH\CodeIgniter.php(361): CodeIgniter\CodeIgniter->handleRequest(null, Object(Config\Cache), false)
 8 FCPATH\index.php(79): CodeIgniter\CodeIgniter->run()
WARNING - 2026-01-11 01:34:28 --> [DEPRECATED] Optional parameter $categoria_id declared before required parameter $buscar is implicitly treated as a required parameter in APPPATH\Models\producto_Model.php on line 74.
 1 SYSTEMPATH\Autoloader\Autoloader.php(311): include_once('C:\\xampp\\htdocs\\proyecto_espinola_emilia\\system\\Debug\\Exceptions.php')
 2 SYSTEMPATH\Autoloader\Autoloader.php(290): CodeIgniter\Autoloader\Autoloader->includeFile('C:\\xampp\\htdocs\\proyecto_espinola_emilia\\app\\Models\\producto_Model.php')
 3 SYSTEMPATH\Autoloader\Autoloader.php(266): CodeIgniter\Autoloader\Autoloader->loadInNamespace('App\\Models\\producto_Model')
 4 APPPATH\Controllers\producto_controller.php(14): CodeIgniter\Autoloader\Autoloader->loadClass('App\\Models\\producto_Model')
 5 SYSTEMPATH\CodeIgniter.php(943): App\Controllers\producto_controller->index()
 6 SYSTEMPATH\CodeIgniter.php(503): CodeIgniter\CodeIgniter->runController(Object(App\Controllers\producto_controller))
 7 SYSTEMPATH\CodeIgniter.php(361): CodeIgniter\CodeIgniter->handleRequest(null, Object(Config\Cache), false)
 8 FCPATH\index.php(79): CodeIgniter\CodeIgniter->run()
INFO - 2026-01-11 01:34:36 --> Session: Class initialized using 'CodeIgniter\Session\Handlers\FileHandler' driver.
WARNING - 2026-01-11 01:34:36 --> [DEPRECATED] Optional parameter $colores declared before required parameter $buscar is implicitly treated as a required parameter in APPPATH\Models\producto_Model.php on line 74.
 1 SYSTEMPATH\Autoloader\Autoloader.php(311): include_once('C:\\xampp\\htdocs\\proyecto_espinola_emilia\\system\\Debug\\Exceptions.php')
 2 SYSTEMPATH\Autoloader\Autoloader.php(290): CodeIgniter\Autoloader\Autoloader->includeFile('C:\\xampp\\htdocs\\proyecto_espinola_emilia\\app\\Models\\producto_Model.php')
 3 SYSTEMPATH\Autoloader\Autoloader.php(266): CodeIgniter\Autoloader\Autoloader->loadInNamespace('App\\Models\\producto_Model')
 4 APPPATH\Controllers\producto_controller.php(128): CodeIgniter\Autoloader\Autoloader->loadClass('App\\Models\\producto_Model')
 5 SYSTEMPATH\CodeIgniter.php(943): App\Controllers\producto_controller->edit('93')
 6 SYSTEMPATH\CodeIgniter.php(503): CodeIgniter\CodeIgniter->runController(Object(App\Controllers\producto_controller))
 7 SYSTEMPATH\CodeIgniter.php(361): CodeIgniter\CodeIgniter->handleRequest(null, Object(Config\Cache), false)
 8 FCPATH\index.php(79): CodeIgniter\CodeIgniter->run()
WARNING - 2026-01-11 01:34:36 --> [DEPRECATED] Optional parameter $talles declared before required parameter $buscar is implicitly treated as a required parameter in APPPATH\Models\producto_Model.php on line 74.
 1 SYSTEMPATH\Autoloader\Autoloader.php(311): include_once('C:\\xampp\\htdocs\\proyecto_espinola_emilia\\system\\Debug\\Exceptions.php')
 2 SYSTEMPATH\Autoloader\Autoloader.php(290): CodeIgniter\Autoloader\Autoloader->includeFile('C:\\xampp\\htdocs\\proyecto_espinola_emilia\\app\\Models\\producto_Model.php')
 3 SYSTEMPATH\Autoloader\Autoloader.php(266): CodeIgniter\Autoloader\Autoloader->loadInNamespace('App\\Models\\producto_Model')
 4 APPPATH\Controllers\producto_controller.php(128): CodeIgniter\Autoloader\Autoloader->loadClass('App\\Models\\producto_Model')
 5 SYSTEMPATH\CodeIgniter.php(943): App\Controllers\producto_controller->edit('93')
 6 SYSTEMPATH\CodeIgniter.php(503): CodeIgniter\CodeIgniter->runController(Object(App\Controllers\producto_controller))
 7 SYSTEMPATH\CodeIgniter.php(361): CodeIgniter\CodeIgniter->handleRequest(null, Object(Config\Cache), false)
 8 FCPATH\index.php(79): CodeIgniter\CodeIgniter->run()
WARNING - 2026-01-11 01:34:36 --> [DEPRECATED] Optional parameter $categoria_id declared before required parameter $buscar is implicitly treated as a required parameter in APPPATH\Models\producto_Model.php on line 74.
 1 SYSTEMPATH\Autoloader\Autoloader.php(311): include_once('C:\\xampp\\htdocs\\proyecto_espinola_emilia\\system\\Debug\\Exceptions.php')
 2 SYSTEMPATH\Autoloader\Autoloader.php(290): CodeIgniter\Autoloader\Autoloader->includeFile('C:\\xampp\\htdocs\\proyecto_espinola_emilia\\app\\Models\\producto_Model.php')
 3 SYSTEMPATH\Autoloader\Autoloader.php(266): CodeIgniter\Autoloader\Autoloader->loadInNamespace('App\\Models\\producto_Model')
 4 APPPATH\Controllers\producto_controller.php(128): CodeIgniter\Autoloader\Autoloader->loadClass('App\\Models\\producto_Model')
 5 SYSTEMPATH\CodeIgniter.php(943): App\Controllers\producto_controller->edit('93')
 6 SYSTEMPATH\CodeIgniter.php(503): CodeIgniter\CodeIgniter->runController(Object(App\Controllers\producto_controller))
 7 SYSTEMPATH\CodeIgniter.php(361): CodeIgniter\CodeIgniter->handleRequest(null, Object(Config\Cache), false)
 8 FCPATH\index.php(79): CodeIgniter\CodeIgniter->run()
INFO - 2026-01-11 01:34:50 --> Session: Class initialized using 'CodeIgniter\Session\Handlers\FileHandler' driver.
WARNING - 2026-01-11 01:34:50 --> [DEPRECATED] Optional parameter $colores declared before required parameter $buscar is implicitly treated as a required parameter in APPPATH\Models\producto_Model.php on line 74.
 1 SYSTEMPATH\Autoloader\Autoloader.php(311): include_once('C:\\xampp\\htdocs\\proyecto_espinola_emilia\\system\\Debug\\Exceptions.php')
 2 SYSTEMPATH\Autoloader\Autoloader.php(290): CodeIgniter\Autoloader\Autoloader->includeFile('C:\\xampp\\htdocs\\proyecto_espinola_emilia\\app\\Models\\producto_Model.php')
 3 SYSTEMPATH\Autoloader\Autoloader.php(266): CodeIgniter\Autoloader\Autoloader->loadInNamespace('App\\Models\\producto_Model')
 4 APPPATH\Controllers\producto_controller.php(172): CodeIgniter\Autoloader\Autoloader->loadClass('App\\Models\\producto_Model')
 5 SYSTEMPATH\CodeIgniter.php(943): App\Controllers\producto_controller->update('93')
 6 SYSTEMPATH\CodeIgniter.php(503): CodeIgniter\CodeIgniter->runController(Object(App\Controllers\producto_controller))
 7 SYSTEMPATH\CodeIgniter.php(361): CodeIgniter\CodeIgniter->handleRequest(null, Object(Config\Cache), false)
 8 FCPATH\index.php(79): CodeIgniter\CodeIgniter->run()
WARNING - 2026-01-11 01:34:50 --> [DEPRECATED] Optional parameter $talles declared before required parameter $buscar is implicitly treated as a required parameter in APPPATH\Models\producto_Model.php on line 74.
 1 SYSTEMPATH\Autoloader\Autoloader.php(311): include_once('C:\\xampp\\htdocs\\proyecto_espinola_emilia\\system\\Debug\\Exceptions.php')
 2 SYSTEMPATH\Autoloader\Autoloader.php(290): CodeIgniter\Autoloader\Autoloader->includeFile('C:\\xampp\\htdocs\\proyecto_espinola_emilia\\app\\Models\\producto_Model.php')
 3 SYSTEMPATH\Autoloader\Autoloader.php(266): CodeIgniter\Autoloader\Autoloader->loadInNamespace('App\\Models\\producto_Model')
 4 APPPATH\Controllers\producto_controller.php(172): CodeIgniter\Autoloader\Autoloader->loadClass('App\\Models\\producto_Model')
 5 SYSTEMPATH\CodeIgniter.php(943): App\Controllers\producto_controller->update('93')
 6 SYSTEMPATH\CodeIgniter.php(503): CodeIgniter\CodeIgniter->runController(Object(App\Controllers\producto_controller))
 7 SYSTEMPATH\CodeIgniter.php(361): CodeIgniter\CodeIgniter->handleRequest(null, Object(Config\Cache), false)
 8 FCPATH\index.php(79): CodeIgniter\CodeIgniter->run()
WARNING - 2026-01-11 01:34:50 --> [DEPRECATED] Optional parameter $categoria_id declared before required parameter $buscar is implicitly treated as a required parameter in APPPATH\Models\producto_Model.php on line 74.
 1 SYSTEMPATH\Autoloader\Autoloader.php(311): include_once('C:\\xampp\\htdocs\\proyecto_espinola_emilia\\system\\Debug\\Exceptions.php')
 2 SYSTEMPATH\Autoloader\Autoloader.php(290): CodeIgniter\Autoloader\Autoloader->includeFile('C:\\xampp\\htdocs\\proyecto_espinola_emilia\\app\\Models\\producto_Model.php')
 3 SYSTEMPATH\Autoloader\Autoloader.php(266): CodeIgniter\Autoloader\Autoloader->loadInNamespace('App\\Models\\producto_Model')
 4 APPPATH\Controllers\producto_controller.php(172): CodeIgniter\Autoloader\Autoloader->loadClass('App\\Models\\producto_Model')
 5 SYSTEMPATH\CodeIgniter.php(943): App\Controllers\producto_controller->update('93')
 6 SYSTEMPATH\CodeIgniter.php(503): CodeIgniter\CodeIgniter->runController(Object(App\Controllers\producto_controller))
 7 SYSTEMPATH\CodeIgniter.php(361): CodeIgniter\CodeIgniter->handleRequest(null, Object(Config\Cache), false)
 8 FCPATH\index.php(79): CodeIgniter\CodeIgniter->run()
INFO - 2026-01-11 01:34:51 --> Session: Class initialized using 'CodeIgniter\Session\Handlers\FileHandler' driver.
WARNING - 2026-01-11 01:34:51 --> [DEPRECATED] Optional parameter $colores declared before required parameter $buscar is implicitly treated as a required parameter in APPPATH\Models\producto_Model.php on line 74.
 1 SYSTEMPATH\Autoloader\Autoloader.php(311): include_once('C:\\xampp\\htdocs\\proyecto_espinola_emilia\\system\\Debug\\Exceptions.php')
 2 SYSTEMPATH\Autoloader\Autoloader.php(290): CodeIgniter\Autoloader\Autoloader->includeFile('C:\\xampp\\htdocs\\proyecto_espinola_emilia\\app\\Models\\producto_Model.php')
 3 SYSTEMPATH\Autoloader\Autoloader.php(266): CodeIgniter\Autoloader\Autoloader->loadInNamespace('App\\Models\\producto_Model')
 4 APPPATH\Controllers\producto_controller.php(14): CodeIgniter\Autoloader\Autoloader->loadClass('App\\Models\\producto_Model')
 5 SYSTEMPATH\CodeIgniter.php(943): App\Controllers\producto_controller->index()
 6 SYSTEMPATH\CodeIgniter.php(503): CodeIgniter\CodeIgniter->runController(Object(App\Controllers\producto_controller))
 7 SYSTEMPATH\CodeIgniter.php(361): CodeIgniter\CodeIgniter->handleRequest(null, Object(Config\Cache), false)
 8 FCPATH\index.php(79): CodeIgniter\CodeIgniter->run()
WARNING - 2026-01-11 01:34:51 --> [DEPRECATED] Optional parameter $talles declared before required parameter $buscar is implicitly treated as a required parameter in APPPATH\Models\producto_Model.php on line 74.
 1 SYSTEMPATH\Autoloader\Autoloader.php(311): include_once('C:\\xampp\\htdocs\\proyecto_espinola_emilia\\system\\Debug\\Exceptions.php')
 2 SYSTEMPATH\Autoloader\Autoloader.php(290): CodeIgniter\Autoloader\Autoloader->includeFile('C:\\xampp\\htdocs\\proyecto_espinola_emilia\\app\\Models\\producto_Model.php')
 3 SYSTEMPATH\Autoloader\Autoloader.php(266): CodeIgniter\Autoloader\Autoloader->loadInNamespace('App\\Models\\producto_Model')
 4 APPPATH\Controllers\producto_controller.php(14): CodeIgniter\Autoloader\Autoloader->loadClass('App\\Models\\producto_Model')
 5 SYSTEMPATH\CodeIgniter.php(943): App\Controllers\producto_controller->index()
 6 SYSTEMPATH\CodeIgniter.php(503): CodeIgniter\CodeIgniter->runController(Object(App\Controllers\producto_controller))
 7 SYSTEMPATH\CodeIgniter.php(361): CodeIgniter\CodeIgniter->handleRequest(null, Object(Config\Cache), false)
 8 FCPATH\index.php(79): CodeIgniter\CodeIgniter->run()
WARNING - 2026-01-11 01:34:51 --> [DEPRECATED] Optional parameter $categoria_id declared before required parameter $buscar is implicitly treated as a required parameter in APPPATH\Models\producto_Model.php on line 74.
 1 SYSTEMPATH\Autoloader\Autoloader.php(311): include_once('C:\\xampp\\htdocs\\proyecto_espinola_emilia\\system\\Debug\\Exceptions.php')
 2 SYSTEMPATH\Autoloader\Autoloader.php(290): CodeIgniter\Autoloader\Autoloader->includeFile('C:\\xampp\\htdocs\\proyecto_espinola_emilia\\app\\Models\\producto_Model.php')
 3 SYSTEMPATH\Autoloader\Autoloader.php(266): CodeIgniter\Autoloader\Autoloader->loadInNamespace('App\\Models\\producto_Model')
 4 APPPATH\Controllers\producto_controller.php(14): CodeIgniter\Autoloader\Autoloader->loadClass('App\\Models\\producto_Model')
 5 SYSTEMPATH\CodeIgniter.php(943): App\Controllers\producto_controller->index()
 6 SYSTEMPATH\CodeIgniter.php(503): CodeIgniter\CodeIgniter->runController(Object(App\Controllers\producto_controller))
 7 SYSTEMPATH\CodeIgniter.php(361): CodeIgniter\CodeIgniter->handleRequest(null, Object(Config\Cache), false)
 8 FCPATH\index.php(79): CodeIgniter\CodeIgniter->run()
INFO - 2026-01-11 01:34:57 --> Session: Class initialized using 'CodeIgniter\Session\Handlers\FileHandler' driver.
INFO - 2026-01-11 01:35:01 --> Session: Class initialized using 'CodeIgniter\Session\Handlers\FileHandler' driver.
WARNING - 2026-01-11 01:35:01 --> [DEPRECATED] Optional parameter $colores declared before required parameter $buscar is implicitly treated as a required parameter in APPPATH\Models\producto_Model.php on line 74.
 1 SYSTEMPATH\Autoloader\Autoloader.php(311): include_once('C:\\xampp\\htdocs\\proyecto_espinola_emilia\\system\\Debug\\Exceptions.php')
 2 SYSTEMPATH\Autoloader\Autoloader.php(290): CodeIgniter\Autoloader\Autoloader->includeFile('C:\\xampp\\htdocs\\proyecto_espinola_emilia\\app\\Models\\producto_Model.php')
 3 SYSTEMPATH\Autoloader\Autoloader.php(266): CodeIgniter\Autoloader\Autoloader->loadInNamespace('App\\Models\\producto_Model')
 4 APPPATH\Controllers\producto_controller.php(128): CodeIgniter\Autoloader\Autoloader->loadClass('App\\Models\\producto_Model')
 5 SYSTEMPATH\CodeIgniter.php(943): App\Controllers\producto_controller->edit('75')
 6 SYSTEMPATH\CodeIgniter.php(503): CodeIgniter\CodeIgniter->runController(Object(App\Controllers\producto_controller))
 7 SYSTEMPATH\CodeIgniter.php(361): CodeIgniter\CodeIgniter->handleRequest(null, Object(Config\Cache), false)
 8 FCPATH\index.php(79): CodeIgniter\CodeIgniter->run()
WARNING - 2026-01-11 01:35:01 --> [DEPRECATED] Optional parameter $talles declared before required parameter $buscar is implicitly treated as a required parameter in APPPATH\Models\producto_Model.php on line 74.
 1 SYSTEMPATH\Autoloader\Autoloader.php(311): include_once('C:\\xampp\\htdocs\\proyecto_espinola_emilia\\system\\Debug\\Exceptions.php')
 2 SYSTEMPATH\Autoloader\Autoloader.php(290): CodeIgniter\Autoloader\Autoloader->includeFile('C:\\xampp\\htdocs\\proyecto_espinola_emilia\\app\\Models\\producto_Model.php')
 3 SYSTEMPATH\Autoloader\Autoloader.php(266): CodeIgniter\Autoloader\Autoloader->loadInNamespace('App\\Models\\producto_Model')
 4 APPPATH\Controllers\producto_controller.php(128): CodeIgniter\Autoloader\Autoloader->loadClass('App\\Models\\producto_Model')
 5 SYSTEMPATH\CodeIgniter.php(943): App\Controllers\producto_controller->edit('75')
 6 SYSTEMPATH\CodeIgniter.php(503): CodeIgniter\CodeIgniter->runController(Object(App\Controllers\producto_controller))
 7 SYSTEMPATH\CodeIgniter.php(361): CodeIgniter\CodeIgniter->handleRequest(null, Object(Config\Cache), false)
 8 FCPATH\index.php(79): CodeIgniter\CodeIgniter->run()
WARNING - 2026-01-11 01:35:01 --> [DEPRECATED] Optional parameter $categoria_id declared before required parameter $buscar is implicitly treated as a required parameter in APPPATH\Models\producto_Model.php on line 74.
 1 SYSTEMPATH\Autoloader\Autoloader.php(311): include_once('C:\\xampp\\htdocs\\proyecto_espinola_emilia\\system\\Debug\\Exceptions.php')
 2 SYSTEMPATH\Autoloader\Autoloader.php(290): CodeIgniter\Autoloader\Autoloader->includeFile('C:\\xampp\\htdocs\\proyecto_espinola_emilia\\app\\Models\\producto_Model.php')
 3 SYSTEMPATH\Autoloader\Autoloader.php(266): CodeIgniter\Autoloader\Autoloader->loadInNamespace('App\\Models\\producto_Model')
 4 APPPATH\Controllers\producto_controller.php(128): CodeIgniter\Autoloader\Autoloader->loadClass('App\\Models\\producto_Model')
 5 SYSTEMPATH\CodeIgniter.php(943): App\Controllers\producto_controller->edit('75')
 6 SYSTEMPATH\CodeIgniter.php(503): CodeIgniter\CodeIgniter->runController(Object(App\Controllers\producto_controller))
 7 SYSTEMPATH\CodeIgniter.php(361): CodeIgniter\CodeIgniter->handleRequest(null, Object(Config\Cache), false)
 8 FCPATH\index.php(79): CodeIgniter\CodeIgniter->run()
INFO - 2026-01-11 02:13:16 --> Session: Class initialized using 'CodeIgniter\Session\Handlers\FileHandler' driver.
WARNING - 2026-01-11 02:13:16 --> [DEPRECATED] Optional parameter $colores declared before required parameter $buscar is implicitly treated as a required parameter in APPPATH\Models\producto_Model.php on line 74.
 1 SYSTEMPATH\Autoloader\Autoloader.php(311): include_once('C:\\xampp\\htdocs\\proyecto_espinola_emilia\\system\\Debug\\Exceptions.php')
 2 SYSTEMPATH\Autoloader\Autoloader.php(290): CodeIgniter\Autoloader\Autoloader->includeFile('C:\\xampp\\htdocs\\proyecto_espinola_emilia\\app\\Models\\producto_Model.php')
 3 SYSTEMPATH\Autoloader\Autoloader.php(266): CodeIgniter\Autoloader\Autoloader->loadInNamespace('App\\Models\\producto_Model')
 4 APPPATH\Controllers\producto_controller.php(14): CodeIgniter\Autoloader\Autoloader->loadClass('App\\Models\\producto_Model')
 5 SYSTEMPATH\CodeIgniter.php(943): App\Controllers\producto_controller->index()
 6 SYSTEMPATH\CodeIgniter.php(503): CodeIgniter\CodeIgniter->runController(Object(App\Controllers\producto_controller))
 7 SYSTEMPATH\CodeIgniter.php(361): CodeIgniter\CodeIgniter->handleRequest(null, Object(Config\Cache), false)
 8 FCPATH\index.php(79): CodeIgniter\CodeIgniter->run()
WARNING - 2026-01-11 02:13:16 --> [DEPRECATED] Optional parameter $talles declared before required parameter $buscar is implicitly treated as a required parameter in APPPATH\Models\producto_Model.php on line 74.
 1 SYSTEMPATH\Autoloader\Autoloader.php(311): include_once('C:\\xampp\\htdocs\\proyecto_espinola_emilia\\system\\Debug\\Exceptions.php')
 2 SYSTEMPATH\Autoloader\Autoloader.php(290): CodeIgniter\Autoloader\Autoloader->includeFile('C:\\xampp\\htdocs\\proyecto_espinola_emilia\\app\\Models\\producto_Model.php')
 3 SYSTEMPATH\Autoloader\Autoloader.php(266): CodeIgniter\Autoloader\Autoloader->loadInNamespace('App\\Models\\producto_Model')
 4 APPPATH\Controllers\producto_controller.php(14): CodeIgniter\Autoloader\Autoloader->loadClass('App\\Models\\producto_Model')
 5 SYSTEMPATH\CodeIgniter.php(943): App\Controllers\producto_controller->index()
 6 SYSTEMPATH\CodeIgniter.php(503): CodeIgniter\CodeIgniter->runController(Object(App\Controllers\producto_controller))
 7 SYSTEMPATH\CodeIgniter.php(361): CodeIgniter\CodeIgniter->handleRequest(null, Object(Config\Cache), false)
 8 FCPATH\index.php(79): CodeIgniter\CodeIgniter->run()
WARNING - 2026-01-11 02:13:16 --> [DEPRECATED] Optional parameter $categoria_id declared before required parameter $buscar is implicitly treated as a required parameter in APPPATH\Models\producto_Model.php on line 74.
 1 SYSTEMPATH\Autoloader\Autoloader.php(311): include_once('C:\\xampp\\htdocs\\proyecto_espinola_emilia\\system\\Debug\\Exceptions.php')
 2 SYSTEMPATH\Autoloader\Autoloader.php(290): CodeIgniter\Autoloader\Autoloader->includeFile('C:\\xampp\\htdocs\\proyecto_espinola_emilia\\app\\Models\\producto_Model.php')
 3 SYSTEMPATH\Autoloader\Autoloader.php(266): CodeIgniter\Autoloader\Autoloader->loadInNamespace('App\\Models\\producto_Model')
 4 APPPATH\Controllers\producto_controller.php(14): CodeIgniter\Autoloader\Autoloader->loadClass('App\\Models\\producto_Model')
 5 SYSTEMPATH\CodeIgniter.php(943): App\Controllers\producto_controller->index()
 6 SYSTEMPATH\CodeIgniter.php(503): CodeIgniter\CodeIgniter->runController(Object(App\Controllers\producto_controller))
 7 SYSTEMPATH\CodeIgniter.php(361): CodeIgniter\CodeIgniter->handleRequest(null, Object(Config\Cache), false)
 8 FCPATH\index.php(79): CodeIgniter\CodeIgniter->run()
INFO - 2026-01-11 02:13:18 --> Session: Class initialized using 'CodeIgniter\Session\Handlers\FileHandler' driver.
WARNING - 2026-01-11 02:13:18 --> [DEPRECATED] Optional parameter $colores declared before required parameter $buscar is implicitly treated as a required parameter in APPPATH\Models\producto_Model.php on line 74.
 1 SYSTEMPATH\Autoloader\Autoloader.php(311): include_once('C:\\xampp\\htdocs\\proyecto_espinola_emilia\\system\\Debug\\Exceptions.php')
 2 SYSTEMPATH\Autoloader\Autoloader.php(290): CodeIgniter\Autoloader\Autoloader->includeFile('C:\\xampp\\htdocs\\proyecto_espinola_emilia\\app\\Models\\producto_Model.php')
 3 SYSTEMPATH\Autoloader\Autoloader.php(266): CodeIgniter\Autoloader\Autoloader->loadInNamespace('App\\Models\\producto_Model')
 4 APPPATH\Controllers\ventas_controller.php(23): CodeIgniter\Autoloader\Autoloader->loadClass('App\\Models\\producto_Model')
 5 SYSTEMPATH\CodeIgniter.php(915): App\Controllers\ventas_controller->__construct()
 6 SYSTEMPATH\CodeIgniter.php(494): CodeIgniter\CodeIgniter->createController()
 7 SYSTEMPATH\CodeIgniter.php(361): CodeIgniter\CodeIgniter->handleRequest(null, Object(Config\Cache), false)
 8 FCPATH\index.php(79): CodeIgniter\CodeIgniter->run()
WARNING - 2026-01-11 02:13:18 --> [DEPRECATED] Optional parameter $talles declared before required parameter $buscar is implicitly treated as a required parameter in APPPATH\Models\producto_Model.php on line 74.
 1 SYSTEMPATH\Autoloader\Autoloader.php(311): include_once('C:\\xampp\\htdocs\\proyecto_espinola_emilia\\system\\Debug\\Exceptions.php')
 2 SYSTEMPATH\Autoloader\Autoloader.php(290): CodeIgniter\Autoloader\Autoloader->includeFile('C:\\xampp\\htdocs\\proyecto_espinola_emilia\\app\\Models\\producto_Model.php')
 3 SYSTEMPATH\Autoloader\Autoloader.php(266): CodeIgniter\Autoloader\Autoloader->loadInNamespace('App\\Models\\producto_Model')
 4 APPPATH\Controllers\ventas_controller.php(23): CodeIgniter\Autoloader\Autoloader->loadClass('App\\Models\\producto_Model')
 5 SYSTEMPATH\CodeIgniter.php(915): App\Controllers\ventas_controller->__construct()
 6 SYSTEMPATH\CodeIgniter.php(494): CodeIgniter\CodeIgniter->createController()
 7 SYSTEMPATH\CodeIgniter.php(361): CodeIgniter\CodeIgniter->handleRequest(null, Object(Config\Cache), false)
 8 FCPATH\index.php(79): CodeIgniter\CodeIgniter->run()
WARNING - 2026-01-11 02:13:18 --> [DEPRECATED] Optional parameter $categoria_id declared before required parameter $buscar is implicitly treated as a required parameter in APPPATH\Models\producto_Model.php on line 74.
 1 SYSTEMPATH\Autoloader\Autoloader.php(311): include_once('C:\\xampp\\htdocs\\proyecto_espinola_emilia\\system\\Debug\\Exceptions.php')
 2 SYSTEMPATH\Autoloader\Autoloader.php(290): CodeIgniter\Autoloader\Autoloader->includeFile('C:\\xampp\\htdocs\\proyecto_espinola_emilia\\app\\Models\\producto_Model.php')
 3 SYSTEMPATH\Autoloader\Autoloader.php(266): CodeIgniter\Autoloader\Autoloader->loadInNamespace('App\\Models\\producto_Model')
 4 APPPATH\Controllers\ventas_controller.php(23): CodeIgniter\Autoloader\Autoloader->loadClass('App\\Models\\producto_Model')
 5 SYSTEMPATH\CodeIgniter.php(915): App\Controllers\ventas_controller->__construct()
 6 SYSTEMPATH\CodeIgniter.php(494): CodeIgniter\CodeIgniter->createController()
 7 SYSTEMPATH\CodeIgniter.php(361): CodeIgniter\CodeIgniter->handleRequest(null, Object(Config\Cache), false)
 8 FCPATH\index.php(79): CodeIgniter\CodeIgniter->run()
WARNING - 2026-01-11 02:13:18 --> [DEPRECATED] Creation of dynamic property App\Controllers\ventas_controller::$productosDetalle is deprecated in APPPATH\Controllers\ventas_controller.php on line 24.
 1 SYSTEMPATH\CodeIgniter.php(915): App\Controllers\ventas_controller->__construct()
 2 SYSTEMPATH\CodeIgniter.php(494): CodeIgniter\CodeIgniter->createController()
 3 SYSTEMPATH\CodeIgniter.php(361): CodeIgniter\CodeIgniter->handleRequest(null, Object(Config\Cache), false)
 4 FCPATH\index.php(79): CodeIgniter\CodeIgniter->run()
INFO - 2026-01-11 02:13:21 --> Session: Class initialized using 'CodeIgniter\Session\Handlers\FileHandler' driver.
WARNING - 2026-01-11 02:13:21 --> [DEPRECATED] Optional parameter $colores declared before required parameter $buscar is implicitly treated as a required parameter in APPPATH\Models\producto_Model.php on line 74.
 1 SYSTEMPATH\Autoloader\Autoloader.php(311): include_once('C:\\xampp\\htdocs\\proyecto_espinola_emilia\\system\\Debug\\Exceptions.php')
 2 SYSTEMPATH\Autoloader\Autoloader.php(290): CodeIgniter\Autoloader\Autoloader->includeFile('C:\\xampp\\htdocs\\proyecto_espinola_emilia\\app\\Models\\producto_Model.php')
 3 SYSTEMPATH\Autoloader\Autoloader.php(266): CodeIgniter\Autoloader\Autoloader->loadInNamespace('App\\Models\\producto_Model')
 4 APPPATH\Controllers\ventas_controller.php(23): CodeIgniter\Autoloader\Autoloader->loadClass('App\\Models\\producto_Model')
 5 SYSTEMPATH\CodeIgniter.php(915): App\Controllers\ventas_controller->__construct()
 6 SYSTEMPATH\CodeIgniter.php(494): CodeIgniter\CodeIgniter->createController()
 7 SYSTEMPATH\CodeIgniter.php(361): CodeIgniter\CodeIgniter->handleRequest(null, Object(Config\Cache), false)
 8 FCPATH\index.php(79): CodeIgniter\CodeIgniter->run()
WARNING - 2026-01-11 02:13:21 --> [DEPRECATED] Optional parameter $talles declared before required parameter $buscar is implicitly treated as a required parameter in APPPATH\Models\producto_Model.php on line 74.
 1 SYSTEMPATH\Autoloader\Autoloader.php(311): include_once('C:\\xampp\\htdocs\\proyecto_espinola_emilia\\system\\Debug\\Exceptions.php')
 2 SYSTEMPATH\Autoloader\Autoloader.php(290): CodeIgniter\Autoloader\Autoloader->includeFile('C:\\xampp\\htdocs\\proyecto_espinola_emilia\\app\\Models\\producto_Model.php')
 3 SYSTEMPATH\Autoloader\Autoloader.php(266): CodeIgniter\Autoloader\Autoloader->loadInNamespace('App\\Models\\producto_Model')
 4 APPPATH\Controllers\ventas_controller.php(23): CodeIgniter\Autoloader\Autoloader->loadClass('App\\Models\\producto_Model')
 5 SYSTEMPATH\CodeIgniter.php(915): App\Controllers\ventas_controller->__construct()
 6 SYSTEMPATH\CodeIgniter.php(494): CodeIgniter\CodeIgniter->createController()
 7 SYSTEMPATH\CodeIgniter.php(361): CodeIgniter\CodeIgniter->handleRequest(null, Object(Config\Cache), false)
 8 FCPATH\index.php(79): CodeIgniter\CodeIgniter->run()
WARNING - 2026-01-11 02:13:21 --> [DEPRECATED] Optional parameter $categoria_id declared before required parameter $buscar is implicitly treated as a required parameter in APPPATH\Models\producto_Model.php on line 74.
 1 SYSTEMPATH\Autoloader\Autoloader.php(311): include_once('C:\\xampp\\htdocs\\proyecto_espinola_emilia\\system\\Debug\\Exceptions.php')
 2 SYSTEMPATH\Autoloader\Autoloader.php(290): CodeIgniter\Autoloader\Autoloader->includeFile('C:\\xampp\\htdocs\\proyecto_espinola_emilia\\app\\Models\\producto_Model.php')
 3 SYSTEMPATH\Autoloader\Autoloader.php(266): CodeIgniter\Autoloader\Autoloader->loadInNamespace('App\\Models\\producto_Model')
 4 APPPATH\Controllers\ventas_controller.php(23): CodeIgniter\Autoloader\Autoloader->loadClass('App\\Models\\producto_Model')
 5 SYSTEMPATH\CodeIgniter.php(915): App\Controllers\ventas_controller->__construct()
 6 SYSTEMPATH\CodeIgniter.php(494): CodeIgniter\CodeIgniter->createController()
 7 SYSTEMPATH\CodeIgniter.php(361): CodeIgniter\CodeIgniter->handleRequest(null, Object(Config\Cache), false)
 8 FCPATH\index.php(79): CodeIgniter\CodeIgniter->run()
WARNING - 2026-01-11 02:13:21 --> [DEPRECATED] Creation of dynamic property App\Controllers\ventas_controller::$productosDetalle is deprecated in APPPATH\Controllers\ventas_controller.php on line 24.
 1 SYSTEMPATH\CodeIgniter.php(915): App\Controllers\ventas_controller->__construct()
 2 SYSTEMPATH\CodeIgniter.php(494): CodeIgniter\CodeIgniter->createController()
 3 SYSTEMPATH\CodeIgniter.php(361): CodeIgniter\CodeIgniter->handleRequest(null, Object(Config\Cache), false)
 4 FCPATH\index.php(79): CodeIgniter\CodeIgniter->run()
INFO - 2026-01-11 02:13:33 --> Session: Class initialized using 'CodeIgniter\Session\Handlers\FileHandler' driver.
WARNING - 2026-01-11 02:13:33 --> [DEPRECATED] Optional parameter $colores declared before required parameter $buscar is implicitly treated as a required parameter in APPPATH\Models\producto_Model.php on line 74.
 1 SYSTEMPATH\Autoloader\Autoloader.php(311): include_once('C:\\xampp\\htdocs\\proyecto_espinola_emilia\\system\\Debug\\Exceptions.php')
 2 SYSTEMPATH\Autoloader\Autoloader.php(290): CodeIgniter\Autoloader\Autoloader->includeFile('C:\\xampp\\htdocs\\proyecto_espinola_emilia\\app\\Models\\producto_Model.php')
 3 SYSTEMPATH\Autoloader\Autoloader.php(266): CodeIgniter\Autoloader\Autoloader->loadInNamespace('App\\Models\\producto_Model')
 4 APPPATH\Controllers\ventas_controller.php(23): CodeIgniter\Autoloader\Autoloader->loadClass('App\\Models\\producto_Model')
 5 SYSTEMPATH\CodeIgniter.php(915): App\Controllers\ventas_controller->__construct()
 6 SYSTEMPATH\CodeIgniter.php(494): CodeIgniter\CodeIgniter->createController()
 7 SYSTEMPATH\CodeIgniter.php(361): CodeIgniter\CodeIgniter->handleRequest(null, Object(Config\Cache), false)
 8 FCPATH\index.php(79): CodeIgniter\CodeIgniter->run()
WARNING - 2026-01-11 02:13:33 --> [DEPRECATED] Optional parameter $talles declared before required parameter $buscar is implicitly treated as a required parameter in APPPATH\Models\producto_Model.php on line 74.
 1 SYSTEMPATH\Autoloader\Autoloader.php(311): include_once('C:\\xampp\\htdocs\\proyecto_espinola_emilia\\system\\Debug\\Exceptions.php')
 2 SYSTEMPATH\Autoloader\Autoloader.php(290): CodeIgniter\Autoloader\Autoloader->includeFile('C:\\xampp\\htdocs\\proyecto_espinola_emilia\\app\\Models\\producto_Model.php')
 3 SYSTEMPATH\Autoloader\Autoloader.php(266): CodeIgniter\Autoloader\Autoloader->loadInNamespace('App\\Models\\producto_Model')
 4 APPPATH\Controllers\ventas_controller.php(23): CodeIgniter\Autoloader\Autoloader->loadClass('App\\Models\\producto_Model')
 5 SYSTEMPATH\CodeIgniter.php(915): App\Controllers\ventas_controller->__construct()
 6 SYSTEMPATH\CodeIgniter.php(494): CodeIgniter\CodeIgniter->createController()
 7 SYSTEMPATH\CodeIgniter.php(361): CodeIgniter\CodeIgniter->handleRequest(null, Object(Config\Cache), false)
 8 FCPATH\index.php(79): CodeIgniter\CodeIgniter->run()
WARNING - 2026-01-11 02:13:33 --> [DEPRECATED] Optional parameter $categoria_id declared before required parameter $buscar is implicitly treated as a required parameter in APPPATH\Models\producto_Model.php on line 74.
 1 SYSTEMPATH\Autoloader\Autoloader.php(311): include_once('C:\\xampp\\htdocs\\proyecto_espinola_emilia\\system\\Debug\\Exceptions.php')
 2 SYSTEMPATH\Autoloader\Autoloader.php(290): CodeIgniter\Autoloader\Autoloader->includeFile('C:\\xampp\\htdocs\\proyecto_espinola_emilia\\app\\Models\\producto_Model.php')
 3 SYSTEMPATH\Autoloader\Autoloader.php(266): CodeIgniter\Autoloader\Autoloader->loadInNamespace('App\\Models\\producto_Model')
 4 APPPATH\Controllers\ventas_controller.php(23): CodeIgniter\Autoloader\Autoloader->loadClass('App\\Models\\producto_Model')
 5 SYSTEMPATH\CodeIgniter.php(915): App\Controllers\ventas_controller->__construct()
 6 SYSTEMPATH\CodeIgniter.php(494): CodeIgniter\CodeIgniter->createController()
 7 SYSTEMPATH\CodeIgniter.php(361): CodeIgniter\CodeIgniter->handleRequest(null, Object(Config\Cache), false)
 8 FCPATH\index.php(79): CodeIgniter\CodeIgniter->run()
WARNING - 2026-01-11 02:13:33 --> [DEPRECATED] Creation of dynamic property App\Controllers\ventas_controller::$productosDetalle is deprecated in APPPATH\Controllers\ventas_controller.php on line 24.
 1 SYSTEMPATH\CodeIgniter.php(915): App\Controllers\ventas_controller->__construct()
 2 SYSTEMPATH\CodeIgniter.php(494): CodeIgniter\CodeIgniter->createController()
 3 SYSTEMPATH\CodeIgniter.php(361): CodeIgniter\CodeIgniter->handleRequest(null, Object(Config\Cache), false)
 4 FCPATH\index.php(79): CodeIgniter\CodeIgniter->run()
INFO - 2026-01-11 02:14:10 --> Session: Class initialized using 'CodeIgniter\Session\Handlers\FileHandler' driver.
WARNING - 2026-01-11 02:14:10 --> [DEPRECATED] Optional parameter $colores declared before required parameter $buscar is implicitly treated as a required parameter in APPPATH\Models\producto_Model.php on line 74.
 1 SYSTEMPATH\Autoloader\Autoloader.php(311): include_once('C:\\xampp\\htdocs\\proyecto_espinola_emilia\\system\\Debug\\Exceptions.php')
 2 SYSTEMPATH\Autoloader\Autoloader.php(290): CodeIgniter\Autoloader\Autoloader->includeFile('C:\\xampp\\htdocs\\proyecto_espinola_emilia\\app\\Models\\producto_Model.php')
 3 SYSTEMPATH\Autoloader\Autoloader.php(266): CodeIgniter\Autoloader\Autoloader->loadInNamespace('App\\Models\\producto_Model')
 4 APPPATH\Controllers\ventas_controller.php(23): CodeIgniter\Autoloader\Autoloader->loadClass('App\\Models\\producto_Model')
 5 SYSTEMPATH\CodeIgniter.php(915): App\Controllers\ventas_controller->__construct()
 6 SYSTEMPATH\CodeIgniter.php(494): CodeIgniter\CodeIgniter->createController()
 7 SYSTEMPATH\CodeIgniter.php(361): CodeIgniter\CodeIgniter->handleRequest(null, Object(Config\Cache), false)
 8 FCPATH\index.php(79): CodeIgniter\CodeIgniter->run()
WARNING - 2026-01-11 02:14:10 --> [DEPRECATED] Optional parameter $talles declared before required parameter $buscar is implicitly treated as a required parameter in APPPATH\Models\producto_Model.php on line 74.
 1 SYSTEMPATH\Autoloader\Autoloader.php(311): include_once('C:\\xampp\\htdocs\\proyecto_espinola_emilia\\system\\Debug\\Exceptions.php')
 2 SYSTEMPATH\Autoloader\Autoloader.php(290): CodeIgniter\Autoloader\Autoloader->includeFile('C:\\xampp\\htdocs\\proyecto_espinola_emilia\\app\\Models\\producto_Model.php')
 3 SYSTEMPATH\Autoloader\Autoloader.php(266): CodeIgniter\Autoloader\Autoloader->loadInNamespace('App\\Models\\producto_Model')
 4 APPPATH\Controllers\ventas_controller.php(23): CodeIgniter\Autoloader\Autoloader->loadClass('App\\Models\\producto_Model')
 5 SYSTEMPATH\CodeIgniter.php(915): App\Controllers\ventas_controller->__construct()
 6 SYSTEMPATH\CodeIgniter.php(494): CodeIgniter\CodeIgniter->createController()
 7 SYSTEMPATH\CodeIgniter.php(361): CodeIgniter\CodeIgniter->handleRequest(null, Object(Config\Cache), false)
 8 FCPATH\index.php(79): CodeIgniter\CodeIgniter->run()
WARNING - 2026-01-11 02:14:10 --> [DEPRECATED] Optional parameter $categoria_id declared before required parameter $buscar is implicitly treated as a required parameter in APPPATH\Models\producto_Model.php on line 74.
 1 SYSTEMPATH\Autoloader\Autoloader.php(311): include_once('C:\\xampp\\htdocs\\proyecto_espinola_emilia\\system\\Debug\\Exceptions.php')
 2 SYSTEMPATH\Autoloader\Autoloader.php(290): CodeIgniter\Autoloader\Autoloader->includeFile('C:\\xampp\\htdocs\\proyecto_espinola_emilia\\app\\Models\\producto_Model.php')
 3 SYSTEMPATH\Autoloader\Autoloader.php(266): CodeIgniter\Autoloader\Autoloader->loadInNamespace('App\\Models\\producto_Model')
 4 APPPATH\Controllers\ventas_controller.php(23): CodeIgniter\Autoloader\Autoloader->loadClass('App\\Models\\producto_Model')
 5 SYSTEMPATH\CodeIgniter.php(915): App\Controllers\ventas_controller->__construct()
 6 SYSTEMPATH\CodeIgniter.php(494): CodeIgniter\CodeIgniter->createController()
 7 SYSTEMPATH\CodeIgniter.php(361): CodeIgniter\CodeIgniter->handleRequest(null, Object(Config\Cache), false)
 8 FCPATH\index.php(79): CodeIgniter\CodeIgniter->run()
WARNING - 2026-01-11 02:14:10 --> [DEPRECATED] Creation of dynamic property App\Controllers\ventas_controller::$productosDetalle is deprecated in APPPATH\Controllers\ventas_controller.php on line 24.
 1 SYSTEMPATH\CodeIgniter.php(915): App\Controllers\ventas_controller->__construct()
 2 SYSTEMPATH\CodeIgniter.php(494): CodeIgniter\CodeIgniter->createController()
 3 SYSTEMPATH\CodeIgniter.php(361): CodeIgniter\CodeIgniter->handleRequest(null, Object(Config\Cache), false)
 4 FCPATH\index.php(79): CodeIgniter\CodeIgniter->run()
INFO - 2026-01-11 02:42:31 --> Session: Class initialized using 'CodeIgniter\Session\Handlers\FileHandler' driver.
WARNING - 2026-01-11 02:42:31 --> [DEPRECATED] Optional parameter $colores declared before required parameter $buscar is implicitly treated as a required parameter in APPPATH\Models\producto_Model.php on line 74.
 1 SYSTEMPATH\Autoloader\Autoloader.php(311): include_once('C:\\xampp\\htdocs\\proyecto_espinola_emilia\\system\\Debug\\Exceptions.php')
 2 SYSTEMPATH\Autoloader\Autoloader.php(290): CodeIgniter\Autoloader\Autoloader->includeFile('C:\\xampp\\htdocs\\proyecto_espinola_emilia\\app\\Models\\producto_Model.php')
 3 SYSTEMPATH\Autoloader\Autoloader.php(266): CodeIgniter\Autoloader\Autoloader->loadInNamespace('App\\Models\\producto_Model')
 4 APPPATH\Controllers\producto_controller.php(14): CodeIgniter\Autoloader\Autoloader->loadClass('App\\Models\\producto_Model')
 5 SYSTEMPATH\CodeIgniter.php(943): App\Controllers\producto_controller->index()
 6 SYSTEMPATH\CodeIgniter.php(503): CodeIgniter\CodeIgniter->runController(Object(App\Controllers\producto_controller))
 7 SYSTEMPATH\CodeIgniter.php(361): CodeIgniter\CodeIgniter->handleRequest(null, Object(Config\Cache), false)
 8 FCPATH\index.php(79): CodeIgniter\CodeIgniter->run()
WARNING - 2026-01-11 02:42:31 --> [DEPRECATED] Optional parameter $talles declared before required parameter $buscar is implicitly treated as a required parameter in APPPATH\Models\producto_Model.php on line 74.
 1 SYSTEMPATH\Autoloader\Autoloader.php(311): include_once('C:\\xampp\\htdocs\\proyecto_espinola_emilia\\system\\Debug\\Exceptions.php')
 2 SYSTEMPATH\Autoloader\Autoloader.php(290): CodeIgniter\Autoloader\Autoloader->includeFile('C:\\xampp\\htdocs\\proyecto_espinola_emilia\\app\\Models\\producto_Model.php')
 3 SYSTEMPATH\Autoloader\Autoloader.php(266): CodeIgniter\Autoloader\Autoloader->loadInNamespace('App\\Models\\producto_Model')
 4 APPPATH\Controllers\producto_controller.php(14): CodeIgniter\Autoloader\Autoloader->loadClass('App\\Models\\producto_Model')
 5 SYSTEMPATH\CodeIgniter.php(943): App\Controllers\producto_controller->index()
 6 SYSTEMPATH\CodeIgniter.php(503): CodeIgniter\CodeIgniter->runController(Object(App\Controllers\producto_controller))
 7 SYSTEMPATH\CodeIgniter.php(361): CodeIgniter\CodeIgniter->handleRequest(null, Object(Config\Cache), false)
 8 FCPATH\index.php(79): CodeIgniter\CodeIgniter->run()
WARNING - 2026-01-11 02:42:31 --> [DEPRECATED] Optional parameter $categoria_id declared before required parameter $buscar is implicitly treated as a required parameter in APPPATH\Models\producto_Model.php on line 74.
 1 SYSTEMPATH\Autoloader\Autoloader.php(311): include_once('C:\\xampp\\htdocs\\proyecto_espinola_emilia\\system\\Debug\\Exceptions.php')
 2 SYSTEMPATH\Autoloader\Autoloader.php(290): CodeIgniter\Autoloader\Autoloader->includeFile('C:\\xampp\\htdocs\\proyecto_espinola_emilia\\app\\Models\\producto_Model.php')
 3 SYSTEMPATH\Autoloader\Autoloader.php(266): CodeIgniter\Autoloader\Autoloader->loadInNamespace('App\\Models\\producto_Model')
 4 APPPATH\Controllers\producto_controller.php(14): CodeIgniter\Autoloader\Autoloader->loadClass('App\\Models\\producto_Model')
 5 SYSTEMPATH\CodeIgniter.php(943): App\Controllers\producto_controller->index()
 6 SYSTEMPATH\CodeIgniter.php(503): CodeIgniter\CodeIgniter->runController(Object(App\Controllers\producto_controller))
 7 SYSTEMPATH\CodeIgniter.php(361): CodeIgniter\CodeIgniter->handleRequest(null, Object(Config\Cache), false)
 8 FCPATH\index.php(79): CodeIgniter\CodeIgniter->run()
INFO - 2026-01-11 02:42:33 --> Session: Class initialized using 'CodeIgniter\Session\Handlers\FileHandler' driver.
INFO - 2026-01-11 02:42:56 --> Session: Class initialized using 'CodeIgniter\Session\Handlers\FileHandler' driver.
INFO - 2026-01-11 02:42:56 --> Session: Class initialized using 'CodeIgniter\Session\Handlers\FileHandler' driver.
INFO - 2026-01-11 02:44:01 --> Session: Class initialized using 'CodeIgniter\Session\Handlers\FileHandler' driver.
INFO - 2026-01-11 02:44:21 --> Session: Class initialized using 'CodeIgniter\Session\Handlers\FileHandler' driver.
INFO - 2026-01-11 02:44:53 --> Session: Class initialized using 'CodeIgniter\Session\Handlers\FileHandler' driver.
INFO - 2026-01-11 02:44:53 --> Session: Class initialized using 'CodeIgniter\Session\Handlers\FileHandler' driver.
INFO - 2026-01-11 02:46:32 --> Session: Class initialized using 'CodeIgniter\Session\Handlers\FileHandler' driver.
INFO - 2026-01-11 02:46:42 --> Session: Class initialized using 'CodeIgniter\Session\Handlers\FileHandler' driver.
INFO - 2026-01-11 02:46:42 --> Session: Class initialized using 'CodeIgniter\Session\Handlers\FileHandler' driver.
INFO - 2026-01-11 02:47:40 --> Session: Class initialized using 'CodeIgniter\Session\Handlers\FileHandler' driver.
INFO - 2026-01-11 02:48:07 --> Session: Class initialized using 'CodeIgniter\Session\Handlers\FileHandler' driver.
INFO - 2026-01-11 02:48:27 --> Session: Class initialized using 'CodeIgniter\Session\Handlers\FileHandler' driver.
INFO - 2026-01-11 02:48:27 --> Session: Class initialized using 'CodeIgniter\Session\Handlers\FileHandler' driver.
INFO - 2026-01-11 02:51:09 --> Session: Class initialized using 'CodeIgniter\Session\Handlers\FileHandler' driver.
INFO - 2026-01-11 03:18:01 --> Session: Class initialized using 'CodeIgniter\Session\Handlers\FileHandler' driver.
INFO - 2026-01-11 03:18:11 --> Session: Class initialized using 'CodeIgniter\Session\Handlers\FileHandler' driver.
WARNING - 2026-01-11 03:18:11 --> [DEPRECATED] Optional parameter $colores declared before required parameter $buscar is implicitly treated as a required parameter in APPPATH\Models\producto_Model.php on line 74.
 1 SYSTEMPATH\Autoloader\Autoloader.php(311): include_once('C:\\xampp\\htdocs\\proyecto_espinola_emilia\\system\\Debug\\Exceptions.php')
 2 SYSTEMPATH\Autoloader\Autoloader.php(290): CodeIgniter\Autoloader\Autoloader->includeFile('C:\\xampp\\htdocs\\proyecto_espinola_emilia\\app\\Models\\producto_Model.php')
 3 SYSTEMPATH\Autoloader\Autoloader.php(266): CodeIgniter\Autoloader\Autoloader->loadInNamespace('App\\Models\\producto_Model')
 4 APPPATH\Controllers\producto_controller.php(14): CodeIgniter\Autoloader\Autoloader->loadClass('App\\Models\\producto_Model')
 5 SYSTEMPATH\CodeIgniter.php(943): App\Controllers\producto_controller->index()
 6 SYSTEMPATH\CodeIgniter.php(503): CodeIgniter\CodeIgniter->runController(Object(App\Controllers\producto_controller))
 7 SYSTEMPATH\CodeIgniter.php(361): CodeIgniter\CodeIgniter->handleRequest(null, Object(Config\Cache), false)
 8 FCPATH\index.php(79): CodeIgniter\CodeIgniter->run()
WARNING - 2026-01-11 03:18:11 --> [DEPRECATED] Optional parameter $talles declared before required parameter $buscar is implicitly treated as a required parameter in APPPATH\Models\producto_Model.php on line 74.
 1 SYSTEMPATH\Autoloader\Autoloader.php(311): include_once('C:\\xampp\\htdocs\\proyecto_espinola_emilia\\system\\Debug\\Exceptions.php')
 2 SYSTEMPATH\Autoloader\Autoloader.php(290): CodeIgniter\Autoloader\Autoloader->includeFile('C:\\xampp\\htdocs\\proyecto_espinola_emilia\\app\\Models\\producto_Model.php')
 3 SYSTEMPATH\Autoloader\Autoloader.php(266): CodeIgniter\Autoloader\Autoloader->loadInNamespace('App\\Models\\producto_Model')
 4 APPPATH\Controllers\producto_controller.php(14): CodeIgniter\Autoloader\Autoloader->loadClass('App\\Models\\producto_Model')
 5 SYSTEMPATH\CodeIgniter.php(943): App\Controllers\producto_controller->index()
 6 SYSTEMPATH\CodeIgniter.php(503): CodeIgniter\CodeIgniter->runController(Object(App\Controllers\producto_controller))
 7 SYSTEMPATH\CodeIgniter.php(361): CodeIgniter\CodeIgniter->handleRequest(null, Object(Config\Cache), false)
 8 FCPATH\index.php(79): CodeIgniter\CodeIgniter->run()
WARNING - 2026-01-11 03:18:11 --> [DEPRECATED] Optional parameter $categoria_id declared before required parameter $buscar is implicitly treated as a required parameter in APPPATH\Models\producto_Model.php on line 74.
 1 SYSTEMPATH\Autoloader\Autoloader.php(311): include_once('C:\\xampp\\htdocs\\proyecto_espinola_emilia\\system\\Debug\\Exceptions.php')
 2 SYSTEMPATH\Autoloader\Autoloader.php(290): CodeIgniter\Autoloader\Autoloader->includeFile('C:\\xampp\\htdocs\\proyecto_espinola_emilia\\app\\Models\\producto_Model.php')
 3 SYSTEMPATH\Autoloader\Autoloader.php(266): CodeIgniter\Autoloader\Autoloader->loadInNamespace('App\\Models\\producto_Model')
 4 APPPATH\Controllers\producto_controller.php(14): CodeIgniter\Autoloader\Autoloader->loadClass('App\\Models\\producto_Model')
 5 SYSTEMPATH\CodeIgniter.php(943): App\Controllers\producto_controller->index()
 6 SYSTEMPATH\CodeIgniter.php(503): CodeIgniter\CodeIgniter->runController(Object(App\Controllers\producto_controller))
 7 SYSTEMPATH\CodeIgniter.php(361): CodeIgniter\CodeIgniter->handleRequest(null, Object(Config\Cache), false)
 8 FCPATH\index.php(79): CodeIgniter\CodeIgniter->run()
INFO - 2026-01-11 03:18:13 --> Session: Class initialized using 'CodeIgniter\Session\Handlers\FileHandler' driver.
WARNING - 2026-01-11 03:18:13 --> [DEPRECATED] Optional parameter $colores declared before required parameter $buscar is implicitly treated as a required parameter in APPPATH\Models\producto_Model.php on line 74.
 1 SYSTEMPATH\Autoloader\Autoloader.php(311): include_once('C:\\xampp\\htdocs\\proyecto_espinola_emilia\\system\\Debug\\Exceptions.php')
 2 SYSTEMPATH\Autoloader\Autoloader.php(290): CodeIgniter\Autoloader\Autoloader->includeFile('C:\\xampp\\htdocs\\proyecto_espinola_emilia\\app\\Models\\producto_Model.php')
 3 SYSTEMPATH\Autoloader\Autoloader.php(266): CodeIgniter\Autoloader\Autoloader->loadInNamespace('App\\Models\\producto_Model')
 4 APPPATH\Controllers\producto_controller.php(128): CodeIgniter\Autoloader\Autoloader->loadClass('App\\Models\\producto_Model')
 5 SYSTEMPATH\CodeIgniter.php(943): App\Controllers\producto_controller->edit('75')
 6 SYSTEMPATH\CodeIgniter.php(503): CodeIgniter\CodeIgniter->runController(Object(App\Controllers\producto_controller))
 7 SYSTEMPATH\CodeIgniter.php(361): CodeIgniter\CodeIgniter->handleRequest(null, Object(Config\Cache), false)
 8 FCPATH\index.php(79): CodeIgniter\CodeIgniter->run()
WARNING - 2026-01-11 03:18:13 --> [DEPRECATED] Optional parameter $talles declared before required parameter $buscar is implicitly treated as a required parameter in APPPATH\Models\producto_Model.php on line 74.
 1 SYSTEMPATH\Autoloader\Autoloader.php(311): include_once('C:\\xampp\\htdocs\\proyecto_espinola_emilia\\system\\Debug\\Exceptions.php')
 2 SYSTEMPATH\Autoloader\Autoloader.php(290): CodeIgniter\Autoloader\Autoloader->includeFile('C:\\xampp\\htdocs\\proyecto_espinola_emilia\\app\\Models\\producto_Model.php')
 3 SYSTEMPATH\Autoloader\Autoloader.php(266): CodeIgniter\Autoloader\Autoloader->loadInNamespace('App\\Models\\producto_Model')
 4 APPPATH\Controllers\producto_controller.php(128): CodeIgniter\Autoloader\Autoloader->loadClass('App\\Models\\producto_Model')
 5 SYSTEMPATH\CodeIgniter.php(943): App\Controllers\producto_controller->edit('75')
 6 SYSTEMPATH\CodeIgniter.php(503): CodeIgniter\CodeIgniter->runController(Object(App\Controllers\producto_controller))
 7 SYSTEMPATH\CodeIgniter.php(361): CodeIgniter\CodeIgniter->handleRequest(null, Object(Config\Cache), false)
 8 FCPATH\index.php(79): CodeIgniter\CodeIgniter->run()
WARNING - 2026-01-11 03:18:13 --> [DEPRECATED] Optional parameter $categoria_id declared before required parameter $buscar is implicitly treated as a required parameter in APPPATH\Models\producto_Model.php on line 74.
 1 SYSTEMPATH\Autoloader\Autoloader.php(311): include_once('C:\\xampp\\htdocs\\proyecto_espinola_emilia\\system\\Debug\\Exceptions.php')
 2 SYSTEMPATH\Autoloader\Autoloader.php(290): CodeIgniter\Autoloader\Autoloader->includeFile('C:\\xampp\\htdocs\\proyecto_espinola_emilia\\app\\Models\\producto_Model.php')
 3 SYSTEMPATH\Autoloader\Autoloader.php(266): CodeIgniter\Autoloader\Autoloader->loadInNamespace('App\\Models\\producto_Model')
 4 APPPATH\Controllers\producto_controller.php(128): CodeIgniter\Autoloader\Autoloader->loadClass('App\\Models\\producto_Model')
 5 SYSTEMPATH\CodeIgniter.php(943): App\Controllers\producto_controller->edit('75')
 6 SYSTEMPATH\CodeIgniter.php(503): CodeIgniter\CodeIgniter->runController(Object(App\Controllers\producto_controller))
 7 SYSTEMPATH\CodeIgniter.php(361): CodeIgniter\CodeIgniter->handleRequest(null, Object(Config\Cache), false)
 8 FCPATH\index.php(79): CodeIgniter\CodeIgniter->run()
INFO - 2026-01-11 03:18:19 --> Session: Class initialized using 'CodeIgniter\Session\Handlers\FileHandler' driver.
INFO - 2026-01-11 03:18:19 --> Session: Class initialized using 'CodeIgniter\Session\Handlers\FileHandler' driver.
WARNING - 2026-01-11 03:18:19 --> [DEPRECATED] Optional parameter $colores declared before required parameter $buscar is implicitly treated as a required parameter in APPPATH\Models\producto_Model.php on line 74.
 1 SYSTEMPATH\Autoloader\Autoloader.php(311): include_once('C:\\xampp\\htdocs\\proyecto_espinola_emilia\\system\\Debug\\Exceptions.php')
 2 SYSTEMPATH\Autoloader\Autoloader.php(290): CodeIgniter\Autoloader\Autoloader->includeFile('C:\\xampp\\htdocs\\proyecto_espinola_emilia\\app\\Models\\producto_Model.php')
 3 SYSTEMPATH\Autoloader\Autoloader.php(266): CodeIgniter\Autoloader\Autoloader->loadInNamespace('App\\Models\\producto_Model')
 4 APPPATH\Controllers\producto_controller.php(128): CodeIgniter\Autoloader\Autoloader->loadClass('App\\Models\\producto_Model')
 5 SYSTEMPATH\CodeIgniter.php(943): App\Controllers\producto_controller->edit('75')
 6 SYSTEMPATH\CodeIgniter.php(503): CodeIgniter\CodeIgniter->runController(Object(App\Controllers\producto_controller))
 7 SYSTEMPATH\CodeIgniter.php(361): CodeIgniter\CodeIgniter->handleRequest(null, Object(Config\Cache), false)
 8 FCPATH\index.php(79): CodeIgniter\CodeIgniter->run()
WARNING - 2026-01-11 03:18:19 --> [DEPRECATED] Optional parameter $talles declared before required parameter $buscar is implicitly treated as a required parameter in APPPATH\Models\producto_Model.php on line 74.
 1 SYSTEMPATH\Autoloader\Autoloader.php(311): include_once('C:\\xampp\\htdocs\\proyecto_espinola_emilia\\system\\Debug\\Exceptions.php')
 2 SYSTEMPATH\Autoloader\Autoloader.php(290): CodeIgniter\Autoloader\Autoloader->includeFile('C:\\xampp\\htdocs\\proyecto_espinola_emilia\\app\\Models\\producto_Model.php')
 3 SYSTEMPATH\Autoloader\Autoloader.php(266): CodeIgniter\Autoloader\Autoloader->loadInNamespace('App\\Models\\producto_Model')
 4 APPPATH\Controllers\producto_controller.php(128): CodeIgniter\Autoloader\Autoloader->loadClass('App\\Models\\producto_Model')
 5 SYSTEMPATH\CodeIgniter.php(943): App\Controllers\producto_controller->edit('75')
 6 SYSTEMPATH\CodeIgniter.php(503): CodeIgniter\CodeIgniter->runController(Object(App\Controllers\producto_controller))
 7 SYSTEMPATH\CodeIgniter.php(361): CodeIgniter\CodeIgniter->handleRequest(null, Object(Config\Cache), false)
 8 FCPATH\index.php(79): CodeIgniter\CodeIgniter->run()
WARNING - 2026-01-11 03:18:19 --> [DEPRECATED] Optional parameter $categoria_id declared before required parameter $buscar is implicitly treated as a required parameter in APPPATH\Models\producto_Model.php on line 74.
 1 SYSTEMPATH\Autoloader\Autoloader.php(311): include_once('C:\\xampp\\htdocs\\proyecto_espinola_emilia\\system\\Debug\\Exceptions.php')
 2 SYSTEMPATH\Autoloader\Autoloader.php(290): CodeIgniter\Autoloader\Autoloader->includeFile('C:\\xampp\\htdocs\\proyecto_espinola_emilia\\app\\Models\\producto_Model.php')
 3 SYSTEMPATH\Autoloader\Autoloader.php(266): CodeIgniter\Autoloader\Autoloader->loadInNamespace('App\\Models\\producto_Model')
 4 APPPATH\Controllers\producto_controller.php(128): CodeIgniter\Autoloader\Autoloader->loadClass('App\\Models\\producto_Model')
 5 SYSTEMPATH\CodeIgniter.php(943): App\Controllers\producto_controller->edit('75')
 6 SYSTEMPATH\CodeIgniter.php(503): CodeIgniter\CodeIgniter->runController(Object(App\Controllers\producto_controller))
 7 SYSTEMPATH\CodeIgniter.php(361): CodeIgniter\CodeIgniter->handleRequest(null, Object(Config\Cache), false)
 8 FCPATH\index.php(79): CodeIgniter\CodeIgniter->run()
INFO - 2026-01-11 03:18:19 --> Session: Class initialized using 'CodeIgniter\Session\Handlers\FileHandler' driver.
INFO - 2026-01-11 03:18:20 --> Session: Class initialized using 'CodeIgniter\Session\Handlers\FileHandler' driver.
WARNING - 2026-01-11 03:18:20 --> [DEPRECATED] Optional parameter $colores declared before required parameter $buscar is implicitly treated as a required parameter in APPPATH\Models\producto_Model.php on line 74.
 1 SYSTEMPATH\Autoloader\Autoloader.php(311): include_once('C:\\xampp\\htdocs\\proyecto_espinola_emilia\\system\\Debug\\Exceptions.php')
 2 SYSTEMPATH\Autoloader\Autoloader.php(290): CodeIgniter\Autoloader\Autoloader->includeFile('C:\\xampp\\htdocs\\proyecto_espinola_emilia\\app\\Models\\producto_Model.php')
 3 SYSTEMPATH\Autoloader\Autoloader.php(266): CodeIgniter\Autoloader\Autoloader->loadInNamespace('App\\Models\\producto_Model')
 4 APPPATH\Controllers\producto_controller.php(128): CodeIgniter\Autoloader\Autoloader->loadClass('App\\Models\\producto_Model')
 5 SYSTEMPATH\CodeIgniter.php(943): App\Controllers\producto_controller->edit('75')
 6 SYSTEMPATH\CodeIgniter.php(503): CodeIgniter\CodeIgniter->runController(Object(App\Controllers\producto_controller))
 7 SYSTEMPATH\CodeIgniter.php(361): CodeIgniter\CodeIgniter->handleRequest(null, Object(Config\Cache), false)
 8 FCPATH\index.php(79): CodeIgniter\CodeIgniter->run()
WARNING - 2026-01-11 03:18:20 --> [DEPRECATED] Optional parameter $talles declared before required parameter $buscar is implicitly treated as a required parameter in APPPATH\Models\producto_Model.php on line 74.
 1 SYSTEMPATH\Autoloader\Autoloader.php(311): include_once('C:\\xampp\\htdocs\\proyecto_espinola_emilia\\system\\Debug\\Exceptions.php')
 2 SYSTEMPATH\Autoloader\Autoloader.php(290): CodeIgniter\Autoloader\Autoloader->includeFile('C:\\xampp\\htdocs\\proyecto_espinola_emilia\\app\\Models\\producto_Model.php')
 3 SYSTEMPATH\Autoloader\Autoloader.php(266): CodeIgniter\Autoloader\Autoloader->loadInNamespace('App\\Models\\producto_Model')
 4 APPPATH\Controllers\producto_controller.php(128): CodeIgniter\Autoloader\Autoloader->loadClass('App\\Models\\producto_Model')
 5 SYSTEMPATH\CodeIgniter.php(943): App\Controllers\producto_controller->edit('75')
 6 SYSTEMPATH\CodeIgniter.php(503): CodeIgniter\CodeIgniter->runController(Object(App\Controllers\producto_controller))
 7 SYSTEMPATH\CodeIgniter.php(361): CodeIgniter\CodeIgniter->handleRequest(null, Object(Config\Cache), false)
 8 FCPATH\index.php(79): CodeIgniter\CodeIgniter->run()
WARNING - 2026-01-11 03:18:20 --> [DEPRECATED] Optional parameter $categoria_id declared before required parameter $buscar is implicitly treated as a required parameter in APPPATH\Models\producto_Model.php on line 74.
 1 SYSTEMPATH\Autoloader\Autoloader.php(311): include_once('C:\\xampp\\htdocs\\proyecto_espinola_emilia\\system\\Debug\\Exceptions.php')
 2 SYSTEMPATH\Autoloader\Autoloader.php(290): CodeIgniter\Autoloader\Autoloader->includeFile('C:\\xampp\\htdocs\\proyecto_espinola_emilia\\app\\Models\\producto_Model.php')
 3 SYSTEMPATH\Autoloader\Autoloader.php(266): CodeIgniter\Autoloader\Autoloader->loadInNamespace('App\\Models\\producto_Model')
 4 APPPATH\Controllers\producto_controller.php(128): CodeIgniter\Autoloader\Autoloader->loadClass('App\\Models\\producto_Model')
 5 SYSTEMPATH\CodeIgniter.php(943): App\Controllers\producto_controller->edit('75')
 6 SYSTEMPATH\CodeIgniter.php(503): CodeIgniter\CodeIgniter->runController(Object(App\Controllers\producto_controller))
 7 SYSTEMPATH\CodeIgniter.php(361): CodeIgniter\CodeIgniter->handleRequest(null, Object(Config\Cache), false)
 8 FCPATH\index.php(79): CodeIgniter\CodeIgniter->run()
INFO - 2026-01-11 03:18:24 --> Session: Class initialized using 'CodeIgniter\Session\Handlers\FileHandler' driver.
INFO - 2026-01-11 03:18:24 --> Session: Class initialized using 'CodeIgniter\Session\Handlers\FileHandler' driver.
WARNING - 2026-01-11 03:18:24 --> [DEPRECATED] Optional parameter $colores declared before required parameter $buscar is implicitly treated as a required parameter in APPPATH\Models\producto_Model.php on line 74.
 1 SYSTEMPATH\Autoloader\Autoloader.php(311): include_once('C:\\xampp\\htdocs\\proyecto_espinola_emilia\\system\\Debug\\Exceptions.php')
 2 SYSTEMPATH\Autoloader\Autoloader.php(290): CodeIgniter\Autoloader\Autoloader->includeFile('C:\\xampp\\htdocs\\proyecto_espinola_emilia\\app\\Models\\producto_Model.php')
 3 SYSTEMPATH\Autoloader\Autoloader.php(266): CodeIgniter\Autoloader\Autoloader->loadInNamespace('App\\Models\\producto_Model')
 4 APPPATH\Controllers\producto_controller.php(128): CodeIgniter\Autoloader\Autoloader->loadClass('App\\Models\\producto_Model')
 5 SYSTEMPATH\CodeIgniter.php(943): App\Controllers\producto_controller->edit('75')
 6 SYSTEMPATH\CodeIgniter.php(503): CodeIgniter\CodeIgniter->runController(Object(App\Controllers\producto_controller))
 7 SYSTEMPATH\CodeIgniter.php(361): CodeIgniter\CodeIgniter->handleRequest(null, Object(Config\Cache), false)
 8 FCPATH\index.php(79): CodeIgniter\CodeIgniter->run()
WARNING - 2026-01-11 03:18:24 --> [DEPRECATED] Optional parameter $talles declared before required parameter $buscar is implicitly treated as a required parameter in APPPATH\Models\producto_Model.php on line 74.
 1 SYSTEMPATH\Autoloader\Autoloader.php(311): include_once('C:\\xampp\\htdocs\\proyecto_espinola_emilia\\system\\Debug\\Exceptions.php')
 2 SYSTEMPATH\Autoloader\Autoloader.php(290): CodeIgniter\Autoloader\Autoloader->includeFile('C:\\xampp\\htdocs\\proyecto_espinola_emilia\\app\\Models\\producto_Model.php')
 3 SYSTEMPATH\Autoloader\Autoloader.php(266): CodeIgniter\Autoloader\Autoloader->loadInNamespace('App\\Models\\producto_Model')
 4 APPPATH\Controllers\producto_controller.php(128): CodeIgniter\Autoloader\Autoloader->loadClass('App\\Models\\producto_Model')
 5 SYSTEMPATH\CodeIgniter.php(943): App\Controllers\producto_controller->edit('75')
 6 SYSTEMPATH\CodeIgniter.php(503): CodeIgniter\CodeIgniter->runController(Object(App\Controllers\producto_controller))
 7 SYSTEMPATH\CodeIgniter.php(361): CodeIgniter\CodeIgniter->handleRequest(null, Object(Config\Cache), false)
 8 FCPATH\index.php(79): CodeIgniter\CodeIgniter->run()
WARNING - 2026-01-11 03:18:24 --> [DEPRECATED] Optional parameter $categoria_id declared before required parameter $buscar is implicitly treated as a required parameter in APPPATH\Models\producto_Model.php on line 74.
 1 SYSTEMPATH\Autoloader\Autoloader.php(311): include_once('C:\\xampp\\htdocs\\proyecto_espinola_emilia\\system\\Debug\\Exceptions.php')
 2 SYSTEMPATH\Autoloader\Autoloader.php(290): CodeIgniter\Autoloader\Autoloader->includeFile('C:\\xampp\\htdocs\\proyecto_espinola_emilia\\app\\Models\\producto_Model.php')
 3 SYSTEMPATH\Autoloader\Autoloader.php(266): CodeIgniter\Autoloader\Autoloader->loadInNamespace('App\\Models\\producto_Model')
 4 APPPATH\Controllers\producto_controller.php(128): CodeIgniter\Autoloader\Autoloader->loadClass('App\\Models\\producto_Model')
 5 SYSTEMPATH\CodeIgniter.php(943): App\Controllers\producto_controller->edit('75')
 6 SYSTEMPATH\CodeIgniter.php(503): CodeIgniter\CodeIgniter->runController(Object(App\Controllers\producto_controller))
 7 SYSTEMPATH\CodeIgniter.php(361): CodeIgniter\CodeIgniter->handleRequest(null, Object(Config\Cache), false)
 8 FCPATH\index.php(79): CodeIgniter\CodeIgniter->run()
INFO - 2026-01-11 03:18:28 --> Session: Class initialized using 'CodeIgniter\Session\Handlers\FileHandler' driver.
INFO - 2026-01-11 03:18:28 --> Session: Class initialized using 'CodeIgniter\Session\Handlers\FileHandler' driver.
WARNING - 2026-01-11 03:18:28 --> [DEPRECATED] Optional parameter $colores declared before required parameter $buscar is implicitly treated as a required parameter in APPPATH\Models\producto_Model.php on line 74.
 1 SYSTEMPATH\Autoloader\Autoloader.php(311): include_once('C:\\xampp\\htdocs\\proyecto_espinola_emilia\\system\\Debug\\Exceptions.php')
 2 SYSTEMPATH\Autoloader\Autoloader.php(290): CodeIgniter\Autoloader\Autoloader->includeFile('C:\\xampp\\htdocs\\proyecto_espinola_emilia\\app\\Models\\producto_Model.php')
 3 SYSTEMPATH\Autoloader\Autoloader.php(266): CodeIgniter\Autoloader\Autoloader->loadInNamespace('App\\Models\\producto_Model')
 4 APPPATH\Controllers\producto_controller.php(128): CodeIgniter\Autoloader\Autoloader->loadClass('App\\Models\\producto_Model')
 5 SYSTEMPATH\CodeIgniter.php(943): App\Controllers\producto_controller->edit('75')
 6 SYSTEMPATH\CodeIgniter.php(503): CodeIgniter\CodeIgniter->runController(Object(App\Controllers\producto_controller))
 7 SYSTEMPATH\CodeIgniter.php(361): CodeIgniter\CodeIgniter->handleRequest(null, Object(Config\Cache), false)
 8 FCPATH\index.php(79): CodeIgniter\CodeIgniter->run()
WARNING - 2026-01-11 03:18:28 --> [DEPRECATED] Optional parameter $talles declared before required parameter $buscar is implicitly treated as a required parameter in APPPATH\Models\producto_Model.php on line 74.
 1 SYSTEMPATH\Autoloader\Autoloader.php(311): include_once('C:\\xampp\\htdocs\\proyecto_espinola_emilia\\system\\Debug\\Exceptions.php')
 2 SYSTEMPATH\Autoloader\Autoloader.php(290): CodeIgniter\Autoloader\Autoloader->includeFile('C:\\xampp\\htdocs\\proyecto_espinola_emilia\\app\\Models\\producto_Model.php')
 3 SYSTEMPATH\Autoloader\Autoloader.php(266): CodeIgniter\Autoloader\Autoloader->loadInNamespace('App\\Models\\producto_Model')
 4 APPPATH\Controllers\producto_controller.php(128): CodeIgniter\Autoloader\Autoloader->loadClass('App\\Models\\producto_Model')
 5 SYSTEMPATH\CodeIgniter.php(943): App\Controllers\producto_controller->edit('75')
 6 SYSTEMPATH\CodeIgniter.php(503): CodeIgniter\CodeIgniter->runController(Object(App\Controllers\producto_controller))
 7 SYSTEMPATH\CodeIgniter.php(361): CodeIgniter\CodeIgniter->handleRequest(null, Object(Config\Cache), false)
 8 FCPATH\index.php(79): CodeIgniter\CodeIgniter->run()
WARNING - 2026-01-11 03:18:28 --> [DEPRECATED] Optional parameter $categoria_id declared before required parameter $buscar is implicitly treated as a required parameter in APPPATH\Models\producto_Model.php on line 74.
 1 SYSTEMPATH\Autoloader\Autoloader.php(311): include_once('C:\\xampp\\htdocs\\proyecto_espinola_emilia\\system\\Debug\\Exceptions.php')
 2 SYSTEMPATH\Autoloader\Autoloader.php(290): CodeIgniter\Autoloader\Autoloader->includeFile('C:\\xampp\\htdocs\\proyecto_espinola_emilia\\app\\Models\\producto_Model.php')
 3 SYSTEMPATH\Autoloader\Autoloader.php(266): CodeIgniter\Autoloader\Autoloader->loadInNamespace('App\\Models\\producto_Model')
 4 APPPATH\Controllers\producto_controller.php(128): CodeIgniter\Autoloader\Autoloader->loadClass('App\\Models\\producto_Model')
 5 SYSTEMPATH\CodeIgniter.php(943): App\Controllers\producto_controller->edit('75')
 6 SYSTEMPATH\CodeIgniter.php(503): CodeIgniter\CodeIgniter->runController(Object(App\Controllers\producto_controller))
 7 SYSTEMPATH\CodeIgniter.php(361): CodeIgniter\CodeIgniter->handleRequest(null, Object(Config\Cache), false)
 8 FCPATH\index.php(79): CodeIgniter\CodeIgniter->run()
INFO - 2026-01-11 03:19:50 --> Session: Class initialized using 'CodeIgniter\Session\Handlers\FileHandler' driver.
WARNING - 2026-01-11 03:19:50 --> [DEPRECATED] Optional parameter $colores declared before required parameter $buscar is implicitly treated as a required parameter in APPPATH\Models\producto_Model.php on line 74.
 1 SYSTEMPATH\Autoloader\Autoloader.php(311): include_once('C:\\xampp\\htdocs\\proyecto_espinola_emilia\\system\\Debug\\Exceptions.php')
 2 SYSTEMPATH\Autoloader\Autoloader.php(290): CodeIgniter\Autoloader\Autoloader->includeFile('C:\\xampp\\htdocs\\proyecto_espinola_emilia\\app\\Models\\producto_Model.php')
 3 SYSTEMPATH\Autoloader\Autoloader.php(266): CodeIgniter\Autoloader\Autoloader->loadInNamespace('App\\Models\\producto_Model')
 4 APPPATH\Controllers\producto_controller.php(172): CodeIgniter\Autoloader\Autoloader->loadClass('App\\Models\\producto_Model')
 5 SYSTEMPATH\CodeIgniter.php(943): App\Controllers\producto_controller->update('75')
 6 SYSTEMPATH\CodeIgniter.php(503): CodeIgniter\CodeIgniter->runController(Object(App\Controllers\producto_controller))
 7 SYSTEMPATH\CodeIgniter.php(361): CodeIgniter\CodeIgniter->handleRequest(null, Object(Config\Cache), false)
 8 FCPATH\index.php(79): CodeIgniter\CodeIgniter->run()
WARNING - 2026-01-11 03:19:50 --> [DEPRECATED] Optional parameter $talles declared before required parameter $buscar is implicitly treated as a required parameter in APPPATH\Models\producto_Model.php on line 74.
 1 SYSTEMPATH\Autoloader\Autoloader.php(311): include_once('C:\\xampp\\htdocs\\proyecto_espinola_emilia\\system\\Debug\\Exceptions.php')
 2 SYSTEMPATH\Autoloader\Autoloader.php(290): CodeIgniter\Autoloader\Autoloader->includeFile('C:\\xampp\\htdocs\\proyecto_espinola_emilia\\app\\Models\\producto_Model.php')
 3 SYSTEMPATH\Autoloader\Autoloader.php(266): CodeIgniter\Autoloader\Autoloader->loadInNamespace('App\\Models\\producto_Model')
 4 APPPATH\Controllers\producto_controller.php(172): CodeIgniter\Autoloader\Autoloader->loadClass('App\\Models\\producto_Model')
 5 SYSTEMPATH\CodeIgniter.php(943): App\Controllers\producto_controller->update('75')
 6 SYSTEMPATH\CodeIgniter.php(503): CodeIgniter\CodeIgniter->runController(Object(App\Controllers\producto_controller))
 7 SYSTEMPATH\CodeIgniter.php(361): CodeIgniter\CodeIgniter->handleRequest(null, Object(Config\Cache), false)
 8 FCPATH\index.php(79): CodeIgniter\CodeIgniter->run()
WARNING - 2026-01-11 03:19:50 --> [DEPRECATED] Optional parameter $categoria_id declared before required parameter $buscar is implicitly treated as a required parameter in APPPATH\Models\producto_Model.php on line 74.
 1 SYSTEMPATH\Autoloader\Autoloader.php(311): include_once('C:\\xampp\\htdocs\\proyecto_espinola_emilia\\system\\Debug\\Exceptions.php')
 2 SYSTEMPATH\Autoloader\Autoloader.php(290): CodeIgniter\Autoloader\Autoloader->includeFile('C:\\xampp\\htdocs\\proyecto_espinola_emilia\\app\\Models\\producto_Model.php')
 3 SYSTEMPATH\Autoloader\Autoloader.php(266): CodeIgniter\Autoloader\Autoloader->loadInNamespace('App\\Models\\producto_Model')
 4 APPPATH\Controllers\producto_controller.php(172): CodeIgniter\Autoloader\Autoloader->loadClass('App\\Models\\producto_Model')
 5 SYSTEMPATH\CodeIgniter.php(943): App\Controllers\producto_controller->update('75')
 6 SYSTEMPATH\CodeIgniter.php(503): CodeIgniter\CodeIgniter->runController(Object(App\Controllers\producto_controller))
 7 SYSTEMPATH\CodeIgniter.php(361): CodeIgniter\CodeIgniter->handleRequest(null, Object(Config\Cache), false)
 8 FCPATH\index.php(79): CodeIgniter\CodeIgniter->run()
INFO - 2026-01-11 03:19:50 --> Session: Class initialized using 'CodeIgniter\Session\Handlers\FileHandler' driver.
WARNING - 2026-01-11 03:19:50 --> [DEPRECATED] Optional parameter $colores declared before required parameter $buscar is implicitly treated as a required parameter in APPPATH\Models\producto_Model.php on line 74.
 1 SYSTEMPATH\Autoloader\Autoloader.php(311): include_once('C:\\xampp\\htdocs\\proyecto_espinola_emilia\\system\\Debug\\Exceptions.php')
 2 SYSTEMPATH\Autoloader\Autoloader.php(290): CodeIgniter\Autoloader\Autoloader->includeFile('C:\\xampp\\htdocs\\proyecto_espinola_emilia\\app\\Models\\producto_Model.php')
 3 SYSTEMPATH\Autoloader\Autoloader.php(266): CodeIgniter\Autoloader\Autoloader->loadInNamespace('App\\Models\\producto_Model')
 4 APPPATH\Controllers\producto_controller.php(14): CodeIgniter\Autoloader\Autoloader->loadClass('App\\Models\\producto_Model')
 5 SYSTEMPATH\CodeIgniter.php(943): App\Controllers\producto_controller->index()
 6 SYSTEMPATH\CodeIgniter.php(503): CodeIgniter\CodeIgniter->runController(Object(App\Controllers\producto_controller))
 7 SYSTEMPATH\CodeIgniter.php(361): CodeIgniter\CodeIgniter->handleRequest(null, Object(Config\Cache), false)
 8 FCPATH\index.php(79): CodeIgniter\CodeIgniter->run()
WARNING - 2026-01-11 03:19:50 --> [DEPRECATED] Optional parameter $talles declared before required parameter $buscar is implicitly treated as a required parameter in APPPATH\Models\producto_Model.php on line 74.
 1 SYSTEMPATH\Autoloader\Autoloader.php(311): include_once('C:\\xampp\\htdocs\\proyecto_espinola_emilia\\system\\Debug\\Exceptions.php')
 2 SYSTEMPATH\Autoloader\Autoloader.php(290): CodeIgniter\Autoloader\Autoloader->includeFile('C:\\xampp\\htdocs\\proyecto_espinola_emilia\\app\\Models\\producto_Model.php')
 3 SYSTEMPATH\Autoloader\Autoloader.php(266): CodeIgniter\Autoloader\Autoloader->loadInNamespace('App\\Models\\producto_Model')
 4 APPPATH\Controllers\producto_controller.php(14): CodeIgniter\Autoloader\Autoloader->loadClass('App\\Models\\producto_Model')
 5 SYSTEMPATH\CodeIgniter.php(943): App\Controllers\producto_controller->index()
 6 SYSTEMPATH\CodeIgniter.php(503): CodeIgniter\CodeIgniter->runController(Object(App\Controllers\producto_controller))
 7 SYSTEMPATH\CodeIgniter.php(361): CodeIgniter\CodeIgniter->handleRequest(null, Object(Config\Cache), false)
 8 FCPATH\index.php(79): CodeIgniter\CodeIgniter->run()
WARNING - 2026-01-11 03:19:50 --> [DEPRECATED] Optional parameter $categoria_id declared before required parameter $buscar is implicitly treated as a required parameter in APPPATH\Models\producto_Model.php on line 74.
 1 SYSTEMPATH\Autoloader\Autoloader.php(311): include_once('C:\\xampp\\htdocs\\proyecto_espinola_emilia\\system\\Debug\\Exceptions.php')
 2 SYSTEMPATH\Autoloader\Autoloader.php(290): CodeIgniter\Autoloader\Autoloader->includeFile('C:\\xampp\\htdocs\\proyecto_espinola_emilia\\app\\Models\\producto_Model.php')
 3 SYSTEMPATH\Autoloader\Autoloader.php(266): CodeIgniter\Autoloader\Autoloader->loadInNamespace('App\\Models\\producto_Model')
 4 APPPATH\Controllers\producto_controller.php(14): CodeIgniter\Autoloader\Autoloader->loadClass('App\\Models\\producto_Model')
 5 SYSTEMPATH\CodeIgniter.php(943): App\Controllers\producto_controller->index()
 6 SYSTEMPATH\CodeIgniter.php(503): CodeIgniter\CodeIgniter->runController(Object(App\Controllers\producto_controller))
 7 SYSTEMPATH\CodeIgniter.php(361): CodeIgniter\CodeIgniter->handleRequest(null, Object(Config\Cache), false)
 8 FCPATH\index.php(79): CodeIgniter\CodeIgniter->run()
