WARNING - 2026-03-03 21:08:46 --> [DEPRECATED] Optional parameter $colores declared before required parameter $buscar is implicitly treated as a required parameter in APPPATH\Models\producto_Model.php on line 76.
 1 SYSTEMPATH\Autoloader\Autoloader.php(311): include_once('C:\\xampp\\htdocs\\proyecto_espinola_emilia\\system\\Debug\\Exceptions.php')
 2 SYSTEMPATH\Autoloader\Autoloader.php(290): CodeIgniter\Autoloader\Autoloader->includeFile('C:\\xampp\\htdocs\\proyecto_espinola_emilia\\app\\Models\\producto_Model.php')
 3 SYSTEMPATH\Autoloader\Autoloader.php(266): CodeIgniter\Autoloader\Autoloader->loadInNamespace('App\\Models\\producto_Model')
 4 APPPATH\Controllers\Home.php(15): CodeIgniter\Autoloader\Autoloader->loadClass('App\\Models\\producto_Model')
 5 SYSTEMPATH\CodeIgniter.php(943): App\Controllers\Home->inicio()
 6 SYSTEMPATH\CodeIgniter.php(503): CodeIgniter\CodeIgniter->runController(Object(App\Controllers\Home))
 7 SYSTEMPATH\CodeIgniter.php(361): CodeIgniter\CodeIgniter->handleRequest(null, Object(Config\Cache), false)
 8 FCPATH\index.php(79): CodeIgniter\CodeIgniter->run()
WARNING - 2026-03-03 21:08:46 --> [DEPRECATED] Optional parameter $talles declared before required parameter $buscar is implicitly treated as a required parameter in APPPATH\Models\producto_Model.php on line 0.
 1 SYSTEMPATH\Autoloader\Autoloader.php(311): include_once('C:\\xampp\\htdocs\\proyecto_espinola_emilia\\system\\Debug\\Exceptions.php')
 2 SYSTEMPATH\Autoloader\Autoloader.php(290): CodeIgniter\Autoloader\Autoloader->includeFile('C:\\xampp\\htdocs\\proyecto_espinola_emilia\\app\\Models\\producto_Model.php')
 3 SYSTEMPATH\Autoloader\Autoloader.php(266): CodeIgniter\Autoloader\Autoloader->loadInNamespace('App\\Models\\producto_Model')
 4 APPPATH\Controllers\Home.php(15): CodeIgniter\Autoloader\Autoloader->loadClass('App\\Models\\producto_Model')
 5 SYSTEMPATH\CodeIgniter.php(943): App\Controllers\Home->inicio()
 6 SYSTEMPATH\CodeIgniter.php(503): CodeIgniter\CodeIgniter->runController(Object(App\Controllers\Home))
 7 SYSTEMPATH\CodeIgniter.php(361): CodeIgniter\CodeIgniter->handleRequest(null, Object(Config\Cache), false)
 8 FCPATH\index.php(79): CodeIgniter\CodeIgniter->run()
WARNING - 2026-03-03 21:08:46 --> [DEPRECATED] Optional parameter $categoria_id declared before required parameter $buscar is implicitly treated as a required parameter in APPPATH\Models\producto_Model.php on line 0.
 1 SYSTEMPATH\Autoloader\Autoloader.php(311): include_once('C:\\xampp\\htdocs\\proyecto_espinola_emilia\\system\\Debug\\Exceptions.php')
 2 SYSTEMPATH\Autoloader\Autoloader.php(290): CodeIgniter\Autoloader\Autoloader->includeFile('C:\\xampp\\htdocs\\proyecto_espinola_emilia\\app\\Models\\producto_Model.php')
 3 SYSTEMPATH\Autoloader\Autoloader.php(266): CodeIgniter\Autoloader\Autoloader->loadInNamespace('App\\Models\\producto_Model')
 4 APPPATH\Controllers\Home.php(15): CodeIgniter\Autoloader\Autoloader->loadClass('App\\Models\\producto_Model')
 5 SYSTEMPATH\CodeIgniter.php(943): App\Controllers\Home->inicio()
 6 SYSTEMPATH\CodeIgniter.php(503): CodeIgniter\CodeIgniter->runController(Object(App\Controllers\Home))
 7 SYSTEMPATH\CodeIgniter.php(361): CodeIgniter\CodeIgniter->handleRequest(null, Object(Config\Cache), false)
 8 FCPATH\index.php(79): CodeIgniter\CodeIgniter->run()
ERROR - 2026-03-03 21:08:47 --> mysqli_sql_exception: Table 'bd_espinola_emilia.categoria' doesn't exist in C:\xampp\htdocs\proyecto_espinola_emilia\system\Database\MySQLi\Connection.php:306
Stack trace:
#0 C:\xampp\htdocs\proyecto_espinola_emilia\system\Database\MySQLi\Connection.php(306): mysqli->query('SELECT  c.*, SU...', 0)
#1 C:\xampp\htdocs\proyecto_espinola_emilia\system\Database\BaseConnection.php(693): CodeIgniter\Database\MySQLi\Connection->execute('SELECT  c.*, SU...')
#2 C:\xampp\htdocs\proyecto_espinola_emilia\system\Database\BaseConnection.php(607): CodeIgniter\Database\BaseConnection->simpleQuery('SELECT  c.*, SU...')
#3 C:\xampp\htdocs\proyecto_espinola_emilia\app\Models\ventas_detalle_Model.php(29): CodeIgniter\Database\BaseConnection->query('SELECT  c.*, SU...')
#4 C:\xampp\htdocs\proyecto_espinola_emilia\app\Controllers\Home.php(18): App\Models\ventas_detalle_Model->topCategoriasMasVendidas()
#5 C:\xampp\htdocs\proyecto_espinola_emilia\system\CodeIgniter.php(943): App\Controllers\Home->inicio()
#6 C:\xampp\htdocs\proyecto_espinola_emilia\system\CodeIgniter.php(503): CodeIgniter\CodeIgniter->runController(Object(App\Controllers\Home))
#7 C:\xampp\htdocs\proyecto_espinola_emilia\system\CodeIgniter.php(361): CodeIgniter\CodeIgniter->handleRequest(NULL, Object(Config\Cache), false)
#8 C:\xampp\htdocs\proyecto_espinola_emilia\index.php(79): CodeIgniter\CodeIgniter->run()
#9 {main}
CRITICAL - 2026-03-03 21:08:47 --> CodeIgniter\Database\Exceptions\DatabaseException: Table 'bd_espinola_emilia.categoria' doesn't exist
in SYSTEMPATH\Database\BaseConnection.php on line 647.
 1 APPPATH\Models\ventas_detalle_Model.php(29): CodeIgniter\Database\BaseConnection->query('SELECT  c.*, SUM(vd.cantidad) AS total_vendidos, p.imagen
                FROM ventas_detalle vd
                JOIN productos_detalle pd ON pd.id_producto = vd.producto_detalle_id
                JOIN productos p ON p.id_producto = pd.producto_id
                JOIN categoria c ON c.id_categoria = p.categoria_id
                WHERE c.activo = 1
                GROUP BY c.id_categoria
                ORDER BY total_vendidos DESC
                LIMIT 3')
 2 APPPATH\Controllers\Home.php(18): App\Models\ventas_detalle_Model->topCategoriasMasVendidas()
 3 SYSTEMPATH\CodeIgniter.php(943): App\Controllers\Home->inicio()
 4 SYSTEMPATH\CodeIgniter.php(503): CodeIgniter\CodeIgniter->runController(Object(App\Controllers\Home))
 5 SYSTEMPATH\CodeIgniter.php(361): CodeIgniter\CodeIgniter->handleRequest(null, Object(Config\Cache), false)
 6 FCPATH\index.php(79): CodeIgniter\CodeIgniter->run()
CRITICAL - 2026-03-03 21:08:47 --> [Caused by] CodeIgniter\Database\Exceptions\DatabaseException: Table 'bd_espinola_emilia.categoria' doesn't exist
in SYSTEMPATH\Database\MySQLi\Connection.php on line 311.
 1 SYSTEMPATH\Database\BaseConnection.php(693): CodeIgniter\Database\MySQLi\Connection->execute('SELECT  c.*, SUM(vd.cantidad) AS total_vendidos, p.imagen
                FROM ventas_detalle vd
                JOIN productos_detalle pd ON pd.id_producto = vd.producto_detalle_id
                JOIN productos p ON p.id_producto = pd.producto_id
                JOIN categoria c ON c.id_categoria = p.categoria_id
                WHERE c.activo = 1
                GROUP BY c.id_categoria
                ORDER BY total_vendidos DESC
                LIMIT 3')
 2 SYSTEMPATH\Database\BaseConnection.php(607): CodeIgniter\Database\BaseConnection->simpleQuery('SELECT  c.*, SUM(vd.cantidad) AS total_vendidos, p.imagen
                FROM ventas_detalle vd
                JOIN productos_detalle pd ON pd.id_producto = vd.producto_detalle_id
                JOIN productos p ON p.id_producto = pd.producto_id
                JOIN categoria c ON c.id_categoria = p.categoria_id
                WHERE c.activo = 1
                GROUP BY c.id_categoria
                ORDER BY total_vendidos DESC
                LIMIT 3')
 3 APPPATH\Models\ventas_detalle_Model.php(29): CodeIgniter\Database\BaseConnection->query('SELECT  c.*, SUM(vd.cantidad) AS total_vendidos, p.imagen
                FROM ventas_detalle vd
                JOIN productos_detalle pd ON pd.id_producto = vd.producto_detalle_id
                JOIN productos p ON p.id_producto = pd.producto_id
                JOIN categoria c ON c.id_categoria = p.categoria_id
                WHERE c.activo = 1
                GROUP BY c.id_categoria
                ORDER BY total_vendidos DESC
                LIMIT 3')
 4 APPPATH\Controllers\Home.php(18): App\Models\ventas_detalle_Model->topCategoriasMasVendidas()
 5 SYSTEMPATH\CodeIgniter.php(943): App\Controllers\Home->inicio()
 6 SYSTEMPATH\CodeIgniter.php(503): CodeIgniter\CodeIgniter->runController(Object(App\Controllers\Home))
 7 SYSTEMPATH\CodeIgniter.php(361): CodeIgniter\CodeIgniter->handleRequest(null, Object(Config\Cache), false)
 8 FCPATH\index.php(79): CodeIgniter\CodeIgniter->run()
CRITICAL - 2026-03-03 21:08:47 --> [Caused by] mysqli_sql_exception: Table 'bd_espinola_emilia.categoria' doesn't exist
in SYSTEMPATH\Database\MySQLi\Connection.php on line 306.
 1 SYSTEMPATH\Database\MySQLi\Connection.php(306): mysqli->query('SELECT  c.*, SUM(vd.cantidad) AS total_vendidos, p.imagen
                FROM ventas_detalle vd
                JOIN productos_detalle pd ON pd.id_producto = vd.producto_detalle_id
                JOIN productos p ON p.id_producto = pd.producto_id
                JOIN categoria c ON c.id_categoria = p.categoria_id
                WHERE c.activo = 1
                GROUP BY c.id_categoria
                ORDER BY total_vendidos DESC
                LIMIT 3', 0)
 2 SYSTEMPATH\Database\BaseConnection.php(693): CodeIgniter\Database\MySQLi\Connection->execute('SELECT  c.*, SUM(vd.cantidad) AS total_vendidos, p.imagen
                FROM ventas_detalle vd
                JOIN productos_detalle pd ON pd.id_producto = vd.producto_detalle_id
                JOIN productos p ON p.id_producto = pd.producto_id
                JOIN categoria c ON c.id_categoria = p.categoria_id
                WHERE c.activo = 1
                GROUP BY c.id_categoria
                ORDER BY total_vendidos DESC
                LIMIT 3')
 3 SYSTEMPATH\Database\BaseConnection.php(607): CodeIgniter\Database\BaseConnection->simpleQuery('SELECT  c.*, SUM(vd.cantidad) AS total_vendidos, p.imagen
                FROM ventas_detalle vd
                JOIN productos_detalle pd ON pd.id_producto = vd.producto_detalle_id
                JOIN productos p ON p.id_producto = pd.producto_id
                JOIN categoria c ON c.id_categoria = p.categoria_id
                WHERE c.activo = 1
                GROUP BY c.id_categoria
                ORDER BY total_vendidos DESC
                LIMIT 3')
 4 APPPATH\Models\ventas_detalle_Model.php(29): CodeIgniter\Database\BaseConnection->query('SELECT  c.*, SUM(vd.cantidad) AS total_vendidos, p.imagen
                FROM ventas_detalle vd
                JOIN productos_detalle pd ON pd.id_producto = vd.producto_detalle_id
                JOIN productos p ON p.id_producto = pd.producto_id
                JOIN categoria c ON c.id_categoria = p.categoria_id
                WHERE c.activo = 1
                GROUP BY c.id_categoria
                ORDER BY total_vendidos DESC
                LIMIT 3')
 5 APPPATH\Controllers\Home.php(18): App\Models\ventas_detalle_Model->topCategoriasMasVendidas()
 6 SYSTEMPATH\CodeIgniter.php(943): App\Controllers\Home->inicio()
 7 SYSTEMPATH\CodeIgniter.php(503): CodeIgniter\CodeIgniter->runController(Object(App\Controllers\Home))
 8 SYSTEMPATH\CodeIgniter.php(361): CodeIgniter\CodeIgniter->handleRequest(null, Object(Config\Cache), false)
 9 FCPATH\index.php(79): CodeIgniter\CodeIgniter->run()
WARNING - 2026-03-03 21:10:20 --> [DEPRECATED] Optional parameter $colores declared before required parameter $buscar is implicitly treated as a required parameter in APPPATH\Models\producto_Model.php on line 76.
 1 SYSTEMPATH\Autoloader\Autoloader.php(311): include_once('C:\\xampp\\htdocs\\proyecto_espinola_emilia\\system\\Debug\\Exceptions.php')
 2 SYSTEMPATH\Autoloader\Autoloader.php(290): CodeIgniter\Autoloader\Autoloader->includeFile('C:\\xampp\\htdocs\\proyecto_espinola_emilia\\app\\Models\\producto_Model.php')
 3 SYSTEMPATH\Autoloader\Autoloader.php(266): CodeIgniter\Autoloader\Autoloader->loadInNamespace('App\\Models\\producto_Model')
 4 APPPATH\Controllers\Home.php(15): CodeIgniter\Autoloader\Autoloader->loadClass('App\\Models\\producto_Model')
 5 SYSTEMPATH\CodeIgniter.php(943): App\Controllers\Home->inicio()
 6 SYSTEMPATH\CodeIgniter.php(503): CodeIgniter\CodeIgniter->runController(Object(App\Controllers\Home))
 7 SYSTEMPATH\CodeIgniter.php(361): CodeIgniter\CodeIgniter->handleRequest(null, Object(Config\Cache), false)
 8 FCPATH\index.php(79): CodeIgniter\CodeIgniter->run()
WARNING - 2026-03-03 21:10:20 --> [DEPRECATED] Optional parameter $talles declared before required parameter $buscar is implicitly treated as a required parameter in APPPATH\Models\producto_Model.php on line 0.
 1 SYSTEMPATH\Autoloader\Autoloader.php(311): include_once('C:\\xampp\\htdocs\\proyecto_espinola_emilia\\system\\Debug\\Exceptions.php')
 2 SYSTEMPATH\Autoloader\Autoloader.php(290): CodeIgniter\Autoloader\Autoloader->includeFile('C:\\xampp\\htdocs\\proyecto_espinola_emilia\\app\\Models\\producto_Model.php')
 3 SYSTEMPATH\Autoloader\Autoloader.php(266): CodeIgniter\Autoloader\Autoloader->loadInNamespace('App\\Models\\producto_Model')
 4 APPPATH\Controllers\Home.php(15): CodeIgniter\Autoloader\Autoloader->loadClass('App\\Models\\producto_Model')
 5 SYSTEMPATH\CodeIgniter.php(943): App\Controllers\Home->inicio()
 6 SYSTEMPATH\CodeIgniter.php(503): CodeIgniter\CodeIgniter->runController(Object(App\Controllers\Home))
 7 SYSTEMPATH\CodeIgniter.php(361): CodeIgniter\CodeIgniter->handleRequest(null, Object(Config\Cache), false)
 8 FCPATH\index.php(79): CodeIgniter\CodeIgniter->run()
WARNING - 2026-03-03 21:10:20 --> [DEPRECATED] Optional parameter $categoria_id declared before required parameter $buscar is implicitly treated as a required parameter in APPPATH\Models\producto_Model.php on line 0.
 1 SYSTEMPATH\Autoloader\Autoloader.php(311): include_once('C:\\xampp\\htdocs\\proyecto_espinola_emilia\\system\\Debug\\Exceptions.php')
 2 SYSTEMPATH\Autoloader\Autoloader.php(290): CodeIgniter\Autoloader\Autoloader->includeFile('C:\\xampp\\htdocs\\proyecto_espinola_emilia\\app\\Models\\producto_Model.php')
 3 SYSTEMPATH\Autoloader\Autoloader.php(266): CodeIgniter\Autoloader\Autoloader->loadInNamespace('App\\Models\\producto_Model')
 4 APPPATH\Controllers\Home.php(15): CodeIgniter\Autoloader\Autoloader->loadClass('App\\Models\\producto_Model')
 5 SYSTEMPATH\CodeIgniter.php(943): App\Controllers\Home->inicio()
 6 SYSTEMPATH\CodeIgniter.php(503): CodeIgniter\CodeIgniter->runController(Object(App\Controllers\Home))
 7 SYSTEMPATH\CodeIgniter.php(361): CodeIgniter\CodeIgniter->handleRequest(null, Object(Config\Cache), false)
 8 FCPATH\index.php(79): CodeIgniter\CodeIgniter->run()
INFO - 2026-03-03 21:10:20 --> Session: Class initialized using 'CodeIgniter\Session\Handlers\FileHandler' driver.
INFO - 2026-03-03 21:10:36 --> Session: Class initialized using 'CodeIgniter\Session\Handlers\FileHandler' driver.
INFO - 2026-03-03 21:10:41 --> Session: Class initialized using 'CodeIgniter\Session\Handlers\FileHandler' driver.
WARNING - 2026-03-03 21:10:42 --> [DEPRECATED] Optional parameter $colores declared before required parameter $buscar is implicitly treated as a required parameter in APPPATH\Models\producto_Model.php on line 76.
 1 SYSTEMPATH\Autoloader\Autoloader.php(311): include_once('C:\\xampp\\htdocs\\proyecto_espinola_emilia\\system\\Debug\\Exceptions.php')
 2 SYSTEMPATH\Autoloader\Autoloader.php(290): CodeIgniter\Autoloader\Autoloader->includeFile('C:\\xampp\\htdocs\\proyecto_espinola_emilia\\app\\Models\\producto_Model.php')
 3 SYSTEMPATH\Autoloader\Autoloader.php(266): CodeIgniter\Autoloader\Autoloader->loadInNamespace('App\\Models\\producto_Model')
 4 APPPATH\Controllers\Home.php(15): CodeIgniter\Autoloader\Autoloader->loadClass('App\\Models\\producto_Model')
 5 SYSTEMPATH\CodeIgniter.php(943): App\Controllers\Home->inicio()
 6 SYSTEMPATH\CodeIgniter.php(503): CodeIgniter\CodeIgniter->runController(Object(App\Controllers\Home))
 7 SYSTEMPATH\CodeIgniter.php(361): CodeIgniter\CodeIgniter->handleRequest(null, Object(Config\Cache), false)
 8 FCPATH\index.php(79): CodeIgniter\CodeIgniter->run()
WARNING - 2026-03-03 21:10:42 --> [DEPRECATED] Optional parameter $talles declared before required parameter $buscar is implicitly treated as a required parameter in APPPATH\Models\producto_Model.php on line 0.
 1 SYSTEMPATH\Autoloader\Autoloader.php(311): include_once('C:\\xampp\\htdocs\\proyecto_espinola_emilia\\system\\Debug\\Exceptions.php')
 2 SYSTEMPATH\Autoloader\Autoloader.php(290): CodeIgniter\Autoloader\Autoloader->includeFile('C:\\xampp\\htdocs\\proyecto_espinola_emilia\\app\\Models\\producto_Model.php')
 3 SYSTEMPATH\Autoloader\Autoloader.php(266): CodeIgniter\Autoloader\Autoloader->loadInNamespace('App\\Models\\producto_Model')
 4 APPPATH\Controllers\Home.php(15): CodeIgniter\Autoloader\Autoloader->loadClass('App\\Models\\producto_Model')
 5 SYSTEMPATH\CodeIgniter.php(943): App\Controllers\Home->inicio()
 6 SYSTEMPATH\CodeIgniter.php(503): CodeIgniter\CodeIgniter->runController(Object(App\Controllers\Home))
 7 SYSTEMPATH\CodeIgniter.php(361): CodeIgniter\CodeIgniter->handleRequest(null, Object(Config\Cache), false)
 8 FCPATH\index.php(79): CodeIgniter\CodeIgniter->run()
WARNING - 2026-03-03 21:10:42 --> [DEPRECATED] Optional parameter $categoria_id declared before required parameter $buscar is implicitly treated as a required parameter in APPPATH\Models\producto_Model.php on line 0.
 1 SYSTEMPATH\Autoloader\Autoloader.php(311): include_once('C:\\xampp\\htdocs\\proyecto_espinola_emilia\\system\\Debug\\Exceptions.php')
 2 SYSTEMPATH\Autoloader\Autoloader.php(290): CodeIgniter\Autoloader\Autoloader->includeFile('C:\\xampp\\htdocs\\proyecto_espinola_emilia\\app\\Models\\producto_Model.php')
 3 SYSTEMPATH\Autoloader\Autoloader.php(266): CodeIgniter\Autoloader\Autoloader->loadInNamespace('App\\Models\\producto_Model')
 4 APPPATH\Controllers\Home.php(15): CodeIgniter\Autoloader\Autoloader->loadClass('App\\Models\\producto_Model')
 5 SYSTEMPATH\CodeIgniter.php(943): App\Controllers\Home->inicio()
 6 SYSTEMPATH\CodeIgniter.php(503): CodeIgniter\CodeIgniter->runController(Object(App\Controllers\Home))
 7 SYSTEMPATH\CodeIgniter.php(361): CodeIgniter\CodeIgniter->handleRequest(null, Object(Config\Cache), false)
 8 FCPATH\index.php(79): CodeIgniter\CodeIgniter->run()
INFO - 2026-03-03 21:10:42 --> Session: Class initialized using 'CodeIgniter\Session\Handlers\FileHandler' driver.
WARNING - 2026-03-03 21:10:45 --> [DEPRECATED] Optional parameter $colores declared before required parameter $buscar is implicitly treated as a required parameter in APPPATH\Models\producto_Model.php on line 76.
 1 SYSTEMPATH\Autoloader\Autoloader.php(311): include_once('C:\\xampp\\htdocs\\proyecto_espinola_emilia\\system\\Debug\\Exceptions.php')
 2 SYSTEMPATH\Autoloader\Autoloader.php(290): CodeIgniter\Autoloader\Autoloader->includeFile('C:\\xampp\\htdocs\\proyecto_espinola_emilia\\app\\Models\\producto_Model.php')
 3 SYSTEMPATH\Autoloader\Autoloader.php(266): CodeIgniter\Autoloader\Autoloader->loadInNamespace('App\\Models\\producto_Model')
 4 APPPATH\Controllers\producto_controller.php(254): CodeIgniter\Autoloader\Autoloader->loadClass('App\\Models\\producto_Model')
 5 SYSTEMPATH\CodeIgniter.php(943): App\Controllers\producto_controller->detalle_producto('91')
 6 SYSTEMPATH\CodeIgniter.php(503): CodeIgniter\CodeIgniter->runController(Object(App\Controllers\producto_controller))
 7 SYSTEMPATH\CodeIgniter.php(361): CodeIgniter\CodeIgniter->handleRequest(null, Object(Config\Cache), false)
 8 FCPATH\index.php(79): CodeIgniter\CodeIgniter->run()
WARNING - 2026-03-03 21:10:45 --> [DEPRECATED] Optional parameter $talles declared before required parameter $buscar is implicitly treated as a required parameter in APPPATH\Models\producto_Model.php on line 0.
 1 SYSTEMPATH\Autoloader\Autoloader.php(311): include_once('C:\\xampp\\htdocs\\proyecto_espinola_emilia\\system\\Debug\\Exceptions.php')
 2 SYSTEMPATH\Autoloader\Autoloader.php(290): CodeIgniter\Autoloader\Autoloader->includeFile('C:\\xampp\\htdocs\\proyecto_espinola_emilia\\app\\Models\\producto_Model.php')
 3 SYSTEMPATH\Autoloader\Autoloader.php(266): CodeIgniter\Autoloader\Autoloader->loadInNamespace('App\\Models\\producto_Model')
 4 APPPATH\Controllers\producto_controller.php(254): CodeIgniter\Autoloader\Autoloader->loadClass('App\\Models\\producto_Model')
 5 SYSTEMPATH\CodeIgniter.php(943): App\Controllers\producto_controller->detalle_producto('91')
 6 SYSTEMPATH\CodeIgniter.php(503): CodeIgniter\CodeIgniter->runController(Object(App\Controllers\producto_controller))
 7 SYSTEMPATH\CodeIgniter.php(361): CodeIgniter\CodeIgniter->handleRequest(null, Object(Config\Cache), false)
 8 FCPATH\index.php(79): CodeIgniter\CodeIgniter->run()
WARNING - 2026-03-03 21:10:45 --> [DEPRECATED] Optional parameter $categoria_id declared before required parameter $buscar is implicitly treated as a required parameter in APPPATH\Models\producto_Model.php on line 0.
 1 SYSTEMPATH\Autoloader\Autoloader.php(311): include_once('C:\\xampp\\htdocs\\proyecto_espinola_emilia\\system\\Debug\\Exceptions.php')
 2 SYSTEMPATH\Autoloader\Autoloader.php(290): CodeIgniter\Autoloader\Autoloader->includeFile('C:\\xampp\\htdocs\\proyecto_espinola_emilia\\app\\Models\\producto_Model.php')
 3 SYSTEMPATH\Autoloader\Autoloader.php(266): CodeIgniter\Autoloader\Autoloader->loadInNamespace('App\\Models\\producto_Model')
 4 APPPATH\Controllers\producto_controller.php(254): CodeIgniter\Autoloader\Autoloader->loadClass('App\\Models\\producto_Model')
 5 SYSTEMPATH\CodeIgniter.php(943): App\Controllers\producto_controller->detalle_producto('91')
 6 SYSTEMPATH\CodeIgniter.php(503): CodeIgniter\CodeIgniter->runController(Object(App\Controllers\producto_controller))
 7 SYSTEMPATH\CodeIgniter.php(361): CodeIgniter\CodeIgniter->handleRequest(null, Object(Config\Cache), false)
 8 FCPATH\index.php(79): CodeIgniter\CodeIgniter->run()
INFO - 2026-03-03 21:10:45 --> Session: Class initialized using 'CodeIgniter\Session\Handlers\FileHandler' driver.
WARNING - 2026-03-03 21:10:49 --> [DEPRECATED] Optional parameter $colores declared before required parameter $buscar is implicitly treated as a required parameter in APPPATH\Models\producto_Model.php on line 76.
 1 SYSTEMPATH\Autoloader\Autoloader.php(311): include_once('C:\\xampp\\htdocs\\proyecto_espinola_emilia\\system\\Debug\\Exceptions.php')
 2 SYSTEMPATH\Autoloader\Autoloader.php(290): CodeIgniter\Autoloader\Autoloader->includeFile('C:\\xampp\\htdocs\\proyecto_espinola_emilia\\app\\Models\\producto_Model.php')
 3 SYSTEMPATH\Autoloader\Autoloader.php(266): CodeIgniter\Autoloader\Autoloader->loadInNamespace('App\\Models\\producto_Model')
 4 APPPATH\Controllers\carrito_controller.php(23): CodeIgniter\Autoloader\Autoloader->loadClass('App\\Models\\producto_Model')
 5 SYSTEMPATH\CodeIgniter.php(915): App\Controllers\carrito_controller->__construct()
 6 SYSTEMPATH\CodeIgniter.php(494): CodeIgniter\CodeIgniter->createController()
 7 SYSTEMPATH\CodeIgniter.php(361): CodeIgniter\CodeIgniter->handleRequest(null, Object(Config\Cache), false)
 8 FCPATH\index.php(79): CodeIgniter\CodeIgniter->run()
WARNING - 2026-03-03 21:10:49 --> [DEPRECATED] Optional parameter $talles declared before required parameter $buscar is implicitly treated as a required parameter in APPPATH\Models\producto_Model.php on line 0.
 1 SYSTEMPATH\Autoloader\Autoloader.php(311): include_once('C:\\xampp\\htdocs\\proyecto_espinola_emilia\\system\\Debug\\Exceptions.php')
 2 SYSTEMPATH\Autoloader\Autoloader.php(290): CodeIgniter\Autoloader\Autoloader->includeFile('C:\\xampp\\htdocs\\proyecto_espinola_emilia\\app\\Models\\producto_Model.php')
 3 SYSTEMPATH\Autoloader\Autoloader.php(266): CodeIgniter\Autoloader\Autoloader->loadInNamespace('App\\Models\\producto_Model')
 4 APPPATH\Controllers\carrito_controller.php(23): CodeIgniter\Autoloader\Autoloader->loadClass('App\\Models\\producto_Model')
 5 SYSTEMPATH\CodeIgniter.php(915): App\Controllers\carrito_controller->__construct()
 6 SYSTEMPATH\CodeIgniter.php(494): CodeIgniter\CodeIgniter->createController()
 7 SYSTEMPATH\CodeIgniter.php(361): CodeIgniter\CodeIgniter->handleRequest(null, Object(Config\Cache), false)
 8 FCPATH\index.php(79): CodeIgniter\CodeIgniter->run()
WARNING - 2026-03-03 21:10:49 --> [DEPRECATED] Optional parameter $categoria_id declared before required parameter $buscar is implicitly treated as a required parameter in APPPATH\Models\producto_Model.php on line 0.
 1 SYSTEMPATH\Autoloader\Autoloader.php(311): include_once('C:\\xampp\\htdocs\\proyecto_espinola_emilia\\system\\Debug\\Exceptions.php')
 2 SYSTEMPATH\Autoloader\Autoloader.php(290): CodeIgniter\Autoloader\Autoloader->includeFile('C:\\xampp\\htdocs\\proyecto_espinola_emilia\\app\\Models\\producto_Model.php')
 3 SYSTEMPATH\Autoloader\Autoloader.php(266): CodeIgniter\Autoloader\Autoloader->loadInNamespace('App\\Models\\producto_Model')
 4 APPPATH\Controllers\carrito_controller.php(23): CodeIgniter\Autoloader\Autoloader->loadClass('App\\Models\\producto_Model')
 5 SYSTEMPATH\CodeIgniter.php(915): App\Controllers\carrito_controller->__construct()
 6 SYSTEMPATH\CodeIgniter.php(494): CodeIgniter\CodeIgniter->createController()
 7 SYSTEMPATH\CodeIgniter.php(361): CodeIgniter\CodeIgniter->handleRequest(null, Object(Config\Cache), false)
 8 FCPATH\index.php(79): CodeIgniter\CodeIgniter->run()
INFO - 2026-03-03 21:10:49 --> Session: Class initialized using 'CodeIgniter\Session\Handlers\FileHandler' driver.
ERROR - 2026-03-03 21:10:49 --> mysqli_sql_exception: Unknown column 'pd.talle' in 'field list' in C:\xampp\htdocs\proyecto_espinola_emilia\system\Database\MySQLi\Connection.php:306
Stack trace:
#0 C:\xampp\htdocs\proyecto_espinola_emilia\system\Database\MySQLi\Connection.php(306): mysqli->query('SELECT `ci`.`id...', 0)
#1 C:\xampp\htdocs\proyecto_espinola_emilia\system\Database\BaseConnection.php(693): CodeIgniter\Database\MySQLi\Connection->execute('SELECT `ci`.`id...')
#2 C:\xampp\htdocs\proyecto_espinola_emilia\system\Database\BaseConnection.php(607): CodeIgniter\Database\BaseConnection->simpleQuery('SELECT `ci`.`id...')
#3 C:\xampp\htdocs\proyecto_espinola_emilia\system\Database\BaseBuilder.php(1616): CodeIgniter\Database\BaseConnection->query('SELECT `ci`.`id...', Array, false)
#4 C:\xampp\htdocs\proyecto_espinola_emilia\app\Models\carrito_item_Model.php(28): CodeIgniter\Database\BaseBuilder->get()
#5 C:\xampp\htdocs\proyecto_espinola_emilia\app\Controllers\carrito_controller.php(182): App\Models\carrito_item_Model->verCarrito(1)
#6 C:\xampp\htdocs\proyecto_espinola_emilia\system\CodeIgniter.php(943): App\Controllers\carrito_controller->agregar_al_carrito()
#7 C:\xampp\htdocs\proyecto_espinola_emilia\system\CodeIgniter.php(503): CodeIgniter\CodeIgniter->runController(Object(App\Controllers\carrito_controller))
#8 C:\xampp\htdocs\proyecto_espinola_emilia\system\CodeIgniter.php(361): CodeIgniter\CodeIgniter->handleRequest(NULL, Object(Config\Cache), false)
#9 C:\xampp\htdocs\proyecto_espinola_emilia\index.php(79): CodeIgniter\CodeIgniter->run()
#10 {main}
CRITICAL - 2026-03-03 21:10:49 --> CodeIgniter\Database\Exceptions\DatabaseException: Unknown column 'pd.talle' in 'field list'
in SYSTEMPATH\Database\BaseConnection.php on line 647.
 1 SYSTEMPATH\Database\BaseBuilder.php(1616): CodeIgniter\Database\BaseConnection->query('SELECT `ci`.`id_carrito_item`, `ci`.`cantidad`, `pd`.`id_producto` AS `id_producto_detalle`, `p`.`id_producto`, `p`.`nombre_producto` AS `nombre`, `p`.`precio`, `p`.`imagen`, `pd`.`talle`, `pd`.`color`
FROM `carritos_items` `ci`
JOIN `productos_detalle` `pd` ON `pd`.`id_producto_detalle` = `ci`.`producto_detalle_id`
JOIN `productos` `p` ON `p`.`id_producto` = `pd`.`producto_id`
WHERE `ci`.`carrito_id` = :ci.carrito_id:', [...], false)
 2 APPPATH\Models\carrito_item_Model.php(28): CodeIgniter\Database\BaseBuilder->get()
 3 APPPATH\Controllers\carrito_controller.php(182): App\Models\carrito_item_Model->verCarrito(1)
 4 SYSTEMPATH\CodeIgniter.php(943): App\Controllers\carrito_controller->agregar_al_carrito()
 5 SYSTEMPATH\CodeIgniter.php(503): CodeIgniter\CodeIgniter->runController(Object(App\Controllers\carrito_controller))
 6 SYSTEMPATH\CodeIgniter.php(361): CodeIgniter\CodeIgniter->handleRequest(null, Object(Config\Cache), false)
 7 FCPATH\index.php(79): CodeIgniter\CodeIgniter->run()
CRITICAL - 2026-03-03 21:10:49 --> [Caused by] CodeIgniter\Database\Exceptions\DatabaseException: Unknown column 'pd.talle' in 'field list'
in SYSTEMPATH\Database\MySQLi\Connection.php on line 311.
 1 SYSTEMPATH\Database\BaseConnection.php(693): CodeIgniter\Database\MySQLi\Connection->execute('SELECT `ci`.`id_carrito_item`, `ci`.`cantidad`, `pd`.`id_producto` AS `id_producto_detalle`, `p`.`id_producto`, `p`.`nombre_producto` AS `nombre`, `p`.`precio`, `p`.`imagen`, `pd`.`talle`, `pd`.`color`
FROM `carritos_items` `ci`
JOIN `productos_detalle` `pd` ON `pd`.`id_producto_detalle` = `ci`.`producto_detalle_id`
JOIN `productos` `p` ON `p`.`id_producto` = `pd`.`producto_id`
WHERE `ci`.`carrito_id` = 1')
 2 SYSTEMPATH\Database\BaseConnection.php(607): CodeIgniter\Database\BaseConnection->simpleQuery('SELECT `ci`.`id_carrito_item`, `ci`.`cantidad`, `pd`.`id_producto` AS `id_producto_detalle`, `p`.`id_producto`, `p`.`nombre_producto` AS `nombre`, `p`.`precio`, `p`.`imagen`, `pd`.`talle`, `pd`.`color`
FROM `carritos_items` `ci`
JOIN `productos_detalle` `pd` ON `pd`.`id_producto_detalle` = `ci`.`producto_detalle_id`
JOIN `productos` `p` ON `p`.`id_producto` = `pd`.`producto_id`
WHERE `ci`.`carrito_id` = 1')
 3 SYSTEMPATH\Database\BaseBuilder.php(1616): CodeIgniter\Database\BaseConnection->query('SELECT `ci`.`id_carrito_item`, `ci`.`cantidad`, `pd`.`id_producto` AS `id_producto_detalle`, `p`.`id_producto`, `p`.`nombre_producto` AS `nombre`, `p`.`precio`, `p`.`imagen`, `pd`.`talle`, `pd`.`color`
FROM `carritos_items` `ci`
JOIN `productos_detalle` `pd` ON `pd`.`id_producto_detalle` = `ci`.`producto_detalle_id`
JOIN `productos` `p` ON `p`.`id_producto` = `pd`.`producto_id`
WHERE `ci`.`carrito_id` = :ci.carrito_id:', [...], false)
 4 APPPATH\Models\carrito_item_Model.php(28): CodeIgniter\Database\BaseBuilder->get()
 5 APPPATH\Controllers\carrito_controller.php(182): App\Models\carrito_item_Model->verCarrito(1)
 6 SYSTEMPATH\CodeIgniter.php(943): App\Controllers\carrito_controller->agregar_al_carrito()
 7 SYSTEMPATH\CodeIgniter.php(503): CodeIgniter\CodeIgniter->runController(Object(App\Controllers\carrito_controller))
 8 SYSTEMPATH\CodeIgniter.php(361): CodeIgniter\CodeIgniter->handleRequest(null, Object(Config\Cache), false)
 9 FCPATH\index.php(79): CodeIgniter\CodeIgniter->run()
CRITICAL - 2026-03-03 21:10:49 --> [Caused by] mysqli_sql_exception: Unknown column 'pd.talle' in 'field list'
in SYSTEMPATH\Database\MySQLi\Connection.php on line 306.
 1 SYSTEMPATH\Database\MySQLi\Connection.php(306): mysqli->query('SELECT `ci`.`id_carrito_item`, `ci`.`cantidad`, `pd`.`id_producto` AS `id_producto_detalle`, `p`.`id_producto`, `p`.`nombre_producto` AS `nombre`, `p`.`precio`, `p`.`imagen`, `pd`.`talle`, `pd`.`color`
FROM `carritos_items` `ci`
JOIN `productos_detalle` `pd` ON `pd`.`id_producto_detalle` = `ci`.`producto_detalle_id`
JOIN `productos` `p` ON `p`.`id_producto` = `pd`.`producto_id`
WHERE `ci`.`carrito_id` = 1', 0)
 2 SYSTEMPATH\Database\BaseConnection.php(693): CodeIgniter\Database\MySQLi\Connection->execute('SELECT `ci`.`id_carrito_item`, `ci`.`cantidad`, `pd`.`id_producto` AS `id_producto_detalle`, `p`.`id_producto`, `p`.`nombre_producto` AS `nombre`, `p`.`precio`, `p`.`imagen`, `pd`.`talle`, `pd`.`color`
FROM `carritos_items` `ci`
JOIN `productos_detalle` `pd` ON `pd`.`id_producto_detalle` = `ci`.`producto_detalle_id`
JOIN `productos` `p` ON `p`.`id_producto` = `pd`.`producto_id`
WHERE `ci`.`carrito_id` = 1')
 3 SYSTEMPATH\Database\BaseConnection.php(607): CodeIgniter\Database\BaseConnection->simpleQuery('SELECT `ci`.`id_carrito_item`, `ci`.`cantidad`, `pd`.`id_producto` AS `id_producto_detalle`, `p`.`id_producto`, `p`.`nombre_producto` AS `nombre`, `p`.`precio`, `p`.`imagen`, `pd`.`talle`, `pd`.`color`
FROM `carritos_items` `ci`
JOIN `productos_detalle` `pd` ON `pd`.`id_producto_detalle` = `ci`.`producto_detalle_id`
JOIN `productos` `p` ON `p`.`id_producto` = `pd`.`producto_id`
WHERE `ci`.`carrito_id` = 1')
 4 SYSTEMPATH\Database\BaseBuilder.php(1616): CodeIgniter\Database\BaseConnection->query('SELECT `ci`.`id_carrito_item`, `ci`.`cantidad`, `pd`.`id_producto` AS `id_producto_detalle`, `p`.`id_producto`, `p`.`nombre_producto` AS `nombre`, `p`.`precio`, `p`.`imagen`, `pd`.`talle`, `pd`.`color`
FROM `carritos_items` `ci`
JOIN `productos_detalle` `pd` ON `pd`.`id_producto_detalle` = `ci`.`producto_detalle_id`
JOIN `productos` `p` ON `p`.`id_producto` = `pd`.`producto_id`
WHERE `ci`.`carrito_id` = :ci.carrito_id:', [...], false)
 5 APPPATH\Models\carrito_item_Model.php(28): CodeIgniter\Database\BaseBuilder->get()
 6 APPPATH\Controllers\carrito_controller.php(182): App\Models\carrito_item_Model->verCarrito(1)
 7 SYSTEMPATH\CodeIgniter.php(943): App\Controllers\carrito_controller->agregar_al_carrito()
 8 SYSTEMPATH\CodeIgniter.php(503): CodeIgniter\CodeIgniter->runController(Object(App\Controllers\carrito_controller))
 9 SYSTEMPATH\CodeIgniter.php(361): CodeIgniter\CodeIgniter->handleRequest(null, Object(Config\Cache), false)
10 FCPATH\index.php(79): CodeIgniter\CodeIgniter->run()
WARNING - 2026-03-03 21:15:51 --> [DEPRECATED] Optional parameter $colores declared before required parameter $buscar is implicitly treated as a required parameter in APPPATH\Models\producto_Model.php on line 76.
 1 SYSTEMPATH\Autoloader\Autoloader.php(311): include_once('C:\\xampp\\htdocs\\proyecto_espinola_emilia\\system\\Debug\\Exceptions.php')
 2 SYSTEMPATH\Autoloader\Autoloader.php(290): CodeIgniter\Autoloader\Autoloader->includeFile('C:\\xampp\\htdocs\\proyecto_espinola_emilia\\app\\Models\\producto_Model.php')
 3 SYSTEMPATH\Autoloader\Autoloader.php(266): CodeIgniter\Autoloader\Autoloader->loadInNamespace('App\\Models\\producto_Model')
 4 APPPATH\Controllers\producto_controller.php(254): CodeIgniter\Autoloader\Autoloader->loadClass('App\\Models\\producto_Model')
 5 SYSTEMPATH\CodeIgniter.php(943): App\Controllers\producto_controller->detalle_producto('91')
 6 SYSTEMPATH\CodeIgniter.php(503): CodeIgniter\CodeIgniter->runController(Object(App\Controllers\producto_controller))
 7 SYSTEMPATH\CodeIgniter.php(361): CodeIgniter\CodeIgniter->handleRequest(null, Object(Config\Cache), false)
 8 FCPATH\index.php(79): CodeIgniter\CodeIgniter->run()
WARNING - 2026-03-03 21:15:51 --> [DEPRECATED] Optional parameter $talles declared before required parameter $buscar is implicitly treated as a required parameter in APPPATH\Models\producto_Model.php on line 0.
 1 SYSTEMPATH\Autoloader\Autoloader.php(311): include_once('C:\\xampp\\htdocs\\proyecto_espinola_emilia\\system\\Debug\\Exceptions.php')
 2 SYSTEMPATH\Autoloader\Autoloader.php(290): CodeIgniter\Autoloader\Autoloader->includeFile('C:\\xampp\\htdocs\\proyecto_espinola_emilia\\app\\Models\\producto_Model.php')
 3 SYSTEMPATH\Autoloader\Autoloader.php(266): CodeIgniter\Autoloader\Autoloader->loadInNamespace('App\\Models\\producto_Model')
 4 APPPATH\Controllers\producto_controller.php(254): CodeIgniter\Autoloader\Autoloader->loadClass('App\\Models\\producto_Model')
 5 SYSTEMPATH\CodeIgniter.php(943): App\Controllers\producto_controller->detalle_producto('91')
 6 SYSTEMPATH\CodeIgniter.php(503): CodeIgniter\CodeIgniter->runController(Object(App\Controllers\producto_controller))
 7 SYSTEMPATH\CodeIgniter.php(361): CodeIgniter\CodeIgniter->handleRequest(null, Object(Config\Cache), false)
 8 FCPATH\index.php(79): CodeIgniter\CodeIgniter->run()
WARNING - 2026-03-03 21:15:51 --> [DEPRECATED] Optional parameter $categoria_id declared before required parameter $buscar is implicitly treated as a required parameter in APPPATH\Models\producto_Model.php on line 0.
 1 SYSTEMPATH\Autoloader\Autoloader.php(311): include_once('C:\\xampp\\htdocs\\proyecto_espinola_emilia\\system\\Debug\\Exceptions.php')
 2 SYSTEMPATH\Autoloader\Autoloader.php(290): CodeIgniter\Autoloader\Autoloader->includeFile('C:\\xampp\\htdocs\\proyecto_espinola_emilia\\app\\Models\\producto_Model.php')
 3 SYSTEMPATH\Autoloader\Autoloader.php(266): CodeIgniter\Autoloader\Autoloader->loadInNamespace('App\\Models\\producto_Model')
 4 APPPATH\Controllers\producto_controller.php(254): CodeIgniter\Autoloader\Autoloader->loadClass('App\\Models\\producto_Model')
 5 SYSTEMPATH\CodeIgniter.php(943): App\Controllers\producto_controller->detalle_producto('91')
 6 SYSTEMPATH\CodeIgniter.php(503): CodeIgniter\CodeIgniter->runController(Object(App\Controllers\producto_controller))
 7 SYSTEMPATH\CodeIgniter.php(361): CodeIgniter\CodeIgniter->handleRequest(null, Object(Config\Cache), false)
 8 FCPATH\index.php(79): CodeIgniter\CodeIgniter->run()
INFO - 2026-03-03 21:15:51 --> Session: Class initialized using 'CodeIgniter\Session\Handlers\FileHandler' driver.
WARNING - 2026-03-03 21:15:55 --> [DEPRECATED] Optional parameter $colores declared before required parameter $buscar is implicitly treated as a required parameter in APPPATH\Models\producto_Model.php on line 76.
 1 SYSTEMPATH\Autoloader\Autoloader.php(311): include_once('C:\\xampp\\htdocs\\proyecto_espinola_emilia\\system\\Debug\\Exceptions.php')
 2 SYSTEMPATH\Autoloader\Autoloader.php(290): CodeIgniter\Autoloader\Autoloader->includeFile('C:\\xampp\\htdocs\\proyecto_espinola_emilia\\app\\Models\\producto_Model.php')
 3 SYSTEMPATH\Autoloader\Autoloader.php(266): CodeIgniter\Autoloader\Autoloader->loadInNamespace('App\\Models\\producto_Model')
 4 APPPATH\Controllers\carrito_controller.php(23): CodeIgniter\Autoloader\Autoloader->loadClass('App\\Models\\producto_Model')
 5 SYSTEMPATH\CodeIgniter.php(915): App\Controllers\carrito_controller->__construct()
 6 SYSTEMPATH\CodeIgniter.php(494): CodeIgniter\CodeIgniter->createController()
 7 SYSTEMPATH\CodeIgniter.php(361): CodeIgniter\CodeIgniter->handleRequest(null, Object(Config\Cache), false)
 8 FCPATH\index.php(79): CodeIgniter\CodeIgniter->run()
WARNING - 2026-03-03 21:15:55 --> [DEPRECATED] Optional parameter $talles declared before required parameter $buscar is implicitly treated as a required parameter in APPPATH\Models\producto_Model.php on line 0.
 1 SYSTEMPATH\Autoloader\Autoloader.php(311): include_once('C:\\xampp\\htdocs\\proyecto_espinola_emilia\\system\\Debug\\Exceptions.php')
 2 SYSTEMPATH\Autoloader\Autoloader.php(290): CodeIgniter\Autoloader\Autoloader->includeFile('C:\\xampp\\htdocs\\proyecto_espinola_emilia\\app\\Models\\producto_Model.php')
 3 SYSTEMPATH\Autoloader\Autoloader.php(266): CodeIgniter\Autoloader\Autoloader->loadInNamespace('App\\Models\\producto_Model')
 4 APPPATH\Controllers\carrito_controller.php(23): CodeIgniter\Autoloader\Autoloader->loadClass('App\\Models\\producto_Model')
 5 SYSTEMPATH\CodeIgniter.php(915): App\Controllers\carrito_controller->__construct()
 6 SYSTEMPATH\CodeIgniter.php(494): CodeIgniter\CodeIgniter->createController()
 7 SYSTEMPATH\CodeIgniter.php(361): CodeIgniter\CodeIgniter->handleRequest(null, Object(Config\Cache), false)
 8 FCPATH\index.php(79): CodeIgniter\CodeIgniter->run()
WARNING - 2026-03-03 21:15:55 --> [DEPRECATED] Optional parameter $categoria_id declared before required parameter $buscar is implicitly treated as a required parameter in APPPATH\Models\producto_Model.php on line 0.
 1 SYSTEMPATH\Autoloader\Autoloader.php(311): include_once('C:\\xampp\\htdocs\\proyecto_espinola_emilia\\system\\Debug\\Exceptions.php')
 2 SYSTEMPATH\Autoloader\Autoloader.php(290): CodeIgniter\Autoloader\Autoloader->includeFile('C:\\xampp\\htdocs\\proyecto_espinola_emilia\\app\\Models\\producto_Model.php')
 3 SYSTEMPATH\Autoloader\Autoloader.php(266): CodeIgniter\Autoloader\Autoloader->loadInNamespace('App\\Models\\producto_Model')
 4 APPPATH\Controllers\carrito_controller.php(23): CodeIgniter\Autoloader\Autoloader->loadClass('App\\Models\\producto_Model')
 5 SYSTEMPATH\CodeIgniter.php(915): App\Controllers\carrito_controller->__construct()
 6 SYSTEMPATH\CodeIgniter.php(494): CodeIgniter\CodeIgniter->createController()
 7 SYSTEMPATH\CodeIgniter.php(361): CodeIgniter\CodeIgniter->handleRequest(null, Object(Config\Cache), false)
 8 FCPATH\index.php(79): CodeIgniter\CodeIgniter->run()
INFO - 2026-03-03 21:15:55 --> Session: Class initialized using 'CodeIgniter\Session\Handlers\FileHandler' driver.
ERROR - 2026-03-03 21:15:55 --> mysqli_sql_exception: Unknown column 'pd.id_producto_detalle' in 'on clause' in C:\xampp\htdocs\proyecto_espinola_emilia\system\Database\MySQLi\Connection.php:306
Stack trace:
#0 C:\xampp\htdocs\proyecto_espinola_emilia\system\Database\MySQLi\Connection.php(306): mysqli->query('SELECT `ci`.`id...', 0)
#1 C:\xampp\htdocs\proyecto_espinola_emilia\system\Database\BaseConnection.php(693): CodeIgniter\Database\MySQLi\Connection->execute('SELECT `ci`.`id...')
#2 C:\xampp\htdocs\proyecto_espinola_emilia\system\Database\BaseConnection.php(607): CodeIgniter\Database\BaseConnection->simpleQuery('SELECT `ci`.`id...')
#3 C:\xampp\htdocs\proyecto_espinola_emilia\system\Database\BaseBuilder.php(1616): CodeIgniter\Database\BaseConnection->query('SELECT `ci`.`id...', Array, false)
#4 C:\xampp\htdocs\proyecto_espinola_emilia\app\Models\carrito_item_Model.php(30): CodeIgniter\Database\BaseBuilder->get()
#5 C:\xampp\htdocs\proyecto_espinola_emilia\app\Controllers\carrito_controller.php(182): App\Models\carrito_item_Model->verCarrito('1')
#6 C:\xampp\htdocs\proyecto_espinola_emilia\system\CodeIgniter.php(943): App\Controllers\carrito_controller->agregar_al_carrito()
#7 C:\xampp\htdocs\proyecto_espinola_emilia\system\CodeIgniter.php(503): CodeIgniter\CodeIgniter->runController(Object(App\Controllers\carrito_controller))
#8 C:\xampp\htdocs\proyecto_espinola_emilia\system\CodeIgniter.php(361): CodeIgniter\CodeIgniter->handleRequest(NULL, Object(Config\Cache), false)
#9 C:\xampp\htdocs\proyecto_espinola_emilia\index.php(79): CodeIgniter\CodeIgniter->run()
#10 {main}
CRITICAL - 2026-03-03 21:15:55 --> CodeIgniter\Database\Exceptions\DatabaseException: Unknown column 'pd.id_producto_detalle' in 'on clause'
in SYSTEMPATH\Database\BaseConnection.php on line 647.
 1 SYSTEMPATH\Database\BaseBuilder.php(1616): CodeIgniter\Database\BaseConnection->query('SELECT `ci`.`id_carrito_item`, `ci`.`cantidad`, `pd`.`id_producto` AS `id_producto_detalle`, `p`.`id_producto`, `p`.`nombre_producto` AS `nombre`, `p`.`precio`, `p`.`imagen`, `t`.`talle`, `c`.`nombre` AS `color`
FROM `carritos_items` `ci`
JOIN `productos_detalle` `pd` ON `pd`.`id_producto_detalle` = `ci`.`producto_detalle_id`
JOIN `productos` `p` ON `p`.`id_producto` = `pd`.`producto_id`
JOIN `talles` `t` ON `t`.`id_talle` = `pd`.`talle_id`
JOIN `colores` `c` ON `c`.`id_colores` = `pd`.`color_id`
WHERE `ci`.`carrito_id` = :ci.carrito_id:', [...], false)
 2 APPPATH\Models\carrito_item_Model.php(30): CodeIgniter\Database\BaseBuilder->get()
 3 APPPATH\Controllers\carrito_controller.php(182): App\Models\carrito_item_Model->verCarrito('1')
 4 SYSTEMPATH\CodeIgniter.php(943): App\Controllers\carrito_controller->agregar_al_carrito()
 5 SYSTEMPATH\CodeIgniter.php(503): CodeIgniter\CodeIgniter->runController(Object(App\Controllers\carrito_controller))
 6 SYSTEMPATH\CodeIgniter.php(361): CodeIgniter\CodeIgniter->handleRequest(null, Object(Config\Cache), false)
 7 FCPATH\index.php(79): CodeIgniter\CodeIgniter->run()
CRITICAL - 2026-03-03 21:15:55 --> [Caused by] CodeIgniter\Database\Exceptions\DatabaseException: Unknown column 'pd.id_producto_detalle' in 'on clause'
in SYSTEMPATH\Database\MySQLi\Connection.php on line 311.
 1 SYSTEMPATH\Database\BaseConnection.php(693): CodeIgniter\Database\MySQLi\Connection->execute('SELECT `ci`.`id_carrito_item`, `ci`.`cantidad`, `pd`.`id_producto` AS `id_producto_detalle`, `p`.`id_producto`, `p`.`nombre_producto` AS `nombre`, `p`.`precio`, `p`.`imagen`, `t`.`talle`, `c`.`nombre` AS `color`
FROM `carritos_items` `ci`
JOIN `productos_detalle` `pd` ON `pd`.`id_producto_detalle` = `ci`.`producto_detalle_id`
JOIN `productos` `p` ON `p`.`id_producto` = `pd`.`producto_id`
JOIN `talles` `t` ON `t`.`id_talle` = `pd`.`talle_id`
JOIN `colores` `c` ON `c`.`id_colores` = `pd`.`color_id`
WHERE `ci`.`carrito_id` = \'1\'')
 2 SYSTEMPATH\Database\BaseConnection.php(607): CodeIgniter\Database\BaseConnection->simpleQuery('SELECT `ci`.`id_carrito_item`, `ci`.`cantidad`, `pd`.`id_producto` AS `id_producto_detalle`, `p`.`id_producto`, `p`.`nombre_producto` AS `nombre`, `p`.`precio`, `p`.`imagen`, `t`.`talle`, `c`.`nombre` AS `color`
FROM `carritos_items` `ci`
JOIN `productos_detalle` `pd` ON `pd`.`id_producto_detalle` = `ci`.`producto_detalle_id`
JOIN `productos` `p` ON `p`.`id_producto` = `pd`.`producto_id`
JOIN `talles` `t` ON `t`.`id_talle` = `pd`.`talle_id`
JOIN `colores` `c` ON `c`.`id_colores` = `pd`.`color_id`
WHERE `ci`.`carrito_id` = \'1\'')
 3 SYSTEMPATH\Database\BaseBuilder.php(1616): CodeIgniter\Database\BaseConnection->query('SELECT `ci`.`id_carrito_item`, `ci`.`cantidad`, `pd`.`id_producto` AS `id_producto_detalle`, `p`.`id_producto`, `p`.`nombre_producto` AS `nombre`, `p`.`precio`, `p`.`imagen`, `t`.`talle`, `c`.`nombre` AS `color`
FROM `carritos_items` `ci`
JOIN `productos_detalle` `pd` ON `pd`.`id_producto_detalle` = `ci`.`producto_detalle_id`
JOIN `productos` `p` ON `p`.`id_producto` = `pd`.`producto_id`
JOIN `talles` `t` ON `t`.`id_talle` = `pd`.`talle_id`
JOIN `colores` `c` ON `c`.`id_colores` = `pd`.`color_id`
WHERE `ci`.`carrito_id` = :ci.carrito_id:', [...], false)
 4 APPPATH\Models\carrito_item_Model.php(30): CodeIgniter\Database\BaseBuilder->get()
 5 APPPATH\Controllers\carrito_controller.php(182): App\Models\carrito_item_Model->verCarrito('1')
 6 SYSTEMPATH\CodeIgniter.php(943): App\Controllers\carrito_controller->agregar_al_carrito()
 7 SYSTEMPATH\CodeIgniter.php(503): CodeIgniter\CodeIgniter->runController(Object(App\Controllers\carrito_controller))
 8 SYSTEMPATH\CodeIgniter.php(361): CodeIgniter\CodeIgniter->handleRequest(null, Object(Config\Cache), false)
 9 FCPATH\index.php(79): CodeIgniter\CodeIgniter->run()
CRITICAL - 2026-03-03 21:15:55 --> [Caused by] mysqli_sql_exception: Unknown column 'pd.id_producto_detalle' in 'on clause'
in SYSTEMPATH\Database\MySQLi\Connection.php on line 306.
 1 SYSTEMPATH\Database\MySQLi\Connection.php(306): mysqli->query('SELECT `ci`.`id_carrito_item`, `ci`.`cantidad`, `pd`.`id_producto` AS `id_producto_detalle`, `p`.`id_producto`, `p`.`nombre_producto` AS `nombre`, `p`.`precio`, `p`.`imagen`, `t`.`talle`, `c`.`nombre` AS `color`
FROM `carritos_items` `ci`
JOIN `productos_detalle` `pd` ON `pd`.`id_producto_detalle` = `ci`.`producto_detalle_id`
JOIN `productos` `p` ON `p`.`id_producto` = `pd`.`producto_id`
JOIN `talles` `t` ON `t`.`id_talle` = `pd`.`talle_id`
JOIN `colores` `c` ON `c`.`id_colores` = `pd`.`color_id`
WHERE `ci`.`carrito_id` = \'1\'', 0)
 2 SYSTEMPATH\Database\BaseConnection.php(693): CodeIgniter\Database\MySQLi\Connection->execute('SELECT `ci`.`id_carrito_item`, `ci`.`cantidad`, `pd`.`id_producto` AS `id_producto_detalle`, `p`.`id_producto`, `p`.`nombre_producto` AS `nombre`, `p`.`precio`, `p`.`imagen`, `t`.`talle`, `c`.`nombre` AS `color`
FROM `carritos_items` `ci`
JOIN `productos_detalle` `pd` ON `pd`.`id_producto_detalle` = `ci`.`producto_detalle_id`
JOIN `productos` `p` ON `p`.`id_producto` = `pd`.`producto_id`
JOIN `talles` `t` ON `t`.`id_talle` = `pd`.`talle_id`
JOIN `colores` `c` ON `c`.`id_colores` = `pd`.`color_id`
WHERE `ci`.`carrito_id` = \'1\'')
 3 SYSTEMPATH\Database\BaseConnection.php(607): CodeIgniter\Database\BaseConnection->simpleQuery('SELECT `ci`.`id_carrito_item`, `ci`.`cantidad`, `pd`.`id_producto` AS `id_producto_detalle`, `p`.`id_producto`, `p`.`nombre_producto` AS `nombre`, `p`.`precio`, `p`.`imagen`, `t`.`talle`, `c`.`nombre` AS `color`
FROM `carritos_items` `ci`
JOIN `productos_detalle` `pd` ON `pd`.`id_producto_detalle` = `ci`.`producto_detalle_id`
JOIN `productos` `p` ON `p`.`id_producto` = `pd`.`producto_id`
JOIN `talles` `t` ON `t`.`id_talle` = `pd`.`talle_id`
JOIN `colores` `c` ON `c`.`id_colores` = `pd`.`color_id`
WHERE `ci`.`carrito_id` = \'1\'')
 4 SYSTEMPATH\Database\BaseBuilder.php(1616): CodeIgniter\Database\BaseConnection->query('SELECT `ci`.`id_carrito_item`, `ci`.`cantidad`, `pd`.`id_producto` AS `id_producto_detalle`, `p`.`id_producto`, `p`.`nombre_producto` AS `nombre`, `p`.`precio`, `p`.`imagen`, `t`.`talle`, `c`.`nombre` AS `color`
FROM `carritos_items` `ci`
JOIN `productos_detalle` `pd` ON `pd`.`id_producto_detalle` = `ci`.`producto_detalle_id`
JOIN `productos` `p` ON `p`.`id_producto` = `pd`.`producto_id`
JOIN `talles` `t` ON `t`.`id_talle` = `pd`.`talle_id`
JOIN `colores` `c` ON `c`.`id_colores` = `pd`.`color_id`
WHERE `ci`.`carrito_id` = :ci.carrito_id:', [...], false)
 5 APPPATH\Models\carrito_item_Model.php(30): CodeIgniter\Database\BaseBuilder->get()
 6 APPPATH\Controllers\carrito_controller.php(182): App\Models\carrito_item_Model->verCarrito('1')
 7 SYSTEMPATH\CodeIgniter.php(943): App\Controllers\carrito_controller->agregar_al_carrito()
 8 SYSTEMPATH\CodeIgniter.php(503): CodeIgniter\CodeIgniter->runController(Object(App\Controllers\carrito_controller))
 9 SYSTEMPATH\CodeIgniter.php(361): CodeIgniter\CodeIgniter->handleRequest(null, Object(Config\Cache), false)
10 FCPATH\index.php(79): CodeIgniter\CodeIgniter->run()
WARNING - 2026-03-03 21:16:20 --> [DEPRECATED] Optional parameter $colores declared before required parameter $buscar is implicitly treated as a required parameter in APPPATH\Models\producto_Model.php on line 76.
 1 SYSTEMPATH\Autoloader\Autoloader.php(311): include_once('C:\\xampp\\htdocs\\proyecto_espinola_emilia\\system\\Debug\\Exceptions.php')
 2 SYSTEMPATH\Autoloader\Autoloader.php(290): CodeIgniter\Autoloader\Autoloader->includeFile('C:\\xampp\\htdocs\\proyecto_espinola_emilia\\app\\Models\\producto_Model.php')
 3 SYSTEMPATH\Autoloader\Autoloader.php(266): CodeIgniter\Autoloader\Autoloader->loadInNamespace('App\\Models\\producto_Model')
 4 APPPATH\Controllers\producto_controller.php(254): CodeIgniter\Autoloader\Autoloader->loadClass('App\\Models\\producto_Model')
 5 SYSTEMPATH\CodeIgniter.php(943): App\Controllers\producto_controller->detalle_producto('91')
 6 SYSTEMPATH\CodeIgniter.php(503): CodeIgniter\CodeIgniter->runController(Object(App\Controllers\producto_controller))
 7 SYSTEMPATH\CodeIgniter.php(361): CodeIgniter\CodeIgniter->handleRequest(null, Object(Config\Cache), false)
 8 FCPATH\index.php(79): CodeIgniter\CodeIgniter->run()
WARNING - 2026-03-03 21:16:20 --> [DEPRECATED] Optional parameter $talles declared before required parameter $buscar is implicitly treated as a required parameter in APPPATH\Models\producto_Model.php on line 0.
 1 SYSTEMPATH\Autoloader\Autoloader.php(311): include_once('C:\\xampp\\htdocs\\proyecto_espinola_emilia\\system\\Debug\\Exceptions.php')
 2 SYSTEMPATH\Autoloader\Autoloader.php(290): CodeIgniter\Autoloader\Autoloader->includeFile('C:\\xampp\\htdocs\\proyecto_espinola_emilia\\app\\Models\\producto_Model.php')
 3 SYSTEMPATH\Autoloader\Autoloader.php(266): CodeIgniter\Autoloader\Autoloader->loadInNamespace('App\\Models\\producto_Model')
 4 APPPATH\Controllers\producto_controller.php(254): CodeIgniter\Autoloader\Autoloader->loadClass('App\\Models\\producto_Model')
 5 SYSTEMPATH\CodeIgniter.php(943): App\Controllers\producto_controller->detalle_producto('91')
 6 SYSTEMPATH\CodeIgniter.php(503): CodeIgniter\CodeIgniter->runController(Object(App\Controllers\producto_controller))
 7 SYSTEMPATH\CodeIgniter.php(361): CodeIgniter\CodeIgniter->handleRequest(null, Object(Config\Cache), false)
 8 FCPATH\index.php(79): CodeIgniter\CodeIgniter->run()
WARNING - 2026-03-03 21:16:20 --> [DEPRECATED] Optional parameter $categoria_id declared before required parameter $buscar is implicitly treated as a required parameter in APPPATH\Models\producto_Model.php on line 0.
 1 SYSTEMPATH\Autoloader\Autoloader.php(311): include_once('C:\\xampp\\htdocs\\proyecto_espinola_emilia\\system\\Debug\\Exceptions.php')
 2 SYSTEMPATH\Autoloader\Autoloader.php(290): CodeIgniter\Autoloader\Autoloader->includeFile('C:\\xampp\\htdocs\\proyecto_espinola_emilia\\app\\Models\\producto_Model.php')
 3 SYSTEMPATH\Autoloader\Autoloader.php(266): CodeIgniter\Autoloader\Autoloader->loadInNamespace('App\\Models\\producto_Model')
 4 APPPATH\Controllers\producto_controller.php(254): CodeIgniter\Autoloader\Autoloader->loadClass('App\\Models\\producto_Model')
 5 SYSTEMPATH\CodeIgniter.php(943): App\Controllers\producto_controller->detalle_producto('91')
 6 SYSTEMPATH\CodeIgniter.php(503): CodeIgniter\CodeIgniter->runController(Object(App\Controllers\producto_controller))
 7 SYSTEMPATH\CodeIgniter.php(361): CodeIgniter\CodeIgniter->handleRequest(null, Object(Config\Cache), false)
 8 FCPATH\index.php(79): CodeIgniter\CodeIgniter->run()
INFO - 2026-03-03 21:16:20 --> Session: Class initialized using 'CodeIgniter\Session\Handlers\FileHandler' driver.
WARNING - 2026-03-03 21:16:22 --> [DEPRECATED] Optional parameter $colores declared before required parameter $buscar is implicitly treated as a required parameter in APPPATH\Models\producto_Model.php on line 76.
 1 SYSTEMPATH\Autoloader\Autoloader.php(311): include_once('C:\\xampp\\htdocs\\proyecto_espinola_emilia\\system\\Debug\\Exceptions.php')
 2 SYSTEMPATH\Autoloader\Autoloader.php(290): CodeIgniter\Autoloader\Autoloader->includeFile('C:\\xampp\\htdocs\\proyecto_espinola_emilia\\app\\Models\\producto_Model.php')
 3 SYSTEMPATH\Autoloader\Autoloader.php(266): CodeIgniter\Autoloader\Autoloader->loadInNamespace('App\\Models\\producto_Model')
 4 APPPATH\Controllers\carrito_controller.php(23): CodeIgniter\Autoloader\Autoloader->loadClass('App\\Models\\producto_Model')
 5 SYSTEMPATH\CodeIgniter.php(915): App\Controllers\carrito_controller->__construct()
 6 SYSTEMPATH\CodeIgniter.php(494): CodeIgniter\CodeIgniter->createController()
 7 SYSTEMPATH\CodeIgniter.php(361): CodeIgniter\CodeIgniter->handleRequest(null, Object(Config\Cache), false)
 8 FCPATH\index.php(79): CodeIgniter\CodeIgniter->run()
WARNING - 2026-03-03 21:16:22 --> [DEPRECATED] Optional parameter $talles declared before required parameter $buscar is implicitly treated as a required parameter in APPPATH\Models\producto_Model.php on line 0.
 1 SYSTEMPATH\Autoloader\Autoloader.php(311): include_once('C:\\xampp\\htdocs\\proyecto_espinola_emilia\\system\\Debug\\Exceptions.php')
 2 SYSTEMPATH\Autoloader\Autoloader.php(290): CodeIgniter\Autoloader\Autoloader->includeFile('C:\\xampp\\htdocs\\proyecto_espinola_emilia\\app\\Models\\producto_Model.php')
 3 SYSTEMPATH\Autoloader\Autoloader.php(266): CodeIgniter\Autoloader\Autoloader->loadInNamespace('App\\Models\\producto_Model')
 4 APPPATH\Controllers\carrito_controller.php(23): CodeIgniter\Autoloader\Autoloader->loadClass('App\\Models\\producto_Model')
 5 SYSTEMPATH\CodeIgniter.php(915): App\Controllers\carrito_controller->__construct()
 6 SYSTEMPATH\CodeIgniter.php(494): CodeIgniter\CodeIgniter->createController()
 7 SYSTEMPATH\CodeIgniter.php(361): CodeIgniter\CodeIgniter->handleRequest(null, Object(Config\Cache), false)
 8 FCPATH\index.php(79): CodeIgniter\CodeIgniter->run()
WARNING - 2026-03-03 21:16:22 --> [DEPRECATED] Optional parameter $categoria_id declared before required parameter $buscar is implicitly treated as a required parameter in APPPATH\Models\producto_Model.php on line 0.
 1 SYSTEMPATH\Autoloader\Autoloader.php(311): include_once('C:\\xampp\\htdocs\\proyecto_espinola_emilia\\system\\Debug\\Exceptions.php')
 2 SYSTEMPATH\Autoloader\Autoloader.php(290): CodeIgniter\Autoloader\Autoloader->includeFile('C:\\xampp\\htdocs\\proyecto_espinola_emilia\\app\\Models\\producto_Model.php')
 3 SYSTEMPATH\Autoloader\Autoloader.php(266): CodeIgniter\Autoloader\Autoloader->loadInNamespace('App\\Models\\producto_Model')
 4 APPPATH\Controllers\carrito_controller.php(23): CodeIgniter\Autoloader\Autoloader->loadClass('App\\Models\\producto_Model')
 5 SYSTEMPATH\CodeIgniter.php(915): App\Controllers\carrito_controller->__construct()
 6 SYSTEMPATH\CodeIgniter.php(494): CodeIgniter\CodeIgniter->createController()
 7 SYSTEMPATH\CodeIgniter.php(361): CodeIgniter\CodeIgniter->handleRequest(null, Object(Config\Cache), false)
 8 FCPATH\index.php(79): CodeIgniter\CodeIgniter->run()
INFO - 2026-03-03 21:16:22 --> Session: Class initialized using 'CodeIgniter\Session\Handlers\FileHandler' driver.
CRITICAL - 2026-03-03 21:16:22 --> ErrorException: Undefined array key "id_detalle_producto"
in APPPATH\Views\cliente\carrito.php on line 17.
 1 APPPATH\Views\cliente\carrito.php(17): CodeIgniter\Debug\Exceptions->errorHandler(2, 'Undefined array key "id_detalle_producto"', 'C:\\xampp\\htdocs\\proyecto_espinola_emilia\\app\\Views\\cliente\\carrito.php', 17)
 2 SYSTEMPATH\View\View.php(228): include('C:\\xampp\\htdocs\\proyecto_espinola_emilia\\app\\Views\\cliente\\carrito.php')
 3 SYSTEMPATH\View\View.php(231): CodeIgniter\View\View->CodeIgniter\View\{closure}()
 4 SYSTEMPATH\Common.php(1178): CodeIgniter\View\View->render('cliente/carrito', [], true)
 5 APPPATH\Controllers\carrito_controller.php(184): view('cliente/carrito', [...])
 6 SYSTEMPATH\CodeIgniter.php(943): App\Controllers\carrito_controller->agregar_al_carrito()
 7 SYSTEMPATH\CodeIgniter.php(503): CodeIgniter\CodeIgniter->runController(Object(App\Controllers\carrito_controller))
 8 SYSTEMPATH\CodeIgniter.php(361): CodeIgniter\CodeIgniter->handleRequest(null, Object(Config\Cache), false)
 9 FCPATH\index.php(79): CodeIgniter\CodeIgniter->run()
WARNING - 2026-03-03 21:17:12 --> [DEPRECATED] Optional parameter $colores declared before required parameter $buscar is implicitly treated as a required parameter in APPPATH\Models\producto_Model.php on line 76.
 1 SYSTEMPATH\Autoloader\Autoloader.php(311): include_once('C:\\xampp\\htdocs\\proyecto_espinola_emilia\\system\\Debug\\Exceptions.php')
 2 SYSTEMPATH\Autoloader\Autoloader.php(290): CodeIgniter\Autoloader\Autoloader->includeFile('C:\\xampp\\htdocs\\proyecto_espinola_emilia\\app\\Models\\producto_Model.php')
 3 SYSTEMPATH\Autoloader\Autoloader.php(266): CodeIgniter\Autoloader\Autoloader->loadInNamespace('App\\Models\\producto_Model')
 4 APPPATH\Controllers\producto_controller.php(254): CodeIgniter\Autoloader\Autoloader->loadClass('App\\Models\\producto_Model')
 5 SYSTEMPATH\CodeIgniter.php(943): App\Controllers\producto_controller->detalle_producto('91')
 6 SYSTEMPATH\CodeIgniter.php(503): CodeIgniter\CodeIgniter->runController(Object(App\Controllers\producto_controller))
 7 SYSTEMPATH\CodeIgniter.php(361): CodeIgniter\CodeIgniter->handleRequest(null, Object(Config\Cache), false)
 8 FCPATH\index.php(79): CodeIgniter\CodeIgniter->run()
WARNING - 2026-03-03 21:17:12 --> [DEPRECATED] Optional parameter $talles declared before required parameter $buscar is implicitly treated as a required parameter in APPPATH\Models\producto_Model.php on line 0.
 1 SYSTEMPATH\Autoloader\Autoloader.php(311): include_once('C:\\xampp\\htdocs\\proyecto_espinola_emilia\\system\\Debug\\Exceptions.php')
 2 SYSTEMPATH\Autoloader\Autoloader.php(290): CodeIgniter\Autoloader\Autoloader->includeFile('C:\\xampp\\htdocs\\proyecto_espinola_emilia\\app\\Models\\producto_Model.php')
 3 SYSTEMPATH\Autoloader\Autoloader.php(266): CodeIgniter\Autoloader\Autoloader->loadInNamespace('App\\Models\\producto_Model')
 4 APPPATH\Controllers\producto_controller.php(254): CodeIgniter\Autoloader\Autoloader->loadClass('App\\Models\\producto_Model')
 5 SYSTEMPATH\CodeIgniter.php(943): App\Controllers\producto_controller->detalle_producto('91')
 6 SYSTEMPATH\CodeIgniter.php(503): CodeIgniter\CodeIgniter->runController(Object(App\Controllers\producto_controller))
 7 SYSTEMPATH\CodeIgniter.php(361): CodeIgniter\CodeIgniter->handleRequest(null, Object(Config\Cache), false)
 8 FCPATH\index.php(79): CodeIgniter\CodeIgniter->run()
WARNING - 2026-03-03 21:17:13 --> [DEPRECATED] Optional parameter $categoria_id declared before required parameter $buscar is implicitly treated as a required parameter in APPPATH\Models\producto_Model.php on line 0.
 1 SYSTEMPATH\Autoloader\Autoloader.php(311): include_once('C:\\xampp\\htdocs\\proyecto_espinola_emilia\\system\\Debug\\Exceptions.php')
 2 SYSTEMPATH\Autoloader\Autoloader.php(290): CodeIgniter\Autoloader\Autoloader->includeFile('C:\\xampp\\htdocs\\proyecto_espinola_emilia\\app\\Models\\producto_Model.php')
 3 SYSTEMPATH\Autoloader\Autoloader.php(266): CodeIgniter\Autoloader\Autoloader->loadInNamespace('App\\Models\\producto_Model')
 4 APPPATH\Controllers\producto_controller.php(254): CodeIgniter\Autoloader\Autoloader->loadClass('App\\Models\\producto_Model')
 5 SYSTEMPATH\CodeIgniter.php(943): App\Controllers\producto_controller->detalle_producto('91')
 6 SYSTEMPATH\CodeIgniter.php(503): CodeIgniter\CodeIgniter->runController(Object(App\Controllers\producto_controller))
 7 SYSTEMPATH\CodeIgniter.php(361): CodeIgniter\CodeIgniter->handleRequest(null, Object(Config\Cache), false)
 8 FCPATH\index.php(79): CodeIgniter\CodeIgniter->run()
INFO - 2026-03-03 21:17:13 --> Session: Class initialized using 'CodeIgniter\Session\Handlers\FileHandler' driver.
WARNING - 2026-03-03 21:17:15 --> [DEPRECATED] Optional parameter $colores declared before required parameter $buscar is implicitly treated as a required parameter in APPPATH\Models\producto_Model.php on line 76.
 1 SYSTEMPATH\Autoloader\Autoloader.php(311): include_once('C:\\xampp\\htdocs\\proyecto_espinola_emilia\\system\\Debug\\Exceptions.php')
 2 SYSTEMPATH\Autoloader\Autoloader.php(290): CodeIgniter\Autoloader\Autoloader->includeFile('C:\\xampp\\htdocs\\proyecto_espinola_emilia\\app\\Models\\producto_Model.php')
 3 SYSTEMPATH\Autoloader\Autoloader.php(266): CodeIgniter\Autoloader\Autoloader->loadInNamespace('App\\Models\\producto_Model')
 4 APPPATH\Controllers\carrito_controller.php(23): CodeIgniter\Autoloader\Autoloader->loadClass('App\\Models\\producto_Model')
 5 SYSTEMPATH\CodeIgniter.php(915): App\Controllers\carrito_controller->__construct()
 6 SYSTEMPATH\CodeIgniter.php(494): CodeIgniter\CodeIgniter->createController()
 7 SYSTEMPATH\CodeIgniter.php(361): CodeIgniter\CodeIgniter->handleRequest(null, Object(Config\Cache), false)
 8 FCPATH\index.php(79): CodeIgniter\CodeIgniter->run()
WARNING - 2026-03-03 21:17:15 --> [DEPRECATED] Optional parameter $talles declared before required parameter $buscar is implicitly treated as a required parameter in APPPATH\Models\producto_Model.php on line 0.
 1 SYSTEMPATH\Autoloader\Autoloader.php(311): include_once('C:\\xampp\\htdocs\\proyecto_espinola_emilia\\system\\Debug\\Exceptions.php')
 2 SYSTEMPATH\Autoloader\Autoloader.php(290): CodeIgniter\Autoloader\Autoloader->includeFile('C:\\xampp\\htdocs\\proyecto_espinola_emilia\\app\\Models\\producto_Model.php')
 3 SYSTEMPATH\Autoloader\Autoloader.php(266): CodeIgniter\Autoloader\Autoloader->loadInNamespace('App\\Models\\producto_Model')
 4 APPPATH\Controllers\carrito_controller.php(23): CodeIgniter\Autoloader\Autoloader->loadClass('App\\Models\\producto_Model')
 5 SYSTEMPATH\CodeIgniter.php(915): App\Controllers\carrito_controller->__construct()
 6 SYSTEMPATH\CodeIgniter.php(494): CodeIgniter\CodeIgniter->createController()
 7 SYSTEMPATH\CodeIgniter.php(361): CodeIgniter\CodeIgniter->handleRequest(null, Object(Config\Cache), false)
 8 FCPATH\index.php(79): CodeIgniter\CodeIgniter->run()
WARNING - 2026-03-03 21:17:15 --> [DEPRECATED] Optional parameter $categoria_id declared before required parameter $buscar is implicitly treated as a required parameter in APPPATH\Models\producto_Model.php on line 0.
 1 SYSTEMPATH\Autoloader\Autoloader.php(311): include_once('C:\\xampp\\htdocs\\proyecto_espinola_emilia\\system\\Debug\\Exceptions.php')
 2 SYSTEMPATH\Autoloader\Autoloader.php(290): CodeIgniter\Autoloader\Autoloader->includeFile('C:\\xampp\\htdocs\\proyecto_espinola_emilia\\app\\Models\\producto_Model.php')
 3 SYSTEMPATH\Autoloader\Autoloader.php(266): CodeIgniter\Autoloader\Autoloader->loadInNamespace('App\\Models\\producto_Model')
 4 APPPATH\Controllers\carrito_controller.php(23): CodeIgniter\Autoloader\Autoloader->loadClass('App\\Models\\producto_Model')
 5 SYSTEMPATH\CodeIgniter.php(915): App\Controllers\carrito_controller->__construct()
 6 SYSTEMPATH\CodeIgniter.php(494): CodeIgniter\CodeIgniter->createController()
 7 SYSTEMPATH\CodeIgniter.php(361): CodeIgniter\CodeIgniter->handleRequest(null, Object(Config\Cache), false)
 8 FCPATH\index.php(79): CodeIgniter\CodeIgniter->run()
INFO - 2026-03-03 21:17:15 --> Session: Class initialized using 'CodeIgniter\Session\Handlers\FileHandler' driver.
WARNING - 2026-03-03 21:17:25 --> [DEPRECATED] Optional parameter $colores declared before required parameter $buscar is implicitly treated as a required parameter in APPPATH\Models\producto_Model.php on line 76.
 1 SYSTEMPATH\Autoloader\Autoloader.php(311): include_once('C:\\xampp\\htdocs\\proyecto_espinola_emilia\\system\\Debug\\Exceptions.php')
 2 SYSTEMPATH\Autoloader\Autoloader.php(290): CodeIgniter\Autoloader\Autoloader->includeFile('C:\\xampp\\htdocs\\proyecto_espinola_emilia\\app\\Models\\producto_Model.php')
 3 SYSTEMPATH\Autoloader\Autoloader.php(266): CodeIgniter\Autoloader\Autoloader->loadInNamespace('App\\Models\\producto_Model')
 4 APPPATH\Controllers\carrito_controller.php(23): CodeIgniter\Autoloader\Autoloader->loadClass('App\\Models\\producto_Model')
 5 SYSTEMPATH\CodeIgniter.php(915): App\Controllers\carrito_controller->__construct()
 6 SYSTEMPATH\CodeIgniter.php(494): CodeIgniter\CodeIgniter->createController()
 7 SYSTEMPATH\CodeIgniter.php(361): CodeIgniter\CodeIgniter->handleRequest(null, Object(Config\Cache), false)
 8 FCPATH\index.php(79): CodeIgniter\CodeIgniter->run()
WARNING - 2026-03-03 21:17:25 --> [DEPRECATED] Optional parameter $talles declared before required parameter $buscar is implicitly treated as a required parameter in APPPATH\Models\producto_Model.php on line 0.
 1 SYSTEMPATH\Autoloader\Autoloader.php(311): include_once('C:\\xampp\\htdocs\\proyecto_espinola_emilia\\system\\Debug\\Exceptions.php')
 2 SYSTEMPATH\Autoloader\Autoloader.php(290): CodeIgniter\Autoloader\Autoloader->includeFile('C:\\xampp\\htdocs\\proyecto_espinola_emilia\\app\\Models\\producto_Model.php')
 3 SYSTEMPATH\Autoloader\Autoloader.php(266): CodeIgniter\Autoloader\Autoloader->loadInNamespace('App\\Models\\producto_Model')
 4 APPPATH\Controllers\carrito_controller.php(23): CodeIgniter\Autoloader\Autoloader->loadClass('App\\Models\\producto_Model')
 5 SYSTEMPATH\CodeIgniter.php(915): App\Controllers\carrito_controller->__construct()
 6 SYSTEMPATH\CodeIgniter.php(494): CodeIgniter\CodeIgniter->createController()
 7 SYSTEMPATH\CodeIgniter.php(361): CodeIgniter\CodeIgniter->handleRequest(null, Object(Config\Cache), false)
 8 FCPATH\index.php(79): CodeIgniter\CodeIgniter->run()
WARNING - 2026-03-03 21:17:25 --> [DEPRECATED] Optional parameter $categoria_id declared before required parameter $buscar is implicitly treated as a required parameter in APPPATH\Models\producto_Model.php on line 0.
 1 SYSTEMPATH\Autoloader\Autoloader.php(311): include_once('C:\\xampp\\htdocs\\proyecto_espinola_emilia\\system\\Debug\\Exceptions.php')
 2 SYSTEMPATH\Autoloader\Autoloader.php(290): CodeIgniter\Autoloader\Autoloader->includeFile('C:\\xampp\\htdocs\\proyecto_espinola_emilia\\app\\Models\\producto_Model.php')
 3 SYSTEMPATH\Autoloader\Autoloader.php(266): CodeIgniter\Autoloader\Autoloader->loadInNamespace('App\\Models\\producto_Model')
 4 APPPATH\Controllers\carrito_controller.php(23): CodeIgniter\Autoloader\Autoloader->loadClass('App\\Models\\producto_Model')
 5 SYSTEMPATH\CodeIgniter.php(915): App\Controllers\carrito_controller->__construct()
 6 SYSTEMPATH\CodeIgniter.php(494): CodeIgniter\CodeIgniter->createController()
 7 SYSTEMPATH\CodeIgniter.php(361): CodeIgniter\CodeIgniter->handleRequest(null, Object(Config\Cache), false)
 8 FCPATH\index.php(79): CodeIgniter\CodeIgniter->run()
INFO - 2026-03-03 21:17:25 --> Session: Class initialized using 'CodeIgniter\Session\Handlers\FileHandler' driver.
WARNING - 2026-03-03 21:17:28 --> [DEPRECATED] Optional parameter $colores declared before required parameter $buscar is implicitly treated as a required parameter in APPPATH\Models\producto_Model.php on line 76.
 1 SYSTEMPATH\Autoloader\Autoloader.php(311): include_once('C:\\xampp\\htdocs\\proyecto_espinola_emilia\\system\\Debug\\Exceptions.php')
 2 SYSTEMPATH\Autoloader\Autoloader.php(290): CodeIgniter\Autoloader\Autoloader->includeFile('C:\\xampp\\htdocs\\proyecto_espinola_emilia\\app\\Models\\producto_Model.php')
 3 SYSTEMPATH\Autoloader\Autoloader.php(266): CodeIgniter\Autoloader\Autoloader->loadInNamespace('App\\Models\\producto_Model')
 4 APPPATH\Controllers\carrito_controller.php(23): CodeIgniter\Autoloader\Autoloader->loadClass('App\\Models\\producto_Model')
 5 SYSTEMPATH\CodeIgniter.php(915): App\Controllers\carrito_controller->__construct()
 6 SYSTEMPATH\CodeIgniter.php(494): CodeIgniter\CodeIgniter->createController()
 7 SYSTEMPATH\CodeIgniter.php(361): CodeIgniter\CodeIgniter->handleRequest(null, Object(Config\Cache), false)
 8 FCPATH\index.php(79): CodeIgniter\CodeIgniter->run()
WARNING - 2026-03-03 21:17:28 --> [DEPRECATED] Optional parameter $talles declared before required parameter $buscar is implicitly treated as a required parameter in APPPATH\Models\producto_Model.php on line 0.
 1 SYSTEMPATH\Autoloader\Autoloader.php(311): include_once('C:\\xampp\\htdocs\\proyecto_espinola_emilia\\system\\Debug\\Exceptions.php')
 2 SYSTEMPATH\Autoloader\Autoloader.php(290): CodeIgniter\Autoloader\Autoloader->includeFile('C:\\xampp\\htdocs\\proyecto_espinola_emilia\\app\\Models\\producto_Model.php')
 3 SYSTEMPATH\Autoloader\Autoloader.php(266): CodeIgniter\Autoloader\Autoloader->loadInNamespace('App\\Models\\producto_Model')
 4 APPPATH\Controllers\carrito_controller.php(23): CodeIgniter\Autoloader\Autoloader->loadClass('App\\Models\\producto_Model')
 5 SYSTEMPATH\CodeIgniter.php(915): App\Controllers\carrito_controller->__construct()
 6 SYSTEMPATH\CodeIgniter.php(494): CodeIgniter\CodeIgniter->createController()
 7 SYSTEMPATH\CodeIgniter.php(361): CodeIgniter\CodeIgniter->handleRequest(null, Object(Config\Cache), false)
 8 FCPATH\index.php(79): CodeIgniter\CodeIgniter->run()
WARNING - 2026-03-03 21:17:28 --> [DEPRECATED] Optional parameter $categoria_id declared before required parameter $buscar is implicitly treated as a required parameter in APPPATH\Models\producto_Model.php on line 0.
 1 SYSTEMPATH\Autoloader\Autoloader.php(311): include_once('C:\\xampp\\htdocs\\proyecto_espinola_emilia\\system\\Debug\\Exceptions.php')
 2 SYSTEMPATH\Autoloader\Autoloader.php(290): CodeIgniter\Autoloader\Autoloader->includeFile('C:\\xampp\\htdocs\\proyecto_espinola_emilia\\app\\Models\\producto_Model.php')
 3 SYSTEMPATH\Autoloader\Autoloader.php(266): CodeIgniter\Autoloader\Autoloader->loadInNamespace('App\\Models\\producto_Model')
 4 APPPATH\Controllers\carrito_controller.php(23): CodeIgniter\Autoloader\Autoloader->loadClass('App\\Models\\producto_Model')
 5 SYSTEMPATH\CodeIgniter.php(915): App\Controllers\carrito_controller->__construct()
 6 SYSTEMPATH\CodeIgniter.php(494): CodeIgniter\CodeIgniter->createController()
 7 SYSTEMPATH\CodeIgniter.php(361): CodeIgniter\CodeIgniter->handleRequest(null, Object(Config\Cache), false)
 8 FCPATH\index.php(79): CodeIgniter\CodeIgniter->run()
INFO - 2026-03-03 21:17:28 --> Session: Class initialized using 'CodeIgniter\Session\Handlers\FileHandler' driver.
WARNING - 2026-03-03 21:17:33 --> [DEPRECATED] Optional parameter $colores declared before required parameter $buscar is implicitly treated as a required parameter in APPPATH\Models\producto_Model.php on line 76.
 1 SYSTEMPATH\Autoloader\Autoloader.php(311): include_once('C:\\xampp\\htdocs\\proyecto_espinola_emilia\\system\\Debug\\Exceptions.php')
 2 SYSTEMPATH\Autoloader\Autoloader.php(290): CodeIgniter\Autoloader\Autoloader->includeFile('C:\\xampp\\htdocs\\proyecto_espinola_emilia\\app\\Models\\producto_Model.php')
 3 SYSTEMPATH\Autoloader\Autoloader.php(266): CodeIgniter\Autoloader\Autoloader->loadInNamespace('App\\Models\\producto_Model')
 4 APPPATH\Controllers\carrito_controller.php(23): CodeIgniter\Autoloader\Autoloader->loadClass('App\\Models\\producto_Model')
 5 SYSTEMPATH\CodeIgniter.php(915): App\Controllers\carrito_controller->__construct()
 6 SYSTEMPATH\CodeIgniter.php(494): CodeIgniter\CodeIgniter->createController()
 7 SYSTEMPATH\CodeIgniter.php(361): CodeIgniter\CodeIgniter->handleRequest(null, Object(Config\Cache), false)
 8 FCPATH\index.php(79): CodeIgniter\CodeIgniter->run()
WARNING - 2026-03-03 21:17:33 --> [DEPRECATED] Optional parameter $talles declared before required parameter $buscar is implicitly treated as a required parameter in APPPATH\Models\producto_Model.php on line 0.
 1 SYSTEMPATH\Autoloader\Autoloader.php(311): include_once('C:\\xampp\\htdocs\\proyecto_espinola_emilia\\system\\Debug\\Exceptions.php')
 2 SYSTEMPATH\Autoloader\Autoloader.php(290): CodeIgniter\Autoloader\Autoloader->includeFile('C:\\xampp\\htdocs\\proyecto_espinola_emilia\\app\\Models\\producto_Model.php')
 3 SYSTEMPATH\Autoloader\Autoloader.php(266): CodeIgniter\Autoloader\Autoloader->loadInNamespace('App\\Models\\producto_Model')
 4 APPPATH\Controllers\carrito_controller.php(23): CodeIgniter\Autoloader\Autoloader->loadClass('App\\Models\\producto_Model')
 5 SYSTEMPATH\CodeIgniter.php(915): App\Controllers\carrito_controller->__construct()
 6 SYSTEMPATH\CodeIgniter.php(494): CodeIgniter\CodeIgniter->createController()
 7 SYSTEMPATH\CodeIgniter.php(361): CodeIgniter\CodeIgniter->handleRequest(null, Object(Config\Cache), false)
 8 FCPATH\index.php(79): CodeIgniter\CodeIgniter->run()
WARNING - 2026-03-03 21:17:33 --> [DEPRECATED] Optional parameter $categoria_id declared before required parameter $buscar is implicitly treated as a required parameter in APPPATH\Models\producto_Model.php on line 0.
 1 SYSTEMPATH\Autoloader\Autoloader.php(311): include_once('C:\\xampp\\htdocs\\proyecto_espinola_emilia\\system\\Debug\\Exceptions.php')
 2 SYSTEMPATH\Autoloader\Autoloader.php(290): CodeIgniter\Autoloader\Autoloader->includeFile('C:\\xampp\\htdocs\\proyecto_espinola_emilia\\app\\Models\\producto_Model.php')
 3 SYSTEMPATH\Autoloader\Autoloader.php(266): CodeIgniter\Autoloader\Autoloader->loadInNamespace('App\\Models\\producto_Model')
 4 APPPATH\Controllers\carrito_controller.php(23): CodeIgniter\Autoloader\Autoloader->loadClass('App\\Models\\producto_Model')
 5 SYSTEMPATH\CodeIgniter.php(915): App\Controllers\carrito_controller->__construct()
 6 SYSTEMPATH\CodeIgniter.php(494): CodeIgniter\CodeIgniter->createController()
 7 SYSTEMPATH\CodeIgniter.php(361): CodeIgniter\CodeIgniter->handleRequest(null, Object(Config\Cache), false)
 8 FCPATH\index.php(79): CodeIgniter\CodeIgniter->run()
INFO - 2026-03-03 21:17:33 --> Session: Class initialized using 'CodeIgniter\Session\Handlers\FileHandler' driver.
WARNING - 2026-03-03 21:19:57 --> [DEPRECATED] Optional parameter $colores declared before required parameter $buscar is implicitly treated as a required parameter in APPPATH\Models\producto_Model.php on line 76.
 1 SYSTEMPATH\Autoloader\Autoloader.php(311): include_once('C:\\xampp\\htdocs\\proyecto_espinola_emilia\\system\\Debug\\Exceptions.php')
 2 SYSTEMPATH\Autoloader\Autoloader.php(290): CodeIgniter\Autoloader\Autoloader->includeFile('C:\\xampp\\htdocs\\proyecto_espinola_emilia\\app\\Models\\producto_Model.php')
 3 SYSTEMPATH\Autoloader\Autoloader.php(266): CodeIgniter\Autoloader\Autoloader->loadInNamespace('App\\Models\\producto_Model')
 4 APPPATH\Controllers\carrito_controller.php(23): CodeIgniter\Autoloader\Autoloader->loadClass('App\\Models\\producto_Model')
 5 SYSTEMPATH\CodeIgniter.php(915): App\Controllers\carrito_controller->__construct()
 6 SYSTEMPATH\CodeIgniter.php(494): CodeIgniter\CodeIgniter->createController()
 7 SYSTEMPATH\CodeIgniter.php(361): CodeIgniter\CodeIgniter->handleRequest(null, Object(Config\Cache), false)
 8 FCPATH\index.php(79): CodeIgniter\CodeIgniter->run()
WARNING - 2026-03-03 21:19:57 --> [DEPRECATED] Optional parameter $talles declared before required parameter $buscar is implicitly treated as a required parameter in APPPATH\Models\producto_Model.php on line 0.
 1 SYSTEMPATH\Autoloader\Autoloader.php(311): include_once('C:\\xampp\\htdocs\\proyecto_espinola_emilia\\system\\Debug\\Exceptions.php')
 2 SYSTEMPATH\Autoloader\Autoloader.php(290): CodeIgniter\Autoloader\Autoloader->includeFile('C:\\xampp\\htdocs\\proyecto_espinola_emilia\\app\\Models\\producto_Model.php')
 3 SYSTEMPATH\Autoloader\Autoloader.php(266): CodeIgniter\Autoloader\Autoloader->loadInNamespace('App\\Models\\producto_Model')
 4 APPPATH\Controllers\carrito_controller.php(23): CodeIgniter\Autoloader\Autoloader->loadClass('App\\Models\\producto_Model')
 5 SYSTEMPATH\CodeIgniter.php(915): App\Controllers\carrito_controller->__construct()
 6 SYSTEMPATH\CodeIgniter.php(494): CodeIgniter\CodeIgniter->createController()
 7 SYSTEMPATH\CodeIgniter.php(361): CodeIgniter\CodeIgniter->handleRequest(null, Object(Config\Cache), false)
 8 FCPATH\index.php(79): CodeIgniter\CodeIgniter->run()
WARNING - 2026-03-03 21:19:57 --> [DEPRECATED] Optional parameter $categoria_id declared before required parameter $buscar is implicitly treated as a required parameter in APPPATH\Models\producto_Model.php on line 0.
 1 SYSTEMPATH\Autoloader\Autoloader.php(311): include_once('C:\\xampp\\htdocs\\proyecto_espinola_emilia\\system\\Debug\\Exceptions.php')
 2 SYSTEMPATH\Autoloader\Autoloader.php(290): CodeIgniter\Autoloader\Autoloader->includeFile('C:\\xampp\\htdocs\\proyecto_espinola_emilia\\app\\Models\\producto_Model.php')
 3 SYSTEMPATH\Autoloader\Autoloader.php(266): CodeIgniter\Autoloader\Autoloader->loadInNamespace('App\\Models\\producto_Model')
 4 APPPATH\Controllers\carrito_controller.php(23): CodeIgniter\Autoloader\Autoloader->loadClass('App\\Models\\producto_Model')
 5 SYSTEMPATH\CodeIgniter.php(915): App\Controllers\carrito_controller->__construct()
 6 SYSTEMPATH\CodeIgniter.php(494): CodeIgniter\CodeIgniter->createController()
 7 SYSTEMPATH\CodeIgniter.php(361): CodeIgniter\CodeIgniter->handleRequest(null, Object(Config\Cache), false)
 8 FCPATH\index.php(79): CodeIgniter\CodeIgniter->run()
INFO - 2026-03-03 21:19:57 --> Session: Class initialized using 'CodeIgniter\Session\Handlers\FileHandler' driver.
WARNING - 2026-03-03 21:20:11 --> [DEPRECATED] Optional parameter $colores declared before required parameter $buscar is implicitly treated as a required parameter in APPPATH\Models\producto_Model.php on line 76.
 1 SYSTEMPATH\Autoloader\Autoloader.php(311): include_once('C:\\xampp\\htdocs\\proyecto_espinola_emilia\\system\\Debug\\Exceptions.php')
 2 SYSTEMPATH\Autoloader\Autoloader.php(290): CodeIgniter\Autoloader\Autoloader->includeFile('C:\\xampp\\htdocs\\proyecto_espinola_emilia\\app\\Models\\producto_Model.php')
 3 SYSTEMPATH\Autoloader\Autoloader.php(266): CodeIgniter\Autoloader\Autoloader->loadInNamespace('App\\Models\\producto_Model')
 4 APPPATH\Controllers\carrito_controller.php(23): CodeIgniter\Autoloader\Autoloader->loadClass('App\\Models\\producto_Model')
 5 SYSTEMPATH\CodeIgniter.php(915): App\Controllers\carrito_controller->__construct()
 6 SYSTEMPATH\CodeIgniter.php(494): CodeIgniter\CodeIgniter->createController()
 7 SYSTEMPATH\CodeIgniter.php(361): CodeIgniter\CodeIgniter->handleRequest(null, Object(Config\Cache), false)
 8 FCPATH\index.php(79): CodeIgniter\CodeIgniter->run()
WARNING - 2026-03-03 21:20:11 --> [DEPRECATED] Optional parameter $talles declared before required parameter $buscar is implicitly treated as a required parameter in APPPATH\Models\producto_Model.php on line 0.
 1 SYSTEMPATH\Autoloader\Autoloader.php(311): include_once('C:\\xampp\\htdocs\\proyecto_espinola_emilia\\system\\Debug\\Exceptions.php')
 2 SYSTEMPATH\Autoloader\Autoloader.php(290): CodeIgniter\Autoloader\Autoloader->includeFile('C:\\xampp\\htdocs\\proyecto_espinola_emilia\\app\\Models\\producto_Model.php')
 3 SYSTEMPATH\Autoloader\Autoloader.php(266): CodeIgniter\Autoloader\Autoloader->loadInNamespace('App\\Models\\producto_Model')
 4 APPPATH\Controllers\carrito_controller.php(23): CodeIgniter\Autoloader\Autoloader->loadClass('App\\Models\\producto_Model')
 5 SYSTEMPATH\CodeIgniter.php(915): App\Controllers\carrito_controller->__construct()
 6 SYSTEMPATH\CodeIgniter.php(494): CodeIgniter\CodeIgniter->createController()
 7 SYSTEMPATH\CodeIgniter.php(361): CodeIgniter\CodeIgniter->handleRequest(null, Object(Config\Cache), false)
 8 FCPATH\index.php(79): CodeIgniter\CodeIgniter->run()
WARNING - 2026-03-03 21:20:11 --> [DEPRECATED] Optional parameter $categoria_id declared before required parameter $buscar is implicitly treated as a required parameter in APPPATH\Models\producto_Model.php on line 0.
 1 SYSTEMPATH\Autoloader\Autoloader.php(311): include_once('C:\\xampp\\htdocs\\proyecto_espinola_emilia\\system\\Debug\\Exceptions.php')
 2 SYSTEMPATH\Autoloader\Autoloader.php(290): CodeIgniter\Autoloader\Autoloader->includeFile('C:\\xampp\\htdocs\\proyecto_espinola_emilia\\app\\Models\\producto_Model.php')
 3 SYSTEMPATH\Autoloader\Autoloader.php(266): CodeIgniter\Autoloader\Autoloader->loadInNamespace('App\\Models\\producto_Model')
 4 APPPATH\Controllers\carrito_controller.php(23): CodeIgniter\Autoloader\Autoloader->loadClass('App\\Models\\producto_Model')
 5 SYSTEMPATH\CodeIgniter.php(915): App\Controllers\carrito_controller->__construct()
 6 SYSTEMPATH\CodeIgniter.php(494): CodeIgniter\CodeIgniter->createController()
 7 SYSTEMPATH\CodeIgniter.php(361): CodeIgniter\CodeIgniter->handleRequest(null, Object(Config\Cache), false)
 8 FCPATH\index.php(79): CodeIgniter\CodeIgniter->run()
INFO - 2026-03-03 21:20:11 --> Session: Class initialized using 'CodeIgniter\Session\Handlers\FileHandler' driver.
WARNING - 2026-03-03 21:39:03 --> [DEPRECATED] Optional parameter $colores declared before required parameter $buscar is implicitly treated as a required parameter in APPPATH\Models\producto_Model.php on line 76.
 1 SYSTEMPATH\Autoloader\Autoloader.php(311): include_once('C:\\xampp\\htdocs\\proyecto_espinola_emilia\\system\\Debug\\Exceptions.php')
 2 SYSTEMPATH\Autoloader\Autoloader.php(290): CodeIgniter\Autoloader\Autoloader->includeFile('C:\\xampp\\htdocs\\proyecto_espinola_emilia\\app\\Models\\producto_Model.php')
 3 SYSTEMPATH\Autoloader\Autoloader.php(266): CodeIgniter\Autoloader\Autoloader->loadInNamespace('App\\Models\\producto_Model')
 4 APPPATH\Controllers\Home.php(17): CodeIgniter\Autoloader\Autoloader->loadClass('App\\Models\\producto_Model')
 5 SYSTEMPATH\CodeIgniter.php(943): App\Controllers\Home->inicio()
 6 SYSTEMPATH\CodeIgniter.php(503): CodeIgniter\CodeIgniter->runController(Object(App\Controllers\Home))
 7 SYSTEMPATH\CodeIgniter.php(361): CodeIgniter\CodeIgniter->handleRequest(null, Object(Config\Cache), false)
 8 FCPATH\index.php(79): CodeIgniter\CodeIgniter->run()
WARNING - 2026-03-03 21:39:03 --> [DEPRECATED] Optional parameter $talles declared before required parameter $buscar is implicitly treated as a required parameter in APPPATH\Models\producto_Model.php on line 0.
 1 SYSTEMPATH\Autoloader\Autoloader.php(311): include_once('C:\\xampp\\htdocs\\proyecto_espinola_emilia\\system\\Debug\\Exceptions.php')
 2 SYSTEMPATH\Autoloader\Autoloader.php(290): CodeIgniter\Autoloader\Autoloader->includeFile('C:\\xampp\\htdocs\\proyecto_espinola_emilia\\app\\Models\\producto_Model.php')
 3 SYSTEMPATH\Autoloader\Autoloader.php(266): CodeIgniter\Autoloader\Autoloader->loadInNamespace('App\\Models\\producto_Model')
 4 APPPATH\Controllers\Home.php(17): CodeIgniter\Autoloader\Autoloader->loadClass('App\\Models\\producto_Model')
 5 SYSTEMPATH\CodeIgniter.php(943): App\Controllers\Home->inicio()
 6 SYSTEMPATH\CodeIgniter.php(503): CodeIgniter\CodeIgniter->runController(Object(App\Controllers\Home))
 7 SYSTEMPATH\CodeIgniter.php(361): CodeIgniter\CodeIgniter->handleRequest(null, Object(Config\Cache), false)
 8 FCPATH\index.php(79): CodeIgniter\CodeIgniter->run()
WARNING - 2026-03-03 21:39:03 --> [DEPRECATED] Optional parameter $categoria_id declared before required parameter $buscar is implicitly treated as a required parameter in APPPATH\Models\producto_Model.php on line 0.
 1 SYSTEMPATH\Autoloader\Autoloader.php(311): include_once('C:\\xampp\\htdocs\\proyecto_espinola_emilia\\system\\Debug\\Exceptions.php')
 2 SYSTEMPATH\Autoloader\Autoloader.php(290): CodeIgniter\Autoloader\Autoloader->includeFile('C:\\xampp\\htdocs\\proyecto_espinola_emilia\\app\\Models\\producto_Model.php')
 3 SYSTEMPATH\Autoloader\Autoloader.php(266): CodeIgniter\Autoloader\Autoloader->loadInNamespace('App\\Models\\producto_Model')
 4 APPPATH\Controllers\Home.php(17): CodeIgniter\Autoloader\Autoloader->loadClass('App\\Models\\producto_Model')
 5 SYSTEMPATH\CodeIgniter.php(943): App\Controllers\Home->inicio()
 6 SYSTEMPATH\CodeIgniter.php(503): CodeIgniter\CodeIgniter->runController(Object(App\Controllers\Home))
 7 SYSTEMPATH\CodeIgniter.php(361): CodeIgniter\CodeIgniter->handleRequest(null, Object(Config\Cache), false)
 8 FCPATH\index.php(79): CodeIgniter\CodeIgniter->run()
INFO - 2026-03-03 21:39:04 --> Session: Class initialized using 'CodeIgniter\Session\Handlers\FileHandler' driver.
WARNING - 2026-03-03 21:39:11 --> [DEPRECATED] Optional parameter $colores declared before required parameter $buscar is implicitly treated as a required parameter in APPPATH\Models\producto_Model.php on line 76.
 1 SYSTEMPATH\Autoloader\Autoloader.php(311): include_once('C:\\xampp\\htdocs\\proyecto_espinola_emilia\\system\\Debug\\Exceptions.php')
 2 SYSTEMPATH\Autoloader\Autoloader.php(290): CodeIgniter\Autoloader\Autoloader->includeFile('C:\\xampp\\htdocs\\proyecto_espinola_emilia\\app\\Models\\producto_Model.php')
 3 SYSTEMPATH\Autoloader\Autoloader.php(266): CodeIgniter\Autoloader\Autoloader->loadInNamespace('App\\Models\\producto_Model')
 4 APPPATH\Controllers\carrito_controller.php(23): CodeIgniter\Autoloader\Autoloader->loadClass('App\\Models\\producto_Model')
 5 SYSTEMPATH\CodeIgniter.php(915): App\Controllers\carrito_controller->__construct()
 6 SYSTEMPATH\CodeIgniter.php(494): CodeIgniter\CodeIgniter->createController()
 7 SYSTEMPATH\CodeIgniter.php(361): CodeIgniter\CodeIgniter->handleRequest(null, Object(Config\Cache), false)
 8 FCPATH\index.php(79): CodeIgniter\CodeIgniter->run()
WARNING - 2026-03-03 21:39:11 --> [DEPRECATED] Optional parameter $talles declared before required parameter $buscar is implicitly treated as a required parameter in APPPATH\Models\producto_Model.php on line 0.
 1 SYSTEMPATH\Autoloader\Autoloader.php(311): include_once('C:\\xampp\\htdocs\\proyecto_espinola_emilia\\system\\Debug\\Exceptions.php')
 2 SYSTEMPATH\Autoloader\Autoloader.php(290): CodeIgniter\Autoloader\Autoloader->includeFile('C:\\xampp\\htdocs\\proyecto_espinola_emilia\\app\\Models\\producto_Model.php')
 3 SYSTEMPATH\Autoloader\Autoloader.php(266): CodeIgniter\Autoloader\Autoloader->loadInNamespace('App\\Models\\producto_Model')
 4 APPPATH\Controllers\carrito_controller.php(23): CodeIgniter\Autoloader\Autoloader->loadClass('App\\Models\\producto_Model')
 5 SYSTEMPATH\CodeIgniter.php(915): App\Controllers\carrito_controller->__construct()
 6 SYSTEMPATH\CodeIgniter.php(494): CodeIgniter\CodeIgniter->createController()
 7 SYSTEMPATH\CodeIgniter.php(361): CodeIgniter\CodeIgniter->handleRequest(null, Object(Config\Cache), false)
 8 FCPATH\index.php(79): CodeIgniter\CodeIgniter->run()
WARNING - 2026-03-03 21:39:11 --> [DEPRECATED] Optional parameter $categoria_id declared before required parameter $buscar is implicitly treated as a required parameter in APPPATH\Models\producto_Model.php on line 0.
 1 SYSTEMPATH\Autoloader\Autoloader.php(311): include_once('C:\\xampp\\htdocs\\proyecto_espinola_emilia\\system\\Debug\\Exceptions.php')
 2 SYSTEMPATH\Autoloader\Autoloader.php(290): CodeIgniter\Autoloader\Autoloader->includeFile('C:\\xampp\\htdocs\\proyecto_espinola_emilia\\app\\Models\\producto_Model.php')
 3 SYSTEMPATH\Autoloader\Autoloader.php(266): CodeIgniter\Autoloader\Autoloader->loadInNamespace('App\\Models\\producto_Model')
 4 APPPATH\Controllers\carrito_controller.php(23): CodeIgniter\Autoloader\Autoloader->loadClass('App\\Models\\producto_Model')
 5 SYSTEMPATH\CodeIgniter.php(915): App\Controllers\carrito_controller->__construct()
 6 SYSTEMPATH\CodeIgniter.php(494): CodeIgniter\CodeIgniter->createController()
 7 SYSTEMPATH\CodeIgniter.php(361): CodeIgniter\CodeIgniter->handleRequest(null, Object(Config\Cache), false)
 8 FCPATH\index.php(79): CodeIgniter\CodeIgniter->run()
INFO - 2026-03-03 21:39:11 --> Session: Class initialized using 'CodeIgniter\Session\Handlers\FileHandler' driver.
WARNING - 2026-03-03 21:39:27 --> [DEPRECATED] Optional parameter $colores declared before required parameter $buscar is implicitly treated as a required parameter in APPPATH\Models\producto_Model.php on line 76.
 1 SYSTEMPATH\Autoloader\Autoloader.php(311): include_once('C:\\xampp\\htdocs\\proyecto_espinola_emilia\\system\\Debug\\Exceptions.php')
 2 SYSTEMPATH\Autoloader\Autoloader.php(290): CodeIgniter\Autoloader\Autoloader->includeFile('C:\\xampp\\htdocs\\proyecto_espinola_emilia\\app\\Models\\producto_Model.php')
 3 SYSTEMPATH\Autoloader\Autoloader.php(266): CodeIgniter\Autoloader\Autoloader->loadInNamespace('App\\Models\\producto_Model')
 4 APPPATH\Controllers\producto_controller.php(254): CodeIgniter\Autoloader\Autoloader->loadClass('App\\Models\\producto_Model')
 5 SYSTEMPATH\CodeIgniter.php(943): App\Controllers\producto_controller->detalle_producto('91')
 6 SYSTEMPATH\CodeIgniter.php(503): CodeIgniter\CodeIgniter->runController(Object(App\Controllers\producto_controller))
 7 SYSTEMPATH\CodeIgniter.php(361): CodeIgniter\CodeIgniter->handleRequest(null, Object(Config\Cache), false)
 8 FCPATH\index.php(79): CodeIgniter\CodeIgniter->run()
WARNING - 2026-03-03 21:39:27 --> [DEPRECATED] Optional parameter $talles declared before required parameter $buscar is implicitly treated as a required parameter in APPPATH\Models\producto_Model.php on line 0.
 1 SYSTEMPATH\Autoloader\Autoloader.php(311): include_once('C:\\xampp\\htdocs\\proyecto_espinola_emilia\\system\\Debug\\Exceptions.php')
 2 SYSTEMPATH\Autoloader\Autoloader.php(290): CodeIgniter\Autoloader\Autoloader->includeFile('C:\\xampp\\htdocs\\proyecto_espinola_emilia\\app\\Models\\producto_Model.php')
 3 SYSTEMPATH\Autoloader\Autoloader.php(266): CodeIgniter\Autoloader\Autoloader->loadInNamespace('App\\Models\\producto_Model')
 4 APPPATH\Controllers\producto_controller.php(254): CodeIgniter\Autoloader\Autoloader->loadClass('App\\Models\\producto_Model')
 5 SYSTEMPATH\CodeIgniter.php(943): App\Controllers\producto_controller->detalle_producto('91')
 6 SYSTEMPATH\CodeIgniter.php(503): CodeIgniter\CodeIgniter->runController(Object(App\Controllers\producto_controller))
 7 SYSTEMPATH\CodeIgniter.php(361): CodeIgniter\CodeIgniter->handleRequest(null, Object(Config\Cache), false)
 8 FCPATH\index.php(79): CodeIgniter\CodeIgniter->run()
WARNING - 2026-03-03 21:39:27 --> [DEPRECATED] Optional parameter $categoria_id declared before required parameter $buscar is implicitly treated as a required parameter in APPPATH\Models\producto_Model.php on line 0.
 1 SYSTEMPATH\Autoloader\Autoloader.php(311): include_once('C:\\xampp\\htdocs\\proyecto_espinola_emilia\\system\\Debug\\Exceptions.php')
 2 SYSTEMPATH\Autoloader\Autoloader.php(290): CodeIgniter\Autoloader\Autoloader->includeFile('C:\\xampp\\htdocs\\proyecto_espinola_emilia\\app\\Models\\producto_Model.php')
 3 SYSTEMPATH\Autoloader\Autoloader.php(266): CodeIgniter\Autoloader\Autoloader->loadInNamespace('App\\Models\\producto_Model')
 4 APPPATH\Controllers\producto_controller.php(254): CodeIgniter\Autoloader\Autoloader->loadClass('App\\Models\\producto_Model')
 5 SYSTEMPATH\CodeIgniter.php(943): App\Controllers\producto_controller->detalle_producto('91')
 6 SYSTEMPATH\CodeIgniter.php(503): CodeIgniter\CodeIgniter->runController(Object(App\Controllers\producto_controller))
 7 SYSTEMPATH\CodeIgniter.php(361): CodeIgniter\CodeIgniter->handleRequest(null, Object(Config\Cache), false)
 8 FCPATH\index.php(79): CodeIgniter\CodeIgniter->run()
INFO - 2026-03-03 21:39:27 --> Session: Class initialized using 'CodeIgniter\Session\Handlers\FileHandler' driver.
WARNING - 2026-03-03 21:39:31 --> [DEPRECATED] Optional parameter $colores declared before required parameter $buscar is implicitly treated as a required parameter in APPPATH\Models\producto_Model.php on line 76.
 1 SYSTEMPATH\Autoloader\Autoloader.php(311): include_once('C:\\xampp\\htdocs\\proyecto_espinola_emilia\\system\\Debug\\Exceptions.php')
 2 SYSTEMPATH\Autoloader\Autoloader.php(290): CodeIgniter\Autoloader\Autoloader->includeFile('C:\\xampp\\htdocs\\proyecto_espinola_emilia\\app\\Models\\producto_Model.php')
 3 SYSTEMPATH\Autoloader\Autoloader.php(266): CodeIgniter\Autoloader\Autoloader->loadInNamespace('App\\Models\\producto_Model')
 4 APPPATH\Controllers\carrito_controller.php(23): CodeIgniter\Autoloader\Autoloader->loadClass('App\\Models\\producto_Model')
 5 SYSTEMPATH\CodeIgniter.php(915): App\Controllers\carrito_controller->__construct()
 6 SYSTEMPATH\CodeIgniter.php(494): CodeIgniter\CodeIgniter->createController()
 7 SYSTEMPATH\CodeIgniter.php(361): CodeIgniter\CodeIgniter->handleRequest(null, Object(Config\Cache), false)
 8 FCPATH\index.php(79): CodeIgniter\CodeIgniter->run()
WARNING - 2026-03-03 21:39:31 --> [DEPRECATED] Optional parameter $talles declared before required parameter $buscar is implicitly treated as a required parameter in APPPATH\Models\producto_Model.php on line 0.
 1 SYSTEMPATH\Autoloader\Autoloader.php(311): include_once('C:\\xampp\\htdocs\\proyecto_espinola_emilia\\system\\Debug\\Exceptions.php')
 2 SYSTEMPATH\Autoloader\Autoloader.php(290): CodeIgniter\Autoloader\Autoloader->includeFile('C:\\xampp\\htdocs\\proyecto_espinola_emilia\\app\\Models\\producto_Model.php')
 3 SYSTEMPATH\Autoloader\Autoloader.php(266): CodeIgniter\Autoloader\Autoloader->loadInNamespace('App\\Models\\producto_Model')
 4 APPPATH\Controllers\carrito_controller.php(23): CodeIgniter\Autoloader\Autoloader->loadClass('App\\Models\\producto_Model')
 5 SYSTEMPATH\CodeIgniter.php(915): App\Controllers\carrito_controller->__construct()
 6 SYSTEMPATH\CodeIgniter.php(494): CodeIgniter\CodeIgniter->createController()
 7 SYSTEMPATH\CodeIgniter.php(361): CodeIgniter\CodeIgniter->handleRequest(null, Object(Config\Cache), false)
 8 FCPATH\index.php(79): CodeIgniter\CodeIgniter->run()
WARNING - 2026-03-03 21:39:31 --> [DEPRECATED] Optional parameter $categoria_id declared before required parameter $buscar is implicitly treated as a required parameter in APPPATH\Models\producto_Model.php on line 0.
 1 SYSTEMPATH\Autoloader\Autoloader.php(311): include_once('C:\\xampp\\htdocs\\proyecto_espinola_emilia\\system\\Debug\\Exceptions.php')
 2 SYSTEMPATH\Autoloader\Autoloader.php(290): CodeIgniter\Autoloader\Autoloader->includeFile('C:\\xampp\\htdocs\\proyecto_espinola_emilia\\app\\Models\\producto_Model.php')
 3 SYSTEMPATH\Autoloader\Autoloader.php(266): CodeIgniter\Autoloader\Autoloader->loadInNamespace('App\\Models\\producto_Model')
 4 APPPATH\Controllers\carrito_controller.php(23): CodeIgniter\Autoloader\Autoloader->loadClass('App\\Models\\producto_Model')
 5 SYSTEMPATH\CodeIgniter.php(915): App\Controllers\carrito_controller->__construct()
 6 SYSTEMPATH\CodeIgniter.php(494): CodeIgniter\CodeIgniter->createController()
 7 SYSTEMPATH\CodeIgniter.php(361): CodeIgniter\CodeIgniter->handleRequest(null, Object(Config\Cache), false)
 8 FCPATH\index.php(79): CodeIgniter\CodeIgniter->run()
INFO - 2026-03-03 21:39:31 --> Session: Class initialized using 'CodeIgniter\Session\Handlers\FileHandler' driver.
WARNING - 2026-03-03 21:39:39 --> [DEPRECATED] Optional parameter $colores declared before required parameter $buscar is implicitly treated as a required parameter in APPPATH\Models\producto_Model.php on line 76.
 1 SYSTEMPATH\Autoloader\Autoloader.php(311): include_once('C:\\xampp\\htdocs\\proyecto_espinola_emilia\\system\\Debug\\Exceptions.php')
 2 SYSTEMPATH\Autoloader\Autoloader.php(290): CodeIgniter\Autoloader\Autoloader->includeFile('C:\\xampp\\htdocs\\proyecto_espinola_emilia\\app\\Models\\producto_Model.php')
 3 SYSTEMPATH\Autoloader\Autoloader.php(266): CodeIgniter\Autoloader\Autoloader->loadInNamespace('App\\Models\\producto_Model')
 4 APPPATH\Controllers\carrito_controller.php(23): CodeIgniter\Autoloader\Autoloader->loadClass('App\\Models\\producto_Model')
 5 SYSTEMPATH\CodeIgniter.php(915): App\Controllers\carrito_controller->__construct()
 6 SYSTEMPATH\CodeIgniter.php(494): CodeIgniter\CodeIgniter->createController()
 7 SYSTEMPATH\CodeIgniter.php(361): CodeIgniter\CodeIgniter->handleRequest(null, Object(Config\Cache), false)
 8 FCPATH\index.php(79): CodeIgniter\CodeIgniter->run()
WARNING - 2026-03-03 21:39:39 --> [DEPRECATED] Optional parameter $talles declared before required parameter $buscar is implicitly treated as a required parameter in APPPATH\Models\producto_Model.php on line 0.
 1 SYSTEMPATH\Autoloader\Autoloader.php(311): include_once('C:\\xampp\\htdocs\\proyecto_espinola_emilia\\system\\Debug\\Exceptions.php')
 2 SYSTEMPATH\Autoloader\Autoloader.php(290): CodeIgniter\Autoloader\Autoloader->includeFile('C:\\xampp\\htdocs\\proyecto_espinola_emilia\\app\\Models\\producto_Model.php')
 3 SYSTEMPATH\Autoloader\Autoloader.php(266): CodeIgniter\Autoloader\Autoloader->loadInNamespace('App\\Models\\producto_Model')
 4 APPPATH\Controllers\carrito_controller.php(23): CodeIgniter\Autoloader\Autoloader->loadClass('App\\Models\\producto_Model')
 5 SYSTEMPATH\CodeIgniter.php(915): App\Controllers\carrito_controller->__construct()
 6 SYSTEMPATH\CodeIgniter.php(494): CodeIgniter\CodeIgniter->createController()
 7 SYSTEMPATH\CodeIgniter.php(361): CodeIgniter\CodeIgniter->handleRequest(null, Object(Config\Cache), false)
 8 FCPATH\index.php(79): CodeIgniter\CodeIgniter->run()
WARNING - 2026-03-03 21:39:39 --> [DEPRECATED] Optional parameter $categoria_id declared before required parameter $buscar is implicitly treated as a required parameter in APPPATH\Models\producto_Model.php on line 0.
 1 SYSTEMPATH\Autoloader\Autoloader.php(311): include_once('C:\\xampp\\htdocs\\proyecto_espinola_emilia\\system\\Debug\\Exceptions.php')
 2 SYSTEMPATH\Autoloader\Autoloader.php(290): CodeIgniter\Autoloader\Autoloader->includeFile('C:\\xampp\\htdocs\\proyecto_espinola_emilia\\app\\Models\\producto_Model.php')
 3 SYSTEMPATH\Autoloader\Autoloader.php(266): CodeIgniter\Autoloader\Autoloader->loadInNamespace('App\\Models\\producto_Model')
 4 APPPATH\Controllers\carrito_controller.php(23): CodeIgniter\Autoloader\Autoloader->loadClass('App\\Models\\producto_Model')
 5 SYSTEMPATH\CodeIgniter.php(915): App\Controllers\carrito_controller->__construct()
 6 SYSTEMPATH\CodeIgniter.php(494): CodeIgniter\CodeIgniter->createController()
 7 SYSTEMPATH\CodeIgniter.php(361): CodeIgniter\CodeIgniter->handleRequest(null, Object(Config\Cache), false)
 8 FCPATH\index.php(79): CodeIgniter\CodeIgniter->run()
INFO - 2026-03-03 21:39:39 --> Session: Class initialized using 'CodeIgniter\Session\Handlers\FileHandler' driver.
WARNING - 2026-03-03 21:39:47 --> [DEPRECATED] Optional parameter $colores declared before required parameter $buscar is implicitly treated as a required parameter in APPPATH\Models\producto_Model.php on line 76.
 1 SYSTEMPATH\Autoloader\Autoloader.php(311): include_once('C:\\xampp\\htdocs\\proyecto_espinola_emilia\\system\\Debug\\Exceptions.php')
 2 SYSTEMPATH\Autoloader\Autoloader.php(290): CodeIgniter\Autoloader\Autoloader->includeFile('C:\\xampp\\htdocs\\proyecto_espinola_emilia\\app\\Models\\producto_Model.php')
 3 SYSTEMPATH\Autoloader\Autoloader.php(266): CodeIgniter\Autoloader\Autoloader->loadInNamespace('App\\Models\\producto_Model')
 4 APPPATH\Controllers\Home.php(17): CodeIgniter\Autoloader\Autoloader->loadClass('App\\Models\\producto_Model')
 5 SYSTEMPATH\CodeIgniter.php(943): App\Controllers\Home->inicio()
 6 SYSTEMPATH\CodeIgniter.php(503): CodeIgniter\CodeIgniter->runController(Object(App\Controllers\Home))
 7 SYSTEMPATH\CodeIgniter.php(361): CodeIgniter\CodeIgniter->handleRequest(null, Object(Config\Cache), false)
 8 FCPATH\index.php(79): CodeIgniter\CodeIgniter->run()
WARNING - 2026-03-03 21:39:47 --> [DEPRECATED] Optional parameter $talles declared before required parameter $buscar is implicitly treated as a required parameter in APPPATH\Models\producto_Model.php on line 0.
 1 SYSTEMPATH\Autoloader\Autoloader.php(311): include_once('C:\\xampp\\htdocs\\proyecto_espinola_emilia\\system\\Debug\\Exceptions.php')
 2 SYSTEMPATH\Autoloader\Autoloader.php(290): CodeIgniter\Autoloader\Autoloader->includeFile('C:\\xampp\\htdocs\\proyecto_espinola_emilia\\app\\Models\\producto_Model.php')
 3 SYSTEMPATH\Autoloader\Autoloader.php(266): CodeIgniter\Autoloader\Autoloader->loadInNamespace('App\\Models\\producto_Model')
 4 APPPATH\Controllers\Home.php(17): CodeIgniter\Autoloader\Autoloader->loadClass('App\\Models\\producto_Model')
 5 SYSTEMPATH\CodeIgniter.php(943): App\Controllers\Home->inicio()
 6 SYSTEMPATH\CodeIgniter.php(503): CodeIgniter\CodeIgniter->runController(Object(App\Controllers\Home))
 7 SYSTEMPATH\CodeIgniter.php(361): CodeIgniter\CodeIgniter->handleRequest(null, Object(Config\Cache), false)
 8 FCPATH\index.php(79): CodeIgniter\CodeIgniter->run()
WARNING - 2026-03-03 21:39:47 --> [DEPRECATED] Optional parameter $categoria_id declared before required parameter $buscar is implicitly treated as a required parameter in APPPATH\Models\producto_Model.php on line 0.
 1 SYSTEMPATH\Autoloader\Autoloader.php(311): include_once('C:\\xampp\\htdocs\\proyecto_espinola_emilia\\system\\Debug\\Exceptions.php')
 2 SYSTEMPATH\Autoloader\Autoloader.php(290): CodeIgniter\Autoloader\Autoloader->includeFile('C:\\xampp\\htdocs\\proyecto_espinola_emilia\\app\\Models\\producto_Model.php')
 3 SYSTEMPATH\Autoloader\Autoloader.php(266): CodeIgniter\Autoloader\Autoloader->loadInNamespace('App\\Models\\producto_Model')
 4 APPPATH\Controllers\Home.php(17): CodeIgniter\Autoloader\Autoloader->loadClass('App\\Models\\producto_Model')
 5 SYSTEMPATH\CodeIgniter.php(943): App\Controllers\Home->inicio()
 6 SYSTEMPATH\CodeIgniter.php(503): CodeIgniter\CodeIgniter->runController(Object(App\Controllers\Home))
 7 SYSTEMPATH\CodeIgniter.php(361): CodeIgniter\CodeIgniter->handleRequest(null, Object(Config\Cache), false)
 8 FCPATH\index.php(79): CodeIgniter\CodeIgniter->run()
INFO - 2026-03-03 21:39:47 --> Session: Class initialized using 'CodeIgniter\Session\Handlers\FileHandler' driver.
WARNING - 2026-03-03 21:39:58 --> [DEPRECATED] Optional parameter $colores declared before required parameter $buscar is implicitly treated as a required parameter in APPPATH\Models\producto_Model.php on line 76.
 1 SYSTEMPATH\Autoloader\Autoloader.php(311): include_once('C:\\xampp\\htdocs\\proyecto_espinola_emilia\\system\\Debug\\Exceptions.php')
 2 SYSTEMPATH\Autoloader\Autoloader.php(290): CodeIgniter\Autoloader\Autoloader->includeFile('C:\\xampp\\htdocs\\proyecto_espinola_emilia\\app\\Models\\producto_Model.php')
 3 SYSTEMPATH\Autoloader\Autoloader.php(266): CodeIgniter\Autoloader\Autoloader->loadInNamespace('App\\Models\\producto_Model')
 4 APPPATH\Controllers\producto_controller.php(254): CodeIgniter\Autoloader\Autoloader->loadClass('App\\Models\\producto_Model')
 5 SYSTEMPATH\CodeIgniter.php(943): App\Controllers\producto_controller->detalle_producto('91')
 6 SYSTEMPATH\CodeIgniter.php(503): CodeIgniter\CodeIgniter->runController(Object(App\Controllers\producto_controller))
 7 SYSTEMPATH\CodeIgniter.php(361): CodeIgniter\CodeIgniter->handleRequest(null, Object(Config\Cache), false)
 8 FCPATH\index.php(79): CodeIgniter\CodeIgniter->run()
WARNING - 2026-03-03 21:39:58 --> [DEPRECATED] Optional parameter $talles declared before required parameter $buscar is implicitly treated as a required parameter in APPPATH\Models\producto_Model.php on line 0.
 1 SYSTEMPATH\Autoloader\Autoloader.php(311): include_once('C:\\xampp\\htdocs\\proyecto_espinola_emilia\\system\\Debug\\Exceptions.php')
 2 SYSTEMPATH\Autoloader\Autoloader.php(290): CodeIgniter\Autoloader\Autoloader->includeFile('C:\\xampp\\htdocs\\proyecto_espinola_emilia\\app\\Models\\producto_Model.php')
 3 SYSTEMPATH\Autoloader\Autoloader.php(266): CodeIgniter\Autoloader\Autoloader->loadInNamespace('App\\Models\\producto_Model')
 4 APPPATH\Controllers\producto_controller.php(254): CodeIgniter\Autoloader\Autoloader->loadClass('App\\Models\\producto_Model')
 5 SYSTEMPATH\CodeIgniter.php(943): App\Controllers\producto_controller->detalle_producto('91')
 6 SYSTEMPATH\CodeIgniter.php(503): CodeIgniter\CodeIgniter->runController(Object(App\Controllers\producto_controller))
 7 SYSTEMPATH\CodeIgniter.php(361): CodeIgniter\CodeIgniter->handleRequest(null, Object(Config\Cache), false)
 8 FCPATH\index.php(79): CodeIgniter\CodeIgniter->run()
WARNING - 2026-03-03 21:39:58 --> [DEPRECATED] Optional parameter $categoria_id declared before required parameter $buscar is implicitly treated as a required parameter in APPPATH\Models\producto_Model.php on line 0.
 1 SYSTEMPATH\Autoloader\Autoloader.php(311): include_once('C:\\xampp\\htdocs\\proyecto_espinola_emilia\\system\\Debug\\Exceptions.php')
 2 SYSTEMPATH\Autoloader\Autoloader.php(290): CodeIgniter\Autoloader\Autoloader->includeFile('C:\\xampp\\htdocs\\proyecto_espinola_emilia\\app\\Models\\producto_Model.php')
 3 SYSTEMPATH\Autoloader\Autoloader.php(266): CodeIgniter\Autoloader\Autoloader->loadInNamespace('App\\Models\\producto_Model')
 4 APPPATH\Controllers\producto_controller.php(254): CodeIgniter\Autoloader\Autoloader->loadClass('App\\Models\\producto_Model')
 5 SYSTEMPATH\CodeIgniter.php(943): App\Controllers\producto_controller->detalle_producto('91')
 6 SYSTEMPATH\CodeIgniter.php(503): CodeIgniter\CodeIgniter->runController(Object(App\Controllers\producto_controller))
 7 SYSTEMPATH\CodeIgniter.php(361): CodeIgniter\CodeIgniter->handleRequest(null, Object(Config\Cache), false)
 8 FCPATH\index.php(79): CodeIgniter\CodeIgniter->run()
INFO - 2026-03-03 21:39:58 --> Session: Class initialized using 'CodeIgniter\Session\Handlers\FileHandler' driver.
CRITICAL - 2026-03-03 21:41:32 --> Error: Class "App\Controllers\carrito_Model" not found
in APPPATH\Controllers\contacto_controller.php on line 120.
 1 APPPATH\Controllers\contacto_controller.php(22): App\Controllers\contacto_controller->obtenerCarrito()
 2 SYSTEMPATH\CodeIgniter.php(943): App\Controllers\contacto_controller->contacto()
 3 SYSTEMPATH\CodeIgniter.php(503): CodeIgniter\CodeIgniter->runController(Object(App\Controllers\contacto_controller))
 4 SYSTEMPATH\CodeIgniter.php(361): CodeIgniter\CodeIgniter->handleRequest(null, Object(Config\Cache), false)
 5 FCPATH\index.php(79): CodeIgniter\CodeIgniter->run()
INFO - 2026-03-03 21:42:07 --> Session: Class initialized using 'CodeIgniter\Session\Handlers\FileHandler' driver.
WARNING - 2026-03-03 21:42:16 --> [DEPRECATED] Optional parameter $colores declared before required parameter $buscar is implicitly treated as a required parameter in APPPATH\Models\producto_Model.php on line 76.
 1 SYSTEMPATH\Autoloader\Autoloader.php(311): include_once('C:\\xampp\\htdocs\\proyecto_espinola_emilia\\system\\Debug\\Exceptions.php')
 2 SYSTEMPATH\Autoloader\Autoloader.php(290): CodeIgniter\Autoloader\Autoloader->includeFile('C:\\xampp\\htdocs\\proyecto_espinola_emilia\\app\\Models\\producto_Model.php')
 3 SYSTEMPATH\Autoloader\Autoloader.php(266): CodeIgniter\Autoloader\Autoloader->loadInNamespace('App\\Models\\producto_Model')
 4 APPPATH\Controllers\producto_controller.php(327): CodeIgniter\Autoloader\Autoloader->loadClass('App\\Models\\producto_Model')
 5 SYSTEMPATH\CodeIgniter.php(943): App\Controllers\producto_controller->productos()
 6 SYSTEMPATH\CodeIgniter.php(503): CodeIgniter\CodeIgniter->runController(Object(App\Controllers\producto_controller))
 7 SYSTEMPATH\CodeIgniter.php(361): CodeIgniter\CodeIgniter->handleRequest(null, Object(Config\Cache), false)
 8 FCPATH\index.php(79): CodeIgniter\CodeIgniter->run()
WARNING - 2026-03-03 21:42:16 --> [DEPRECATED] Optional parameter $talles declared before required parameter $buscar is implicitly treated as a required parameter in APPPATH\Models\producto_Model.php on line 0.
 1 SYSTEMPATH\Autoloader\Autoloader.php(311): include_once('C:\\xampp\\htdocs\\proyecto_espinola_emilia\\system\\Debug\\Exceptions.php')
 2 SYSTEMPATH\Autoloader\Autoloader.php(290): CodeIgniter\Autoloader\Autoloader->includeFile('C:\\xampp\\htdocs\\proyecto_espinola_emilia\\app\\Models\\producto_Model.php')
 3 SYSTEMPATH\Autoloader\Autoloader.php(266): CodeIgniter\Autoloader\Autoloader->loadInNamespace('App\\Models\\producto_Model')
 4 APPPATH\Controllers\producto_controller.php(327): CodeIgniter\Autoloader\Autoloader->loadClass('App\\Models\\producto_Model')
 5 SYSTEMPATH\CodeIgniter.php(943): App\Controllers\producto_controller->productos()
 6 SYSTEMPATH\CodeIgniter.php(503): CodeIgniter\CodeIgniter->runController(Object(App\Controllers\producto_controller))
 7 SYSTEMPATH\CodeIgniter.php(361): CodeIgniter\CodeIgniter->handleRequest(null, Object(Config\Cache), false)
 8 FCPATH\index.php(79): CodeIgniter\CodeIgniter->run()
WARNING - 2026-03-03 21:42:16 --> [DEPRECATED] Optional parameter $categoria_id declared before required parameter $buscar is implicitly treated as a required parameter in APPPATH\Models\producto_Model.php on line 0.
 1 SYSTEMPATH\Autoloader\Autoloader.php(311): include_once('C:\\xampp\\htdocs\\proyecto_espinola_emilia\\system\\Debug\\Exceptions.php')
 2 SYSTEMPATH\Autoloader\Autoloader.php(290): CodeIgniter\Autoloader\Autoloader->includeFile('C:\\xampp\\htdocs\\proyecto_espinola_emilia\\app\\Models\\producto_Model.php')
 3 SYSTEMPATH\Autoloader\Autoloader.php(266): CodeIgniter\Autoloader\Autoloader->loadInNamespace('App\\Models\\producto_Model')
 4 APPPATH\Controllers\producto_controller.php(327): CodeIgniter\Autoloader\Autoloader->loadClass('App\\Models\\producto_Model')
 5 SYSTEMPATH\CodeIgniter.php(943): App\Controllers\producto_controller->productos()
 6 SYSTEMPATH\CodeIgniter.php(503): CodeIgniter\CodeIgniter->runController(Object(App\Controllers\producto_controller))
 7 SYSTEMPATH\CodeIgniter.php(361): CodeIgniter\CodeIgniter->handleRequest(null, Object(Config\Cache), false)
 8 FCPATH\index.php(79): CodeIgniter\CodeIgniter->run()
INFO - 2026-03-03 21:42:17 --> Session: Class initialized using 'CodeIgniter\Session\Handlers\FileHandler' driver.
WARNING - 2026-03-03 21:47:53 --> [DEPRECATED] Optional parameter $colores declared before required parameter $buscar is implicitly treated as a required parameter in APPPATH\Models\producto_Model.php on line 76.
 1 SYSTEMPATH\Autoloader\Autoloader.php(311): include_once('C:\\xampp\\htdocs\\proyecto_espinola_emilia\\system\\Debug\\Exceptions.php')
 2 SYSTEMPATH\Autoloader\Autoloader.php(290): CodeIgniter\Autoloader\Autoloader->includeFile('C:\\xampp\\htdocs\\proyecto_espinola_emilia\\app\\Models\\producto_Model.php')
 3 SYSTEMPATH\Autoloader\Autoloader.php(266): CodeIgniter\Autoloader\Autoloader->loadInNamespace('App\\Models\\producto_Model')
 4 APPPATH\Controllers\producto_controller.php(256): CodeIgniter\Autoloader\Autoloader->loadClass('App\\Models\\producto_Model')
 5 SYSTEMPATH\CodeIgniter.php(943): App\Controllers\producto_controller->detalle_producto('87')
 6 SYSTEMPATH\CodeIgniter.php(503): CodeIgniter\CodeIgniter->runController(Object(App\Controllers\producto_controller))
 7 SYSTEMPATH\CodeIgniter.php(361): CodeIgniter\CodeIgniter->handleRequest(null, Object(Config\Cache), false)
 8 FCPATH\index.php(79): CodeIgniter\CodeIgniter->run()
WARNING - 2026-03-03 21:47:53 --> [DEPRECATED] Optional parameter $talles declared before required parameter $buscar is implicitly treated as a required parameter in APPPATH\Models\producto_Model.php on line 0.
 1 SYSTEMPATH\Autoloader\Autoloader.php(311): include_once('C:\\xampp\\htdocs\\proyecto_espinola_emilia\\system\\Debug\\Exceptions.php')
 2 SYSTEMPATH\Autoloader\Autoloader.php(290): CodeIgniter\Autoloader\Autoloader->includeFile('C:\\xampp\\htdocs\\proyecto_espinola_emilia\\app\\Models\\producto_Model.php')
 3 SYSTEMPATH\Autoloader\Autoloader.php(266): CodeIgniter\Autoloader\Autoloader->loadInNamespace('App\\Models\\producto_Model')
 4 APPPATH\Controllers\producto_controller.php(256): CodeIgniter\Autoloader\Autoloader->loadClass('App\\Models\\producto_Model')
 5 SYSTEMPATH\CodeIgniter.php(943): App\Controllers\producto_controller->detalle_producto('87')
 6 SYSTEMPATH\CodeIgniter.php(503): CodeIgniter\CodeIgniter->runController(Object(App\Controllers\producto_controller))
 7 SYSTEMPATH\CodeIgniter.php(361): CodeIgniter\CodeIgniter->handleRequest(null, Object(Config\Cache), false)
 8 FCPATH\index.php(79): CodeIgniter\CodeIgniter->run()
WARNING - 2026-03-03 21:47:53 --> [DEPRECATED] Optional parameter $categoria_id declared before required parameter $buscar is implicitly treated as a required parameter in APPPATH\Models\producto_Model.php on line 0.
 1 SYSTEMPATH\Autoloader\Autoloader.php(311): include_once('C:\\xampp\\htdocs\\proyecto_espinola_emilia\\system\\Debug\\Exceptions.php')
 2 SYSTEMPATH\Autoloader\Autoloader.php(290): CodeIgniter\Autoloader\Autoloader->includeFile('C:\\xampp\\htdocs\\proyecto_espinola_emilia\\app\\Models\\producto_Model.php')
 3 SYSTEMPATH\Autoloader\Autoloader.php(266): CodeIgniter\Autoloader\Autoloader->loadInNamespace('App\\Models\\producto_Model')
 4 APPPATH\Controllers\producto_controller.php(256): CodeIgniter\Autoloader\Autoloader->loadClass('App\\Models\\producto_Model')
 5 SYSTEMPATH\CodeIgniter.php(943): App\Controllers\producto_controller->detalle_producto('87')
 6 SYSTEMPATH\CodeIgniter.php(503): CodeIgniter\CodeIgniter->runController(Object(App\Controllers\producto_controller))
 7 SYSTEMPATH\CodeIgniter.php(361): CodeIgniter\CodeIgniter->handleRequest(null, Object(Config\Cache), false)
 8 FCPATH\index.php(79): CodeIgniter\CodeIgniter->run()
INFO - 2026-03-03 21:47:53 --> Session: Class initialized using 'CodeIgniter\Session\Handlers\FileHandler' driver.
WARNING - 2026-03-03 21:47:59 --> [DEPRECATED] Optional parameter $colores declared before required parameter $buscar is implicitly treated as a required parameter in APPPATH\Models\producto_Model.php on line 76.
 1 SYSTEMPATH\Autoloader\Autoloader.php(311): include_once('C:\\xampp\\htdocs\\proyecto_espinola_emilia\\system\\Debug\\Exceptions.php')
 2 SYSTEMPATH\Autoloader\Autoloader.php(290): CodeIgniter\Autoloader\Autoloader->includeFile('C:\\xampp\\htdocs\\proyecto_espinola_emilia\\app\\Models\\producto_Model.php')
 3 SYSTEMPATH\Autoloader\Autoloader.php(266): CodeIgniter\Autoloader\Autoloader->loadInNamespace('App\\Models\\producto_Model')
 4 APPPATH\Controllers\carrito_controller.php(23): CodeIgniter\Autoloader\Autoloader->loadClass('App\\Models\\producto_Model')
 5 SYSTEMPATH\CodeIgniter.php(915): App\Controllers\carrito_controller->__construct()
 6 SYSTEMPATH\CodeIgniter.php(494): CodeIgniter\CodeIgniter->createController()
 7 SYSTEMPATH\CodeIgniter.php(361): CodeIgniter\CodeIgniter->handleRequest(null, Object(Config\Cache), false)
 8 FCPATH\index.php(79): CodeIgniter\CodeIgniter->run()
WARNING - 2026-03-03 21:47:59 --> [DEPRECATED] Optional parameter $talles declared before required parameter $buscar is implicitly treated as a required parameter in APPPATH\Models\producto_Model.php on line 0.
 1 SYSTEMPATH\Autoloader\Autoloader.php(311): include_once('C:\\xampp\\htdocs\\proyecto_espinola_emilia\\system\\Debug\\Exceptions.php')
 2 SYSTEMPATH\Autoloader\Autoloader.php(290): CodeIgniter\Autoloader\Autoloader->includeFile('C:\\xampp\\htdocs\\proyecto_espinola_emilia\\app\\Models\\producto_Model.php')
 3 SYSTEMPATH\Autoloader\Autoloader.php(266): CodeIgniter\Autoloader\Autoloader->loadInNamespace('App\\Models\\producto_Model')
 4 APPPATH\Controllers\carrito_controller.php(23): CodeIgniter\Autoloader\Autoloader->loadClass('App\\Models\\producto_Model')
 5 SYSTEMPATH\CodeIgniter.php(915): App\Controllers\carrito_controller->__construct()
 6 SYSTEMPATH\CodeIgniter.php(494): CodeIgniter\CodeIgniter->createController()
 7 SYSTEMPATH\CodeIgniter.php(361): CodeIgniter\CodeIgniter->handleRequest(null, Object(Config\Cache), false)
 8 FCPATH\index.php(79): CodeIgniter\CodeIgniter->run()
WARNING - 2026-03-03 21:47:59 --> [DEPRECATED] Optional parameter $categoria_id declared before required parameter $buscar is implicitly treated as a required parameter in APPPATH\Models\producto_Model.php on line 0.
 1 SYSTEMPATH\Autoloader\Autoloader.php(311): include_once('C:\\xampp\\htdocs\\proyecto_espinola_emilia\\system\\Debug\\Exceptions.php')
 2 SYSTEMPATH\Autoloader\Autoloader.php(290): CodeIgniter\Autoloader\Autoloader->includeFile('C:\\xampp\\htdocs\\proyecto_espinola_emilia\\app\\Models\\producto_Model.php')
 3 SYSTEMPATH\Autoloader\Autoloader.php(266): CodeIgniter\Autoloader\Autoloader->loadInNamespace('App\\Models\\producto_Model')
 4 APPPATH\Controllers\carrito_controller.php(23): CodeIgniter\Autoloader\Autoloader->loadClass('App\\Models\\producto_Model')
 5 SYSTEMPATH\CodeIgniter.php(915): App\Controllers\carrito_controller->__construct()
 6 SYSTEMPATH\CodeIgniter.php(494): CodeIgniter\CodeIgniter->createController()
 7 SYSTEMPATH\CodeIgniter.php(361): CodeIgniter\CodeIgniter->handleRequest(null, Object(Config\Cache), false)
 8 FCPATH\index.php(79): CodeIgniter\CodeIgniter->run()
INFO - 2026-03-03 21:47:59 --> Session: Class initialized using 'CodeIgniter\Session\Handlers\FileHandler' driver.
CRITICAL - 2026-03-03 21:47:59 --> Error: Class "App\Controllers\CarritosModel" not found
in APPPATH\Controllers\carrito_controller.php on line 193.
 1 SYSTEMPATH\CodeIgniter.php(943): App\Controllers\carrito_controller->eliminarProductoDelCarrito()
 2 SYSTEMPATH\CodeIgniter.php(503): CodeIgniter\CodeIgniter->runController(Object(App\Controllers\carrito_controller))
 3 SYSTEMPATH\CodeIgniter.php(361): CodeIgniter\CodeIgniter->handleRequest(null, Object(Config\Cache), false)
 4 FCPATH\index.php(79): CodeIgniter\CodeIgniter->run()
WARNING - 2026-03-03 21:48:44 --> [DEPRECATED] Optional parameter $colores declared before required parameter $buscar is implicitly treated as a required parameter in APPPATH\Models\producto_Model.php on line 76.
 1 SYSTEMPATH\Autoloader\Autoloader.php(311): include_once('C:\\xampp\\htdocs\\proyecto_espinola_emilia\\system\\Debug\\Exceptions.php')
 2 SYSTEMPATH\Autoloader\Autoloader.php(290): CodeIgniter\Autoloader\Autoloader->includeFile('C:\\xampp\\htdocs\\proyecto_espinola_emilia\\app\\Models\\producto_Model.php')
 3 SYSTEMPATH\Autoloader\Autoloader.php(266): CodeIgniter\Autoloader\Autoloader->loadInNamespace('App\\Models\\producto_Model')
 4 APPPATH\Controllers\producto_controller.php(256): CodeIgniter\Autoloader\Autoloader->loadClass('App\\Models\\producto_Model')
 5 SYSTEMPATH\CodeIgniter.php(943): App\Controllers\producto_controller->detalle_producto('87')
 6 SYSTEMPATH\CodeIgniter.php(503): CodeIgniter\CodeIgniter->runController(Object(App\Controllers\producto_controller))
 7 SYSTEMPATH\CodeIgniter.php(361): CodeIgniter\CodeIgniter->handleRequest(null, Object(Config\Cache), false)
 8 FCPATH\index.php(79): CodeIgniter\CodeIgniter->run()
WARNING - 2026-03-03 21:48:44 --> [DEPRECATED] Optional parameter $talles declared before required parameter $buscar is implicitly treated as a required parameter in APPPATH\Models\producto_Model.php on line 0.
 1 SYSTEMPATH\Autoloader\Autoloader.php(311): include_once('C:\\xampp\\htdocs\\proyecto_espinola_emilia\\system\\Debug\\Exceptions.php')
 2 SYSTEMPATH\Autoloader\Autoloader.php(290): CodeIgniter\Autoloader\Autoloader->includeFile('C:\\xampp\\htdocs\\proyecto_espinola_emilia\\app\\Models\\producto_Model.php')
 3 SYSTEMPATH\Autoloader\Autoloader.php(266): CodeIgniter\Autoloader\Autoloader->loadInNamespace('App\\Models\\producto_Model')
 4 APPPATH\Controllers\producto_controller.php(256): CodeIgniter\Autoloader\Autoloader->loadClass('App\\Models\\producto_Model')
 5 SYSTEMPATH\CodeIgniter.php(943): App\Controllers\producto_controller->detalle_producto('87')
 6 SYSTEMPATH\CodeIgniter.php(503): CodeIgniter\CodeIgniter->runController(Object(App\Controllers\producto_controller))
 7 SYSTEMPATH\CodeIgniter.php(361): CodeIgniter\CodeIgniter->handleRequest(null, Object(Config\Cache), false)
 8 FCPATH\index.php(79): CodeIgniter\CodeIgniter->run()
WARNING - 2026-03-03 21:48:44 --> [DEPRECATED] Optional parameter $categoria_id declared before required parameter $buscar is implicitly treated as a required parameter in APPPATH\Models\producto_Model.php on line 0.
 1 SYSTEMPATH\Autoloader\Autoloader.php(311): include_once('C:\\xampp\\htdocs\\proyecto_espinola_emilia\\system\\Debug\\Exceptions.php')
 2 SYSTEMPATH\Autoloader\Autoloader.php(290): CodeIgniter\Autoloader\Autoloader->includeFile('C:\\xampp\\htdocs\\proyecto_espinola_emilia\\app\\Models\\producto_Model.php')
 3 SYSTEMPATH\Autoloader\Autoloader.php(266): CodeIgniter\Autoloader\Autoloader->loadInNamespace('App\\Models\\producto_Model')
 4 APPPATH\Controllers\producto_controller.php(256): CodeIgniter\Autoloader\Autoloader->loadClass('App\\Models\\producto_Model')
 5 SYSTEMPATH\CodeIgniter.php(943): App\Controllers\producto_controller->detalle_producto('87')
 6 SYSTEMPATH\CodeIgniter.php(503): CodeIgniter\CodeIgniter->runController(Object(App\Controllers\producto_controller))
 7 SYSTEMPATH\CodeIgniter.php(361): CodeIgniter\CodeIgniter->handleRequest(null, Object(Config\Cache), false)
 8 FCPATH\index.php(79): CodeIgniter\CodeIgniter->run()
INFO - 2026-03-03 21:48:44 --> Session: Class initialized using 'CodeIgniter\Session\Handlers\FileHandler' driver.
WARNING - 2026-03-03 21:48:49 --> [DEPRECATED] Optional parameter $colores declared before required parameter $buscar is implicitly treated as a required parameter in APPPATH\Models\producto_Model.php on line 76.
 1 SYSTEMPATH\Autoloader\Autoloader.php(311): include_once('C:\\xampp\\htdocs\\proyecto_espinola_emilia\\system\\Debug\\Exceptions.php')
 2 SYSTEMPATH\Autoloader\Autoloader.php(290): CodeIgniter\Autoloader\Autoloader->includeFile('C:\\xampp\\htdocs\\proyecto_espinola_emilia\\app\\Models\\producto_Model.php')
 3 SYSTEMPATH\Autoloader\Autoloader.php(266): CodeIgniter\Autoloader\Autoloader->loadInNamespace('App\\Models\\producto_Model')
 4 APPPATH\Controllers\carrito_controller.php(23): CodeIgniter\Autoloader\Autoloader->loadClass('App\\Models\\producto_Model')
 5 SYSTEMPATH\CodeIgniter.php(915): App\Controllers\carrito_controller->__construct()
 6 SYSTEMPATH\CodeIgniter.php(494): CodeIgniter\CodeIgniter->createController()
 7 SYSTEMPATH\CodeIgniter.php(361): CodeIgniter\CodeIgniter->handleRequest(null, Object(Config\Cache), false)
 8 FCPATH\index.php(79): CodeIgniter\CodeIgniter->run()
WARNING - 2026-03-03 21:48:49 --> [DEPRECATED] Optional parameter $talles declared before required parameter $buscar is implicitly treated as a required parameter in APPPATH\Models\producto_Model.php on line 0.
 1 SYSTEMPATH\Autoloader\Autoloader.php(311): include_once('C:\\xampp\\htdocs\\proyecto_espinola_emilia\\system\\Debug\\Exceptions.php')
 2 SYSTEMPATH\Autoloader\Autoloader.php(290): CodeIgniter\Autoloader\Autoloader->includeFile('C:\\xampp\\htdocs\\proyecto_espinola_emilia\\app\\Models\\producto_Model.php')
 3 SYSTEMPATH\Autoloader\Autoloader.php(266): CodeIgniter\Autoloader\Autoloader->loadInNamespace('App\\Models\\producto_Model')
 4 APPPATH\Controllers\carrito_controller.php(23): CodeIgniter\Autoloader\Autoloader->loadClass('App\\Models\\producto_Model')
 5 SYSTEMPATH\CodeIgniter.php(915): App\Controllers\carrito_controller->__construct()
 6 SYSTEMPATH\CodeIgniter.php(494): CodeIgniter\CodeIgniter->createController()
 7 SYSTEMPATH\CodeIgniter.php(361): CodeIgniter\CodeIgniter->handleRequest(null, Object(Config\Cache), false)
 8 FCPATH\index.php(79): CodeIgniter\CodeIgniter->run()
WARNING - 2026-03-03 21:48:49 --> [DEPRECATED] Optional parameter $categoria_id declared before required parameter $buscar is implicitly treated as a required parameter in APPPATH\Models\producto_Model.php on line 0.
 1 SYSTEMPATH\Autoloader\Autoloader.php(311): include_once('C:\\xampp\\htdocs\\proyecto_espinola_emilia\\system\\Debug\\Exceptions.php')
 2 SYSTEMPATH\Autoloader\Autoloader.php(290): CodeIgniter\Autoloader\Autoloader->includeFile('C:\\xampp\\htdocs\\proyecto_espinola_emilia\\app\\Models\\producto_Model.php')
 3 SYSTEMPATH\Autoloader\Autoloader.php(266): CodeIgniter\Autoloader\Autoloader->loadInNamespace('App\\Models\\producto_Model')
 4 APPPATH\Controllers\carrito_controller.php(23): CodeIgniter\Autoloader\Autoloader->loadClass('App\\Models\\producto_Model')
 5 SYSTEMPATH\CodeIgniter.php(915): App\Controllers\carrito_controller->__construct()
 6 SYSTEMPATH\CodeIgniter.php(494): CodeIgniter\CodeIgniter->createController()
 7 SYSTEMPATH\CodeIgniter.php(361): CodeIgniter\CodeIgniter->handleRequest(null, Object(Config\Cache), false)
 8 FCPATH\index.php(79): CodeIgniter\CodeIgniter->run()
INFO - 2026-03-03 21:48:49 --> Session: Class initialized using 'CodeIgniter\Session\Handlers\FileHandler' driver.
ERROR - 2026-03-03 21:48:49 --> mysqli_sql_exception: Unknown column 'product_id' in 'where clause' in C:\xampp\htdocs\proyecto_espinola_emilia\system\Database\MySQLi\Connection.php:306
Stack trace:
#0 C:\xampp\htdocs\proyecto_espinola_emilia\system\Database\MySQLi\Connection.php(306): mysqli->query('DELETE FROM `ca...', 0)
#1 C:\xampp\htdocs\proyecto_espinola_emilia\system\Database\BaseConnection.php(693): CodeIgniter\Database\MySQLi\Connection->execute('DELETE FROM `ca...')
#2 C:\xampp\htdocs\proyecto_espinola_emilia\system\Database\BaseConnection.php(607): CodeIgniter\Database\BaseConnection->simpleQuery('DELETE FROM `ca...')
#3 C:\xampp\htdocs\proyecto_espinola_emilia\system\Database\BaseBuilder.php(2787): CodeIgniter\Database\BaseConnection->query('DELETE FROM `ca...', Array, false)
#4 C:\xampp\htdocs\proyecto_espinola_emilia\system\Model.php(454): CodeIgniter\Database\BaseBuilder->delete()
#5 C:\xampp\htdocs\proyecto_espinola_emilia\system\BaseModel.php(1117): CodeIgniter\Model->doDelete(NULL, false)
#6 C:\xampp\htdocs\proyecto_espinola_emilia\app\Controllers\carrito_controller.php(207): CodeIgniter\BaseModel->delete()
#7 C:\xampp\htdocs\proyecto_espinola_emilia\system\CodeIgniter.php(943): App\Controllers\carrito_controller->eliminarProductoDelCarrito()
#8 C:\xampp\htdocs\proyecto_espinola_emilia\system\CodeIgniter.php(503): CodeIgniter\CodeIgniter->runController(Object(App\Controllers\carrito_controller))
#9 C:\xampp\htdocs\proyecto_espinola_emilia\system\CodeIgniter.php(361): CodeIgniter\CodeIgniter->handleRequest(NULL, Object(Config\Cache), false)
#10 C:\xampp\htdocs\proyecto_espinola_emilia\index.php(79): CodeIgniter\CodeIgniter->run()
#11 {main}
CRITICAL - 2026-03-03 21:48:49 --> CodeIgniter\Database\Exceptions\DatabaseException: Unknown column 'product_id' in 'where clause'
in SYSTEMPATH\Database\BaseConnection.php on line 647.
 1 SYSTEMPATH\Database\BaseBuilder.php(2787): CodeIgniter\Database\BaseConnection->query('DELETE FROM `carritos_items`
WHERE `carrito_id` = :carrito_id:
AND `product_id` = :product_id:', [...], false)
 2 SYSTEMPATH\Model.php(454): CodeIgniter\Database\BaseBuilder->delete()
 3 SYSTEMPATH\BaseModel.php(1117): CodeIgniter\Model->doDelete(null, false)
 4 APPPATH\Controllers\carrito_controller.php(207): CodeIgniter\BaseModel->delete()
 5 SYSTEMPATH\CodeIgniter.php(943): App\Controllers\carrito_controller->eliminarProductoDelCarrito()
 6 SYSTEMPATH\CodeIgniter.php(503): CodeIgniter\CodeIgniter->runController(Object(App\Controllers\carrito_controller))
 7 SYSTEMPATH\CodeIgniter.php(361): CodeIgniter\CodeIgniter->handleRequest(null, Object(Config\Cache), false)
 8 FCPATH\index.php(79): CodeIgniter\CodeIgniter->run()
CRITICAL - 2026-03-03 21:48:49 --> [Caused by] CodeIgniter\Database\Exceptions\DatabaseException: Unknown column 'product_id' in 'where clause'
in SYSTEMPATH\Database\MySQLi\Connection.php on line 311.
 1 SYSTEMPATH\Database\BaseConnection.php(693): CodeIgniter\Database\MySQLi\Connection->execute('DELETE FROM `carritos_items`
WHERE `carrito_id` = \'1\'
AND `product_id` = \'65\'')
 2 SYSTEMPATH\Database\BaseConnection.php(607): CodeIgniter\Database\BaseConnection->simpleQuery('DELETE FROM `carritos_items`
WHERE `carrito_id` = \'1\'
AND `product_id` = \'65\'')
 3 SYSTEMPATH\Database\BaseBuilder.php(2787): CodeIgniter\Database\BaseConnection->query('DELETE FROM `carritos_items`
WHERE `carrito_id` = :carrito_id:
AND `product_id` = :product_id:', [...], false)
 4 SYSTEMPATH\Model.php(454): CodeIgniter\Database\BaseBuilder->delete()
 5 SYSTEMPATH\BaseModel.php(1117): CodeIgniter\Model->doDelete(null, false)
 6 APPPATH\Controllers\carrito_controller.php(207): CodeIgniter\BaseModel->delete()
 7 SYSTEMPATH\CodeIgniter.php(943): App\Controllers\carrito_controller->eliminarProductoDelCarrito()
 8 SYSTEMPATH\CodeIgniter.php(503): CodeIgniter\CodeIgniter->runController(Object(App\Controllers\carrito_controller))
 9 SYSTEMPATH\CodeIgniter.php(361): CodeIgniter\CodeIgniter->handleRequest(null, Object(Config\Cache), false)
10 FCPATH\index.php(79): CodeIgniter\CodeIgniter->run()
CRITICAL - 2026-03-03 21:48:49 --> [Caused by] mysqli_sql_exception: Unknown column 'product_id' in 'where clause'
in SYSTEMPATH\Database\MySQLi\Connection.php on line 306.
 1 SYSTEMPATH\Database\MySQLi\Connection.php(306): mysqli->query('DELETE FROM `carritos_items`
WHERE `carrito_id` = \'1\'
AND `product_id` = \'65\'', 0)
 2 SYSTEMPATH\Database\BaseConnection.php(693): CodeIgniter\Database\MySQLi\Connection->execute('DELETE FROM `carritos_items`
WHERE `carrito_id` = \'1\'
AND `product_id` = \'65\'')
 3 SYSTEMPATH\Database\BaseConnection.php(607): CodeIgniter\Database\BaseConnection->simpleQuery('DELETE FROM `carritos_items`
WHERE `carrito_id` = \'1\'
AND `product_id` = \'65\'')
 4 SYSTEMPATH\Database\BaseBuilder.php(2787): CodeIgniter\Database\BaseConnection->query('DELETE FROM `carritos_items`
WHERE `carrito_id` = :carrito_id:
AND `product_id` = :product_id:', [...], false)
 5 SYSTEMPATH\Model.php(454): CodeIgniter\Database\BaseBuilder->delete()
 6 SYSTEMPATH\BaseModel.php(1117): CodeIgniter\Model->doDelete(null, false)
 7 APPPATH\Controllers\carrito_controller.php(207): CodeIgniter\BaseModel->delete()
 8 SYSTEMPATH\CodeIgniter.php(943): App\Controllers\carrito_controller->eliminarProductoDelCarrito()
 9 SYSTEMPATH\CodeIgniter.php(503): CodeIgniter\CodeIgniter->runController(Object(App\Controllers\carrito_controller))
10 SYSTEMPATH\CodeIgniter.php(361): CodeIgniter\CodeIgniter->handleRequest(null, Object(Config\Cache), false)
11 FCPATH\index.php(79): CodeIgniter\CodeIgniter->run()
WARNING - 2026-03-03 21:50:03 --> [DEPRECATED] Optional parameter $colores declared before required parameter $buscar is implicitly treated as a required parameter in APPPATH\Models\producto_Model.php on line 76.
 1 SYSTEMPATH\Autoloader\Autoloader.php(311): include_once('C:\\xampp\\htdocs\\proyecto_espinola_emilia\\system\\Debug\\Exceptions.php')
 2 SYSTEMPATH\Autoloader\Autoloader.php(290): CodeIgniter\Autoloader\Autoloader->includeFile('C:\\xampp\\htdocs\\proyecto_espinola_emilia\\app\\Models\\producto_Model.php')
 3 SYSTEMPATH\Autoloader\Autoloader.php(266): CodeIgniter\Autoloader\Autoloader->loadInNamespace('App\\Models\\producto_Model')
 4 APPPATH\Controllers\carrito_controller.php(23): CodeIgniter\Autoloader\Autoloader->loadClass('App\\Models\\producto_Model')
 5 SYSTEMPATH\CodeIgniter.php(915): App\Controllers\carrito_controller->__construct()
 6 SYSTEMPATH\CodeIgniter.php(494): CodeIgniter\CodeIgniter->createController()
 7 SYSTEMPATH\CodeIgniter.php(361): CodeIgniter\CodeIgniter->handleRequest(null, Object(Config\Cache), false)
 8 FCPATH\index.php(79): CodeIgniter\CodeIgniter->run()
WARNING - 2026-03-03 21:50:03 --> [DEPRECATED] Optional parameter $talles declared before required parameter $buscar is implicitly treated as a required parameter in APPPATH\Models\producto_Model.php on line 0.
 1 SYSTEMPATH\Autoloader\Autoloader.php(311): include_once('C:\\xampp\\htdocs\\proyecto_espinola_emilia\\system\\Debug\\Exceptions.php')
 2 SYSTEMPATH\Autoloader\Autoloader.php(290): CodeIgniter\Autoloader\Autoloader->includeFile('C:\\xampp\\htdocs\\proyecto_espinola_emilia\\app\\Models\\producto_Model.php')
 3 SYSTEMPATH\Autoloader\Autoloader.php(266): CodeIgniter\Autoloader\Autoloader->loadInNamespace('App\\Models\\producto_Model')
 4 APPPATH\Controllers\carrito_controller.php(23): CodeIgniter\Autoloader\Autoloader->loadClass('App\\Models\\producto_Model')
 5 SYSTEMPATH\CodeIgniter.php(915): App\Controllers\carrito_controller->__construct()
 6 SYSTEMPATH\CodeIgniter.php(494): CodeIgniter\CodeIgniter->createController()
 7 SYSTEMPATH\CodeIgniter.php(361): CodeIgniter\CodeIgniter->handleRequest(null, Object(Config\Cache), false)
 8 FCPATH\index.php(79): CodeIgniter\CodeIgniter->run()
WARNING - 2026-03-03 21:50:03 --> [DEPRECATED] Optional parameter $categoria_id declared before required parameter $buscar is implicitly treated as a required parameter in APPPATH\Models\producto_Model.php on line 0.
 1 SYSTEMPATH\Autoloader\Autoloader.php(311): include_once('C:\\xampp\\htdocs\\proyecto_espinola_emilia\\system\\Debug\\Exceptions.php')
 2 SYSTEMPATH\Autoloader\Autoloader.php(290): CodeIgniter\Autoloader\Autoloader->includeFile('C:\\xampp\\htdocs\\proyecto_espinola_emilia\\app\\Models\\producto_Model.php')
 3 SYSTEMPATH\Autoloader\Autoloader.php(266): CodeIgniter\Autoloader\Autoloader->loadInNamespace('App\\Models\\producto_Model')
 4 APPPATH\Controllers\carrito_controller.php(23): CodeIgniter\Autoloader\Autoloader->loadClass('App\\Models\\producto_Model')
 5 SYSTEMPATH\CodeIgniter.php(915): App\Controllers\carrito_controller->__construct()
 6 SYSTEMPATH\CodeIgniter.php(494): CodeIgniter\CodeIgniter->createController()
 7 SYSTEMPATH\CodeIgniter.php(361): CodeIgniter\CodeIgniter->handleRequest(null, Object(Config\Cache), false)
 8 FCPATH\index.php(79): CodeIgniter\CodeIgniter->run()
INFO - 2026-03-03 21:50:03 --> Session: Class initialized using 'CodeIgniter\Session\Handlers\FileHandler' driver.
WARNING - 2026-03-03 21:50:06 --> [DEPRECATED] Optional parameter $colores declared before required parameter $buscar is implicitly treated as a required parameter in APPPATH\Models\producto_Model.php on line 76.
 1 SYSTEMPATH\Autoloader\Autoloader.php(311): include_once('C:\\xampp\\htdocs\\proyecto_espinola_emilia\\system\\Debug\\Exceptions.php')
 2 SYSTEMPATH\Autoloader\Autoloader.php(290): CodeIgniter\Autoloader\Autoloader->includeFile('C:\\xampp\\htdocs\\proyecto_espinola_emilia\\app\\Models\\producto_Model.php')
 3 SYSTEMPATH\Autoloader\Autoloader.php(266): CodeIgniter\Autoloader\Autoloader->loadInNamespace('App\\Models\\producto_Model')
 4 APPPATH\Controllers\carrito_controller.php(23): CodeIgniter\Autoloader\Autoloader->loadClass('App\\Models\\producto_Model')
 5 SYSTEMPATH\CodeIgniter.php(915): App\Controllers\carrito_controller->__construct()
 6 SYSTEMPATH\CodeIgniter.php(494): CodeIgniter\CodeIgniter->createController()
 7 SYSTEMPATH\CodeIgniter.php(361): CodeIgniter\CodeIgniter->handleRequest(null, Object(Config\Cache), false)
 8 FCPATH\index.php(79): CodeIgniter\CodeIgniter->run()
WARNING - 2026-03-03 21:50:06 --> [DEPRECATED] Optional parameter $talles declared before required parameter $buscar is implicitly treated as a required parameter in APPPATH\Models\producto_Model.php on line 0.
 1 SYSTEMPATH\Autoloader\Autoloader.php(311): include_once('C:\\xampp\\htdocs\\proyecto_espinola_emilia\\system\\Debug\\Exceptions.php')
 2 SYSTEMPATH\Autoloader\Autoloader.php(290): CodeIgniter\Autoloader\Autoloader->includeFile('C:\\xampp\\htdocs\\proyecto_espinola_emilia\\app\\Models\\producto_Model.php')
 3 SYSTEMPATH\Autoloader\Autoloader.php(266): CodeIgniter\Autoloader\Autoloader->loadInNamespace('App\\Models\\producto_Model')
 4 APPPATH\Controllers\carrito_controller.php(23): CodeIgniter\Autoloader\Autoloader->loadClass('App\\Models\\producto_Model')
 5 SYSTEMPATH\CodeIgniter.php(915): App\Controllers\carrito_controller->__construct()
 6 SYSTEMPATH\CodeIgniter.php(494): CodeIgniter\CodeIgniter->createController()
 7 SYSTEMPATH\CodeIgniter.php(361): CodeIgniter\CodeIgniter->handleRequest(null, Object(Config\Cache), false)
 8 FCPATH\index.php(79): CodeIgniter\CodeIgniter->run()
WARNING - 2026-03-03 21:50:06 --> [DEPRECATED] Optional parameter $categoria_id declared before required parameter $buscar is implicitly treated as a required parameter in APPPATH\Models\producto_Model.php on line 0.
 1 SYSTEMPATH\Autoloader\Autoloader.php(311): include_once('C:\\xampp\\htdocs\\proyecto_espinola_emilia\\system\\Debug\\Exceptions.php')
 2 SYSTEMPATH\Autoloader\Autoloader.php(290): CodeIgniter\Autoloader\Autoloader->includeFile('C:\\xampp\\htdocs\\proyecto_espinola_emilia\\app\\Models\\producto_Model.php')
 3 SYSTEMPATH\Autoloader\Autoloader.php(266): CodeIgniter\Autoloader\Autoloader->loadInNamespace('App\\Models\\producto_Model')
 4 APPPATH\Controllers\carrito_controller.php(23): CodeIgniter\Autoloader\Autoloader->loadClass('App\\Models\\producto_Model')
 5 SYSTEMPATH\CodeIgniter.php(915): App\Controllers\carrito_controller->__construct()
 6 SYSTEMPATH\CodeIgniter.php(494): CodeIgniter\CodeIgniter->createController()
 7 SYSTEMPATH\CodeIgniter.php(361): CodeIgniter\CodeIgniter->handleRequest(null, Object(Config\Cache), false)
 8 FCPATH\index.php(79): CodeIgniter\CodeIgniter->run()
INFO - 2026-03-03 21:50:06 --> Session: Class initialized using 'CodeIgniter\Session\Handlers\FileHandler' driver.
WARNING - 2026-03-03 21:50:22 --> [DEPRECATED] Optional parameter $colores declared before required parameter $buscar is implicitly treated as a required parameter in APPPATH\Models\producto_Model.php on line 76.
 1 SYSTEMPATH\Autoloader\Autoloader.php(311): include_once('C:\\xampp\\htdocs\\proyecto_espinola_emilia\\system\\Debug\\Exceptions.php')
 2 SYSTEMPATH\Autoloader\Autoloader.php(290): CodeIgniter\Autoloader\Autoloader->includeFile('C:\\xampp\\htdocs\\proyecto_espinola_emilia\\app\\Models\\producto_Model.php')
 3 SYSTEMPATH\Autoloader\Autoloader.php(266): CodeIgniter\Autoloader\Autoloader->loadInNamespace('App\\Models\\producto_Model')
 4 APPPATH\Controllers\carrito_controller.php(23): CodeIgniter\Autoloader\Autoloader->loadClass('App\\Models\\producto_Model')
 5 SYSTEMPATH\CodeIgniter.php(915): App\Controllers\carrito_controller->__construct()
 6 SYSTEMPATH\CodeIgniter.php(494): CodeIgniter\CodeIgniter->createController()
 7 SYSTEMPATH\CodeIgniter.php(361): CodeIgniter\CodeIgniter->handleRequest(null, Object(Config\Cache), false)
 8 FCPATH\index.php(79): CodeIgniter\CodeIgniter->run()
WARNING - 2026-03-03 21:50:22 --> [DEPRECATED] Optional parameter $talles declared before required parameter $buscar is implicitly treated as a required parameter in APPPATH\Models\producto_Model.php on line 0.
 1 SYSTEMPATH\Autoloader\Autoloader.php(311): include_once('C:\\xampp\\htdocs\\proyecto_espinola_emilia\\system\\Debug\\Exceptions.php')
 2 SYSTEMPATH\Autoloader\Autoloader.php(290): CodeIgniter\Autoloader\Autoloader->includeFile('C:\\xampp\\htdocs\\proyecto_espinola_emilia\\app\\Models\\producto_Model.php')
 3 SYSTEMPATH\Autoloader\Autoloader.php(266): CodeIgniter\Autoloader\Autoloader->loadInNamespace('App\\Models\\producto_Model')
 4 APPPATH\Controllers\carrito_controller.php(23): CodeIgniter\Autoloader\Autoloader->loadClass('App\\Models\\producto_Model')
 5 SYSTEMPATH\CodeIgniter.php(915): App\Controllers\carrito_controller->__construct()
 6 SYSTEMPATH\CodeIgniter.php(494): CodeIgniter\CodeIgniter->createController()
 7 SYSTEMPATH\CodeIgniter.php(361): CodeIgniter\CodeIgniter->handleRequest(null, Object(Config\Cache), false)
 8 FCPATH\index.php(79): CodeIgniter\CodeIgniter->run()
WARNING - 2026-03-03 21:50:22 --> [DEPRECATED] Optional parameter $categoria_id declared before required parameter $buscar is implicitly treated as a required parameter in APPPATH\Models\producto_Model.php on line 0.
 1 SYSTEMPATH\Autoloader\Autoloader.php(311): include_once('C:\\xampp\\htdocs\\proyecto_espinola_emilia\\system\\Debug\\Exceptions.php')
 2 SYSTEMPATH\Autoloader\Autoloader.php(290): CodeIgniter\Autoloader\Autoloader->includeFile('C:\\xampp\\htdocs\\proyecto_espinola_emilia\\app\\Models\\producto_Model.php')
 3 SYSTEMPATH\Autoloader\Autoloader.php(266): CodeIgniter\Autoloader\Autoloader->loadInNamespace('App\\Models\\producto_Model')
 4 APPPATH\Controllers\carrito_controller.php(23): CodeIgniter\Autoloader\Autoloader->loadClass('App\\Models\\producto_Model')
 5 SYSTEMPATH\CodeIgniter.php(915): App\Controllers\carrito_controller->__construct()
 6 SYSTEMPATH\CodeIgniter.php(494): CodeIgniter\CodeIgniter->createController()
 7 SYSTEMPATH\CodeIgniter.php(361): CodeIgniter\CodeIgniter->handleRequest(null, Object(Config\Cache), false)
 8 FCPATH\index.php(79): CodeIgniter\CodeIgniter->run()
INFO - 2026-03-03 21:50:22 --> Session: Class initialized using 'CodeIgniter\Session\Handlers\FileHandler' driver.
WARNING - 2026-03-03 21:50:25 --> [DEPRECATED] Optional parameter $colores declared before required parameter $buscar is implicitly treated as a required parameter in APPPATH\Models\producto_Model.php on line 76.
 1 SYSTEMPATH\Autoloader\Autoloader.php(311): include_once('C:\\xampp\\htdocs\\proyecto_espinola_emilia\\system\\Debug\\Exceptions.php')
 2 SYSTEMPATH\Autoloader\Autoloader.php(290): CodeIgniter\Autoloader\Autoloader->includeFile('C:\\xampp\\htdocs\\proyecto_espinola_emilia\\app\\Models\\producto_Model.php')
 3 SYSTEMPATH\Autoloader\Autoloader.php(266): CodeIgniter\Autoloader\Autoloader->loadInNamespace('App\\Models\\producto_Model')
 4 APPPATH\Controllers\carrito_controller.php(23): CodeIgniter\Autoloader\Autoloader->loadClass('App\\Models\\producto_Model')
 5 SYSTEMPATH\CodeIgniter.php(915): App\Controllers\carrito_controller->__construct()
 6 SYSTEMPATH\CodeIgniter.php(494): CodeIgniter\CodeIgniter->createController()
 7 SYSTEMPATH\CodeIgniter.php(361): CodeIgniter\CodeIgniter->handleRequest(null, Object(Config\Cache), false)
 8 FCPATH\index.php(79): CodeIgniter\CodeIgniter->run()
WARNING - 2026-03-03 21:50:25 --> [DEPRECATED] Optional parameter $talles declared before required parameter $buscar is implicitly treated as a required parameter in APPPATH\Models\producto_Model.php on line 0.
 1 SYSTEMPATH\Autoloader\Autoloader.php(311): include_once('C:\\xampp\\htdocs\\proyecto_espinola_emilia\\system\\Debug\\Exceptions.php')
 2 SYSTEMPATH\Autoloader\Autoloader.php(290): CodeIgniter\Autoloader\Autoloader->includeFile('C:\\xampp\\htdocs\\proyecto_espinola_emilia\\app\\Models\\producto_Model.php')
 3 SYSTEMPATH\Autoloader\Autoloader.php(266): CodeIgniter\Autoloader\Autoloader->loadInNamespace('App\\Models\\producto_Model')
 4 APPPATH\Controllers\carrito_controller.php(23): CodeIgniter\Autoloader\Autoloader->loadClass('App\\Models\\producto_Model')
 5 SYSTEMPATH\CodeIgniter.php(915): App\Controllers\carrito_controller->__construct()
 6 SYSTEMPATH\CodeIgniter.php(494): CodeIgniter\CodeIgniter->createController()
 7 SYSTEMPATH\CodeIgniter.php(361): CodeIgniter\CodeIgniter->handleRequest(null, Object(Config\Cache), false)
 8 FCPATH\index.php(79): CodeIgniter\CodeIgniter->run()
WARNING - 2026-03-03 21:50:25 --> [DEPRECATED] Optional parameter $categoria_id declared before required parameter $buscar is implicitly treated as a required parameter in APPPATH\Models\producto_Model.php on line 0.
 1 SYSTEMPATH\Autoloader\Autoloader.php(311): include_once('C:\\xampp\\htdocs\\proyecto_espinola_emilia\\system\\Debug\\Exceptions.php')
 2 SYSTEMPATH\Autoloader\Autoloader.php(290): CodeIgniter\Autoloader\Autoloader->includeFile('C:\\xampp\\htdocs\\proyecto_espinola_emilia\\app\\Models\\producto_Model.php')
 3 SYSTEMPATH\Autoloader\Autoloader.php(266): CodeIgniter\Autoloader\Autoloader->loadInNamespace('App\\Models\\producto_Model')
 4 APPPATH\Controllers\carrito_controller.php(23): CodeIgniter\Autoloader\Autoloader->loadClass('App\\Models\\producto_Model')
 5 SYSTEMPATH\CodeIgniter.php(915): App\Controllers\carrito_controller->__construct()
 6 SYSTEMPATH\CodeIgniter.php(494): CodeIgniter\CodeIgniter->createController()
 7 SYSTEMPATH\CodeIgniter.php(361): CodeIgniter\CodeIgniter->handleRequest(null, Object(Config\Cache), false)
 8 FCPATH\index.php(79): CodeIgniter\CodeIgniter->run()
INFO - 2026-03-03 21:50:25 --> Session: Class initialized using 'CodeIgniter\Session\Handlers\FileHandler' driver.
CRITICAL - 2026-03-03 21:50:25 --> ErrorException: Undefined array key 49
in APPPATH\Controllers\carrito_controller.php on line 236.
 1 APPPATH\Controllers\carrito_controller.php(236): CodeIgniter\Debug\Exceptions->errorHandler(2, 'Undefined array key 49', 'C:\\xampp\\htdocs\\proyecto_espinola_emilia\\app\\Controllers\\carrito_controller.php', 236)
 2 SYSTEMPATH\CodeIgniter.php(943): App\Controllers\carrito_controller->incrementarCantProducto()
 3 SYSTEMPATH\CodeIgniter.php(503): CodeIgniter\CodeIgniter->runController(Object(App\Controllers\carrito_controller))
 4 SYSTEMPATH\CodeIgniter.php(361): CodeIgniter\CodeIgniter->handleRequest(null, Object(Config\Cache), false)
 5 FCPATH\index.php(79): CodeIgniter\CodeIgniter->run()
WARNING - 2026-03-03 21:50:35 --> [DEPRECATED] Optional parameter $colores declared before required parameter $buscar is implicitly treated as a required parameter in APPPATH\Models\producto_Model.php on line 76.
 1 SYSTEMPATH\Autoloader\Autoloader.php(311): include_once('C:\\xampp\\htdocs\\proyecto_espinola_emilia\\system\\Debug\\Exceptions.php')
 2 SYSTEMPATH\Autoloader\Autoloader.php(290): CodeIgniter\Autoloader\Autoloader->includeFile('C:\\xampp\\htdocs\\proyecto_espinola_emilia\\app\\Models\\producto_Model.php')
 3 SYSTEMPATH\Autoloader\Autoloader.php(266): CodeIgniter\Autoloader\Autoloader->loadInNamespace('App\\Models\\producto_Model')
 4 APPPATH\Controllers\carrito_controller.php(23): CodeIgniter\Autoloader\Autoloader->loadClass('App\\Models\\producto_Model')
 5 SYSTEMPATH\CodeIgniter.php(915): App\Controllers\carrito_controller->__construct()
 6 SYSTEMPATH\CodeIgniter.php(494): CodeIgniter\CodeIgniter->createController()
 7 SYSTEMPATH\CodeIgniter.php(361): CodeIgniter\CodeIgniter->handleRequest(null, Object(Config\Cache), false)
 8 FCPATH\index.php(79): CodeIgniter\CodeIgniter->run()
WARNING - 2026-03-03 21:50:35 --> [DEPRECATED] Optional parameter $talles declared before required parameter $buscar is implicitly treated as a required parameter in APPPATH\Models\producto_Model.php on line 0.
 1 SYSTEMPATH\Autoloader\Autoloader.php(311): include_once('C:\\xampp\\htdocs\\proyecto_espinola_emilia\\system\\Debug\\Exceptions.php')
 2 SYSTEMPATH\Autoloader\Autoloader.php(290): CodeIgniter\Autoloader\Autoloader->includeFile('C:\\xampp\\htdocs\\proyecto_espinola_emilia\\app\\Models\\producto_Model.php')
 3 SYSTEMPATH\Autoloader\Autoloader.php(266): CodeIgniter\Autoloader\Autoloader->loadInNamespace('App\\Models\\producto_Model')
 4 APPPATH\Controllers\carrito_controller.php(23): CodeIgniter\Autoloader\Autoloader->loadClass('App\\Models\\producto_Model')
 5 SYSTEMPATH\CodeIgniter.php(915): App\Controllers\carrito_controller->__construct()
 6 SYSTEMPATH\CodeIgniter.php(494): CodeIgniter\CodeIgniter->createController()
 7 SYSTEMPATH\CodeIgniter.php(361): CodeIgniter\CodeIgniter->handleRequest(null, Object(Config\Cache), false)
 8 FCPATH\index.php(79): CodeIgniter\CodeIgniter->run()
WARNING - 2026-03-03 21:50:35 --> [DEPRECATED] Optional parameter $categoria_id declared before required parameter $buscar is implicitly treated as a required parameter in APPPATH\Models\producto_Model.php on line 0.
 1 SYSTEMPATH\Autoloader\Autoloader.php(311): include_once('C:\\xampp\\htdocs\\proyecto_espinola_emilia\\system\\Debug\\Exceptions.php')
 2 SYSTEMPATH\Autoloader\Autoloader.php(290): CodeIgniter\Autoloader\Autoloader->includeFile('C:\\xampp\\htdocs\\proyecto_espinola_emilia\\app\\Models\\producto_Model.php')
 3 SYSTEMPATH\Autoloader\Autoloader.php(266): CodeIgniter\Autoloader\Autoloader->loadInNamespace('App\\Models\\producto_Model')
 4 APPPATH\Controllers\carrito_controller.php(23): CodeIgniter\Autoloader\Autoloader->loadClass('App\\Models\\producto_Model')
 5 SYSTEMPATH\CodeIgniter.php(915): App\Controllers\carrito_controller->__construct()
 6 SYSTEMPATH\CodeIgniter.php(494): CodeIgniter\CodeIgniter->createController()
 7 SYSTEMPATH\CodeIgniter.php(361): CodeIgniter\CodeIgniter->handleRequest(null, Object(Config\Cache), false)
 8 FCPATH\index.php(79): CodeIgniter\CodeIgniter->run()
INFO - 2026-03-03 21:50:35 --> Session: Class initialized using 'CodeIgniter\Session\Handlers\FileHandler' driver.
WARNING - 2026-03-03 21:50:45 --> [DEPRECATED] Optional parameter $colores declared before required parameter $buscar is implicitly treated as a required parameter in APPPATH\Models\producto_Model.php on line 76.
 1 SYSTEMPATH\Autoloader\Autoloader.php(311): include_once('C:\\xampp\\htdocs\\proyecto_espinola_emilia\\system\\Debug\\Exceptions.php')
 2 SYSTEMPATH\Autoloader\Autoloader.php(290): CodeIgniter\Autoloader\Autoloader->includeFile('C:\\xampp\\htdocs\\proyecto_espinola_emilia\\app\\Models\\producto_Model.php')
 3 SYSTEMPATH\Autoloader\Autoloader.php(266): CodeIgniter\Autoloader\Autoloader->loadInNamespace('App\\Models\\producto_Model')
 4 APPPATH\Controllers\carrito_controller.php(23): CodeIgniter\Autoloader\Autoloader->loadClass('App\\Models\\producto_Model')
 5 SYSTEMPATH\CodeIgniter.php(915): App\Controllers\carrito_controller->__construct()
 6 SYSTEMPATH\CodeIgniter.php(494): CodeIgniter\CodeIgniter->createController()
 7 SYSTEMPATH\CodeIgniter.php(361): CodeIgniter\CodeIgniter->handleRequest(null, Object(Config\Cache), false)
 8 FCPATH\index.php(79): CodeIgniter\CodeIgniter->run()
WARNING - 2026-03-03 21:50:45 --> [DEPRECATED] Optional parameter $talles declared before required parameter $buscar is implicitly treated as a required parameter in APPPATH\Models\producto_Model.php on line 0.
 1 SYSTEMPATH\Autoloader\Autoloader.php(311): include_once('C:\\xampp\\htdocs\\proyecto_espinola_emilia\\system\\Debug\\Exceptions.php')
 2 SYSTEMPATH\Autoloader\Autoloader.php(290): CodeIgniter\Autoloader\Autoloader->includeFile('C:\\xampp\\htdocs\\proyecto_espinola_emilia\\app\\Models\\producto_Model.php')
 3 SYSTEMPATH\Autoloader\Autoloader.php(266): CodeIgniter\Autoloader\Autoloader->loadInNamespace('App\\Models\\producto_Model')
 4 APPPATH\Controllers\carrito_controller.php(23): CodeIgniter\Autoloader\Autoloader->loadClass('App\\Models\\producto_Model')
 5 SYSTEMPATH\CodeIgniter.php(915): App\Controllers\carrito_controller->__construct()
 6 SYSTEMPATH\CodeIgniter.php(494): CodeIgniter\CodeIgniter->createController()
 7 SYSTEMPATH\CodeIgniter.php(361): CodeIgniter\CodeIgniter->handleRequest(null, Object(Config\Cache), false)
 8 FCPATH\index.php(79): CodeIgniter\CodeIgniter->run()
WARNING - 2026-03-03 21:50:45 --> [DEPRECATED] Optional parameter $categoria_id declared before required parameter $buscar is implicitly treated as a required parameter in APPPATH\Models\producto_Model.php on line 0.
 1 SYSTEMPATH\Autoloader\Autoloader.php(311): include_once('C:\\xampp\\htdocs\\proyecto_espinola_emilia\\system\\Debug\\Exceptions.php')
 2 SYSTEMPATH\Autoloader\Autoloader.php(290): CodeIgniter\Autoloader\Autoloader->includeFile('C:\\xampp\\htdocs\\proyecto_espinola_emilia\\app\\Models\\producto_Model.php')
 3 SYSTEMPATH\Autoloader\Autoloader.php(266): CodeIgniter\Autoloader\Autoloader->loadInNamespace('App\\Models\\producto_Model')
 4 APPPATH\Controllers\carrito_controller.php(23): CodeIgniter\Autoloader\Autoloader->loadClass('App\\Models\\producto_Model')
 5 SYSTEMPATH\CodeIgniter.php(915): App\Controllers\carrito_controller->__construct()
 6 SYSTEMPATH\CodeIgniter.php(494): CodeIgniter\CodeIgniter->createController()
 7 SYSTEMPATH\CodeIgniter.php(361): CodeIgniter\CodeIgniter->handleRequest(null, Object(Config\Cache), false)
 8 FCPATH\index.php(79): CodeIgniter\CodeIgniter->run()
INFO - 2026-03-03 21:50:45 --> Session: Class initialized using 'CodeIgniter\Session\Handlers\FileHandler' driver.
WARNING - 2026-03-03 21:50:49 --> [DEPRECATED] Optional parameter $colores declared before required parameter $buscar is implicitly treated as a required parameter in APPPATH\Models\producto_Model.php on line 76.
 1 SYSTEMPATH\Autoloader\Autoloader.php(311): include_once('C:\\xampp\\htdocs\\proyecto_espinola_emilia\\system\\Debug\\Exceptions.php')
 2 SYSTEMPATH\Autoloader\Autoloader.php(290): CodeIgniter\Autoloader\Autoloader->includeFile('C:\\xampp\\htdocs\\proyecto_espinola_emilia\\app\\Models\\producto_Model.php')
 3 SYSTEMPATH\Autoloader\Autoloader.php(266): CodeIgniter\Autoloader\Autoloader->loadInNamespace('App\\Models\\producto_Model')
 4 APPPATH\Controllers\carrito_controller.php(23): CodeIgniter\Autoloader\Autoloader->loadClass('App\\Models\\producto_Model')
 5 SYSTEMPATH\CodeIgniter.php(915): App\Controllers\carrito_controller->__construct()
 6 SYSTEMPATH\CodeIgniter.php(494): CodeIgniter\CodeIgniter->createController()
 7 SYSTEMPATH\CodeIgniter.php(361): CodeIgniter\CodeIgniter->handleRequest(null, Object(Config\Cache), false)
 8 FCPATH\index.php(79): CodeIgniter\CodeIgniter->run()
WARNING - 2026-03-03 21:50:49 --> [DEPRECATED] Optional parameter $talles declared before required parameter $buscar is implicitly treated as a required parameter in APPPATH\Models\producto_Model.php on line 0.
 1 SYSTEMPATH\Autoloader\Autoloader.php(311): include_once('C:\\xampp\\htdocs\\proyecto_espinola_emilia\\system\\Debug\\Exceptions.php')
 2 SYSTEMPATH\Autoloader\Autoloader.php(290): CodeIgniter\Autoloader\Autoloader->includeFile('C:\\xampp\\htdocs\\proyecto_espinola_emilia\\app\\Models\\producto_Model.php')
 3 SYSTEMPATH\Autoloader\Autoloader.php(266): CodeIgniter\Autoloader\Autoloader->loadInNamespace('App\\Models\\producto_Model')
 4 APPPATH\Controllers\carrito_controller.php(23): CodeIgniter\Autoloader\Autoloader->loadClass('App\\Models\\producto_Model')
 5 SYSTEMPATH\CodeIgniter.php(915): App\Controllers\carrito_controller->__construct()
 6 SYSTEMPATH\CodeIgniter.php(494): CodeIgniter\CodeIgniter->createController()
 7 SYSTEMPATH\CodeIgniter.php(361): CodeIgniter\CodeIgniter->handleRequest(null, Object(Config\Cache), false)
 8 FCPATH\index.php(79): CodeIgniter\CodeIgniter->run()
WARNING - 2026-03-03 21:50:49 --> [DEPRECATED] Optional parameter $categoria_id declared before required parameter $buscar is implicitly treated as a required parameter in APPPATH\Models\producto_Model.php on line 0.
 1 SYSTEMPATH\Autoloader\Autoloader.php(311): include_once('C:\\xampp\\htdocs\\proyecto_espinola_emilia\\system\\Debug\\Exceptions.php')
 2 SYSTEMPATH\Autoloader\Autoloader.php(290): CodeIgniter\Autoloader\Autoloader->includeFile('C:\\xampp\\htdocs\\proyecto_espinola_emilia\\app\\Models\\producto_Model.php')
 3 SYSTEMPATH\Autoloader\Autoloader.php(266): CodeIgniter\Autoloader\Autoloader->loadInNamespace('App\\Models\\producto_Model')
 4 APPPATH\Controllers\carrito_controller.php(23): CodeIgniter\Autoloader\Autoloader->loadClass('App\\Models\\producto_Model')
 5 SYSTEMPATH\CodeIgniter.php(915): App\Controllers\carrito_controller->__construct()
 6 SYSTEMPATH\CodeIgniter.php(494): CodeIgniter\CodeIgniter->createController()
 7 SYSTEMPATH\CodeIgniter.php(361): CodeIgniter\CodeIgniter->handleRequest(null, Object(Config\Cache), false)
 8 FCPATH\index.php(79): CodeIgniter\CodeIgniter->run()
INFO - 2026-03-03 21:50:49 --> Session: Class initialized using 'CodeIgniter\Session\Handlers\FileHandler' driver.
WARNING - 2026-03-03 21:51:30 --> [DEPRECATED] Optional parameter $colores declared before required parameter $buscar is implicitly treated as a required parameter in APPPATH\Models\producto_Model.php on line 76.
 1 SYSTEMPATH\Autoloader\Autoloader.php(311): include_once('C:\\xampp\\htdocs\\proyecto_espinola_emilia\\system\\Debug\\Exceptions.php')
 2 SYSTEMPATH\Autoloader\Autoloader.php(290): CodeIgniter\Autoloader\Autoloader->includeFile('C:\\xampp\\htdocs\\proyecto_espinola_emilia\\app\\Models\\producto_Model.php')
 3 SYSTEMPATH\Autoloader\Autoloader.php(266): CodeIgniter\Autoloader\Autoloader->loadInNamespace('App\\Models\\producto_Model')
 4 APPPATH\Controllers\carrito_controller.php(23): CodeIgniter\Autoloader\Autoloader->loadClass('App\\Models\\producto_Model')
 5 SYSTEMPATH\CodeIgniter.php(915): App\Controllers\carrito_controller->__construct()
 6 SYSTEMPATH\CodeIgniter.php(494): CodeIgniter\CodeIgniter->createController()
 7 SYSTEMPATH\CodeIgniter.php(361): CodeIgniter\CodeIgniter->handleRequest(null, Object(Config\Cache), false)
 8 FCPATH\index.php(79): CodeIgniter\CodeIgniter->run()
WARNING - 2026-03-03 21:51:30 --> [DEPRECATED] Optional parameter $talles declared before required parameter $buscar is implicitly treated as a required parameter in APPPATH\Models\producto_Model.php on line 0.
 1 SYSTEMPATH\Autoloader\Autoloader.php(311): include_once('C:\\xampp\\htdocs\\proyecto_espinola_emilia\\system\\Debug\\Exceptions.php')
 2 SYSTEMPATH\Autoloader\Autoloader.php(290): CodeIgniter\Autoloader\Autoloader->includeFile('C:\\xampp\\htdocs\\proyecto_espinola_emilia\\app\\Models\\producto_Model.php')
 3 SYSTEMPATH\Autoloader\Autoloader.php(266): CodeIgniter\Autoloader\Autoloader->loadInNamespace('App\\Models\\producto_Model')
 4 APPPATH\Controllers\carrito_controller.php(23): CodeIgniter\Autoloader\Autoloader->loadClass('App\\Models\\producto_Model')
 5 SYSTEMPATH\CodeIgniter.php(915): App\Controllers\carrito_controller->__construct()
 6 SYSTEMPATH\CodeIgniter.php(494): CodeIgniter\CodeIgniter->createController()
 7 SYSTEMPATH\CodeIgniter.php(361): CodeIgniter\CodeIgniter->handleRequest(null, Object(Config\Cache), false)
 8 FCPATH\index.php(79): CodeIgniter\CodeIgniter->run()
WARNING - 2026-03-03 21:51:30 --> [DEPRECATED] Optional parameter $categoria_id declared before required parameter $buscar is implicitly treated as a required parameter in APPPATH\Models\producto_Model.php on line 0.
 1 SYSTEMPATH\Autoloader\Autoloader.php(311): include_once('C:\\xampp\\htdocs\\proyecto_espinola_emilia\\system\\Debug\\Exceptions.php')
 2 SYSTEMPATH\Autoloader\Autoloader.php(290): CodeIgniter\Autoloader\Autoloader->includeFile('C:\\xampp\\htdocs\\proyecto_espinola_emilia\\app\\Models\\producto_Model.php')
 3 SYSTEMPATH\Autoloader\Autoloader.php(266): CodeIgniter\Autoloader\Autoloader->loadInNamespace('App\\Models\\producto_Model')
 4 APPPATH\Controllers\carrito_controller.php(23): CodeIgniter\Autoloader\Autoloader->loadClass('App\\Models\\producto_Model')
 5 SYSTEMPATH\CodeIgniter.php(915): App\Controllers\carrito_controller->__construct()
 6 SYSTEMPATH\CodeIgniter.php(494): CodeIgniter\CodeIgniter->createController()
 7 SYSTEMPATH\CodeIgniter.php(361): CodeIgniter\CodeIgniter->handleRequest(null, Object(Config\Cache), false)
 8 FCPATH\index.php(79): CodeIgniter\CodeIgniter->run()
INFO - 2026-03-03 21:51:30 --> Session: Class initialized using 'CodeIgniter\Session\Handlers\FileHandler' driver.
WARNING - 2026-03-03 22:02:46 --> [DEPRECATED] Optional parameter $colores declared before required parameter $buscar is implicitly treated as a required parameter in APPPATH\Models\producto_Model.php on line 76.
 1 SYSTEMPATH\Autoloader\Autoloader.php(311): include_once('C:\\xampp\\htdocs\\proyecto_espinola_emilia\\system\\Debug\\Exceptions.php')
 2 SYSTEMPATH\Autoloader\Autoloader.php(290): CodeIgniter\Autoloader\Autoloader->includeFile('C:\\xampp\\htdocs\\proyecto_espinola_emilia\\app\\Models\\producto_Model.php')
 3 SYSTEMPATH\Autoloader\Autoloader.php(266): CodeIgniter\Autoloader\Autoloader->loadInNamespace('App\\Models\\producto_Model')
 4 APPPATH\Controllers\producto_controller.php(256): CodeIgniter\Autoloader\Autoloader->loadClass('App\\Models\\producto_Model')
 5 SYSTEMPATH\CodeIgniter.php(943): App\Controllers\producto_controller->detalle_producto('87')
 6 SYSTEMPATH\CodeIgniter.php(503): CodeIgniter\CodeIgniter->runController(Object(App\Controllers\producto_controller))
 7 SYSTEMPATH\CodeIgniter.php(361): CodeIgniter\CodeIgniter->handleRequest(null, Object(Config\Cache), false)
 8 FCPATH\index.php(79): CodeIgniter\CodeIgniter->run()
WARNING - 2026-03-03 22:02:46 --> [DEPRECATED] Optional parameter $talles declared before required parameter $buscar is implicitly treated as a required parameter in APPPATH\Models\producto_Model.php on line 0.
 1 SYSTEMPATH\Autoloader\Autoloader.php(311): include_once('C:\\xampp\\htdocs\\proyecto_espinola_emilia\\system\\Debug\\Exceptions.php')
 2 SYSTEMPATH\Autoloader\Autoloader.php(290): CodeIgniter\Autoloader\Autoloader->includeFile('C:\\xampp\\htdocs\\proyecto_espinola_emilia\\app\\Models\\producto_Model.php')
 3 SYSTEMPATH\Autoloader\Autoloader.php(266): CodeIgniter\Autoloader\Autoloader->loadInNamespace('App\\Models\\producto_Model')
 4 APPPATH\Controllers\producto_controller.php(256): CodeIgniter\Autoloader\Autoloader->loadClass('App\\Models\\producto_Model')
 5 SYSTEMPATH\CodeIgniter.php(943): App\Controllers\producto_controller->detalle_producto('87')
 6 SYSTEMPATH\CodeIgniter.php(503): CodeIgniter\CodeIgniter->runController(Object(App\Controllers\producto_controller))
 7 SYSTEMPATH\CodeIgniter.php(361): CodeIgniter\CodeIgniter->handleRequest(null, Object(Config\Cache), false)
 8 FCPATH\index.php(79): CodeIgniter\CodeIgniter->run()
WARNING - 2026-03-03 22:02:46 --> [DEPRECATED] Optional parameter $categoria_id declared before required parameter $buscar is implicitly treated as a required parameter in APPPATH\Models\producto_Model.php on line 0.
 1 SYSTEMPATH\Autoloader\Autoloader.php(311): include_once('C:\\xampp\\htdocs\\proyecto_espinola_emilia\\system\\Debug\\Exceptions.php')
 2 SYSTEMPATH\Autoloader\Autoloader.php(290): CodeIgniter\Autoloader\Autoloader->includeFile('C:\\xampp\\htdocs\\proyecto_espinola_emilia\\app\\Models\\producto_Model.php')
 3 SYSTEMPATH\Autoloader\Autoloader.php(266): CodeIgniter\Autoloader\Autoloader->loadInNamespace('App\\Models\\producto_Model')
 4 APPPATH\Controllers\producto_controller.php(256): CodeIgniter\Autoloader\Autoloader->loadClass('App\\Models\\producto_Model')
 5 SYSTEMPATH\CodeIgniter.php(943): App\Controllers\producto_controller->detalle_producto('87')
 6 SYSTEMPATH\CodeIgniter.php(503): CodeIgniter\CodeIgniter->runController(Object(App\Controllers\producto_controller))
 7 SYSTEMPATH\CodeIgniter.php(361): CodeIgniter\CodeIgniter->handleRequest(null, Object(Config\Cache), false)
 8 FCPATH\index.php(79): CodeIgniter\CodeIgniter->run()
INFO - 2026-03-03 22:02:46 --> Session: Class initialized using 'CodeIgniter\Session\Handlers\FileHandler' driver.
WARNING - 2026-03-03 22:02:49 --> [DEPRECATED] Optional parameter $colores declared before required parameter $buscar is implicitly treated as a required parameter in APPPATH\Models\producto_Model.php on line 76.
 1 SYSTEMPATH\Autoloader\Autoloader.php(311): include_once('C:\\xampp\\htdocs\\proyecto_espinola_emilia\\system\\Debug\\Exceptions.php')
 2 SYSTEMPATH\Autoloader\Autoloader.php(290): CodeIgniter\Autoloader\Autoloader->includeFile('C:\\xampp\\htdocs\\proyecto_espinola_emilia\\app\\Models\\producto_Model.php')
 3 SYSTEMPATH\Autoloader\Autoloader.php(266): CodeIgniter\Autoloader\Autoloader->loadInNamespace('App\\Models\\producto_Model')
 4 APPPATH\Controllers\carrito_controller.php(23): CodeIgniter\Autoloader\Autoloader->loadClass('App\\Models\\producto_Model')
 5 SYSTEMPATH\CodeIgniter.php(915): App\Controllers\carrito_controller->__construct()
 6 SYSTEMPATH\CodeIgniter.php(494): CodeIgniter\CodeIgniter->createController()
 7 SYSTEMPATH\CodeIgniter.php(361): CodeIgniter\CodeIgniter->handleRequest(null, Object(Config\Cache), false)
 8 FCPATH\index.php(79): CodeIgniter\CodeIgniter->run()
WARNING - 2026-03-03 22:02:49 --> [DEPRECATED] Optional parameter $talles declared before required parameter $buscar is implicitly treated as a required parameter in APPPATH\Models\producto_Model.php on line 0.
 1 SYSTEMPATH\Autoloader\Autoloader.php(311): include_once('C:\\xampp\\htdocs\\proyecto_espinola_emilia\\system\\Debug\\Exceptions.php')
 2 SYSTEMPATH\Autoloader\Autoloader.php(290): CodeIgniter\Autoloader\Autoloader->includeFile('C:\\xampp\\htdocs\\proyecto_espinola_emilia\\app\\Models\\producto_Model.php')
 3 SYSTEMPATH\Autoloader\Autoloader.php(266): CodeIgniter\Autoloader\Autoloader->loadInNamespace('App\\Models\\producto_Model')
 4 APPPATH\Controllers\carrito_controller.php(23): CodeIgniter\Autoloader\Autoloader->loadClass('App\\Models\\producto_Model')
 5 SYSTEMPATH\CodeIgniter.php(915): App\Controllers\carrito_controller->__construct()
 6 SYSTEMPATH\CodeIgniter.php(494): CodeIgniter\CodeIgniter->createController()
 7 SYSTEMPATH\CodeIgniter.php(361): CodeIgniter\CodeIgniter->handleRequest(null, Object(Config\Cache), false)
 8 FCPATH\index.php(79): CodeIgniter\CodeIgniter->run()
WARNING - 2026-03-03 22:02:49 --> [DEPRECATED] Optional parameter $categoria_id declared before required parameter $buscar is implicitly treated as a required parameter in APPPATH\Models\producto_Model.php on line 0.
 1 SYSTEMPATH\Autoloader\Autoloader.php(311): include_once('C:\\xampp\\htdocs\\proyecto_espinola_emilia\\system\\Debug\\Exceptions.php')
 2 SYSTEMPATH\Autoloader\Autoloader.php(290): CodeIgniter\Autoloader\Autoloader->includeFile('C:\\xampp\\htdocs\\proyecto_espinola_emilia\\app\\Models\\producto_Model.php')
 3 SYSTEMPATH\Autoloader\Autoloader.php(266): CodeIgniter\Autoloader\Autoloader->loadInNamespace('App\\Models\\producto_Model')
 4 APPPATH\Controllers\carrito_controller.php(23): CodeIgniter\Autoloader\Autoloader->loadClass('App\\Models\\producto_Model')
 5 SYSTEMPATH\CodeIgniter.php(915): App\Controllers\carrito_controller->__construct()
 6 SYSTEMPATH\CodeIgniter.php(494): CodeIgniter\CodeIgniter->createController()
 7 SYSTEMPATH\CodeIgniter.php(361): CodeIgniter\CodeIgniter->handleRequest(null, Object(Config\Cache), false)
 8 FCPATH\index.php(79): CodeIgniter\CodeIgniter->run()
INFO - 2026-03-03 22:02:49 --> Session: Class initialized using 'CodeIgniter\Session\Handlers\FileHandler' driver.
WARNING - 2026-03-03 22:02:51 --> [DEPRECATED] Optional parameter $colores declared before required parameter $buscar is implicitly treated as a required parameter in APPPATH\Models\producto_Model.php on line 76.
 1 SYSTEMPATH\Autoloader\Autoloader.php(311): include_once('C:\\xampp\\htdocs\\proyecto_espinola_emilia\\system\\Debug\\Exceptions.php')
 2 SYSTEMPATH\Autoloader\Autoloader.php(290): CodeIgniter\Autoloader\Autoloader->includeFile('C:\\xampp\\htdocs\\proyecto_espinola_emilia\\app\\Models\\producto_Model.php')
 3 SYSTEMPATH\Autoloader\Autoloader.php(266): CodeIgniter\Autoloader\Autoloader->loadInNamespace('App\\Models\\producto_Model')
 4 APPPATH\Controllers\carrito_controller.php(23): CodeIgniter\Autoloader\Autoloader->loadClass('App\\Models\\producto_Model')
 5 SYSTEMPATH\CodeIgniter.php(915): App\Controllers\carrito_controller->__construct()
 6 SYSTEMPATH\CodeIgniter.php(494): CodeIgniter\CodeIgniter->createController()
 7 SYSTEMPATH\CodeIgniter.php(361): CodeIgniter\CodeIgniter->handleRequest(null, Object(Config\Cache), false)
 8 FCPATH\index.php(79): CodeIgniter\CodeIgniter->run()
WARNING - 2026-03-03 22:02:51 --> [DEPRECATED] Optional parameter $talles declared before required parameter $buscar is implicitly treated as a required parameter in APPPATH\Models\producto_Model.php on line 0.
 1 SYSTEMPATH\Autoloader\Autoloader.php(311): include_once('C:\\xampp\\htdocs\\proyecto_espinola_emilia\\system\\Debug\\Exceptions.php')
 2 SYSTEMPATH\Autoloader\Autoloader.php(290): CodeIgniter\Autoloader\Autoloader->includeFile('C:\\xampp\\htdocs\\proyecto_espinola_emilia\\app\\Models\\producto_Model.php')
 3 SYSTEMPATH\Autoloader\Autoloader.php(266): CodeIgniter\Autoloader\Autoloader->loadInNamespace('App\\Models\\producto_Model')
 4 APPPATH\Controllers\carrito_controller.php(23): CodeIgniter\Autoloader\Autoloader->loadClass('App\\Models\\producto_Model')
 5 SYSTEMPATH\CodeIgniter.php(915): App\Controllers\carrito_controller->__construct()
 6 SYSTEMPATH\CodeIgniter.php(494): CodeIgniter\CodeIgniter->createController()
 7 SYSTEMPATH\CodeIgniter.php(361): CodeIgniter\CodeIgniter->handleRequest(null, Object(Config\Cache), false)
 8 FCPATH\index.php(79): CodeIgniter\CodeIgniter->run()
WARNING - 2026-03-03 22:02:51 --> [DEPRECATED] Optional parameter $categoria_id declared before required parameter $buscar is implicitly treated as a required parameter in APPPATH\Models\producto_Model.php on line 0.
 1 SYSTEMPATH\Autoloader\Autoloader.php(311): include_once('C:\\xampp\\htdocs\\proyecto_espinola_emilia\\system\\Debug\\Exceptions.php')
 2 SYSTEMPATH\Autoloader\Autoloader.php(290): CodeIgniter\Autoloader\Autoloader->includeFile('C:\\xampp\\htdocs\\proyecto_espinola_emilia\\app\\Models\\producto_Model.php')
 3 SYSTEMPATH\Autoloader\Autoloader.php(266): CodeIgniter\Autoloader\Autoloader->loadInNamespace('App\\Models\\producto_Model')
 4 APPPATH\Controllers\carrito_controller.php(23): CodeIgniter\Autoloader\Autoloader->loadClass('App\\Models\\producto_Model')
 5 SYSTEMPATH\CodeIgniter.php(915): App\Controllers\carrito_controller->__construct()
 6 SYSTEMPATH\CodeIgniter.php(494): CodeIgniter\CodeIgniter->createController()
 7 SYSTEMPATH\CodeIgniter.php(361): CodeIgniter\CodeIgniter->handleRequest(null, Object(Config\Cache), false)
 8 FCPATH\index.php(79): CodeIgniter\CodeIgniter->run()
INFO - 2026-03-03 22:02:51 --> Session: Class initialized using 'CodeIgniter\Session\Handlers\FileHandler' driver.
CRITICAL - 2026-03-03 22:02:51 --> ErrorException: Trying to access array offset on value of type null
in APPPATH\Controllers\carrito_controller.php on line 246.
 1 APPPATH\Controllers\carrito_controller.php(246): CodeIgniter\Debug\Exceptions->errorHandler(2, 'Trying to access array offset on value of type null', 'C:\\xampp\\htdocs\\proyecto_espinola_emilia\\app\\Controllers\\carrito_controller.php', 246)
 2 SYSTEMPATH\CodeIgniter.php(943): App\Controllers\carrito_controller->incrementarCantProducto()
 3 SYSTEMPATH\CodeIgniter.php(503): CodeIgniter\CodeIgniter->runController(Object(App\Controllers\carrito_controller))
 4 SYSTEMPATH\CodeIgniter.php(361): CodeIgniter\CodeIgniter->handleRequest(null, Object(Config\Cache), false)
 5 FCPATH\index.php(79): CodeIgniter\CodeIgniter->run()
WARNING - 2026-03-03 22:03:52 --> [DEPRECATED] Optional parameter $colores declared before required parameter $buscar is implicitly treated as a required parameter in APPPATH\Models\producto_Model.php on line 76.
 1 SYSTEMPATH\Autoloader\Autoloader.php(311): include_once('C:\\xampp\\htdocs\\proyecto_espinola_emilia\\system\\Debug\\Exceptions.php')
 2 SYSTEMPATH\Autoloader\Autoloader.php(290): CodeIgniter\Autoloader\Autoloader->includeFile('C:\\xampp\\htdocs\\proyecto_espinola_emilia\\app\\Models\\producto_Model.php')
 3 SYSTEMPATH\Autoloader\Autoloader.php(266): CodeIgniter\Autoloader\Autoloader->loadInNamespace('App\\Models\\producto_Model')
 4 APPPATH\Controllers\carrito_controller.php(23): CodeIgniter\Autoloader\Autoloader->loadClass('App\\Models\\producto_Model')
 5 SYSTEMPATH\CodeIgniter.php(915): App\Controllers\carrito_controller->__construct()
 6 SYSTEMPATH\CodeIgniter.php(494): CodeIgniter\CodeIgniter->createController()
 7 SYSTEMPATH\CodeIgniter.php(361): CodeIgniter\CodeIgniter->handleRequest(null, Object(Config\Cache), false)
 8 FCPATH\index.php(79): CodeIgniter\CodeIgniter->run()
WARNING - 2026-03-03 22:03:52 --> [DEPRECATED] Optional parameter $talles declared before required parameter $buscar is implicitly treated as a required parameter in APPPATH\Models\producto_Model.php on line 0.
 1 SYSTEMPATH\Autoloader\Autoloader.php(311): include_once('C:\\xampp\\htdocs\\proyecto_espinola_emilia\\system\\Debug\\Exceptions.php')
 2 SYSTEMPATH\Autoloader\Autoloader.php(290): CodeIgniter\Autoloader\Autoloader->includeFile('C:\\xampp\\htdocs\\proyecto_espinola_emilia\\app\\Models\\producto_Model.php')
 3 SYSTEMPATH\Autoloader\Autoloader.php(266): CodeIgniter\Autoloader\Autoloader->loadInNamespace('App\\Models\\producto_Model')
 4 APPPATH\Controllers\carrito_controller.php(23): CodeIgniter\Autoloader\Autoloader->loadClass('App\\Models\\producto_Model')
 5 SYSTEMPATH\CodeIgniter.php(915): App\Controllers\carrito_controller->__construct()
 6 SYSTEMPATH\CodeIgniter.php(494): CodeIgniter\CodeIgniter->createController()
 7 SYSTEMPATH\CodeIgniter.php(361): CodeIgniter\CodeIgniter->handleRequest(null, Object(Config\Cache), false)
 8 FCPATH\index.php(79): CodeIgniter\CodeIgniter->run()
WARNING - 2026-03-03 22:03:52 --> [DEPRECATED] Optional parameter $categoria_id declared before required parameter $buscar is implicitly treated as a required parameter in APPPATH\Models\producto_Model.php on line 0.
 1 SYSTEMPATH\Autoloader\Autoloader.php(311): include_once('C:\\xampp\\htdocs\\proyecto_espinola_emilia\\system\\Debug\\Exceptions.php')
 2 SYSTEMPATH\Autoloader\Autoloader.php(290): CodeIgniter\Autoloader\Autoloader->includeFile('C:\\xampp\\htdocs\\proyecto_espinola_emilia\\app\\Models\\producto_Model.php')
 3 SYSTEMPATH\Autoloader\Autoloader.php(266): CodeIgniter\Autoloader\Autoloader->loadInNamespace('App\\Models\\producto_Model')
 4 APPPATH\Controllers\carrito_controller.php(23): CodeIgniter\Autoloader\Autoloader->loadClass('App\\Models\\producto_Model')
 5 SYSTEMPATH\CodeIgniter.php(915): App\Controllers\carrito_controller->__construct()
 6 SYSTEMPATH\CodeIgniter.php(494): CodeIgniter\CodeIgniter->createController()
 7 SYSTEMPATH\CodeIgniter.php(361): CodeIgniter\CodeIgniter->handleRequest(null, Object(Config\Cache), false)
 8 FCPATH\index.php(79): CodeIgniter\CodeIgniter->run()
INFO - 2026-03-03 22:03:52 --> Session: Class initialized using 'CodeIgniter\Session\Handlers\FileHandler' driver.
CRITICAL - 2026-03-03 22:03:52 --> ErrorException: Trying to access array offset on value of type null
in APPPATH\Controllers\carrito_controller.php on line 246.
 1 APPPATH\Controllers\carrito_controller.php(246): CodeIgniter\Debug\Exceptions->errorHandler(2, 'Trying to access array offset on value of type null', 'C:\\xampp\\htdocs\\proyecto_espinola_emilia\\app\\Controllers\\carrito_controller.php', 246)
 2 SYSTEMPATH\CodeIgniter.php(943): App\Controllers\carrito_controller->incrementarCantProducto()
 3 SYSTEMPATH\CodeIgniter.php(503): CodeIgniter\CodeIgniter->runController(Object(App\Controllers\carrito_controller))
 4 SYSTEMPATH\CodeIgniter.php(361): CodeIgniter\CodeIgniter->handleRequest(null, Object(Config\Cache), false)
 5 FCPATH\index.php(79): CodeIgniter\CodeIgniter->run()
WARNING - 2026-03-03 22:04:25 --> [DEPRECATED] Optional parameter $colores declared before required parameter $buscar is implicitly treated as a required parameter in APPPATH\Models\producto_Model.php on line 76.
 1 SYSTEMPATH\Autoloader\Autoloader.php(311): include_once('C:\\xampp\\htdocs\\proyecto_espinola_emilia\\system\\Debug\\Exceptions.php')
 2 SYSTEMPATH\Autoloader\Autoloader.php(290): CodeIgniter\Autoloader\Autoloader->includeFile('C:\\xampp\\htdocs\\proyecto_espinola_emilia\\app\\Models\\producto_Model.php')
 3 SYSTEMPATH\Autoloader\Autoloader.php(266): CodeIgniter\Autoloader\Autoloader->loadInNamespace('App\\Models\\producto_Model')
 4 APPPATH\Controllers\producto_controller.php(256): CodeIgniter\Autoloader\Autoloader->loadClass('App\\Models\\producto_Model')
 5 SYSTEMPATH\CodeIgniter.php(943): App\Controllers\producto_controller->detalle_producto('87')
 6 SYSTEMPATH\CodeIgniter.php(503): CodeIgniter\CodeIgniter->runController(Object(App\Controllers\producto_controller))
 7 SYSTEMPATH\CodeIgniter.php(361): CodeIgniter\CodeIgniter->handleRequest(null, Object(Config\Cache), false)
 8 FCPATH\index.php(79): CodeIgniter\CodeIgniter->run()
WARNING - 2026-03-03 22:04:25 --> [DEPRECATED] Optional parameter $talles declared before required parameter $buscar is implicitly treated as a required parameter in APPPATH\Models\producto_Model.php on line 0.
 1 SYSTEMPATH\Autoloader\Autoloader.php(311): include_once('C:\\xampp\\htdocs\\proyecto_espinola_emilia\\system\\Debug\\Exceptions.php')
 2 SYSTEMPATH\Autoloader\Autoloader.php(290): CodeIgniter\Autoloader\Autoloader->includeFile('C:\\xampp\\htdocs\\proyecto_espinola_emilia\\app\\Models\\producto_Model.php')
 3 SYSTEMPATH\Autoloader\Autoloader.php(266): CodeIgniter\Autoloader\Autoloader->loadInNamespace('App\\Models\\producto_Model')
 4 APPPATH\Controllers\producto_controller.php(256): CodeIgniter\Autoloader\Autoloader->loadClass('App\\Models\\producto_Model')
 5 SYSTEMPATH\CodeIgniter.php(943): App\Controllers\producto_controller->detalle_producto('87')
 6 SYSTEMPATH\CodeIgniter.php(503): CodeIgniter\CodeIgniter->runController(Object(App\Controllers\producto_controller))
 7 SYSTEMPATH\CodeIgniter.php(361): CodeIgniter\CodeIgniter->handleRequest(null, Object(Config\Cache), false)
 8 FCPATH\index.php(79): CodeIgniter\CodeIgniter->run()
WARNING - 2026-03-03 22:04:25 --> [DEPRECATED] Optional parameter $categoria_id declared before required parameter $buscar is implicitly treated as a required parameter in APPPATH\Models\producto_Model.php on line 0.
 1 SYSTEMPATH\Autoloader\Autoloader.php(311): include_once('C:\\xampp\\htdocs\\proyecto_espinola_emilia\\system\\Debug\\Exceptions.php')
 2 SYSTEMPATH\Autoloader\Autoloader.php(290): CodeIgniter\Autoloader\Autoloader->includeFile('C:\\xampp\\htdocs\\proyecto_espinola_emilia\\app\\Models\\producto_Model.php')
 3 SYSTEMPATH\Autoloader\Autoloader.php(266): CodeIgniter\Autoloader\Autoloader->loadInNamespace('App\\Models\\producto_Model')
 4 APPPATH\Controllers\producto_controller.php(256): CodeIgniter\Autoloader\Autoloader->loadClass('App\\Models\\producto_Model')
 5 SYSTEMPATH\CodeIgniter.php(943): App\Controllers\producto_controller->detalle_producto('87')
 6 SYSTEMPATH\CodeIgniter.php(503): CodeIgniter\CodeIgniter->runController(Object(App\Controllers\producto_controller))
 7 SYSTEMPATH\CodeIgniter.php(361): CodeIgniter\CodeIgniter->handleRequest(null, Object(Config\Cache), false)
 8 FCPATH\index.php(79): CodeIgniter\CodeIgniter->run()
INFO - 2026-03-03 22:04:25 --> Session: Class initialized using 'CodeIgniter\Session\Handlers\FileHandler' driver.
WARNING - 2026-03-03 22:04:29 --> [DEPRECATED] Optional parameter $colores declared before required parameter $buscar is implicitly treated as a required parameter in APPPATH\Models\producto_Model.php on line 76.
 1 SYSTEMPATH\Autoloader\Autoloader.php(311): include_once('C:\\xampp\\htdocs\\proyecto_espinola_emilia\\system\\Debug\\Exceptions.php')
 2 SYSTEMPATH\Autoloader\Autoloader.php(290): CodeIgniter\Autoloader\Autoloader->includeFile('C:\\xampp\\htdocs\\proyecto_espinola_emilia\\app\\Models\\producto_Model.php')
 3 SYSTEMPATH\Autoloader\Autoloader.php(266): CodeIgniter\Autoloader\Autoloader->loadInNamespace('App\\Models\\producto_Model')
 4 APPPATH\Controllers\carrito_controller.php(23): CodeIgniter\Autoloader\Autoloader->loadClass('App\\Models\\producto_Model')
 5 SYSTEMPATH\CodeIgniter.php(915): App\Controllers\carrito_controller->__construct()
 6 SYSTEMPATH\CodeIgniter.php(494): CodeIgniter\CodeIgniter->createController()
 7 SYSTEMPATH\CodeIgniter.php(361): CodeIgniter\CodeIgniter->handleRequest(null, Object(Config\Cache), false)
 8 FCPATH\index.php(79): CodeIgniter\CodeIgniter->run()
WARNING - 2026-03-03 22:04:29 --> [DEPRECATED] Optional parameter $talles declared before required parameter $buscar is implicitly treated as a required parameter in APPPATH\Models\producto_Model.php on line 0.
 1 SYSTEMPATH\Autoloader\Autoloader.php(311): include_once('C:\\xampp\\htdocs\\proyecto_espinola_emilia\\system\\Debug\\Exceptions.php')
 2 SYSTEMPATH\Autoloader\Autoloader.php(290): CodeIgniter\Autoloader\Autoloader->includeFile('C:\\xampp\\htdocs\\proyecto_espinola_emilia\\app\\Models\\producto_Model.php')
 3 SYSTEMPATH\Autoloader\Autoloader.php(266): CodeIgniter\Autoloader\Autoloader->loadInNamespace('App\\Models\\producto_Model')
 4 APPPATH\Controllers\carrito_controller.php(23): CodeIgniter\Autoloader\Autoloader->loadClass('App\\Models\\producto_Model')
 5 SYSTEMPATH\CodeIgniter.php(915): App\Controllers\carrito_controller->__construct()
 6 SYSTEMPATH\CodeIgniter.php(494): CodeIgniter\CodeIgniter->createController()
 7 SYSTEMPATH\CodeIgniter.php(361): CodeIgniter\CodeIgniter->handleRequest(null, Object(Config\Cache), false)
 8 FCPATH\index.php(79): CodeIgniter\CodeIgniter->run()
WARNING - 2026-03-03 22:04:29 --> [DEPRECATED] Optional parameter $categoria_id declared before required parameter $buscar is implicitly treated as a required parameter in APPPATH\Models\producto_Model.php on line 0.
 1 SYSTEMPATH\Autoloader\Autoloader.php(311): include_once('C:\\xampp\\htdocs\\proyecto_espinola_emilia\\system\\Debug\\Exceptions.php')
 2 SYSTEMPATH\Autoloader\Autoloader.php(290): CodeIgniter\Autoloader\Autoloader->includeFile('C:\\xampp\\htdocs\\proyecto_espinola_emilia\\app\\Models\\producto_Model.php')
 3 SYSTEMPATH\Autoloader\Autoloader.php(266): CodeIgniter\Autoloader\Autoloader->loadInNamespace('App\\Models\\producto_Model')
 4 APPPATH\Controllers\carrito_controller.php(23): CodeIgniter\Autoloader\Autoloader->loadClass('App\\Models\\producto_Model')
 5 SYSTEMPATH\CodeIgniter.php(915): App\Controllers\carrito_controller->__construct()
 6 SYSTEMPATH\CodeIgniter.php(494): CodeIgniter\CodeIgniter->createController()
 7 SYSTEMPATH\CodeIgniter.php(361): CodeIgniter\CodeIgniter->handleRequest(null, Object(Config\Cache), false)
 8 FCPATH\index.php(79): CodeIgniter\CodeIgniter->run()
INFO - 2026-03-03 22:04:29 --> Session: Class initialized using 'CodeIgniter\Session\Handlers\FileHandler' driver.
ERROR - 2026-03-03 22:04:29 --> mysqli_sql_exception: Unknown column 'producto_id' in 'where clause' in C:\xampp\htdocs\proyecto_espinola_emilia\system\Database\MySQLi\Connection.php:306
Stack trace:
#0 C:\xampp\htdocs\proyecto_espinola_emilia\system\Database\MySQLi\Connection.php(306): mysqli->query('SELECT *\nFROM `...', 0)
#1 C:\xampp\htdocs\proyecto_espinola_emilia\system\Database\BaseConnection.php(693): CodeIgniter\Database\MySQLi\Connection->execute('SELECT *\nFROM `...')
#2 C:\xampp\htdocs\proyecto_espinola_emilia\system\Database\BaseConnection.php(607): CodeIgniter\Database\BaseConnection->simpleQuery('SELECT *\nFROM `...')
#3 C:\xampp\htdocs\proyecto_espinola_emilia\system\Database\BaseBuilder.php(1616): CodeIgniter\Database\BaseConnection->query('SELECT *\nFROM `...', Array, false)
#4 C:\xampp\htdocs\proyecto_espinola_emilia\system\Model.php(271): CodeIgniter\Database\BaseBuilder->get()
#5 C:\xampp\htdocs\proyecto_espinola_emilia\system\BaseModel.php(676): CodeIgniter\Model->doFirst()
#6 C:\xampp\htdocs\proyecto_espinola_emilia\app\Controllers\carrito_controller.php(244): CodeIgniter\BaseModel->first()
#7 C:\xampp\htdocs\proyecto_espinola_emilia\system\CodeIgniter.php(943): App\Controllers\carrito_controller->incrementarCantProducto()
#8 C:\xampp\htdocs\proyecto_espinola_emilia\system\CodeIgniter.php(503): CodeIgniter\CodeIgniter->runController(Object(App\Controllers\carrito_controller))
#9 C:\xampp\htdocs\proyecto_espinola_emilia\system\CodeIgniter.php(361): CodeIgniter\CodeIgniter->handleRequest(NULL, Object(Config\Cache), false)
#10 C:\xampp\htdocs\proyecto_espinola_emilia\index.php(79): CodeIgniter\CodeIgniter->run()
#11 {main}
CRITICAL - 2026-03-03 22:04:29 --> CodeIgniter\Database\Exceptions\DatabaseException: Unknown column 'producto_id' in 'where clause'
in SYSTEMPATH\Database\BaseConnection.php on line 647.
 1 SYSTEMPATH\Database\BaseBuilder.php(1616): CodeIgniter\Database\BaseConnection->query('SELECT *
FROM `carritos_items`
WHERE `carrito_id` = :carrito_id:
AND `producto_id` IS NULL
 LIMIT 1', [...], false)
 2 SYSTEMPATH\Model.php(271): CodeIgniter\Database\BaseBuilder->get()
 3 SYSTEMPATH\BaseModel.php(676): CodeIgniter\Model->doFirst()
 4 APPPATH\Controllers\carrito_controller.php(244): CodeIgniter\BaseModel->first()
 5 SYSTEMPATH\CodeIgniter.php(943): App\Controllers\carrito_controller->incrementarCantProducto()
 6 SYSTEMPATH\CodeIgniter.php(503): CodeIgniter\CodeIgniter->runController(Object(App\Controllers\carrito_controller))
 7 SYSTEMPATH\CodeIgniter.php(361): CodeIgniter\CodeIgniter->handleRequest(null, Object(Config\Cache), false)
 8 FCPATH\index.php(79): CodeIgniter\CodeIgniter->run()
CRITICAL - 2026-03-03 22:04:29 --> [Caused by] CodeIgniter\Database\Exceptions\DatabaseException: Unknown column 'producto_id' in 'where clause'
in SYSTEMPATH\Database\MySQLi\Connection.php on line 311.
 1 SYSTEMPATH\Database\BaseConnection.php(693): CodeIgniter\Database\MySQLi\Connection->execute('SELECT *
FROM `carritos_items`
WHERE `carrito_id` = \'1\'
AND `producto_id` IS NULL
 LIMIT 1')
 2 SYSTEMPATH\Database\BaseConnection.php(607): CodeIgniter\Database\BaseConnection->simpleQuery('SELECT *
FROM `carritos_items`
WHERE `carrito_id` = \'1\'
AND `producto_id` IS NULL
 LIMIT 1')
 3 SYSTEMPATH\Database\BaseBuilder.php(1616): CodeIgniter\Database\BaseConnection->query('SELECT *
FROM `carritos_items`
WHERE `carrito_id` = :carrito_id:
AND `producto_id` IS NULL
 LIMIT 1', [...], false)
 4 SYSTEMPATH\Model.php(271): CodeIgniter\Database\BaseBuilder->get()
 5 SYSTEMPATH\BaseModel.php(676): CodeIgniter\Model->doFirst()
 6 APPPATH\Controllers\carrito_controller.php(244): CodeIgniter\BaseModel->first()
 7 SYSTEMPATH\CodeIgniter.php(943): App\Controllers\carrito_controller->incrementarCantProducto()
 8 SYSTEMPATH\CodeIgniter.php(503): CodeIgniter\CodeIgniter->runController(Object(App\Controllers\carrito_controller))
 9 SYSTEMPATH\CodeIgniter.php(361): CodeIgniter\CodeIgniter->handleRequest(null, Object(Config\Cache), false)
10 FCPATH\index.php(79): CodeIgniter\CodeIgniter->run()
CRITICAL - 2026-03-03 22:04:29 --> [Caused by] mysqli_sql_exception: Unknown column 'producto_id' in 'where clause'
in SYSTEMPATH\Database\MySQLi\Connection.php on line 306.
 1 SYSTEMPATH\Database\MySQLi\Connection.php(306): mysqli->query('SELECT *
FROM `carritos_items`
WHERE `carrito_id` = \'1\'
AND `producto_id` IS NULL
 LIMIT 1', 0)
 2 SYSTEMPATH\Database\BaseConnection.php(693): CodeIgniter\Database\MySQLi\Connection->execute('SELECT *
FROM `carritos_items`
WHERE `carrito_id` = \'1\'
AND `producto_id` IS NULL
 LIMIT 1')
 3 SYSTEMPATH\Database\BaseConnection.php(607): CodeIgniter\Database\BaseConnection->simpleQuery('SELECT *
FROM `carritos_items`
WHERE `carrito_id` = \'1\'
AND `producto_id` IS NULL
 LIMIT 1')
 4 SYSTEMPATH\Database\BaseBuilder.php(1616): CodeIgniter\Database\BaseConnection->query('SELECT *
FROM `carritos_items`
WHERE `carrito_id` = :carrito_id:
AND `producto_id` IS NULL
 LIMIT 1', [...], false)
 5 SYSTEMPATH\Model.php(271): CodeIgniter\Database\BaseBuilder->get()
 6 SYSTEMPATH\BaseModel.php(676): CodeIgniter\Model->doFirst()
 7 APPPATH\Controllers\carrito_controller.php(244): CodeIgniter\BaseModel->first()
 8 SYSTEMPATH\CodeIgniter.php(943): App\Controllers\carrito_controller->incrementarCantProducto()
 9 SYSTEMPATH\CodeIgniter.php(503): CodeIgniter\CodeIgniter->runController(Object(App\Controllers\carrito_controller))
10 SYSTEMPATH\CodeIgniter.php(361): CodeIgniter\CodeIgniter->handleRequest(null, Object(Config\Cache), false)
11 FCPATH\index.php(79): CodeIgniter\CodeIgniter->run()
WARNING - 2026-03-03 22:05:14 --> [DEPRECATED] Optional parameter $colores declared before required parameter $buscar is implicitly treated as a required parameter in APPPATH\Models\producto_Model.php on line 76.
 1 SYSTEMPATH\Autoloader\Autoloader.php(311): include_once('C:\\xampp\\htdocs\\proyecto_espinola_emilia\\system\\Debug\\Exceptions.php')
 2 SYSTEMPATH\Autoloader\Autoloader.php(290): CodeIgniter\Autoloader\Autoloader->includeFile('C:\\xampp\\htdocs\\proyecto_espinola_emilia\\app\\Models\\producto_Model.php')
 3 SYSTEMPATH\Autoloader\Autoloader.php(266): CodeIgniter\Autoloader\Autoloader->loadInNamespace('App\\Models\\producto_Model')
 4 APPPATH\Controllers\carrito_controller.php(23): CodeIgniter\Autoloader\Autoloader->loadClass('App\\Models\\producto_Model')
 5 SYSTEMPATH\CodeIgniter.php(915): App\Controllers\carrito_controller->__construct()
 6 SYSTEMPATH\CodeIgniter.php(494): CodeIgniter\CodeIgniter->createController()
 7 SYSTEMPATH\CodeIgniter.php(361): CodeIgniter\CodeIgniter->handleRequest(null, Object(Config\Cache), false)
 8 FCPATH\index.php(79): CodeIgniter\CodeIgniter->run()
WARNING - 2026-03-03 22:05:14 --> [DEPRECATED] Optional parameter $talles declared before required parameter $buscar is implicitly treated as a required parameter in APPPATH\Models\producto_Model.php on line 0.
 1 SYSTEMPATH\Autoloader\Autoloader.php(311): include_once('C:\\xampp\\htdocs\\proyecto_espinola_emilia\\system\\Debug\\Exceptions.php')
 2 SYSTEMPATH\Autoloader\Autoloader.php(290): CodeIgniter\Autoloader\Autoloader->includeFile('C:\\xampp\\htdocs\\proyecto_espinola_emilia\\app\\Models\\producto_Model.php')
 3 SYSTEMPATH\Autoloader\Autoloader.php(266): CodeIgniter\Autoloader\Autoloader->loadInNamespace('App\\Models\\producto_Model')
 4 APPPATH\Controllers\carrito_controller.php(23): CodeIgniter\Autoloader\Autoloader->loadClass('App\\Models\\producto_Model')
 5 SYSTEMPATH\CodeIgniter.php(915): App\Controllers\carrito_controller->__construct()
 6 SYSTEMPATH\CodeIgniter.php(494): CodeIgniter\CodeIgniter->createController()
 7 SYSTEMPATH\CodeIgniter.php(361): CodeIgniter\CodeIgniter->handleRequest(null, Object(Config\Cache), false)
 8 FCPATH\index.php(79): CodeIgniter\CodeIgniter->run()
WARNING - 2026-03-03 22:05:14 --> [DEPRECATED] Optional parameter $categoria_id declared before required parameter $buscar is implicitly treated as a required parameter in APPPATH\Models\producto_Model.php on line 0.
 1 SYSTEMPATH\Autoloader\Autoloader.php(311): include_once('C:\\xampp\\htdocs\\proyecto_espinola_emilia\\system\\Debug\\Exceptions.php')
 2 SYSTEMPATH\Autoloader\Autoloader.php(290): CodeIgniter\Autoloader\Autoloader->includeFile('C:\\xampp\\htdocs\\proyecto_espinola_emilia\\app\\Models\\producto_Model.php')
 3 SYSTEMPATH\Autoloader\Autoloader.php(266): CodeIgniter\Autoloader\Autoloader->loadInNamespace('App\\Models\\producto_Model')
 4 APPPATH\Controllers\carrito_controller.php(23): CodeIgniter\Autoloader\Autoloader->loadClass('App\\Models\\producto_Model')
 5 SYSTEMPATH\CodeIgniter.php(915): App\Controllers\carrito_controller->__construct()
 6 SYSTEMPATH\CodeIgniter.php(494): CodeIgniter\CodeIgniter->createController()
 7 SYSTEMPATH\CodeIgniter.php(361): CodeIgniter\CodeIgniter->handleRequest(null, Object(Config\Cache), false)
 8 FCPATH\index.php(79): CodeIgniter\CodeIgniter->run()
INFO - 2026-03-03 22:05:14 --> Session: Class initialized using 'CodeIgniter\Session\Handlers\FileHandler' driver.
ERROR - 2026-03-03 22:05:14 --> mysqli_sql_exception: Unknown column 'producto_id' in 'where clause' in C:\xampp\htdocs\proyecto_espinola_emilia\system\Database\MySQLi\Connection.php:306
Stack trace:
#0 C:\xampp\htdocs\proyecto_espinola_emilia\system\Database\MySQLi\Connection.php(306): mysqli->query('SELECT *\nFROM `...', 0)
#1 C:\xampp\htdocs\proyecto_espinola_emilia\system\Database\BaseConnection.php(693): CodeIgniter\Database\MySQLi\Connection->execute('SELECT *\nFROM `...')
#2 C:\xampp\htdocs\proyecto_espinola_emilia\system\Database\BaseConnection.php(607): CodeIgniter\Database\BaseConnection->simpleQuery('SELECT *\nFROM `...')
#3 C:\xampp\htdocs\proyecto_espinola_emilia\system\Database\BaseBuilder.php(1616): CodeIgniter\Database\BaseConnection->query('SELECT *\nFROM `...', Array, false)
#4 C:\xampp\htdocs\proyecto_espinola_emilia\system\Model.php(271): CodeIgniter\Database\BaseBuilder->get()
#5 C:\xampp\htdocs\proyecto_espinola_emilia\system\BaseModel.php(676): CodeIgniter\Model->doFirst()
#6 C:\xampp\htdocs\proyecto_espinola_emilia\app\Controllers\carrito_controller.php(244): CodeIgniter\BaseModel->first()
#7 C:\xampp\htdocs\proyecto_espinola_emilia\system\CodeIgniter.php(943): App\Controllers\carrito_controller->incrementarCantProducto()
#8 C:\xampp\htdocs\proyecto_espinola_emilia\system\CodeIgniter.php(503): CodeIgniter\CodeIgniter->runController(Object(App\Controllers\carrito_controller))
#9 C:\xampp\htdocs\proyecto_espinola_emilia\system\CodeIgniter.php(361): CodeIgniter\CodeIgniter->handleRequest(NULL, Object(Config\Cache), false)
#10 C:\xampp\htdocs\proyecto_espinola_emilia\index.php(79): CodeIgniter\CodeIgniter->run()
#11 {main}
CRITICAL - 2026-03-03 22:05:14 --> CodeIgniter\Database\Exceptions\DatabaseException: Unknown column 'producto_id' in 'where clause'
in SYSTEMPATH\Database\BaseConnection.php on line 647.
 1 SYSTEMPATH\Database\BaseBuilder.php(1616): CodeIgniter\Database\BaseConnection->query('SELECT *
FROM `carritos_items`
WHERE `carrito_id` = :carrito_id:
AND `producto_id` IS NULL
 LIMIT 1', [...], false)
 2 SYSTEMPATH\Model.php(271): CodeIgniter\Database\BaseBuilder->get()
 3 SYSTEMPATH\BaseModel.php(676): CodeIgniter\Model->doFirst()
 4 APPPATH\Controllers\carrito_controller.php(244): CodeIgniter\BaseModel->first()
 5 SYSTEMPATH\CodeIgniter.php(943): App\Controllers\carrito_controller->incrementarCantProducto()
 6 SYSTEMPATH\CodeIgniter.php(503): CodeIgniter\CodeIgniter->runController(Object(App\Controllers\carrito_controller))
 7 SYSTEMPATH\CodeIgniter.php(361): CodeIgniter\CodeIgniter->handleRequest(null, Object(Config\Cache), false)
 8 FCPATH\index.php(79): CodeIgniter\CodeIgniter->run()
CRITICAL - 2026-03-03 22:05:14 --> [Caused by] CodeIgniter\Database\Exceptions\DatabaseException: Unknown column 'producto_id' in 'where clause'
in SYSTEMPATH\Database\MySQLi\Connection.php on line 311.
 1 SYSTEMPATH\Database\BaseConnection.php(693): CodeIgniter\Database\MySQLi\Connection->execute('SELECT *
FROM `carritos_items`
WHERE `carrito_id` = \'1\'
AND `producto_id` IS NULL
 LIMIT 1')
 2 SYSTEMPATH\Database\BaseConnection.php(607): CodeIgniter\Database\BaseConnection->simpleQuery('SELECT *
FROM `carritos_items`
WHERE `carrito_id` = \'1\'
AND `producto_id` IS NULL
 LIMIT 1')
 3 SYSTEMPATH\Database\BaseBuilder.php(1616): CodeIgniter\Database\BaseConnection->query('SELECT *
FROM `carritos_items`
WHERE `carrito_id` = :carrito_id:
AND `producto_id` IS NULL
 LIMIT 1', [...], false)
 4 SYSTEMPATH\Model.php(271): CodeIgniter\Database\BaseBuilder->get()
 5 SYSTEMPATH\BaseModel.php(676): CodeIgniter\Model->doFirst()
 6 APPPATH\Controllers\carrito_controller.php(244): CodeIgniter\BaseModel->first()
 7 SYSTEMPATH\CodeIgniter.php(943): App\Controllers\carrito_controller->incrementarCantProducto()
 8 SYSTEMPATH\CodeIgniter.php(503): CodeIgniter\CodeIgniter->runController(Object(App\Controllers\carrito_controller))
 9 SYSTEMPATH\CodeIgniter.php(361): CodeIgniter\CodeIgniter->handleRequest(null, Object(Config\Cache), false)
10 FCPATH\index.php(79): CodeIgniter\CodeIgniter->run()
CRITICAL - 2026-03-03 22:05:14 --> [Caused by] mysqli_sql_exception: Unknown column 'producto_id' in 'where clause'
in SYSTEMPATH\Database\MySQLi\Connection.php on line 306.
 1 SYSTEMPATH\Database\MySQLi\Connection.php(306): mysqli->query('SELECT *
FROM `carritos_items`
WHERE `carrito_id` = \'1\'
AND `producto_id` IS NULL
 LIMIT 1', 0)
 2 SYSTEMPATH\Database\BaseConnection.php(693): CodeIgniter\Database\MySQLi\Connection->execute('SELECT *
FROM `carritos_items`
WHERE `carrito_id` = \'1\'
AND `producto_id` IS NULL
 LIMIT 1')
 3 SYSTEMPATH\Database\BaseConnection.php(607): CodeIgniter\Database\BaseConnection->simpleQuery('SELECT *
FROM `carritos_items`
WHERE `carrito_id` = \'1\'
AND `producto_id` IS NULL
 LIMIT 1')
 4 SYSTEMPATH\Database\BaseBuilder.php(1616): CodeIgniter\Database\BaseConnection->query('SELECT *
FROM `carritos_items`
WHERE `carrito_id` = :carrito_id:
AND `producto_id` IS NULL
 LIMIT 1', [...], false)
 5 SYSTEMPATH\Model.php(271): CodeIgniter\Database\BaseBuilder->get()
 6 SYSTEMPATH\BaseModel.php(676): CodeIgniter\Model->doFirst()
 7 APPPATH\Controllers\carrito_controller.php(244): CodeIgniter\BaseModel->first()
 8 SYSTEMPATH\CodeIgniter.php(943): App\Controllers\carrito_controller->incrementarCantProducto()
 9 SYSTEMPATH\CodeIgniter.php(503): CodeIgniter\CodeIgniter->runController(Object(App\Controllers\carrito_controller))
10 SYSTEMPATH\CodeIgniter.php(361): CodeIgniter\CodeIgniter->handleRequest(null, Object(Config\Cache), false)
11 FCPATH\index.php(79): CodeIgniter\CodeIgniter->run()
WARNING - 2026-03-03 22:06:37 --> [DEPRECATED] Optional parameter $colores declared before required parameter $buscar is implicitly treated as a required parameter in APPPATH\Models\producto_Model.php on line 76.
 1 SYSTEMPATH\Autoloader\Autoloader.php(311): include_once('C:\\xampp\\htdocs\\proyecto_espinola_emilia\\system\\Debug\\Exceptions.php')
 2 SYSTEMPATH\Autoloader\Autoloader.php(290): CodeIgniter\Autoloader\Autoloader->includeFile('C:\\xampp\\htdocs\\proyecto_espinola_emilia\\app\\Models\\producto_Model.php')
 3 SYSTEMPATH\Autoloader\Autoloader.php(266): CodeIgniter\Autoloader\Autoloader->loadInNamespace('App\\Models\\producto_Model')
 4 APPPATH\Controllers\ventas_controller.php(23): CodeIgniter\Autoloader\Autoloader->loadClass('App\\Models\\producto_Model')
 5 SYSTEMPATH\CodeIgniter.php(915): App\Controllers\ventas_controller->__construct()
 6 SYSTEMPATH\CodeIgniter.php(494): CodeIgniter\CodeIgniter->createController()
 7 SYSTEMPATH\CodeIgniter.php(361): CodeIgniter\CodeIgniter->handleRequest(null, Object(Config\Cache), false)
 8 FCPATH\index.php(79): CodeIgniter\CodeIgniter->run()
WARNING - 2026-03-03 22:06:37 --> [DEPRECATED] Optional parameter $talles declared before required parameter $buscar is implicitly treated as a required parameter in APPPATH\Models\producto_Model.php on line 0.
 1 SYSTEMPATH\Autoloader\Autoloader.php(311): include_once('C:\\xampp\\htdocs\\proyecto_espinola_emilia\\system\\Debug\\Exceptions.php')
 2 SYSTEMPATH\Autoloader\Autoloader.php(290): CodeIgniter\Autoloader\Autoloader->includeFile('C:\\xampp\\htdocs\\proyecto_espinola_emilia\\app\\Models\\producto_Model.php')
 3 SYSTEMPATH\Autoloader\Autoloader.php(266): CodeIgniter\Autoloader\Autoloader->loadInNamespace('App\\Models\\producto_Model')
 4 APPPATH\Controllers\ventas_controller.php(23): CodeIgniter\Autoloader\Autoloader->loadClass('App\\Models\\producto_Model')
 5 SYSTEMPATH\CodeIgniter.php(915): App\Controllers\ventas_controller->__construct()
 6 SYSTEMPATH\CodeIgniter.php(494): CodeIgniter\CodeIgniter->createController()
 7 SYSTEMPATH\CodeIgniter.php(361): CodeIgniter\CodeIgniter->handleRequest(null, Object(Config\Cache), false)
 8 FCPATH\index.php(79): CodeIgniter\CodeIgniter->run()
WARNING - 2026-03-03 22:06:37 --> [DEPRECATED] Optional parameter $categoria_id declared before required parameter $buscar is implicitly treated as a required parameter in APPPATH\Models\producto_Model.php on line 0.
 1 SYSTEMPATH\Autoloader\Autoloader.php(311): include_once('C:\\xampp\\htdocs\\proyecto_espinola_emilia\\system\\Debug\\Exceptions.php')
 2 SYSTEMPATH\Autoloader\Autoloader.php(290): CodeIgniter\Autoloader\Autoloader->includeFile('C:\\xampp\\htdocs\\proyecto_espinola_emilia\\app\\Models\\producto_Model.php')
 3 SYSTEMPATH\Autoloader\Autoloader.php(266): CodeIgniter\Autoloader\Autoloader->loadInNamespace('App\\Models\\producto_Model')
 4 APPPATH\Controllers\ventas_controller.php(23): CodeIgniter\Autoloader\Autoloader->loadClass('App\\Models\\producto_Model')
 5 SYSTEMPATH\CodeIgniter.php(915): App\Controllers\ventas_controller->__construct()
 6 SYSTEMPATH\CodeIgniter.php(494): CodeIgniter\CodeIgniter->createController()
 7 SYSTEMPATH\CodeIgniter.php(361): CodeIgniter\CodeIgniter->handleRequest(null, Object(Config\Cache), false)
 8 FCPATH\index.php(79): CodeIgniter\CodeIgniter->run()
WARNING - 2026-03-03 22:06:37 --> [DEPRECATED] Creation of dynamic property App\Controllers\ventas_controller::$productosDetalle is deprecated in APPPATH\Controllers\ventas_controller.php on line 24.
 1 SYSTEMPATH\CodeIgniter.php(915): App\Controllers\ventas_controller->__construct()
 2 SYSTEMPATH\CodeIgniter.php(494): CodeIgniter\CodeIgniter->createController()
 3 SYSTEMPATH\CodeIgniter.php(361): CodeIgniter\CodeIgniter->handleRequest(null, Object(Config\Cache), false)
 4 FCPATH\index.php(79): CodeIgniter\CodeIgniter->run()
INFO - 2026-03-03 22:06:37 --> Session: Class initialized using 'CodeIgniter\Session\Handlers\FileHandler' driver.
WARNING - 2026-03-03 22:06:41 --> [DEPRECATED] Optional parameter $colores declared before required parameter $buscar is implicitly treated as a required parameter in APPPATH\Models\producto_Model.php on line 76.
 1 SYSTEMPATH\Autoloader\Autoloader.php(311): include_once('C:\\xampp\\htdocs\\proyecto_espinola_emilia\\system\\Debug\\Exceptions.php')
 2 SYSTEMPATH\Autoloader\Autoloader.php(290): CodeIgniter\Autoloader\Autoloader->includeFile('C:\\xampp\\htdocs\\proyecto_espinola_emilia\\app\\Models\\producto_Model.php')
 3 SYSTEMPATH\Autoloader\Autoloader.php(266): CodeIgniter\Autoloader\Autoloader->loadInNamespace('App\\Models\\producto_Model')
 4 APPPATH\Controllers\carrito_controller.php(23): CodeIgniter\Autoloader\Autoloader->loadClass('App\\Models\\producto_Model')
 5 SYSTEMPATH\CodeIgniter.php(915): App\Controllers\carrito_controller->__construct()
 6 SYSTEMPATH\CodeIgniter.php(494): CodeIgniter\CodeIgniter->createController()
 7 SYSTEMPATH\CodeIgniter.php(361): CodeIgniter\CodeIgniter->handleRequest(null, Object(Config\Cache), false)
 8 FCPATH\index.php(79): CodeIgniter\CodeIgniter->run()
WARNING - 2026-03-03 22:06:41 --> [DEPRECATED] Optional parameter $talles declared before required parameter $buscar is implicitly treated as a required parameter in APPPATH\Models\producto_Model.php on line 0.
 1 SYSTEMPATH\Autoloader\Autoloader.php(311): include_once('C:\\xampp\\htdocs\\proyecto_espinola_emilia\\system\\Debug\\Exceptions.php')
 2 SYSTEMPATH\Autoloader\Autoloader.php(290): CodeIgniter\Autoloader\Autoloader->includeFile('C:\\xampp\\htdocs\\proyecto_espinola_emilia\\app\\Models\\producto_Model.php')
 3 SYSTEMPATH\Autoloader\Autoloader.php(266): CodeIgniter\Autoloader\Autoloader->loadInNamespace('App\\Models\\producto_Model')
 4 APPPATH\Controllers\carrito_controller.php(23): CodeIgniter\Autoloader\Autoloader->loadClass('App\\Models\\producto_Model')
 5 SYSTEMPATH\CodeIgniter.php(915): App\Controllers\carrito_controller->__construct()
 6 SYSTEMPATH\CodeIgniter.php(494): CodeIgniter\CodeIgniter->createController()
 7 SYSTEMPATH\CodeIgniter.php(361): CodeIgniter\CodeIgniter->handleRequest(null, Object(Config\Cache), false)
 8 FCPATH\index.php(79): CodeIgniter\CodeIgniter->run()
WARNING - 2026-03-03 22:06:41 --> [DEPRECATED] Optional parameter $categoria_id declared before required parameter $buscar is implicitly treated as a required parameter in APPPATH\Models\producto_Model.php on line 0.
 1 SYSTEMPATH\Autoloader\Autoloader.php(311): include_once('C:\\xampp\\htdocs\\proyecto_espinola_emilia\\system\\Debug\\Exceptions.php')
 2 SYSTEMPATH\Autoloader\Autoloader.php(290): CodeIgniter\Autoloader\Autoloader->includeFile('C:\\xampp\\htdocs\\proyecto_espinola_emilia\\app\\Models\\producto_Model.php')
 3 SYSTEMPATH\Autoloader\Autoloader.php(266): CodeIgniter\Autoloader\Autoloader->loadInNamespace('App\\Models\\producto_Model')
 4 APPPATH\Controllers\carrito_controller.php(23): CodeIgniter\Autoloader\Autoloader->loadClass('App\\Models\\producto_Model')
 5 SYSTEMPATH\CodeIgniter.php(915): App\Controllers\carrito_controller->__construct()
 6 SYSTEMPATH\CodeIgniter.php(494): CodeIgniter\CodeIgniter->createController()
 7 SYSTEMPATH\CodeIgniter.php(361): CodeIgniter\CodeIgniter->handleRequest(null, Object(Config\Cache), false)
 8 FCPATH\index.php(79): CodeIgniter\CodeIgniter->run()
INFO - 2026-03-03 22:06:42 --> Session: Class initialized using 'CodeIgniter\Session\Handlers\FileHandler' driver.
WARNING - 2026-03-03 22:06:47 --> [DEPRECATED] Optional parameter $colores declared before required parameter $buscar is implicitly treated as a required parameter in APPPATH\Models\producto_Model.php on line 76.
 1 SYSTEMPATH\Autoloader\Autoloader.php(311): include_once('C:\\xampp\\htdocs\\proyecto_espinola_emilia\\system\\Debug\\Exceptions.php')
 2 SYSTEMPATH\Autoloader\Autoloader.php(290): CodeIgniter\Autoloader\Autoloader->includeFile('C:\\xampp\\htdocs\\proyecto_espinola_emilia\\app\\Models\\producto_Model.php')
 3 SYSTEMPATH\Autoloader\Autoloader.php(266): CodeIgniter\Autoloader\Autoloader->loadInNamespace('App\\Models\\producto_Model')
 4 APPPATH\Controllers\carrito_controller.php(23): CodeIgniter\Autoloader\Autoloader->loadClass('App\\Models\\producto_Model')
 5 SYSTEMPATH\CodeIgniter.php(915): App\Controllers\carrito_controller->__construct()
 6 SYSTEMPATH\CodeIgniter.php(494): CodeIgniter\CodeIgniter->createController()
 7 SYSTEMPATH\CodeIgniter.php(361): CodeIgniter\CodeIgniter->handleRequest(null, Object(Config\Cache), false)
 8 FCPATH\index.php(79): CodeIgniter\CodeIgniter->run()
WARNING - 2026-03-03 22:06:47 --> [DEPRECATED] Optional parameter $talles declared before required parameter $buscar is implicitly treated as a required parameter in APPPATH\Models\producto_Model.php on line 0.
 1 SYSTEMPATH\Autoloader\Autoloader.php(311): include_once('C:\\xampp\\htdocs\\proyecto_espinola_emilia\\system\\Debug\\Exceptions.php')
 2 SYSTEMPATH\Autoloader\Autoloader.php(290): CodeIgniter\Autoloader\Autoloader->includeFile('C:\\xampp\\htdocs\\proyecto_espinola_emilia\\app\\Models\\producto_Model.php')
 3 SYSTEMPATH\Autoloader\Autoloader.php(266): CodeIgniter\Autoloader\Autoloader->loadInNamespace('App\\Models\\producto_Model')
 4 APPPATH\Controllers\carrito_controller.php(23): CodeIgniter\Autoloader\Autoloader->loadClass('App\\Models\\producto_Model')
 5 SYSTEMPATH\CodeIgniter.php(915): App\Controllers\carrito_controller->__construct()
 6 SYSTEMPATH\CodeIgniter.php(494): CodeIgniter\CodeIgniter->createController()
 7 SYSTEMPATH\CodeIgniter.php(361): CodeIgniter\CodeIgniter->handleRequest(null, Object(Config\Cache), false)
 8 FCPATH\index.php(79): CodeIgniter\CodeIgniter->run()
WARNING - 2026-03-03 22:06:47 --> [DEPRECATED] Optional parameter $categoria_id declared before required parameter $buscar is implicitly treated as a required parameter in APPPATH\Models\producto_Model.php on line 0.
 1 SYSTEMPATH\Autoloader\Autoloader.php(311): include_once('C:\\xampp\\htdocs\\proyecto_espinola_emilia\\system\\Debug\\Exceptions.php')
 2 SYSTEMPATH\Autoloader\Autoloader.php(290): CodeIgniter\Autoloader\Autoloader->includeFile('C:\\xampp\\htdocs\\proyecto_espinola_emilia\\app\\Models\\producto_Model.php')
 3 SYSTEMPATH\Autoloader\Autoloader.php(266): CodeIgniter\Autoloader\Autoloader->loadInNamespace('App\\Models\\producto_Model')
 4 APPPATH\Controllers\carrito_controller.php(23): CodeIgniter\Autoloader\Autoloader->loadClass('App\\Models\\producto_Model')
 5 SYSTEMPATH\CodeIgniter.php(915): App\Controllers\carrito_controller->__construct()
 6 SYSTEMPATH\CodeIgniter.php(494): CodeIgniter\CodeIgniter->createController()
 7 SYSTEMPATH\CodeIgniter.php(361): CodeIgniter\CodeIgniter->handleRequest(null, Object(Config\Cache), false)
 8 FCPATH\index.php(79): CodeIgniter\CodeIgniter->run()
INFO - 2026-03-03 22:06:47 --> Session: Class initialized using 'CodeIgniter\Session\Handlers\FileHandler' driver.
WARNING - 2026-03-03 22:06:57 --> [DEPRECATED] Optional parameter $colores declared before required parameter $buscar is implicitly treated as a required parameter in APPPATH\Models\producto_Model.php on line 76.
 1 SYSTEMPATH\Autoloader\Autoloader.php(311): include_once('C:\\xampp\\htdocs\\proyecto_espinola_emilia\\system\\Debug\\Exceptions.php')
 2 SYSTEMPATH\Autoloader\Autoloader.php(290): CodeIgniter\Autoloader\Autoloader->includeFile('C:\\xampp\\htdocs\\proyecto_espinola_emilia\\app\\Models\\producto_Model.php')
 3 SYSTEMPATH\Autoloader\Autoloader.php(266): CodeIgniter\Autoloader\Autoloader->loadInNamespace('App\\Models\\producto_Model')
 4 APPPATH\Controllers\carrito_controller.php(23): CodeIgniter\Autoloader\Autoloader->loadClass('App\\Models\\producto_Model')
 5 SYSTEMPATH\CodeIgniter.php(915): App\Controllers\carrito_controller->__construct()
 6 SYSTEMPATH\CodeIgniter.php(494): CodeIgniter\CodeIgniter->createController()
 7 SYSTEMPATH\CodeIgniter.php(361): CodeIgniter\CodeIgniter->handleRequest(null, Object(Config\Cache), false)
 8 FCPATH\index.php(79): CodeIgniter\CodeIgniter->run()
WARNING - 2026-03-03 22:06:57 --> [DEPRECATED] Optional parameter $talles declared before required parameter $buscar is implicitly treated as a required parameter in APPPATH\Models\producto_Model.php on line 0.
 1 SYSTEMPATH\Autoloader\Autoloader.php(311): include_once('C:\\xampp\\htdocs\\proyecto_espinola_emilia\\system\\Debug\\Exceptions.php')
 2 SYSTEMPATH\Autoloader\Autoloader.php(290): CodeIgniter\Autoloader\Autoloader->includeFile('C:\\xampp\\htdocs\\proyecto_espinola_emilia\\app\\Models\\producto_Model.php')
 3 SYSTEMPATH\Autoloader\Autoloader.php(266): CodeIgniter\Autoloader\Autoloader->loadInNamespace('App\\Models\\producto_Model')
 4 APPPATH\Controllers\carrito_controller.php(23): CodeIgniter\Autoloader\Autoloader->loadClass('App\\Models\\producto_Model')
 5 SYSTEMPATH\CodeIgniter.php(915): App\Controllers\carrito_controller->__construct()
 6 SYSTEMPATH\CodeIgniter.php(494): CodeIgniter\CodeIgniter->createController()
 7 SYSTEMPATH\CodeIgniter.php(361): CodeIgniter\CodeIgniter->handleRequest(null, Object(Config\Cache), false)
 8 FCPATH\index.php(79): CodeIgniter\CodeIgniter->run()
WARNING - 2026-03-03 22:06:57 --> [DEPRECATED] Optional parameter $categoria_id declared before required parameter $buscar is implicitly treated as a required parameter in APPPATH\Models\producto_Model.php on line 0.
 1 SYSTEMPATH\Autoloader\Autoloader.php(311): include_once('C:\\xampp\\htdocs\\proyecto_espinola_emilia\\system\\Debug\\Exceptions.php')
 2 SYSTEMPATH\Autoloader\Autoloader.php(290): CodeIgniter\Autoloader\Autoloader->includeFile('C:\\xampp\\htdocs\\proyecto_espinola_emilia\\app\\Models\\producto_Model.php')
 3 SYSTEMPATH\Autoloader\Autoloader.php(266): CodeIgniter\Autoloader\Autoloader->loadInNamespace('App\\Models\\producto_Model')
 4 APPPATH\Controllers\carrito_controller.php(23): CodeIgniter\Autoloader\Autoloader->loadClass('App\\Models\\producto_Model')
 5 SYSTEMPATH\CodeIgniter.php(915): App\Controllers\carrito_controller->__construct()
 6 SYSTEMPATH\CodeIgniter.php(494): CodeIgniter\CodeIgniter->createController()
 7 SYSTEMPATH\CodeIgniter.php(361): CodeIgniter\CodeIgniter->handleRequest(null, Object(Config\Cache), false)
 8 FCPATH\index.php(79): CodeIgniter\CodeIgniter->run()
INFO - 2026-03-03 22:06:57 --> Session: Class initialized using 'CodeIgniter\Session\Handlers\FileHandler' driver.
WARNING - 2026-03-03 22:07:00 --> [DEPRECATED] Optional parameter $colores declared before required parameter $buscar is implicitly treated as a required parameter in APPPATH\Models\producto_Model.php on line 76.
 1 SYSTEMPATH\Autoloader\Autoloader.php(311): include_once('C:\\xampp\\htdocs\\proyecto_espinola_emilia\\system\\Debug\\Exceptions.php')
 2 SYSTEMPATH\Autoloader\Autoloader.php(290): CodeIgniter\Autoloader\Autoloader->includeFile('C:\\xampp\\htdocs\\proyecto_espinola_emilia\\app\\Models\\producto_Model.php')
 3 SYSTEMPATH\Autoloader\Autoloader.php(266): CodeIgniter\Autoloader\Autoloader->loadInNamespace('App\\Models\\producto_Model')
 4 APPPATH\Controllers\carrito_controller.php(23): CodeIgniter\Autoloader\Autoloader->loadClass('App\\Models\\producto_Model')
 5 SYSTEMPATH\CodeIgniter.php(915): App\Controllers\carrito_controller->__construct()
 6 SYSTEMPATH\CodeIgniter.php(494): CodeIgniter\CodeIgniter->createController()
 7 SYSTEMPATH\CodeIgniter.php(361): CodeIgniter\CodeIgniter->handleRequest(null, Object(Config\Cache), false)
 8 FCPATH\index.php(79): CodeIgniter\CodeIgniter->run()
WARNING - 2026-03-03 22:07:00 --> [DEPRECATED] Optional parameter $talles declared before required parameter $buscar is implicitly treated as a required parameter in APPPATH\Models\producto_Model.php on line 0.
 1 SYSTEMPATH\Autoloader\Autoloader.php(311): include_once('C:\\xampp\\htdocs\\proyecto_espinola_emilia\\system\\Debug\\Exceptions.php')
 2 SYSTEMPATH\Autoloader\Autoloader.php(290): CodeIgniter\Autoloader\Autoloader->includeFile('C:\\xampp\\htdocs\\proyecto_espinola_emilia\\app\\Models\\producto_Model.php')
 3 SYSTEMPATH\Autoloader\Autoloader.php(266): CodeIgniter\Autoloader\Autoloader->loadInNamespace('App\\Models\\producto_Model')
 4 APPPATH\Controllers\carrito_controller.php(23): CodeIgniter\Autoloader\Autoloader->loadClass('App\\Models\\producto_Model')
 5 SYSTEMPATH\CodeIgniter.php(915): App\Controllers\carrito_controller->__construct()
 6 SYSTEMPATH\CodeIgniter.php(494): CodeIgniter\CodeIgniter->createController()
 7 SYSTEMPATH\CodeIgniter.php(361): CodeIgniter\CodeIgniter->handleRequest(null, Object(Config\Cache), false)
 8 FCPATH\index.php(79): CodeIgniter\CodeIgniter->run()
WARNING - 2026-03-03 22:07:00 --> [DEPRECATED] Optional parameter $categoria_id declared before required parameter $buscar is implicitly treated as a required parameter in APPPATH\Models\producto_Model.php on line 0.
 1 SYSTEMPATH\Autoloader\Autoloader.php(311): include_once('C:\\xampp\\htdocs\\proyecto_espinola_emilia\\system\\Debug\\Exceptions.php')
 2 SYSTEMPATH\Autoloader\Autoloader.php(290): CodeIgniter\Autoloader\Autoloader->includeFile('C:\\xampp\\htdocs\\proyecto_espinola_emilia\\app\\Models\\producto_Model.php')
 3 SYSTEMPATH\Autoloader\Autoloader.php(266): CodeIgniter\Autoloader\Autoloader->loadInNamespace('App\\Models\\producto_Model')
 4 APPPATH\Controllers\carrito_controller.php(23): CodeIgniter\Autoloader\Autoloader->loadClass('App\\Models\\producto_Model')
 5 SYSTEMPATH\CodeIgniter.php(915): App\Controllers\carrito_controller->__construct()
 6 SYSTEMPATH\CodeIgniter.php(494): CodeIgniter\CodeIgniter->createController()
 7 SYSTEMPATH\CodeIgniter.php(361): CodeIgniter\CodeIgniter->handleRequest(null, Object(Config\Cache), false)
 8 FCPATH\index.php(79): CodeIgniter\CodeIgniter->run()
INFO - 2026-03-03 22:07:00 --> Session: Class initialized using 'CodeIgniter\Session\Handlers\FileHandler' driver.
WARNING - 2026-03-03 22:07:01 --> [DEPRECATED] Optional parameter $colores declared before required parameter $buscar is implicitly treated as a required parameter in APPPATH\Models\producto_Model.php on line 76.
 1 SYSTEMPATH\Autoloader\Autoloader.php(311): include_once('C:\\xampp\\htdocs\\proyecto_espinola_emilia\\system\\Debug\\Exceptions.php')
 2 SYSTEMPATH\Autoloader\Autoloader.php(290): CodeIgniter\Autoloader\Autoloader->includeFile('C:\\xampp\\htdocs\\proyecto_espinola_emilia\\app\\Models\\producto_Model.php')
 3 SYSTEMPATH\Autoloader\Autoloader.php(266): CodeIgniter\Autoloader\Autoloader->loadInNamespace('App\\Models\\producto_Model')
 4 APPPATH\Controllers\carrito_controller.php(23): CodeIgniter\Autoloader\Autoloader->loadClass('App\\Models\\producto_Model')
 5 SYSTEMPATH\CodeIgniter.php(915): App\Controllers\carrito_controller->__construct()
 6 SYSTEMPATH\CodeIgniter.php(494): CodeIgniter\CodeIgniter->createController()
 7 SYSTEMPATH\CodeIgniter.php(361): CodeIgniter\CodeIgniter->handleRequest(null, Object(Config\Cache), false)
 8 FCPATH\index.php(79): CodeIgniter\CodeIgniter->run()
WARNING - 2026-03-03 22:07:01 --> [DEPRECATED] Optional parameter $talles declared before required parameter $buscar is implicitly treated as a required parameter in APPPATH\Models\producto_Model.php on line 0.
 1 SYSTEMPATH\Autoloader\Autoloader.php(311): include_once('C:\\xampp\\htdocs\\proyecto_espinola_emilia\\system\\Debug\\Exceptions.php')
 2 SYSTEMPATH\Autoloader\Autoloader.php(290): CodeIgniter\Autoloader\Autoloader->includeFile('C:\\xampp\\htdocs\\proyecto_espinola_emilia\\app\\Models\\producto_Model.php')
 3 SYSTEMPATH\Autoloader\Autoloader.php(266): CodeIgniter\Autoloader\Autoloader->loadInNamespace('App\\Models\\producto_Model')
 4 APPPATH\Controllers\carrito_controller.php(23): CodeIgniter\Autoloader\Autoloader->loadClass('App\\Models\\producto_Model')
 5 SYSTEMPATH\CodeIgniter.php(915): App\Controllers\carrito_controller->__construct()
 6 SYSTEMPATH\CodeIgniter.php(494): CodeIgniter\CodeIgniter->createController()
 7 SYSTEMPATH\CodeIgniter.php(361): CodeIgniter\CodeIgniter->handleRequest(null, Object(Config\Cache), false)
 8 FCPATH\index.php(79): CodeIgniter\CodeIgniter->run()
WARNING - 2026-03-03 22:07:01 --> [DEPRECATED] Optional parameter $categoria_id declared before required parameter $buscar is implicitly treated as a required parameter in APPPATH\Models\producto_Model.php on line 0.
 1 SYSTEMPATH\Autoloader\Autoloader.php(311): include_once('C:\\xampp\\htdocs\\proyecto_espinola_emilia\\system\\Debug\\Exceptions.php')
 2 SYSTEMPATH\Autoloader\Autoloader.php(290): CodeIgniter\Autoloader\Autoloader->includeFile('C:\\xampp\\htdocs\\proyecto_espinola_emilia\\app\\Models\\producto_Model.php')
 3 SYSTEMPATH\Autoloader\Autoloader.php(266): CodeIgniter\Autoloader\Autoloader->loadInNamespace('App\\Models\\producto_Model')
 4 APPPATH\Controllers\carrito_controller.php(23): CodeIgniter\Autoloader\Autoloader->loadClass('App\\Models\\producto_Model')
 5 SYSTEMPATH\CodeIgniter.php(915): App\Controllers\carrito_controller->__construct()
 6 SYSTEMPATH\CodeIgniter.php(494): CodeIgniter\CodeIgniter->createController()
 7 SYSTEMPATH\CodeIgniter.php(361): CodeIgniter\CodeIgniter->handleRequest(null, Object(Config\Cache), false)
 8 FCPATH\index.php(79): CodeIgniter\CodeIgniter->run()
INFO - 2026-03-03 22:07:01 --> Session: Class initialized using 'CodeIgniter\Session\Handlers\FileHandler' driver.
WARNING - 2026-03-03 22:07:02 --> [DEPRECATED] Optional parameter $colores declared before required parameter $buscar is implicitly treated as a required parameter in APPPATH\Models\producto_Model.php on line 76.
 1 SYSTEMPATH\Autoloader\Autoloader.php(311): include_once('C:\\xampp\\htdocs\\proyecto_espinola_emilia\\system\\Debug\\Exceptions.php')
 2 SYSTEMPATH\Autoloader\Autoloader.php(290): CodeIgniter\Autoloader\Autoloader->includeFile('C:\\xampp\\htdocs\\proyecto_espinola_emilia\\app\\Models\\producto_Model.php')
 3 SYSTEMPATH\Autoloader\Autoloader.php(266): CodeIgniter\Autoloader\Autoloader->loadInNamespace('App\\Models\\producto_Model')
 4 APPPATH\Controllers\carrito_controller.php(23): CodeIgniter\Autoloader\Autoloader->loadClass('App\\Models\\producto_Model')
 5 SYSTEMPATH\CodeIgniter.php(915): App\Controllers\carrito_controller->__construct()
 6 SYSTEMPATH\CodeIgniter.php(494): CodeIgniter\CodeIgniter->createController()
 7 SYSTEMPATH\CodeIgniter.php(361): CodeIgniter\CodeIgniter->handleRequest(null, Object(Config\Cache), false)
 8 FCPATH\index.php(79): CodeIgniter\CodeIgniter->run()
WARNING - 2026-03-03 22:07:02 --> [DEPRECATED] Optional parameter $talles declared before required parameter $buscar is implicitly treated as a required parameter in APPPATH\Models\producto_Model.php on line 0.
 1 SYSTEMPATH\Autoloader\Autoloader.php(311): include_once('C:\\xampp\\htdocs\\proyecto_espinola_emilia\\system\\Debug\\Exceptions.php')
 2 SYSTEMPATH\Autoloader\Autoloader.php(290): CodeIgniter\Autoloader\Autoloader->includeFile('C:\\xampp\\htdocs\\proyecto_espinola_emilia\\app\\Models\\producto_Model.php')
 3 SYSTEMPATH\Autoloader\Autoloader.php(266): CodeIgniter\Autoloader\Autoloader->loadInNamespace('App\\Models\\producto_Model')
 4 APPPATH\Controllers\carrito_controller.php(23): CodeIgniter\Autoloader\Autoloader->loadClass('App\\Models\\producto_Model')
 5 SYSTEMPATH\CodeIgniter.php(915): App\Controllers\carrito_controller->__construct()
 6 SYSTEMPATH\CodeIgniter.php(494): CodeIgniter\CodeIgniter->createController()
 7 SYSTEMPATH\CodeIgniter.php(361): CodeIgniter\CodeIgniter->handleRequest(null, Object(Config\Cache), false)
 8 FCPATH\index.php(79): CodeIgniter\CodeIgniter->run()
WARNING - 2026-03-03 22:07:02 --> [DEPRECATED] Optional parameter $categoria_id declared before required parameter $buscar is implicitly treated as a required parameter in APPPATH\Models\producto_Model.php on line 0.
 1 SYSTEMPATH\Autoloader\Autoloader.php(311): include_once('C:\\xampp\\htdocs\\proyecto_espinola_emilia\\system\\Debug\\Exceptions.php')
 2 SYSTEMPATH\Autoloader\Autoloader.php(290): CodeIgniter\Autoloader\Autoloader->includeFile('C:\\xampp\\htdocs\\proyecto_espinola_emilia\\app\\Models\\producto_Model.php')
 3 SYSTEMPATH\Autoloader\Autoloader.php(266): CodeIgniter\Autoloader\Autoloader->loadInNamespace('App\\Models\\producto_Model')
 4 APPPATH\Controllers\carrito_controller.php(23): CodeIgniter\Autoloader\Autoloader->loadClass('App\\Models\\producto_Model')
 5 SYSTEMPATH\CodeIgniter.php(915): App\Controllers\carrito_controller->__construct()
 6 SYSTEMPATH\CodeIgniter.php(494): CodeIgniter\CodeIgniter->createController()
 7 SYSTEMPATH\CodeIgniter.php(361): CodeIgniter\CodeIgniter->handleRequest(null, Object(Config\Cache), false)
 8 FCPATH\index.php(79): CodeIgniter\CodeIgniter->run()
INFO - 2026-03-03 22:07:02 --> Session: Class initialized using 'CodeIgniter\Session\Handlers\FileHandler' driver.
WARNING - 2026-03-03 22:07:04 --> [DEPRECATED] Optional parameter $colores declared before required parameter $buscar is implicitly treated as a required parameter in APPPATH\Models\producto_Model.php on line 76.
 1 SYSTEMPATH\Autoloader\Autoloader.php(311): include_once('C:\\xampp\\htdocs\\proyecto_espinola_emilia\\system\\Debug\\Exceptions.php')
 2 SYSTEMPATH\Autoloader\Autoloader.php(290): CodeIgniter\Autoloader\Autoloader->includeFile('C:\\xampp\\htdocs\\proyecto_espinola_emilia\\app\\Models\\producto_Model.php')
 3 SYSTEMPATH\Autoloader\Autoloader.php(266): CodeIgniter\Autoloader\Autoloader->loadInNamespace('App\\Models\\producto_Model')
 4 APPPATH\Controllers\carrito_controller.php(23): CodeIgniter\Autoloader\Autoloader->loadClass('App\\Models\\producto_Model')
 5 SYSTEMPATH\CodeIgniter.php(915): App\Controllers\carrito_controller->__construct()
 6 SYSTEMPATH\CodeIgniter.php(494): CodeIgniter\CodeIgniter->createController()
 7 SYSTEMPATH\CodeIgniter.php(361): CodeIgniter\CodeIgniter->handleRequest(null, Object(Config\Cache), false)
 8 FCPATH\index.php(79): CodeIgniter\CodeIgniter->run()
WARNING - 2026-03-03 22:07:04 --> [DEPRECATED] Optional parameter $talles declared before required parameter $buscar is implicitly treated as a required parameter in APPPATH\Models\producto_Model.php on line 0.
 1 SYSTEMPATH\Autoloader\Autoloader.php(311): include_once('C:\\xampp\\htdocs\\proyecto_espinola_emilia\\system\\Debug\\Exceptions.php')
 2 SYSTEMPATH\Autoloader\Autoloader.php(290): CodeIgniter\Autoloader\Autoloader->includeFile('C:\\xampp\\htdocs\\proyecto_espinola_emilia\\app\\Models\\producto_Model.php')
 3 SYSTEMPATH\Autoloader\Autoloader.php(266): CodeIgniter\Autoloader\Autoloader->loadInNamespace('App\\Models\\producto_Model')
 4 APPPATH\Controllers\carrito_controller.php(23): CodeIgniter\Autoloader\Autoloader->loadClass('App\\Models\\producto_Model')
 5 SYSTEMPATH\CodeIgniter.php(915): App\Controllers\carrito_controller->__construct()
 6 SYSTEMPATH\CodeIgniter.php(494): CodeIgniter\CodeIgniter->createController()
 7 SYSTEMPATH\CodeIgniter.php(361): CodeIgniter\CodeIgniter->handleRequest(null, Object(Config\Cache), false)
 8 FCPATH\index.php(79): CodeIgniter\CodeIgniter->run()
WARNING - 2026-03-03 22:07:04 --> [DEPRECATED] Optional parameter $categoria_id declared before required parameter $buscar is implicitly treated as a required parameter in APPPATH\Models\producto_Model.php on line 0.
 1 SYSTEMPATH\Autoloader\Autoloader.php(311): include_once('C:\\xampp\\htdocs\\proyecto_espinola_emilia\\system\\Debug\\Exceptions.php')
 2 SYSTEMPATH\Autoloader\Autoloader.php(290): CodeIgniter\Autoloader\Autoloader->includeFile('C:\\xampp\\htdocs\\proyecto_espinola_emilia\\app\\Models\\producto_Model.php')
 3 SYSTEMPATH\Autoloader\Autoloader.php(266): CodeIgniter\Autoloader\Autoloader->loadInNamespace('App\\Models\\producto_Model')
 4 APPPATH\Controllers\carrito_controller.php(23): CodeIgniter\Autoloader\Autoloader->loadClass('App\\Models\\producto_Model')
 5 SYSTEMPATH\CodeIgniter.php(915): App\Controllers\carrito_controller->__construct()
 6 SYSTEMPATH\CodeIgniter.php(494): CodeIgniter\CodeIgniter->createController()
 7 SYSTEMPATH\CodeIgniter.php(361): CodeIgniter\CodeIgniter->handleRequest(null, Object(Config\Cache), false)
 8 FCPATH\index.php(79): CodeIgniter\CodeIgniter->run()
INFO - 2026-03-03 22:07:04 --> Session: Class initialized using 'CodeIgniter\Session\Handlers\FileHandler' driver.
WARNING - 2026-03-03 22:07:23 --> [DEPRECATED] Optional parameter $colores declared before required parameter $buscar is implicitly treated as a required parameter in APPPATH\Models\producto_Model.php on line 76.
 1 SYSTEMPATH\Autoloader\Autoloader.php(311): include_once('C:\\xampp\\htdocs\\proyecto_espinola_emilia\\system\\Debug\\Exceptions.php')
 2 SYSTEMPATH\Autoloader\Autoloader.php(290): CodeIgniter\Autoloader\Autoloader->includeFile('C:\\xampp\\htdocs\\proyecto_espinola_emilia\\app\\Models\\producto_Model.php')
 3 SYSTEMPATH\Autoloader\Autoloader.php(266): CodeIgniter\Autoloader\Autoloader->loadInNamespace('App\\Models\\producto_Model')
 4 APPPATH\Controllers\carrito_controller.php(23): CodeIgniter\Autoloader\Autoloader->loadClass('App\\Models\\producto_Model')
 5 SYSTEMPATH\CodeIgniter.php(915): App\Controllers\carrito_controller->__construct()
 6 SYSTEMPATH\CodeIgniter.php(494): CodeIgniter\CodeIgniter->createController()
 7 SYSTEMPATH\CodeIgniter.php(361): CodeIgniter\CodeIgniter->handleRequest(null, Object(Config\Cache), false)
 8 FCPATH\index.php(79): CodeIgniter\CodeIgniter->run()
WARNING - 2026-03-03 22:07:23 --> [DEPRECATED] Optional parameter $talles declared before required parameter $buscar is implicitly treated as a required parameter in APPPATH\Models\producto_Model.php on line 0.
 1 SYSTEMPATH\Autoloader\Autoloader.php(311): include_once('C:\\xampp\\htdocs\\proyecto_espinola_emilia\\system\\Debug\\Exceptions.php')
 2 SYSTEMPATH\Autoloader\Autoloader.php(290): CodeIgniter\Autoloader\Autoloader->includeFile('C:\\xampp\\htdocs\\proyecto_espinola_emilia\\app\\Models\\producto_Model.php')
 3 SYSTEMPATH\Autoloader\Autoloader.php(266): CodeIgniter\Autoloader\Autoloader->loadInNamespace('App\\Models\\producto_Model')
 4 APPPATH\Controllers\carrito_controller.php(23): CodeIgniter\Autoloader\Autoloader->loadClass('App\\Models\\producto_Model')
 5 SYSTEMPATH\CodeIgniter.php(915): App\Controllers\carrito_controller->__construct()
 6 SYSTEMPATH\CodeIgniter.php(494): CodeIgniter\CodeIgniter->createController()
 7 SYSTEMPATH\CodeIgniter.php(361): CodeIgniter\CodeIgniter->handleRequest(null, Object(Config\Cache), false)
 8 FCPATH\index.php(79): CodeIgniter\CodeIgniter->run()
WARNING - 2026-03-03 22:07:23 --> [DEPRECATED] Optional parameter $categoria_id declared before required parameter $buscar is implicitly treated as a required parameter in APPPATH\Models\producto_Model.php on line 0.
 1 SYSTEMPATH\Autoloader\Autoloader.php(311): include_once('C:\\xampp\\htdocs\\proyecto_espinola_emilia\\system\\Debug\\Exceptions.php')
 2 SYSTEMPATH\Autoloader\Autoloader.php(290): CodeIgniter\Autoloader\Autoloader->includeFile('C:\\xampp\\htdocs\\proyecto_espinola_emilia\\app\\Models\\producto_Model.php')
 3 SYSTEMPATH\Autoloader\Autoloader.php(266): CodeIgniter\Autoloader\Autoloader->loadInNamespace('App\\Models\\producto_Model')
 4 APPPATH\Controllers\carrito_controller.php(23): CodeIgniter\Autoloader\Autoloader->loadClass('App\\Models\\producto_Model')
 5 SYSTEMPATH\CodeIgniter.php(915): App\Controllers\carrito_controller->__construct()
 6 SYSTEMPATH\CodeIgniter.php(494): CodeIgniter\CodeIgniter->createController()
 7 SYSTEMPATH\CodeIgniter.php(361): CodeIgniter\CodeIgniter->handleRequest(null, Object(Config\Cache), false)
 8 FCPATH\index.php(79): CodeIgniter\CodeIgniter->run()
INFO - 2026-03-03 22:07:23 --> Session: Class initialized using 'CodeIgniter\Session\Handlers\FileHandler' driver.
WARNING - 2026-03-03 22:07:26 --> [DEPRECATED] Optional parameter $colores declared before required parameter $buscar is implicitly treated as a required parameter in APPPATH\Models\producto_Model.php on line 76.
 1 SYSTEMPATH\Autoloader\Autoloader.php(311): include_once('C:\\xampp\\htdocs\\proyecto_espinola_emilia\\system\\Debug\\Exceptions.php')
 2 SYSTEMPATH\Autoloader\Autoloader.php(290): CodeIgniter\Autoloader\Autoloader->includeFile('C:\\xampp\\htdocs\\proyecto_espinola_emilia\\app\\Models\\producto_Model.php')
 3 SYSTEMPATH\Autoloader\Autoloader.php(266): CodeIgniter\Autoloader\Autoloader->loadInNamespace('App\\Models\\producto_Model')
 4 APPPATH\Controllers\carrito_controller.php(23): CodeIgniter\Autoloader\Autoloader->loadClass('App\\Models\\producto_Model')
 5 SYSTEMPATH\CodeIgniter.php(915): App\Controllers\carrito_controller->__construct()
 6 SYSTEMPATH\CodeIgniter.php(494): CodeIgniter\CodeIgniter->createController()
 7 SYSTEMPATH\CodeIgniter.php(361): CodeIgniter\CodeIgniter->handleRequest(null, Object(Config\Cache), false)
 8 FCPATH\index.php(79): CodeIgniter\CodeIgniter->run()
WARNING - 2026-03-03 22:07:26 --> [DEPRECATED] Optional parameter $talles declared before required parameter $buscar is implicitly treated as a required parameter in APPPATH\Models\producto_Model.php on line 0.
 1 SYSTEMPATH\Autoloader\Autoloader.php(311): include_once('C:\\xampp\\htdocs\\proyecto_espinola_emilia\\system\\Debug\\Exceptions.php')
 2 SYSTEMPATH\Autoloader\Autoloader.php(290): CodeIgniter\Autoloader\Autoloader->includeFile('C:\\xampp\\htdocs\\proyecto_espinola_emilia\\app\\Models\\producto_Model.php')
 3 SYSTEMPATH\Autoloader\Autoloader.php(266): CodeIgniter\Autoloader\Autoloader->loadInNamespace('App\\Models\\producto_Model')
 4 APPPATH\Controllers\carrito_controller.php(23): CodeIgniter\Autoloader\Autoloader->loadClass('App\\Models\\producto_Model')
 5 SYSTEMPATH\CodeIgniter.php(915): App\Controllers\carrito_controller->__construct()
 6 SYSTEMPATH\CodeIgniter.php(494): CodeIgniter\CodeIgniter->createController()
 7 SYSTEMPATH\CodeIgniter.php(361): CodeIgniter\CodeIgniter->handleRequest(null, Object(Config\Cache), false)
 8 FCPATH\index.php(79): CodeIgniter\CodeIgniter->run()
WARNING - 2026-03-03 22:07:26 --> [DEPRECATED] Optional parameter $categoria_id declared before required parameter $buscar is implicitly treated as a required parameter in APPPATH\Models\producto_Model.php on line 0.
 1 SYSTEMPATH\Autoloader\Autoloader.php(311): include_once('C:\\xampp\\htdocs\\proyecto_espinola_emilia\\system\\Debug\\Exceptions.php')
 2 SYSTEMPATH\Autoloader\Autoloader.php(290): CodeIgniter\Autoloader\Autoloader->includeFile('C:\\xampp\\htdocs\\proyecto_espinola_emilia\\app\\Models\\producto_Model.php')
 3 SYSTEMPATH\Autoloader\Autoloader.php(266): CodeIgniter\Autoloader\Autoloader->loadInNamespace('App\\Models\\producto_Model')
 4 APPPATH\Controllers\carrito_controller.php(23): CodeIgniter\Autoloader\Autoloader->loadClass('App\\Models\\producto_Model')
 5 SYSTEMPATH\CodeIgniter.php(915): App\Controllers\carrito_controller->__construct()
 6 SYSTEMPATH\CodeIgniter.php(494): CodeIgniter\CodeIgniter->createController()
 7 SYSTEMPATH\CodeIgniter.php(361): CodeIgniter\CodeIgniter->handleRequest(null, Object(Config\Cache), false)
 8 FCPATH\index.php(79): CodeIgniter\CodeIgniter->run()
INFO - 2026-03-03 22:07:26 --> Session: Class initialized using 'CodeIgniter\Session\Handlers\FileHandler' driver.
WARNING - 2026-03-03 22:07:26 --> [DEPRECATED] Optional parameter $colores declared before required parameter $buscar is implicitly treated as a required parameter in APPPATH\Models\producto_Model.php on line 76.
 1 SYSTEMPATH\Autoloader\Autoloader.php(311): include_once('C:\\xampp\\htdocs\\proyecto_espinola_emilia\\system\\Debug\\Exceptions.php')
 2 SYSTEMPATH\Autoloader\Autoloader.php(290): CodeIgniter\Autoloader\Autoloader->includeFile('C:\\xampp\\htdocs\\proyecto_espinola_emilia\\app\\Models\\producto_Model.php')
 3 SYSTEMPATH\Autoloader\Autoloader.php(266): CodeIgniter\Autoloader\Autoloader->loadInNamespace('App\\Models\\producto_Model')
 4 APPPATH\Controllers\carrito_controller.php(23): CodeIgniter\Autoloader\Autoloader->loadClass('App\\Models\\producto_Model')
 5 SYSTEMPATH\CodeIgniter.php(915): App\Controllers\carrito_controller->__construct()
 6 SYSTEMPATH\CodeIgniter.php(494): CodeIgniter\CodeIgniter->createController()
 7 SYSTEMPATH\CodeIgniter.php(361): CodeIgniter\CodeIgniter->handleRequest(null, Object(Config\Cache), false)
 8 FCPATH\index.php(79): CodeIgniter\CodeIgniter->run()
WARNING - 2026-03-03 22:07:26 --> [DEPRECATED] Optional parameter $talles declared before required parameter $buscar is implicitly treated as a required parameter in APPPATH\Models\producto_Model.php on line 0.
 1 SYSTEMPATH\Autoloader\Autoloader.php(311): include_once('C:\\xampp\\htdocs\\proyecto_espinola_emilia\\system\\Debug\\Exceptions.php')
 2 SYSTEMPATH\Autoloader\Autoloader.php(290): CodeIgniter\Autoloader\Autoloader->includeFile('C:\\xampp\\htdocs\\proyecto_espinola_emilia\\app\\Models\\producto_Model.php')
 3 SYSTEMPATH\Autoloader\Autoloader.php(266): CodeIgniter\Autoloader\Autoloader->loadInNamespace('App\\Models\\producto_Model')
 4 APPPATH\Controllers\carrito_controller.php(23): CodeIgniter\Autoloader\Autoloader->loadClass('App\\Models\\producto_Model')
 5 SYSTEMPATH\CodeIgniter.php(915): App\Controllers\carrito_controller->__construct()
 6 SYSTEMPATH\CodeIgniter.php(494): CodeIgniter\CodeIgniter->createController()
 7 SYSTEMPATH\CodeIgniter.php(361): CodeIgniter\CodeIgniter->handleRequest(null, Object(Config\Cache), false)
 8 FCPATH\index.php(79): CodeIgniter\CodeIgniter->run()
WARNING - 2026-03-03 22:07:26 --> [DEPRECATED] Optional parameter $categoria_id declared before required parameter $buscar is implicitly treated as a required parameter in APPPATH\Models\producto_Model.php on line 0.
 1 SYSTEMPATH\Autoloader\Autoloader.php(311): include_once('C:\\xampp\\htdocs\\proyecto_espinola_emilia\\system\\Debug\\Exceptions.php')
 2 SYSTEMPATH\Autoloader\Autoloader.php(290): CodeIgniter\Autoloader\Autoloader->includeFile('C:\\xampp\\htdocs\\proyecto_espinola_emilia\\app\\Models\\producto_Model.php')
 3 SYSTEMPATH\Autoloader\Autoloader.php(266): CodeIgniter\Autoloader\Autoloader->loadInNamespace('App\\Models\\producto_Model')
 4 APPPATH\Controllers\carrito_controller.php(23): CodeIgniter\Autoloader\Autoloader->loadClass('App\\Models\\producto_Model')
 5 SYSTEMPATH\CodeIgniter.php(915): App\Controllers\carrito_controller->__construct()
 6 SYSTEMPATH\CodeIgniter.php(494): CodeIgniter\CodeIgniter->createController()
 7 SYSTEMPATH\CodeIgniter.php(361): CodeIgniter\CodeIgniter->handleRequest(null, Object(Config\Cache), false)
 8 FCPATH\index.php(79): CodeIgniter\CodeIgniter->run()
INFO - 2026-03-03 22:07:26 --> Session: Class initialized using 'CodeIgniter\Session\Handlers\FileHandler' driver.
WARNING - 2026-03-03 22:51:08 --> [DEPRECATED] Optional parameter $colores declared before required parameter $buscar is implicitly treated as a required parameter in APPPATH\Models\producto_Model.php on line 76.
 1 SYSTEMPATH\Autoloader\Autoloader.php(311): include_once('C:\\xampp\\htdocs\\proyecto_espinola_emilia\\system\\Debug\\Exceptions.php')
 2 SYSTEMPATH\Autoloader\Autoloader.php(290): CodeIgniter\Autoloader\Autoloader->includeFile('C:\\xampp\\htdocs\\proyecto_espinola_emilia\\app\\Models\\producto_Model.php')
 3 SYSTEMPATH\Autoloader\Autoloader.php(266): CodeIgniter\Autoloader\Autoloader->loadInNamespace('App\\Models\\producto_Model')
 4 APPPATH\Controllers\ventas_controller.php(24): CodeIgniter\Autoloader\Autoloader->loadClass('App\\Models\\producto_Model')
 5 SYSTEMPATH\CodeIgniter.php(915): App\Controllers\ventas_controller->__construct()
 6 SYSTEMPATH\CodeIgniter.php(494): CodeIgniter\CodeIgniter->createController()
 7 SYSTEMPATH\CodeIgniter.php(361): CodeIgniter\CodeIgniter->handleRequest(null, Object(Config\Cache), false)
 8 FCPATH\index.php(79): CodeIgniter\CodeIgniter->run()
WARNING - 2026-03-03 22:51:08 --> [DEPRECATED] Optional parameter $talles declared before required parameter $buscar is implicitly treated as a required parameter in APPPATH\Models\producto_Model.php on line 0.
 1 SYSTEMPATH\Autoloader\Autoloader.php(311): include_once('C:\\xampp\\htdocs\\proyecto_espinola_emilia\\system\\Debug\\Exceptions.php')
 2 SYSTEMPATH\Autoloader\Autoloader.php(290): CodeIgniter\Autoloader\Autoloader->includeFile('C:\\xampp\\htdocs\\proyecto_espinola_emilia\\app\\Models\\producto_Model.php')
 3 SYSTEMPATH\Autoloader\Autoloader.php(266): CodeIgniter\Autoloader\Autoloader->loadInNamespace('App\\Models\\producto_Model')
 4 APPPATH\Controllers\ventas_controller.php(24): CodeIgniter\Autoloader\Autoloader->loadClass('App\\Models\\producto_Model')
 5 SYSTEMPATH\CodeIgniter.php(915): App\Controllers\ventas_controller->__construct()
 6 SYSTEMPATH\CodeIgniter.php(494): CodeIgniter\CodeIgniter->createController()
 7 SYSTEMPATH\CodeIgniter.php(361): CodeIgniter\CodeIgniter->handleRequest(null, Object(Config\Cache), false)
 8 FCPATH\index.php(79): CodeIgniter\CodeIgniter->run()
WARNING - 2026-03-03 22:51:08 --> [DEPRECATED] Optional parameter $categoria_id declared before required parameter $buscar is implicitly treated as a required parameter in APPPATH\Models\producto_Model.php on line 0.
 1 SYSTEMPATH\Autoloader\Autoloader.php(311): include_once('C:\\xampp\\htdocs\\proyecto_espinola_emilia\\system\\Debug\\Exceptions.php')
 2 SYSTEMPATH\Autoloader\Autoloader.php(290): CodeIgniter\Autoloader\Autoloader->includeFile('C:\\xampp\\htdocs\\proyecto_espinola_emilia\\app\\Models\\producto_Model.php')
 3 SYSTEMPATH\Autoloader\Autoloader.php(266): CodeIgniter\Autoloader\Autoloader->loadInNamespace('App\\Models\\producto_Model')
 4 APPPATH\Controllers\ventas_controller.php(24): CodeIgniter\Autoloader\Autoloader->loadClass('App\\Models\\producto_Model')
 5 SYSTEMPATH\CodeIgniter.php(915): App\Controllers\ventas_controller->__construct()
 6 SYSTEMPATH\CodeIgniter.php(494): CodeIgniter\CodeIgniter->createController()
 7 SYSTEMPATH\CodeIgniter.php(361): CodeIgniter\CodeIgniter->handleRequest(null, Object(Config\Cache), false)
 8 FCPATH\index.php(79): CodeIgniter\CodeIgniter->run()
WARNING - 2026-03-03 22:51:08 --> [DEPRECATED] Creation of dynamic property App\Controllers\ventas_controller::$productosDetalle is deprecated in APPPATH\Controllers\ventas_controller.php on line 25.
 1 SYSTEMPATH\CodeIgniter.php(915): App\Controllers\ventas_controller->__construct()
 2 SYSTEMPATH\CodeIgniter.php(494): CodeIgniter\CodeIgniter->createController()
 3 SYSTEMPATH\CodeIgniter.php(361): CodeIgniter\CodeIgniter->handleRequest(null, Object(Config\Cache), false)
 4 FCPATH\index.php(79): CodeIgniter\CodeIgniter->run()
INFO - 2026-03-03 22:51:08 --> Session: Class initialized using 'CodeIgniter\Session\Handlers\FileHandler' driver.
CRITICAL - 2026-03-03 22:51:08 --> ErrorException: Undefined array key "stock"
in APPPATH\Controllers\ventas_controller.php on line 47.
 1 APPPATH\Controllers\ventas_controller.php(47): CodeIgniter\Debug\Exceptions->errorHandler(2, 'Undefined array key "stock"', 'C:\\xampp\\htdocs\\proyecto_espinola_emilia\\app\\Controllers\\ventas_controller.php', 47)
 2 SYSTEMPATH\CodeIgniter.php(943): App\Controllers\ventas_controller->registrarVenta()
 3 SYSTEMPATH\CodeIgniter.php(503): CodeIgniter\CodeIgniter->runController(Object(App\Controllers\ventas_controller))
 4 SYSTEMPATH\CodeIgniter.php(361): CodeIgniter\CodeIgniter->handleRequest(null, Object(Config\Cache), false)
 5 FCPATH\index.php(79): CodeIgniter\CodeIgniter->run()
WARNING - 2026-03-03 22:51:28 --> [DEPRECATED] Optional parameter $colores declared before required parameter $buscar is implicitly treated as a required parameter in APPPATH\Models\producto_Model.php on line 76.
 1 SYSTEMPATH\Autoloader\Autoloader.php(311): include_once('C:\\xampp\\htdocs\\proyecto_espinola_emilia\\system\\Debug\\Exceptions.php')
 2 SYSTEMPATH\Autoloader\Autoloader.php(290): CodeIgniter\Autoloader\Autoloader->includeFile('C:\\xampp\\htdocs\\proyecto_espinola_emilia\\app\\Models\\producto_Model.php')
 3 SYSTEMPATH\Autoloader\Autoloader.php(266): CodeIgniter\Autoloader\Autoloader->loadInNamespace('App\\Models\\producto_Model')
 4 APPPATH\Controllers\producto_controller.php(256): CodeIgniter\Autoloader\Autoloader->loadClass('App\\Models\\producto_Model')
 5 SYSTEMPATH\CodeIgniter.php(943): App\Controllers\producto_controller->detalle_producto('87')
 6 SYSTEMPATH\CodeIgniter.php(503): CodeIgniter\CodeIgniter->runController(Object(App\Controllers\producto_controller))
 7 SYSTEMPATH\CodeIgniter.php(361): CodeIgniter\CodeIgniter->handleRequest(null, Object(Config\Cache), false)
 8 FCPATH\index.php(79): CodeIgniter\CodeIgniter->run()
WARNING - 2026-03-03 22:51:28 --> [DEPRECATED] Optional parameter $talles declared before required parameter $buscar is implicitly treated as a required parameter in APPPATH\Models\producto_Model.php on line 0.
 1 SYSTEMPATH\Autoloader\Autoloader.php(311): include_once('C:\\xampp\\htdocs\\proyecto_espinola_emilia\\system\\Debug\\Exceptions.php')
 2 SYSTEMPATH\Autoloader\Autoloader.php(290): CodeIgniter\Autoloader\Autoloader->includeFile('C:\\xampp\\htdocs\\proyecto_espinola_emilia\\app\\Models\\producto_Model.php')
 3 SYSTEMPATH\Autoloader\Autoloader.php(266): CodeIgniter\Autoloader\Autoloader->loadInNamespace('App\\Models\\producto_Model')
 4 APPPATH\Controllers\producto_controller.php(256): CodeIgniter\Autoloader\Autoloader->loadClass('App\\Models\\producto_Model')
 5 SYSTEMPATH\CodeIgniter.php(943): App\Controllers\producto_controller->detalle_producto('87')
 6 SYSTEMPATH\CodeIgniter.php(503): CodeIgniter\CodeIgniter->runController(Object(App\Controllers\producto_controller))
 7 SYSTEMPATH\CodeIgniter.php(361): CodeIgniter\CodeIgniter->handleRequest(null, Object(Config\Cache), false)
 8 FCPATH\index.php(79): CodeIgniter\CodeIgniter->run()
WARNING - 2026-03-03 22:51:28 --> [DEPRECATED] Optional parameter $categoria_id declared before required parameter $buscar is implicitly treated as a required parameter in APPPATH\Models\producto_Model.php on line 0.
 1 SYSTEMPATH\Autoloader\Autoloader.php(311): include_once('C:\\xampp\\htdocs\\proyecto_espinola_emilia\\system\\Debug\\Exceptions.php')
 2 SYSTEMPATH\Autoloader\Autoloader.php(290): CodeIgniter\Autoloader\Autoloader->includeFile('C:\\xampp\\htdocs\\proyecto_espinola_emilia\\app\\Models\\producto_Model.php')
 3 SYSTEMPATH\Autoloader\Autoloader.php(266): CodeIgniter\Autoloader\Autoloader->loadInNamespace('App\\Models\\producto_Model')
 4 APPPATH\Controllers\producto_controller.php(256): CodeIgniter\Autoloader\Autoloader->loadClass('App\\Models\\producto_Model')
 5 SYSTEMPATH\CodeIgniter.php(943): App\Controllers\producto_controller->detalle_producto('87')
 6 SYSTEMPATH\CodeIgniter.php(503): CodeIgniter\CodeIgniter->runController(Object(App\Controllers\producto_controller))
 7 SYSTEMPATH\CodeIgniter.php(361): CodeIgniter\CodeIgniter->handleRequest(null, Object(Config\Cache), false)
 8 FCPATH\index.php(79): CodeIgniter\CodeIgniter->run()
INFO - 2026-03-03 22:51:28 --> Session: Class initialized using 'CodeIgniter\Session\Handlers\FileHandler' driver.
WARNING - 2026-03-03 22:51:40 --> [DEPRECATED] Optional parameter $colores declared before required parameter $buscar is implicitly treated as a required parameter in APPPATH\Models\producto_Model.php on line 76.
 1 SYSTEMPATH\Autoloader\Autoloader.php(311): include_once('C:\\xampp\\htdocs\\proyecto_espinola_emilia\\system\\Debug\\Exceptions.php')
 2 SYSTEMPATH\Autoloader\Autoloader.php(290): CodeIgniter\Autoloader\Autoloader->includeFile('C:\\xampp\\htdocs\\proyecto_espinola_emilia\\app\\Models\\producto_Model.php')
 3 SYSTEMPATH\Autoloader\Autoloader.php(266): CodeIgniter\Autoloader\Autoloader->loadInNamespace('App\\Models\\producto_Model')
 4 APPPATH\Controllers\carrito_controller.php(23): CodeIgniter\Autoloader\Autoloader->loadClass('App\\Models\\producto_Model')
 5 SYSTEMPATH\CodeIgniter.php(915): App\Controllers\carrito_controller->__construct()
 6 SYSTEMPATH\CodeIgniter.php(494): CodeIgniter\CodeIgniter->createController()
 7 SYSTEMPATH\CodeIgniter.php(361): CodeIgniter\CodeIgniter->handleRequest(null, Object(Config\Cache), false)
 8 FCPATH\index.php(79): CodeIgniter\CodeIgniter->run()
WARNING - 2026-03-03 22:51:40 --> [DEPRECATED] Optional parameter $talles declared before required parameter $buscar is implicitly treated as a required parameter in APPPATH\Models\producto_Model.php on line 0.
 1 SYSTEMPATH\Autoloader\Autoloader.php(311): include_once('C:\\xampp\\htdocs\\proyecto_espinola_emilia\\system\\Debug\\Exceptions.php')
 2 SYSTEMPATH\Autoloader\Autoloader.php(290): CodeIgniter\Autoloader\Autoloader->includeFile('C:\\xampp\\htdocs\\proyecto_espinola_emilia\\app\\Models\\producto_Model.php')
 3 SYSTEMPATH\Autoloader\Autoloader.php(266): CodeIgniter\Autoloader\Autoloader->loadInNamespace('App\\Models\\producto_Model')
 4 APPPATH\Controllers\carrito_controller.php(23): CodeIgniter\Autoloader\Autoloader->loadClass('App\\Models\\producto_Model')
 5 SYSTEMPATH\CodeIgniter.php(915): App\Controllers\carrito_controller->__construct()
 6 SYSTEMPATH\CodeIgniter.php(494): CodeIgniter\CodeIgniter->createController()
 7 SYSTEMPATH\CodeIgniter.php(361): CodeIgniter\CodeIgniter->handleRequest(null, Object(Config\Cache), false)
 8 FCPATH\index.php(79): CodeIgniter\CodeIgniter->run()
WARNING - 2026-03-03 22:51:40 --> [DEPRECATED] Optional parameter $categoria_id declared before required parameter $buscar is implicitly treated as a required parameter in APPPATH\Models\producto_Model.php on line 0.
 1 SYSTEMPATH\Autoloader\Autoloader.php(311): include_once('C:\\xampp\\htdocs\\proyecto_espinola_emilia\\system\\Debug\\Exceptions.php')
 2 SYSTEMPATH\Autoloader\Autoloader.php(290): CodeIgniter\Autoloader\Autoloader->includeFile('C:\\xampp\\htdocs\\proyecto_espinola_emilia\\app\\Models\\producto_Model.php')
 3 SYSTEMPATH\Autoloader\Autoloader.php(266): CodeIgniter\Autoloader\Autoloader->loadInNamespace('App\\Models\\producto_Model')
 4 APPPATH\Controllers\carrito_controller.php(23): CodeIgniter\Autoloader\Autoloader->loadClass('App\\Models\\producto_Model')
 5 SYSTEMPATH\CodeIgniter.php(915): App\Controllers\carrito_controller->__construct()
 6 SYSTEMPATH\CodeIgniter.php(494): CodeIgniter\CodeIgniter->createController()
 7 SYSTEMPATH\CodeIgniter.php(361): CodeIgniter\CodeIgniter->handleRequest(null, Object(Config\Cache), false)
 8 FCPATH\index.php(79): CodeIgniter\CodeIgniter->run()
INFO - 2026-03-03 22:51:40 --> Session: Class initialized using 'CodeIgniter\Session\Handlers\FileHandler' driver.
WARNING - 2026-03-03 22:51:42 --> [DEPRECATED] Optional parameter $colores declared before required parameter $buscar is implicitly treated as a required parameter in APPPATH\Models\producto_Model.php on line 76.
 1 SYSTEMPATH\Autoloader\Autoloader.php(311): include_once('C:\\xampp\\htdocs\\proyecto_espinola_emilia\\system\\Debug\\Exceptions.php')
 2 SYSTEMPATH\Autoloader\Autoloader.php(290): CodeIgniter\Autoloader\Autoloader->includeFile('C:\\xampp\\htdocs\\proyecto_espinola_emilia\\app\\Models\\producto_Model.php')
 3 SYSTEMPATH\Autoloader\Autoloader.php(266): CodeIgniter\Autoloader\Autoloader->loadInNamespace('App\\Models\\producto_Model')
 4 APPPATH\Controllers\ventas_controller.php(24): CodeIgniter\Autoloader\Autoloader->loadClass('App\\Models\\producto_Model')
 5 SYSTEMPATH\CodeIgniter.php(915): App\Controllers\ventas_controller->__construct()
 6 SYSTEMPATH\CodeIgniter.php(494): CodeIgniter\CodeIgniter->createController()
 7 SYSTEMPATH\CodeIgniter.php(361): CodeIgniter\CodeIgniter->handleRequest(null, Object(Config\Cache), false)
 8 FCPATH\index.php(79): CodeIgniter\CodeIgniter->run()
WARNING - 2026-03-03 22:51:42 --> [DEPRECATED] Optional parameter $talles declared before required parameter $buscar is implicitly treated as a required parameter in APPPATH\Models\producto_Model.php on line 0.
 1 SYSTEMPATH\Autoloader\Autoloader.php(311): include_once('C:\\xampp\\htdocs\\proyecto_espinola_emilia\\system\\Debug\\Exceptions.php')
 2 SYSTEMPATH\Autoloader\Autoloader.php(290): CodeIgniter\Autoloader\Autoloader->includeFile('C:\\xampp\\htdocs\\proyecto_espinola_emilia\\app\\Models\\producto_Model.php')
 3 SYSTEMPATH\Autoloader\Autoloader.php(266): CodeIgniter\Autoloader\Autoloader->loadInNamespace('App\\Models\\producto_Model')
 4 APPPATH\Controllers\ventas_controller.php(24): CodeIgniter\Autoloader\Autoloader->loadClass('App\\Models\\producto_Model')
 5 SYSTEMPATH\CodeIgniter.php(915): App\Controllers\ventas_controller->__construct()
 6 SYSTEMPATH\CodeIgniter.php(494): CodeIgniter\CodeIgniter->createController()
 7 SYSTEMPATH\CodeIgniter.php(361): CodeIgniter\CodeIgniter->handleRequest(null, Object(Config\Cache), false)
 8 FCPATH\index.php(79): CodeIgniter\CodeIgniter->run()
WARNING - 2026-03-03 22:51:42 --> [DEPRECATED] Optional parameter $categoria_id declared before required parameter $buscar is implicitly treated as a required parameter in APPPATH\Models\producto_Model.php on line 0.
 1 SYSTEMPATH\Autoloader\Autoloader.php(311): include_once('C:\\xampp\\htdocs\\proyecto_espinola_emilia\\system\\Debug\\Exceptions.php')
 2 SYSTEMPATH\Autoloader\Autoloader.php(290): CodeIgniter\Autoloader\Autoloader->includeFile('C:\\xampp\\htdocs\\proyecto_espinola_emilia\\app\\Models\\producto_Model.php')
 3 SYSTEMPATH\Autoloader\Autoloader.php(266): CodeIgniter\Autoloader\Autoloader->loadInNamespace('App\\Models\\producto_Model')
 4 APPPATH\Controllers\ventas_controller.php(24): CodeIgniter\Autoloader\Autoloader->loadClass('App\\Models\\producto_Model')
 5 SYSTEMPATH\CodeIgniter.php(915): App\Controllers\ventas_controller->__construct()
 6 SYSTEMPATH\CodeIgniter.php(494): CodeIgniter\CodeIgniter->createController()
 7 SYSTEMPATH\CodeIgniter.php(361): CodeIgniter\CodeIgniter->handleRequest(null, Object(Config\Cache), false)
 8 FCPATH\index.php(79): CodeIgniter\CodeIgniter->run()
WARNING - 2026-03-03 22:51:42 --> [DEPRECATED] Creation of dynamic property App\Controllers\ventas_controller::$productosDetalle is deprecated in APPPATH\Controllers\ventas_controller.php on line 25.
 1 SYSTEMPATH\CodeIgniter.php(915): App\Controllers\ventas_controller->__construct()
 2 SYSTEMPATH\CodeIgniter.php(494): CodeIgniter\CodeIgniter->createController()
 3 SYSTEMPATH\CodeIgniter.php(361): CodeIgniter\CodeIgniter->handleRequest(null, Object(Config\Cache), false)
 4 FCPATH\index.php(79): CodeIgniter\CodeIgniter->run()
INFO - 2026-03-03 22:51:42 --> Session: Class initialized using 'CodeIgniter\Session\Handlers\FileHandler' driver.
CRITICAL - 2026-03-03 22:51:42 --> ErrorException: Undefined array key "stock"
in APPPATH\Controllers\ventas_controller.php on line 47.
 1 APPPATH\Controllers\ventas_controller.php(47): CodeIgniter\Debug\Exceptions->errorHandler(2, 'Undefined array key "stock"', 'C:\\xampp\\htdocs\\proyecto_espinola_emilia\\app\\Controllers\\ventas_controller.php', 47)
 2 SYSTEMPATH\CodeIgniter.php(943): App\Controllers\ventas_controller->registrarVenta()
 3 SYSTEMPATH\CodeIgniter.php(503): CodeIgniter\CodeIgniter->runController(Object(App\Controllers\ventas_controller))
 4 SYSTEMPATH\CodeIgniter.php(361): CodeIgniter\CodeIgniter->handleRequest(null, Object(Config\Cache), false)
 5 FCPATH\index.php(79): CodeIgniter\CodeIgniter->run()
WARNING - 2026-03-03 22:54:08 --> [DEPRECATED] Optional parameter $colores declared before required parameter $buscar is implicitly treated as a required parameter in APPPATH\Models\producto_Model.php on line 76.
 1 SYSTEMPATH\Autoloader\Autoloader.php(311): include_once('C:\\xampp\\htdocs\\proyecto_espinola_emilia\\system\\Debug\\Exceptions.php')
 2 SYSTEMPATH\Autoloader\Autoloader.php(290): CodeIgniter\Autoloader\Autoloader->includeFile('C:\\xampp\\htdocs\\proyecto_espinola_emilia\\app\\Models\\producto_Model.php')
 3 SYSTEMPATH\Autoloader\Autoloader.php(266): CodeIgniter\Autoloader\Autoloader->loadInNamespace('App\\Models\\producto_Model')
 4 APPPATH\Controllers\producto_controller.php(256): CodeIgniter\Autoloader\Autoloader->loadClass('App\\Models\\producto_Model')
 5 SYSTEMPATH\CodeIgniter.php(943): App\Controllers\producto_controller->detalle_producto('87')
 6 SYSTEMPATH\CodeIgniter.php(503): CodeIgniter\CodeIgniter->runController(Object(App\Controllers\producto_controller))
 7 SYSTEMPATH\CodeIgniter.php(361): CodeIgniter\CodeIgniter->handleRequest(null, Object(Config\Cache), false)
 8 FCPATH\index.php(79): CodeIgniter\CodeIgniter->run()
WARNING - 2026-03-03 22:54:08 --> [DEPRECATED] Optional parameter $talles declared before required parameter $buscar is implicitly treated as a required parameter in APPPATH\Models\producto_Model.php on line 0.
 1 SYSTEMPATH\Autoloader\Autoloader.php(311): include_once('C:\\xampp\\htdocs\\proyecto_espinola_emilia\\system\\Debug\\Exceptions.php')
 2 SYSTEMPATH\Autoloader\Autoloader.php(290): CodeIgniter\Autoloader\Autoloader->includeFile('C:\\xampp\\htdocs\\proyecto_espinola_emilia\\app\\Models\\producto_Model.php')
 3 SYSTEMPATH\Autoloader\Autoloader.php(266): CodeIgniter\Autoloader\Autoloader->loadInNamespace('App\\Models\\producto_Model')
 4 APPPATH\Controllers\producto_controller.php(256): CodeIgniter\Autoloader\Autoloader->loadClass('App\\Models\\producto_Model')
 5 SYSTEMPATH\CodeIgniter.php(943): App\Controllers\producto_controller->detalle_producto('87')
 6 SYSTEMPATH\CodeIgniter.php(503): CodeIgniter\CodeIgniter->runController(Object(App\Controllers\producto_controller))
 7 SYSTEMPATH\CodeIgniter.php(361): CodeIgniter\CodeIgniter->handleRequest(null, Object(Config\Cache), false)
 8 FCPATH\index.php(79): CodeIgniter\CodeIgniter->run()
WARNING - 2026-03-03 22:54:08 --> [DEPRECATED] Optional parameter $categoria_id declared before required parameter $buscar is implicitly treated as a required parameter in APPPATH\Models\producto_Model.php on line 0.
 1 SYSTEMPATH\Autoloader\Autoloader.php(311): include_once('C:\\xampp\\htdocs\\proyecto_espinola_emilia\\system\\Debug\\Exceptions.php')
 2 SYSTEMPATH\Autoloader\Autoloader.php(290): CodeIgniter\Autoloader\Autoloader->includeFile('C:\\xampp\\htdocs\\proyecto_espinola_emilia\\app\\Models\\producto_Model.php')
 3 SYSTEMPATH\Autoloader\Autoloader.php(266): CodeIgniter\Autoloader\Autoloader->loadInNamespace('App\\Models\\producto_Model')
 4 APPPATH\Controllers\producto_controller.php(256): CodeIgniter\Autoloader\Autoloader->loadClass('App\\Models\\producto_Model')
 5 SYSTEMPATH\CodeIgniter.php(943): App\Controllers\producto_controller->detalle_producto('87')
 6 SYSTEMPATH\CodeIgniter.php(503): CodeIgniter\CodeIgniter->runController(Object(App\Controllers\producto_controller))
 7 SYSTEMPATH\CodeIgniter.php(361): CodeIgniter\CodeIgniter->handleRequest(null, Object(Config\Cache), false)
 8 FCPATH\index.php(79): CodeIgniter\CodeIgniter->run()
INFO - 2026-03-03 22:54:08 --> Session: Class initialized using 'CodeIgniter\Session\Handlers\FileHandler' driver.
WARNING - 2026-03-03 22:54:10 --> [DEPRECATED] Optional parameter $colores declared before required parameter $buscar is implicitly treated as a required parameter in APPPATH\Models\producto_Model.php on line 76.
 1 SYSTEMPATH\Autoloader\Autoloader.php(311): include_once('C:\\xampp\\htdocs\\proyecto_espinola_emilia\\system\\Debug\\Exceptions.php')
 2 SYSTEMPATH\Autoloader\Autoloader.php(290): CodeIgniter\Autoloader\Autoloader->includeFile('C:\\xampp\\htdocs\\proyecto_espinola_emilia\\app\\Models\\producto_Model.php')
 3 SYSTEMPATH\Autoloader\Autoloader.php(266): CodeIgniter\Autoloader\Autoloader->loadInNamespace('App\\Models\\producto_Model')
 4 APPPATH\Controllers\carrito_controller.php(23): CodeIgniter\Autoloader\Autoloader->loadClass('App\\Models\\producto_Model')
 5 SYSTEMPATH\CodeIgniter.php(915): App\Controllers\carrito_controller->__construct()
 6 SYSTEMPATH\CodeIgniter.php(494): CodeIgniter\CodeIgniter->createController()
 7 SYSTEMPATH\CodeIgniter.php(361): CodeIgniter\CodeIgniter->handleRequest(null, Object(Config\Cache), false)
 8 FCPATH\index.php(79): CodeIgniter\CodeIgniter->run()
WARNING - 2026-03-03 22:54:10 --> [DEPRECATED] Optional parameter $talles declared before required parameter $buscar is implicitly treated as a required parameter in APPPATH\Models\producto_Model.php on line 0.
 1 SYSTEMPATH\Autoloader\Autoloader.php(311): include_once('C:\\xampp\\htdocs\\proyecto_espinola_emilia\\system\\Debug\\Exceptions.php')
 2 SYSTEMPATH\Autoloader\Autoloader.php(290): CodeIgniter\Autoloader\Autoloader->includeFile('C:\\xampp\\htdocs\\proyecto_espinola_emilia\\app\\Models\\producto_Model.php')
 3 SYSTEMPATH\Autoloader\Autoloader.php(266): CodeIgniter\Autoloader\Autoloader->loadInNamespace('App\\Models\\producto_Model')
 4 APPPATH\Controllers\carrito_controller.php(23): CodeIgniter\Autoloader\Autoloader->loadClass('App\\Models\\producto_Model')
 5 SYSTEMPATH\CodeIgniter.php(915): App\Controllers\carrito_controller->__construct()
 6 SYSTEMPATH\CodeIgniter.php(494): CodeIgniter\CodeIgniter->createController()
 7 SYSTEMPATH\CodeIgniter.php(361): CodeIgniter\CodeIgniter->handleRequest(null, Object(Config\Cache), false)
 8 FCPATH\index.php(79): CodeIgniter\CodeIgniter->run()
WARNING - 2026-03-03 22:54:10 --> [DEPRECATED] Optional parameter $categoria_id declared before required parameter $buscar is implicitly treated as a required parameter in APPPATH\Models\producto_Model.php on line 0.
 1 SYSTEMPATH\Autoloader\Autoloader.php(311): include_once('C:\\xampp\\htdocs\\proyecto_espinola_emilia\\system\\Debug\\Exceptions.php')
 2 SYSTEMPATH\Autoloader\Autoloader.php(290): CodeIgniter\Autoloader\Autoloader->includeFile('C:\\xampp\\htdocs\\proyecto_espinola_emilia\\app\\Models\\producto_Model.php')
 3 SYSTEMPATH\Autoloader\Autoloader.php(266): CodeIgniter\Autoloader\Autoloader->loadInNamespace('App\\Models\\producto_Model')
 4 APPPATH\Controllers\carrito_controller.php(23): CodeIgniter\Autoloader\Autoloader->loadClass('App\\Models\\producto_Model')
 5 SYSTEMPATH\CodeIgniter.php(915): App\Controllers\carrito_controller->__construct()
 6 SYSTEMPATH\CodeIgniter.php(494): CodeIgniter\CodeIgniter->createController()
 7 SYSTEMPATH\CodeIgniter.php(361): CodeIgniter\CodeIgniter->handleRequest(null, Object(Config\Cache), false)
 8 FCPATH\index.php(79): CodeIgniter\CodeIgniter->run()
INFO - 2026-03-03 22:54:10 --> Session: Class initialized using 'CodeIgniter\Session\Handlers\FileHandler' driver.
WARNING - 2026-03-03 22:54:13 --> [DEPRECATED] Optional parameter $colores declared before required parameter $buscar is implicitly treated as a required parameter in APPPATH\Models\producto_Model.php on line 76.
 1 SYSTEMPATH\Autoloader\Autoloader.php(311): include_once('C:\\xampp\\htdocs\\proyecto_espinola_emilia\\system\\Debug\\Exceptions.php')
 2 SYSTEMPATH\Autoloader\Autoloader.php(290): CodeIgniter\Autoloader\Autoloader->includeFile('C:\\xampp\\htdocs\\proyecto_espinola_emilia\\app\\Models\\producto_Model.php')
 3 SYSTEMPATH\Autoloader\Autoloader.php(266): CodeIgniter\Autoloader\Autoloader->loadInNamespace('App\\Models\\producto_Model')
 4 APPPATH\Controllers\carrito_controller.php(23): CodeIgniter\Autoloader\Autoloader->loadClass('App\\Models\\producto_Model')
 5 SYSTEMPATH\CodeIgniter.php(915): App\Controllers\carrito_controller->__construct()
 6 SYSTEMPATH\CodeIgniter.php(494): CodeIgniter\CodeIgniter->createController()
 7 SYSTEMPATH\CodeIgniter.php(361): CodeIgniter\CodeIgniter->handleRequest(null, Object(Config\Cache), false)
 8 FCPATH\index.php(79): CodeIgniter\CodeIgniter->run()
WARNING - 2026-03-03 22:54:13 --> [DEPRECATED] Optional parameter $talles declared before required parameter $buscar is implicitly treated as a required parameter in APPPATH\Models\producto_Model.php on line 0.
 1 SYSTEMPATH\Autoloader\Autoloader.php(311): include_once('C:\\xampp\\htdocs\\proyecto_espinola_emilia\\system\\Debug\\Exceptions.php')
 2 SYSTEMPATH\Autoloader\Autoloader.php(290): CodeIgniter\Autoloader\Autoloader->includeFile('C:\\xampp\\htdocs\\proyecto_espinola_emilia\\app\\Models\\producto_Model.php')
 3 SYSTEMPATH\Autoloader\Autoloader.php(266): CodeIgniter\Autoloader\Autoloader->loadInNamespace('App\\Models\\producto_Model')
 4 APPPATH\Controllers\carrito_controller.php(23): CodeIgniter\Autoloader\Autoloader->loadClass('App\\Models\\producto_Model')
 5 SYSTEMPATH\CodeIgniter.php(915): App\Controllers\carrito_controller->__construct()
 6 SYSTEMPATH\CodeIgniter.php(494): CodeIgniter\CodeIgniter->createController()
 7 SYSTEMPATH\CodeIgniter.php(361): CodeIgniter\CodeIgniter->handleRequest(null, Object(Config\Cache), false)
 8 FCPATH\index.php(79): CodeIgniter\CodeIgniter->run()
WARNING - 2026-03-03 22:54:13 --> [DEPRECATED] Optional parameter $categoria_id declared before required parameter $buscar is implicitly treated as a required parameter in APPPATH\Models\producto_Model.php on line 0.
 1 SYSTEMPATH\Autoloader\Autoloader.php(311): include_once('C:\\xampp\\htdocs\\proyecto_espinola_emilia\\system\\Debug\\Exceptions.php')
 2 SYSTEMPATH\Autoloader\Autoloader.php(290): CodeIgniter\Autoloader\Autoloader->includeFile('C:\\xampp\\htdocs\\proyecto_espinola_emilia\\app\\Models\\producto_Model.php')
 3 SYSTEMPATH\Autoloader\Autoloader.php(266): CodeIgniter\Autoloader\Autoloader->loadInNamespace('App\\Models\\producto_Model')
 4 APPPATH\Controllers\carrito_controller.php(23): CodeIgniter\Autoloader\Autoloader->loadClass('App\\Models\\producto_Model')
 5 SYSTEMPATH\CodeIgniter.php(915): App\Controllers\carrito_controller->__construct()
 6 SYSTEMPATH\CodeIgniter.php(494): CodeIgniter\CodeIgniter->createController()
 7 SYSTEMPATH\CodeIgniter.php(361): CodeIgniter\CodeIgniter->handleRequest(null, Object(Config\Cache), false)
 8 FCPATH\index.php(79): CodeIgniter\CodeIgniter->run()
INFO - 2026-03-03 22:54:13 --> Session: Class initialized using 'CodeIgniter\Session\Handlers\FileHandler' driver.
WARNING - 2026-03-03 22:54:17 --> [DEPRECATED] Optional parameter $colores declared before required parameter $buscar is implicitly treated as a required parameter in APPPATH\Models\producto_Model.php on line 76.
 1 SYSTEMPATH\Autoloader\Autoloader.php(311): include_once('C:\\xampp\\htdocs\\proyecto_espinola_emilia\\system\\Debug\\Exceptions.php')
 2 SYSTEMPATH\Autoloader\Autoloader.php(290): CodeIgniter\Autoloader\Autoloader->includeFile('C:\\xampp\\htdocs\\proyecto_espinola_emilia\\app\\Models\\producto_Model.php')
 3 SYSTEMPATH\Autoloader\Autoloader.php(266): CodeIgniter\Autoloader\Autoloader->loadInNamespace('App\\Models\\producto_Model')
 4 APPPATH\Controllers\carrito_controller.php(23): CodeIgniter\Autoloader\Autoloader->loadClass('App\\Models\\producto_Model')
 5 SYSTEMPATH\CodeIgniter.php(915): App\Controllers\carrito_controller->__construct()
 6 SYSTEMPATH\CodeIgniter.php(494): CodeIgniter\CodeIgniter->createController()
 7 SYSTEMPATH\CodeIgniter.php(361): CodeIgniter\CodeIgniter->handleRequest(null, Object(Config\Cache), false)
 8 FCPATH\index.php(79): CodeIgniter\CodeIgniter->run()
WARNING - 2026-03-03 22:54:17 --> [DEPRECATED] Optional parameter $talles declared before required parameter $buscar is implicitly treated as a required parameter in APPPATH\Models\producto_Model.php on line 0.
 1 SYSTEMPATH\Autoloader\Autoloader.php(311): include_once('C:\\xampp\\htdocs\\proyecto_espinola_emilia\\system\\Debug\\Exceptions.php')
 2 SYSTEMPATH\Autoloader\Autoloader.php(290): CodeIgniter\Autoloader\Autoloader->includeFile('C:\\xampp\\htdocs\\proyecto_espinola_emilia\\app\\Models\\producto_Model.php')
 3 SYSTEMPATH\Autoloader\Autoloader.php(266): CodeIgniter\Autoloader\Autoloader->loadInNamespace('App\\Models\\producto_Model')
 4 APPPATH\Controllers\carrito_controller.php(23): CodeIgniter\Autoloader\Autoloader->loadClass('App\\Models\\producto_Model')
 5 SYSTEMPATH\CodeIgniter.php(915): App\Controllers\carrito_controller->__construct()
 6 SYSTEMPATH\CodeIgniter.php(494): CodeIgniter\CodeIgniter->createController()
 7 SYSTEMPATH\CodeIgniter.php(361): CodeIgniter\CodeIgniter->handleRequest(null, Object(Config\Cache), false)
 8 FCPATH\index.php(79): CodeIgniter\CodeIgniter->run()
WARNING - 2026-03-03 22:54:17 --> [DEPRECATED] Optional parameter $categoria_id declared before required parameter $buscar is implicitly treated as a required parameter in APPPATH\Models\producto_Model.php on line 0.
 1 SYSTEMPATH\Autoloader\Autoloader.php(311): include_once('C:\\xampp\\htdocs\\proyecto_espinola_emilia\\system\\Debug\\Exceptions.php')
 2 SYSTEMPATH\Autoloader\Autoloader.php(290): CodeIgniter\Autoloader\Autoloader->includeFile('C:\\xampp\\htdocs\\proyecto_espinola_emilia\\app\\Models\\producto_Model.php')
 3 SYSTEMPATH\Autoloader\Autoloader.php(266): CodeIgniter\Autoloader\Autoloader->loadInNamespace('App\\Models\\producto_Model')
 4 APPPATH\Controllers\carrito_controller.php(23): CodeIgniter\Autoloader\Autoloader->loadClass('App\\Models\\producto_Model')
 5 SYSTEMPATH\CodeIgniter.php(915): App\Controllers\carrito_controller->__construct()
 6 SYSTEMPATH\CodeIgniter.php(494): CodeIgniter\CodeIgniter->createController()
 7 SYSTEMPATH\CodeIgniter.php(361): CodeIgniter\CodeIgniter->handleRequest(null, Object(Config\Cache), false)
 8 FCPATH\index.php(79): CodeIgniter\CodeIgniter->run()
INFO - 2026-03-03 22:54:17 --> Session: Class initialized using 'CodeIgniter\Session\Handlers\FileHandler' driver.
WARNING - 2026-03-03 22:54:17 --> [DEPRECATED] Optional parameter $colores declared before required parameter $buscar is implicitly treated as a required parameter in APPPATH\Models\producto_Model.php on line 76.
 1 SYSTEMPATH\Autoloader\Autoloader.php(311): include_once('C:\\xampp\\htdocs\\proyecto_espinola_emilia\\system\\Debug\\Exceptions.php')
 2 SYSTEMPATH\Autoloader\Autoloader.php(290): CodeIgniter\Autoloader\Autoloader->includeFile('C:\\xampp\\htdocs\\proyecto_espinola_emilia\\app\\Models\\producto_Model.php')
 3 SYSTEMPATH\Autoloader\Autoloader.php(266): CodeIgniter\Autoloader\Autoloader->loadInNamespace('App\\Models\\producto_Model')
 4 APPPATH\Controllers\carrito_controller.php(23): CodeIgniter\Autoloader\Autoloader->loadClass('App\\Models\\producto_Model')
 5 SYSTEMPATH\CodeIgniter.php(915): App\Controllers\carrito_controller->__construct()
 6 SYSTEMPATH\CodeIgniter.php(494): CodeIgniter\CodeIgniter->createController()
 7 SYSTEMPATH\CodeIgniter.php(361): CodeIgniter\CodeIgniter->handleRequest(null, Object(Config\Cache), false)
 8 FCPATH\index.php(79): CodeIgniter\CodeIgniter->run()
WARNING - 2026-03-03 22:54:17 --> [DEPRECATED] Optional parameter $talles declared before required parameter $buscar is implicitly treated as a required parameter in APPPATH\Models\producto_Model.php on line 0.
 1 SYSTEMPATH\Autoloader\Autoloader.php(311): include_once('C:\\xampp\\htdocs\\proyecto_espinola_emilia\\system\\Debug\\Exceptions.php')
 2 SYSTEMPATH\Autoloader\Autoloader.php(290): CodeIgniter\Autoloader\Autoloader->includeFile('C:\\xampp\\htdocs\\proyecto_espinola_emilia\\app\\Models\\producto_Model.php')
 3 SYSTEMPATH\Autoloader\Autoloader.php(266): CodeIgniter\Autoloader\Autoloader->loadInNamespace('App\\Models\\producto_Model')
 4 APPPATH\Controllers\carrito_controller.php(23): CodeIgniter\Autoloader\Autoloader->loadClass('App\\Models\\producto_Model')
 5 SYSTEMPATH\CodeIgniter.php(915): App\Controllers\carrito_controller->__construct()
 6 SYSTEMPATH\CodeIgniter.php(494): CodeIgniter\CodeIgniter->createController()
 7 SYSTEMPATH\CodeIgniter.php(361): CodeIgniter\CodeIgniter->handleRequest(null, Object(Config\Cache), false)
 8 FCPATH\index.php(79): CodeIgniter\CodeIgniter->run()
WARNING - 2026-03-03 22:54:17 --> [DEPRECATED] Optional parameter $categoria_id declared before required parameter $buscar is implicitly treated as a required parameter in APPPATH\Models\producto_Model.php on line 0.
 1 SYSTEMPATH\Autoloader\Autoloader.php(311): include_once('C:\\xampp\\htdocs\\proyecto_espinola_emilia\\system\\Debug\\Exceptions.php')
 2 SYSTEMPATH\Autoloader\Autoloader.php(290): CodeIgniter\Autoloader\Autoloader->includeFile('C:\\xampp\\htdocs\\proyecto_espinola_emilia\\app\\Models\\producto_Model.php')
 3 SYSTEMPATH\Autoloader\Autoloader.php(266): CodeIgniter\Autoloader\Autoloader->loadInNamespace('App\\Models\\producto_Model')
 4 APPPATH\Controllers\carrito_controller.php(23): CodeIgniter\Autoloader\Autoloader->loadClass('App\\Models\\producto_Model')
 5 SYSTEMPATH\CodeIgniter.php(915): App\Controllers\carrito_controller->__construct()
 6 SYSTEMPATH\CodeIgniter.php(494): CodeIgniter\CodeIgniter->createController()
 7 SYSTEMPATH\CodeIgniter.php(361): CodeIgniter\CodeIgniter->handleRequest(null, Object(Config\Cache), false)
 8 FCPATH\index.php(79): CodeIgniter\CodeIgniter->run()
INFO - 2026-03-03 22:54:17 --> Session: Class initialized using 'CodeIgniter\Session\Handlers\FileHandler' driver.
WARNING - 2026-03-03 22:54:26 --> [DEPRECATED] Optional parameter $colores declared before required parameter $buscar is implicitly treated as a required parameter in APPPATH\Models\producto_Model.php on line 76.
 1 SYSTEMPATH\Autoloader\Autoloader.php(311): include_once('C:\\xampp\\htdocs\\proyecto_espinola_emilia\\system\\Debug\\Exceptions.php')
 2 SYSTEMPATH\Autoloader\Autoloader.php(290): CodeIgniter\Autoloader\Autoloader->includeFile('C:\\xampp\\htdocs\\proyecto_espinola_emilia\\app\\Models\\producto_Model.php')
 3 SYSTEMPATH\Autoloader\Autoloader.php(266): CodeIgniter\Autoloader\Autoloader->loadInNamespace('App\\Models\\producto_Model')
 4 APPPATH\Controllers\ventas_controller.php(24): CodeIgniter\Autoloader\Autoloader->loadClass('App\\Models\\producto_Model')
 5 SYSTEMPATH\CodeIgniter.php(915): App\Controllers\ventas_controller->__construct()
 6 SYSTEMPATH\CodeIgniter.php(494): CodeIgniter\CodeIgniter->createController()
 7 SYSTEMPATH\CodeIgniter.php(361): CodeIgniter\CodeIgniter->handleRequest(null, Object(Config\Cache), false)
 8 FCPATH\index.php(79): CodeIgniter\CodeIgniter->run()
WARNING - 2026-03-03 22:54:26 --> [DEPRECATED] Optional parameter $talles declared before required parameter $buscar is implicitly treated as a required parameter in APPPATH\Models\producto_Model.php on line 0.
 1 SYSTEMPATH\Autoloader\Autoloader.php(311): include_once('C:\\xampp\\htdocs\\proyecto_espinola_emilia\\system\\Debug\\Exceptions.php')
 2 SYSTEMPATH\Autoloader\Autoloader.php(290): CodeIgniter\Autoloader\Autoloader->includeFile('C:\\xampp\\htdocs\\proyecto_espinola_emilia\\app\\Models\\producto_Model.php')
 3 SYSTEMPATH\Autoloader\Autoloader.php(266): CodeIgniter\Autoloader\Autoloader->loadInNamespace('App\\Models\\producto_Model')
 4 APPPATH\Controllers\ventas_controller.php(24): CodeIgniter\Autoloader\Autoloader->loadClass('App\\Models\\producto_Model')
 5 SYSTEMPATH\CodeIgniter.php(915): App\Controllers\ventas_controller->__construct()
 6 SYSTEMPATH\CodeIgniter.php(494): CodeIgniter\CodeIgniter->createController()
 7 SYSTEMPATH\CodeIgniter.php(361): CodeIgniter\CodeIgniter->handleRequest(null, Object(Config\Cache), false)
 8 FCPATH\index.php(79): CodeIgniter\CodeIgniter->run()
WARNING - 2026-03-03 22:54:26 --> [DEPRECATED] Optional parameter $categoria_id declared before required parameter $buscar is implicitly treated as a required parameter in APPPATH\Models\producto_Model.php on line 0.
 1 SYSTEMPATH\Autoloader\Autoloader.php(311): include_once('C:\\xampp\\htdocs\\proyecto_espinola_emilia\\system\\Debug\\Exceptions.php')
 2 SYSTEMPATH\Autoloader\Autoloader.php(290): CodeIgniter\Autoloader\Autoloader->includeFile('C:\\xampp\\htdocs\\proyecto_espinola_emilia\\app\\Models\\producto_Model.php')
 3 SYSTEMPATH\Autoloader\Autoloader.php(266): CodeIgniter\Autoloader\Autoloader->loadInNamespace('App\\Models\\producto_Model')
 4 APPPATH\Controllers\ventas_controller.php(24): CodeIgniter\Autoloader\Autoloader->loadClass('App\\Models\\producto_Model')
 5 SYSTEMPATH\CodeIgniter.php(915): App\Controllers\ventas_controller->__construct()
 6 SYSTEMPATH\CodeIgniter.php(494): CodeIgniter\CodeIgniter->createController()
 7 SYSTEMPATH\CodeIgniter.php(361): CodeIgniter\CodeIgniter->handleRequest(null, Object(Config\Cache), false)
 8 FCPATH\index.php(79): CodeIgniter\CodeIgniter->run()
WARNING - 2026-03-03 22:54:26 --> [DEPRECATED] Creation of dynamic property App\Controllers\ventas_controller::$productosDetalle is deprecated in APPPATH\Controllers\ventas_controller.php on line 25.
 1 SYSTEMPATH\CodeIgniter.php(915): App\Controllers\ventas_controller->__construct()
 2 SYSTEMPATH\CodeIgniter.php(494): CodeIgniter\CodeIgniter->createController()
 3 SYSTEMPATH\CodeIgniter.php(361): CodeIgniter\CodeIgniter->handleRequest(null, Object(Config\Cache), false)
 4 FCPATH\index.php(79): CodeIgniter\CodeIgniter->run()
INFO - 2026-03-03 22:54:26 --> Session: Class initialized using 'CodeIgniter\Session\Handlers\FileHandler' driver.
CRITICAL - 2026-03-03 22:54:26 --> ErrorException: Undefined array key "stock"
in APPPATH\Controllers\ventas_controller.php on line 47.
 1 APPPATH\Controllers\ventas_controller.php(47): CodeIgniter\Debug\Exceptions->errorHandler(2, 'Undefined array key "stock"', 'C:\\xampp\\htdocs\\proyecto_espinola_emilia\\app\\Controllers\\ventas_controller.php', 47)
 2 SYSTEMPATH\CodeIgniter.php(943): App\Controllers\ventas_controller->registrarVenta()
 3 SYSTEMPATH\CodeIgniter.php(503): CodeIgniter\CodeIgniter->runController(Object(App\Controllers\ventas_controller))
 4 SYSTEMPATH\CodeIgniter.php(361): CodeIgniter\CodeIgniter->handleRequest(null, Object(Config\Cache), false)
 5 FCPATH\index.php(79): CodeIgniter\CodeIgniter->run()
WARNING - 2026-03-03 23:02:26 --> [DEPRECATED] Optional parameter $colores declared before required parameter $buscar is implicitly treated as a required parameter in APPPATH\Models\producto_Model.php on line 76.
 1 SYSTEMPATH\Autoloader\Autoloader.php(311): include_once('C:\\xampp\\htdocs\\proyecto_espinola_emilia\\system\\Debug\\Exceptions.php')
 2 SYSTEMPATH\Autoloader\Autoloader.php(290): CodeIgniter\Autoloader\Autoloader->includeFile('C:\\xampp\\htdocs\\proyecto_espinola_emilia\\app\\Models\\producto_Model.php')
 3 SYSTEMPATH\Autoloader\Autoloader.php(266): CodeIgniter\Autoloader\Autoloader->loadInNamespace('App\\Models\\producto_Model')
 4 APPPATH\Controllers\producto_controller.php(256): CodeIgniter\Autoloader\Autoloader->loadClass('App\\Models\\producto_Model')
 5 SYSTEMPATH\CodeIgniter.php(943): App\Controllers\producto_controller->detalle_producto('87')
 6 SYSTEMPATH\CodeIgniter.php(503): CodeIgniter\CodeIgniter->runController(Object(App\Controllers\producto_controller))
 7 SYSTEMPATH\CodeIgniter.php(361): CodeIgniter\CodeIgniter->handleRequest(null, Object(Config\Cache), false)
 8 FCPATH\index.php(79): CodeIgniter\CodeIgniter->run()
WARNING - 2026-03-03 23:02:26 --> [DEPRECATED] Optional parameter $talles declared before required parameter $buscar is implicitly treated as a required parameter in APPPATH\Models\producto_Model.php on line 0.
 1 SYSTEMPATH\Autoloader\Autoloader.php(311): include_once('C:\\xampp\\htdocs\\proyecto_espinola_emilia\\system\\Debug\\Exceptions.php')
 2 SYSTEMPATH\Autoloader\Autoloader.php(290): CodeIgniter\Autoloader\Autoloader->includeFile('C:\\xampp\\htdocs\\proyecto_espinola_emilia\\app\\Models\\producto_Model.php')
 3 SYSTEMPATH\Autoloader\Autoloader.php(266): CodeIgniter\Autoloader\Autoloader->loadInNamespace('App\\Models\\producto_Model')
 4 APPPATH\Controllers\producto_controller.php(256): CodeIgniter\Autoloader\Autoloader->loadClass('App\\Models\\producto_Model')
 5 SYSTEMPATH\CodeIgniter.php(943): App\Controllers\producto_controller->detalle_producto('87')
 6 SYSTEMPATH\CodeIgniter.php(503): CodeIgniter\CodeIgniter->runController(Object(App\Controllers\producto_controller))
 7 SYSTEMPATH\CodeIgniter.php(361): CodeIgniter\CodeIgniter->handleRequest(null, Object(Config\Cache), false)
 8 FCPATH\index.php(79): CodeIgniter\CodeIgniter->run()
WARNING - 2026-03-03 23:02:26 --> [DEPRECATED] Optional parameter $categoria_id declared before required parameter $buscar is implicitly treated as a required parameter in APPPATH\Models\producto_Model.php on line 0.
 1 SYSTEMPATH\Autoloader\Autoloader.php(311): include_once('C:\\xampp\\htdocs\\proyecto_espinola_emilia\\system\\Debug\\Exceptions.php')
 2 SYSTEMPATH\Autoloader\Autoloader.php(290): CodeIgniter\Autoloader\Autoloader->includeFile('C:\\xampp\\htdocs\\proyecto_espinola_emilia\\app\\Models\\producto_Model.php')
 3 SYSTEMPATH\Autoloader\Autoloader.php(266): CodeIgniter\Autoloader\Autoloader->loadInNamespace('App\\Models\\producto_Model')
 4 APPPATH\Controllers\producto_controller.php(256): CodeIgniter\Autoloader\Autoloader->loadClass('App\\Models\\producto_Model')
 5 SYSTEMPATH\CodeIgniter.php(943): App\Controllers\producto_controller->detalle_producto('87')
 6 SYSTEMPATH\CodeIgniter.php(503): CodeIgniter\CodeIgniter->runController(Object(App\Controllers\producto_controller))
 7 SYSTEMPATH\CodeIgniter.php(361): CodeIgniter\CodeIgniter->handleRequest(null, Object(Config\Cache), false)
 8 FCPATH\index.php(79): CodeIgniter\CodeIgniter->run()
INFO - 2026-03-03 23:02:26 --> Session: Class initialized using 'CodeIgniter\Session\Handlers\FileHandler' driver.
WARNING - 2026-03-03 23:02:28 --> [DEPRECATED] Optional parameter $colores declared before required parameter $buscar is implicitly treated as a required parameter in APPPATH\Models\producto_Model.php on line 76.
 1 SYSTEMPATH\Autoloader\Autoloader.php(311): include_once('C:\\xampp\\htdocs\\proyecto_espinola_emilia\\system\\Debug\\Exceptions.php')
 2 SYSTEMPATH\Autoloader\Autoloader.php(290): CodeIgniter\Autoloader\Autoloader->includeFile('C:\\xampp\\htdocs\\proyecto_espinola_emilia\\app\\Models\\producto_Model.php')
 3 SYSTEMPATH\Autoloader\Autoloader.php(266): CodeIgniter\Autoloader\Autoloader->loadInNamespace('App\\Models\\producto_Model')
 4 APPPATH\Controllers\producto_controller.php(256): CodeIgniter\Autoloader\Autoloader->loadClass('App\\Models\\producto_Model')
 5 SYSTEMPATH\CodeIgniter.php(943): App\Controllers\producto_controller->detalle_producto('88')
 6 SYSTEMPATH\CodeIgniter.php(503): CodeIgniter\CodeIgniter->runController(Object(App\Controllers\producto_controller))
 7 SYSTEMPATH\CodeIgniter.php(361): CodeIgniter\CodeIgniter->handleRequest(null, Object(Config\Cache), false)
 8 FCPATH\index.php(79): CodeIgniter\CodeIgniter->run()
WARNING - 2026-03-03 23:02:28 --> [DEPRECATED] Optional parameter $talles declared before required parameter $buscar is implicitly treated as a required parameter in APPPATH\Models\producto_Model.php on line 0.
 1 SYSTEMPATH\Autoloader\Autoloader.php(311): include_once('C:\\xampp\\htdocs\\proyecto_espinola_emilia\\system\\Debug\\Exceptions.php')
 2 SYSTEMPATH\Autoloader\Autoloader.php(290): CodeIgniter\Autoloader\Autoloader->includeFile('C:\\xampp\\htdocs\\proyecto_espinola_emilia\\app\\Models\\producto_Model.php')
 3 SYSTEMPATH\Autoloader\Autoloader.php(266): CodeIgniter\Autoloader\Autoloader->loadInNamespace('App\\Models\\producto_Model')
 4 APPPATH\Controllers\producto_controller.php(256): CodeIgniter\Autoloader\Autoloader->loadClass('App\\Models\\producto_Model')
 5 SYSTEMPATH\CodeIgniter.php(943): App\Controllers\producto_controller->detalle_producto('88')
 6 SYSTEMPATH\CodeIgniter.php(503): CodeIgniter\CodeIgniter->runController(Object(App\Controllers\producto_controller))
 7 SYSTEMPATH\CodeIgniter.php(361): CodeIgniter\CodeIgniter->handleRequest(null, Object(Config\Cache), false)
 8 FCPATH\index.php(79): CodeIgniter\CodeIgniter->run()
WARNING - 2026-03-03 23:02:28 --> [DEPRECATED] Optional parameter $categoria_id declared before required parameter $buscar is implicitly treated as a required parameter in APPPATH\Models\producto_Model.php on line 0.
 1 SYSTEMPATH\Autoloader\Autoloader.php(311): include_once('C:\\xampp\\htdocs\\proyecto_espinola_emilia\\system\\Debug\\Exceptions.php')
 2 SYSTEMPATH\Autoloader\Autoloader.php(290): CodeIgniter\Autoloader\Autoloader->includeFile('C:\\xampp\\htdocs\\proyecto_espinola_emilia\\app\\Models\\producto_Model.php')
 3 SYSTEMPATH\Autoloader\Autoloader.php(266): CodeIgniter\Autoloader\Autoloader->loadInNamespace('App\\Models\\producto_Model')
 4 APPPATH\Controllers\producto_controller.php(256): CodeIgniter\Autoloader\Autoloader->loadClass('App\\Models\\producto_Model')
 5 SYSTEMPATH\CodeIgniter.php(943): App\Controllers\producto_controller->detalle_producto('88')
 6 SYSTEMPATH\CodeIgniter.php(503): CodeIgniter\CodeIgniter->runController(Object(App\Controllers\producto_controller))
 7 SYSTEMPATH\CodeIgniter.php(361): CodeIgniter\CodeIgniter->handleRequest(null, Object(Config\Cache), false)
 8 FCPATH\index.php(79): CodeIgniter\CodeIgniter->run()
INFO - 2026-03-03 23:02:28 --> Session: Class initialized using 'CodeIgniter\Session\Handlers\FileHandler' driver.
WARNING - 2026-03-03 23:02:40 --> [DEPRECATED] Optional parameter $colores declared before required parameter $buscar is implicitly treated as a required parameter in APPPATH\Models\producto_Model.php on line 76.
 1 SYSTEMPATH\Autoloader\Autoloader.php(311): include_once('C:\\xampp\\htdocs\\proyecto_espinola_emilia\\system\\Debug\\Exceptions.php')
 2 SYSTEMPATH\Autoloader\Autoloader.php(290): CodeIgniter\Autoloader\Autoloader->includeFile('C:\\xampp\\htdocs\\proyecto_espinola_emilia\\app\\Models\\producto_Model.php')
 3 SYSTEMPATH\Autoloader\Autoloader.php(266): CodeIgniter\Autoloader\Autoloader->loadInNamespace('App\\Models\\producto_Model')
 4 APPPATH\Controllers\ventas_controller.php(24): CodeIgniter\Autoloader\Autoloader->loadClass('App\\Models\\producto_Model')
 5 SYSTEMPATH\CodeIgniter.php(915): App\Controllers\ventas_controller->__construct()
 6 SYSTEMPATH\CodeIgniter.php(494): CodeIgniter\CodeIgniter->createController()
 7 SYSTEMPATH\CodeIgniter.php(361): CodeIgniter\CodeIgniter->handleRequest(null, Object(Config\Cache), false)
 8 FCPATH\index.php(79): CodeIgniter\CodeIgniter->run()
WARNING - 2026-03-03 23:02:40 --> [DEPRECATED] Optional parameter $talles declared before required parameter $buscar is implicitly treated as a required parameter in APPPATH\Models\producto_Model.php on line 0.
 1 SYSTEMPATH\Autoloader\Autoloader.php(311): include_once('C:\\xampp\\htdocs\\proyecto_espinola_emilia\\system\\Debug\\Exceptions.php')
 2 SYSTEMPATH\Autoloader\Autoloader.php(290): CodeIgniter\Autoloader\Autoloader->includeFile('C:\\xampp\\htdocs\\proyecto_espinola_emilia\\app\\Models\\producto_Model.php')
 3 SYSTEMPATH\Autoloader\Autoloader.php(266): CodeIgniter\Autoloader\Autoloader->loadInNamespace('App\\Models\\producto_Model')
 4 APPPATH\Controllers\ventas_controller.php(24): CodeIgniter\Autoloader\Autoloader->loadClass('App\\Models\\producto_Model')
 5 SYSTEMPATH\CodeIgniter.php(915): App\Controllers\ventas_controller->__construct()
 6 SYSTEMPATH\CodeIgniter.php(494): CodeIgniter\CodeIgniter->createController()
 7 SYSTEMPATH\CodeIgniter.php(361): CodeIgniter\CodeIgniter->handleRequest(null, Object(Config\Cache), false)
 8 FCPATH\index.php(79): CodeIgniter\CodeIgniter->run()
WARNING - 2026-03-03 23:02:40 --> [DEPRECATED] Optional parameter $categoria_id declared before required parameter $buscar is implicitly treated as a required parameter in APPPATH\Models\producto_Model.php on line 0.
 1 SYSTEMPATH\Autoloader\Autoloader.php(311): include_once('C:\\xampp\\htdocs\\proyecto_espinola_emilia\\system\\Debug\\Exceptions.php')
 2 SYSTEMPATH\Autoloader\Autoloader.php(290): CodeIgniter\Autoloader\Autoloader->includeFile('C:\\xampp\\htdocs\\proyecto_espinola_emilia\\app\\Models\\producto_Model.php')
 3 SYSTEMPATH\Autoloader\Autoloader.php(266): CodeIgniter\Autoloader\Autoloader->loadInNamespace('App\\Models\\producto_Model')
 4 APPPATH\Controllers\ventas_controller.php(24): CodeIgniter\Autoloader\Autoloader->loadClass('App\\Models\\producto_Model')
 5 SYSTEMPATH\CodeIgniter.php(915): App\Controllers\ventas_controller->__construct()
 6 SYSTEMPATH\CodeIgniter.php(494): CodeIgniter\CodeIgniter->createController()
 7 SYSTEMPATH\CodeIgniter.php(361): CodeIgniter\CodeIgniter->handleRequest(null, Object(Config\Cache), false)
 8 FCPATH\index.php(79): CodeIgniter\CodeIgniter->run()
WARNING - 2026-03-03 23:02:40 --> [DEPRECATED] Creation of dynamic property App\Controllers\ventas_controller::$productosDetalle is deprecated in APPPATH\Controllers\ventas_controller.php on line 25.
 1 SYSTEMPATH\CodeIgniter.php(915): App\Controllers\ventas_controller->__construct()
 2 SYSTEMPATH\CodeIgniter.php(494): CodeIgniter\CodeIgniter->createController()
 3 SYSTEMPATH\CodeIgniter.php(361): CodeIgniter\CodeIgniter->handleRequest(null, Object(Config\Cache), false)
 4 FCPATH\index.php(79): CodeIgniter\CodeIgniter->run()
INFO - 2026-03-03 23:02:40 --> Session: Class initialized using 'CodeIgniter\Session\Handlers\FileHandler' driver.
WARNING - 2026-03-03 23:05:24 --> [DEPRECATED] Optional parameter $colores declared before required parameter $buscar is implicitly treated as a required parameter in APPPATH\Models\producto_Model.php on line 76.
 1 SYSTEMPATH\Autoloader\Autoloader.php(311): include_once('C:\\xampp\\htdocs\\proyecto_espinola_emilia\\system\\Debug\\Exceptions.php')
 2 SYSTEMPATH\Autoloader\Autoloader.php(290): CodeIgniter\Autoloader\Autoloader->includeFile('C:\\xampp\\htdocs\\proyecto_espinola_emilia\\app\\Models\\producto_Model.php')
 3 SYSTEMPATH\Autoloader\Autoloader.php(266): CodeIgniter\Autoloader\Autoloader->loadInNamespace('App\\Models\\producto_Model')
 4 APPPATH\Controllers\producto_controller.php(256): CodeIgniter\Autoloader\Autoloader->loadClass('App\\Models\\producto_Model')
 5 SYSTEMPATH\CodeIgniter.php(943): App\Controllers\producto_controller->detalle_producto('87')
 6 SYSTEMPATH\CodeIgniter.php(503): CodeIgniter\CodeIgniter->runController(Object(App\Controllers\producto_controller))
 7 SYSTEMPATH\CodeIgniter.php(361): CodeIgniter\CodeIgniter->handleRequest(null, Object(Config\Cache), false)
 8 FCPATH\index.php(79): CodeIgniter\CodeIgniter->run()
WARNING - 2026-03-03 23:05:24 --> [DEPRECATED] Optional parameter $talles declared before required parameter $buscar is implicitly treated as a required parameter in APPPATH\Models\producto_Model.php on line 0.
 1 SYSTEMPATH\Autoloader\Autoloader.php(311): include_once('C:\\xampp\\htdocs\\proyecto_espinola_emilia\\system\\Debug\\Exceptions.php')
 2 SYSTEMPATH\Autoloader\Autoloader.php(290): CodeIgniter\Autoloader\Autoloader->includeFile('C:\\xampp\\htdocs\\proyecto_espinola_emilia\\app\\Models\\producto_Model.php')
 3 SYSTEMPATH\Autoloader\Autoloader.php(266): CodeIgniter\Autoloader\Autoloader->loadInNamespace('App\\Models\\producto_Model')
 4 APPPATH\Controllers\producto_controller.php(256): CodeIgniter\Autoloader\Autoloader->loadClass('App\\Models\\producto_Model')
 5 SYSTEMPATH\CodeIgniter.php(943): App\Controllers\producto_controller->detalle_producto('87')
 6 SYSTEMPATH\CodeIgniter.php(503): CodeIgniter\CodeIgniter->runController(Object(App\Controllers\producto_controller))
 7 SYSTEMPATH\CodeIgniter.php(361): CodeIgniter\CodeIgniter->handleRequest(null, Object(Config\Cache), false)
 8 FCPATH\index.php(79): CodeIgniter\CodeIgniter->run()
WARNING - 2026-03-03 23:05:24 --> [DEPRECATED] Optional parameter $categoria_id declared before required parameter $buscar is implicitly treated as a required parameter in APPPATH\Models\producto_Model.php on line 0.
 1 SYSTEMPATH\Autoloader\Autoloader.php(311): include_once('C:\\xampp\\htdocs\\proyecto_espinola_emilia\\system\\Debug\\Exceptions.php')
 2 SYSTEMPATH\Autoloader\Autoloader.php(290): CodeIgniter\Autoloader\Autoloader->includeFile('C:\\xampp\\htdocs\\proyecto_espinola_emilia\\app\\Models\\producto_Model.php')
 3 SYSTEMPATH\Autoloader\Autoloader.php(266): CodeIgniter\Autoloader\Autoloader->loadInNamespace('App\\Models\\producto_Model')
 4 APPPATH\Controllers\producto_controller.php(256): CodeIgniter\Autoloader\Autoloader->loadClass('App\\Models\\producto_Model')
 5 SYSTEMPATH\CodeIgniter.php(943): App\Controllers\producto_controller->detalle_producto('87')
 6 SYSTEMPATH\CodeIgniter.php(503): CodeIgniter\CodeIgniter->runController(Object(App\Controllers\producto_controller))
 7 SYSTEMPATH\CodeIgniter.php(361): CodeIgniter\CodeIgniter->handleRequest(null, Object(Config\Cache), false)
 8 FCPATH\index.php(79): CodeIgniter\CodeIgniter->run()
INFO - 2026-03-03 23:05:24 --> Session: Class initialized using 'CodeIgniter\Session\Handlers\FileHandler' driver.
WARNING - 2026-03-03 23:05:37 --> [DEPRECATED] Optional parameter $colores declared before required parameter $buscar is implicitly treated as a required parameter in APPPATH\Models\producto_Model.php on line 76.
 1 SYSTEMPATH\Autoloader\Autoloader.php(311): include_once('C:\\xampp\\htdocs\\proyecto_espinola_emilia\\system\\Debug\\Exceptions.php')
 2 SYSTEMPATH\Autoloader\Autoloader.php(290): CodeIgniter\Autoloader\Autoloader->includeFile('C:\\xampp\\htdocs\\proyecto_espinola_emilia\\app\\Models\\producto_Model.php')
 3 SYSTEMPATH\Autoloader\Autoloader.php(266): CodeIgniter\Autoloader\Autoloader->loadInNamespace('App\\Models\\producto_Model')
 4 APPPATH\Controllers\carrito_controller.php(23): CodeIgniter\Autoloader\Autoloader->loadClass('App\\Models\\producto_Model')
 5 SYSTEMPATH\CodeIgniter.php(915): App\Controllers\carrito_controller->__construct()
 6 SYSTEMPATH\CodeIgniter.php(494): CodeIgniter\CodeIgniter->createController()
 7 SYSTEMPATH\CodeIgniter.php(361): CodeIgniter\CodeIgniter->handleRequest(null, Object(Config\Cache), false)
 8 FCPATH\index.php(79): CodeIgniter\CodeIgniter->run()
WARNING - 2026-03-03 23:05:37 --> [DEPRECATED] Optional parameter $talles declared before required parameter $buscar is implicitly treated as a required parameter in APPPATH\Models\producto_Model.php on line 0.
 1 SYSTEMPATH\Autoloader\Autoloader.php(311): include_once('C:\\xampp\\htdocs\\proyecto_espinola_emilia\\system\\Debug\\Exceptions.php')
 2 SYSTEMPATH\Autoloader\Autoloader.php(290): CodeIgniter\Autoloader\Autoloader->includeFile('C:\\xampp\\htdocs\\proyecto_espinola_emilia\\app\\Models\\producto_Model.php')
 3 SYSTEMPATH\Autoloader\Autoloader.php(266): CodeIgniter\Autoloader\Autoloader->loadInNamespace('App\\Models\\producto_Model')
 4 APPPATH\Controllers\carrito_controller.php(23): CodeIgniter\Autoloader\Autoloader->loadClass('App\\Models\\producto_Model')
 5 SYSTEMPATH\CodeIgniter.php(915): App\Controllers\carrito_controller->__construct()
 6 SYSTEMPATH\CodeIgniter.php(494): CodeIgniter\CodeIgniter->createController()
 7 SYSTEMPATH\CodeIgniter.php(361): CodeIgniter\CodeIgniter->handleRequest(null, Object(Config\Cache), false)
 8 FCPATH\index.php(79): CodeIgniter\CodeIgniter->run()
WARNING - 2026-03-03 23:05:37 --> [DEPRECATED] Optional parameter $categoria_id declared before required parameter $buscar is implicitly treated as a required parameter in APPPATH\Models\producto_Model.php on line 0.
 1 SYSTEMPATH\Autoloader\Autoloader.php(311): include_once('C:\\xampp\\htdocs\\proyecto_espinola_emilia\\system\\Debug\\Exceptions.php')
 2 SYSTEMPATH\Autoloader\Autoloader.php(290): CodeIgniter\Autoloader\Autoloader->includeFile('C:\\xampp\\htdocs\\proyecto_espinola_emilia\\app\\Models\\producto_Model.php')
 3 SYSTEMPATH\Autoloader\Autoloader.php(266): CodeIgniter\Autoloader\Autoloader->loadInNamespace('App\\Models\\producto_Model')
 4 APPPATH\Controllers\carrito_controller.php(23): CodeIgniter\Autoloader\Autoloader->loadClass('App\\Models\\producto_Model')
 5 SYSTEMPATH\CodeIgniter.php(915): App\Controllers\carrito_controller->__construct()
 6 SYSTEMPATH\CodeIgniter.php(494): CodeIgniter\CodeIgniter->createController()
 7 SYSTEMPATH\CodeIgniter.php(361): CodeIgniter\CodeIgniter->handleRequest(null, Object(Config\Cache), false)
 8 FCPATH\index.php(79): CodeIgniter\CodeIgniter->run()
INFO - 2026-03-03 23:05:37 --> Session: Class initialized using 'CodeIgniter\Session\Handlers\FileHandler' driver.
WARNING - 2026-03-03 23:05:40 --> [DEPRECATED] Optional parameter $colores declared before required parameter $buscar is implicitly treated as a required parameter in APPPATH\Models\producto_Model.php on line 76.
 1 SYSTEMPATH\Autoloader\Autoloader.php(311): include_once('C:\\xampp\\htdocs\\proyecto_espinola_emilia\\system\\Debug\\Exceptions.php')
 2 SYSTEMPATH\Autoloader\Autoloader.php(290): CodeIgniter\Autoloader\Autoloader->includeFile('C:\\xampp\\htdocs\\proyecto_espinola_emilia\\app\\Models\\producto_Model.php')
 3 SYSTEMPATH\Autoloader\Autoloader.php(266): CodeIgniter\Autoloader\Autoloader->loadInNamespace('App\\Models\\producto_Model')
 4 APPPATH\Controllers\carrito_controller.php(23): CodeIgniter\Autoloader\Autoloader->loadClass('App\\Models\\producto_Model')
 5 SYSTEMPATH\CodeIgniter.php(915): App\Controllers\carrito_controller->__construct()
 6 SYSTEMPATH\CodeIgniter.php(494): CodeIgniter\CodeIgniter->createController()
 7 SYSTEMPATH\CodeIgniter.php(361): CodeIgniter\CodeIgniter->handleRequest(null, Object(Config\Cache), false)
 8 FCPATH\index.php(79): CodeIgniter\CodeIgniter->run()
WARNING - 2026-03-03 23:05:40 --> [DEPRECATED] Optional parameter $talles declared before required parameter $buscar is implicitly treated as a required parameter in APPPATH\Models\producto_Model.php on line 0.
 1 SYSTEMPATH\Autoloader\Autoloader.php(311): include_once('C:\\xampp\\htdocs\\proyecto_espinola_emilia\\system\\Debug\\Exceptions.php')
 2 SYSTEMPATH\Autoloader\Autoloader.php(290): CodeIgniter\Autoloader\Autoloader->includeFile('C:\\xampp\\htdocs\\proyecto_espinola_emilia\\app\\Models\\producto_Model.php')
 3 SYSTEMPATH\Autoloader\Autoloader.php(266): CodeIgniter\Autoloader\Autoloader->loadInNamespace('App\\Models\\producto_Model')
 4 APPPATH\Controllers\carrito_controller.php(23): CodeIgniter\Autoloader\Autoloader->loadClass('App\\Models\\producto_Model')
 5 SYSTEMPATH\CodeIgniter.php(915): App\Controllers\carrito_controller->__construct()
 6 SYSTEMPATH\CodeIgniter.php(494): CodeIgniter\CodeIgniter->createController()
 7 SYSTEMPATH\CodeIgniter.php(361): CodeIgniter\CodeIgniter->handleRequest(null, Object(Config\Cache), false)
 8 FCPATH\index.php(79): CodeIgniter\CodeIgniter->run()
WARNING - 2026-03-03 23:05:40 --> [DEPRECATED] Optional parameter $categoria_id declared before required parameter $buscar is implicitly treated as a required parameter in APPPATH\Models\producto_Model.php on line 0.
 1 SYSTEMPATH\Autoloader\Autoloader.php(311): include_once('C:\\xampp\\htdocs\\proyecto_espinola_emilia\\system\\Debug\\Exceptions.php')
 2 SYSTEMPATH\Autoloader\Autoloader.php(290): CodeIgniter\Autoloader\Autoloader->includeFile('C:\\xampp\\htdocs\\proyecto_espinola_emilia\\app\\Models\\producto_Model.php')
 3 SYSTEMPATH\Autoloader\Autoloader.php(266): CodeIgniter\Autoloader\Autoloader->loadInNamespace('App\\Models\\producto_Model')
 4 APPPATH\Controllers\carrito_controller.php(23): CodeIgniter\Autoloader\Autoloader->loadClass('App\\Models\\producto_Model')
 5 SYSTEMPATH\CodeIgniter.php(915): App\Controllers\carrito_controller->__construct()
 6 SYSTEMPATH\CodeIgniter.php(494): CodeIgniter\CodeIgniter->createController()
 7 SYSTEMPATH\CodeIgniter.php(361): CodeIgniter\CodeIgniter->handleRequest(null, Object(Config\Cache), false)
 8 FCPATH\index.php(79): CodeIgniter\CodeIgniter->run()
INFO - 2026-03-03 23:05:40 --> Session: Class initialized using 'CodeIgniter\Session\Handlers\FileHandler' driver.
WARNING - 2026-03-03 23:06:12 --> [DEPRECATED] Optional parameter $colores declared before required parameter $buscar is implicitly treated as a required parameter in APPPATH\Models\producto_Model.php on line 76.
 1 SYSTEMPATH\Autoloader\Autoloader.php(311): include_once('C:\\xampp\\htdocs\\proyecto_espinola_emilia\\system\\Debug\\Exceptions.php')
 2 SYSTEMPATH\Autoloader\Autoloader.php(290): CodeIgniter\Autoloader\Autoloader->includeFile('C:\\xampp\\htdocs\\proyecto_espinola_emilia\\app\\Models\\producto_Model.php')
 3 SYSTEMPATH\Autoloader\Autoloader.php(266): CodeIgniter\Autoloader\Autoloader->loadInNamespace('App\\Models\\producto_Model')
 4 APPPATH\Controllers\carrito_controller.php(23): CodeIgniter\Autoloader\Autoloader->loadClass('App\\Models\\producto_Model')
 5 SYSTEMPATH\CodeIgniter.php(915): App\Controllers\carrito_controller->__construct()
 6 SYSTEMPATH\CodeIgniter.php(494): CodeIgniter\CodeIgniter->createController()
 7 SYSTEMPATH\CodeIgniter.php(361): CodeIgniter\CodeIgniter->handleRequest(null, Object(Config\Cache), false)
 8 FCPATH\index.php(79): CodeIgniter\CodeIgniter->run()
WARNING - 2026-03-03 23:06:12 --> [DEPRECATED] Optional parameter $talles declared before required parameter $buscar is implicitly treated as a required parameter in APPPATH\Models\producto_Model.php on line 0.
 1 SYSTEMPATH\Autoloader\Autoloader.php(311): include_once('C:\\xampp\\htdocs\\proyecto_espinola_emilia\\system\\Debug\\Exceptions.php')
 2 SYSTEMPATH\Autoloader\Autoloader.php(290): CodeIgniter\Autoloader\Autoloader->includeFile('C:\\xampp\\htdocs\\proyecto_espinola_emilia\\app\\Models\\producto_Model.php')
 3 SYSTEMPATH\Autoloader\Autoloader.php(266): CodeIgniter\Autoloader\Autoloader->loadInNamespace('App\\Models\\producto_Model')
 4 APPPATH\Controllers\carrito_controller.php(23): CodeIgniter\Autoloader\Autoloader->loadClass('App\\Models\\producto_Model')
 5 SYSTEMPATH\CodeIgniter.php(915): App\Controllers\carrito_controller->__construct()
 6 SYSTEMPATH\CodeIgniter.php(494): CodeIgniter\CodeIgniter->createController()
 7 SYSTEMPATH\CodeIgniter.php(361): CodeIgniter\CodeIgniter->handleRequest(null, Object(Config\Cache), false)
 8 FCPATH\index.php(79): CodeIgniter\CodeIgniter->run()
WARNING - 2026-03-03 23:06:12 --> [DEPRECATED] Optional parameter $categoria_id declared before required parameter $buscar is implicitly treated as a required parameter in APPPATH\Models\producto_Model.php on line 0.
 1 SYSTEMPATH\Autoloader\Autoloader.php(311): include_once('C:\\xampp\\htdocs\\proyecto_espinola_emilia\\system\\Debug\\Exceptions.php')
 2 SYSTEMPATH\Autoloader\Autoloader.php(290): CodeIgniter\Autoloader\Autoloader->includeFile('C:\\xampp\\htdocs\\proyecto_espinola_emilia\\app\\Models\\producto_Model.php')
 3 SYSTEMPATH\Autoloader\Autoloader.php(266): CodeIgniter\Autoloader\Autoloader->loadInNamespace('App\\Models\\producto_Model')
 4 APPPATH\Controllers\carrito_controller.php(23): CodeIgniter\Autoloader\Autoloader->loadClass('App\\Models\\producto_Model')
 5 SYSTEMPATH\CodeIgniter.php(915): App\Controllers\carrito_controller->__construct()
 6 SYSTEMPATH\CodeIgniter.php(494): CodeIgniter\CodeIgniter->createController()
 7 SYSTEMPATH\CodeIgniter.php(361): CodeIgniter\CodeIgniter->handleRequest(null, Object(Config\Cache), false)
 8 FCPATH\index.php(79): CodeIgniter\CodeIgniter->run()
INFO - 2026-03-03 23:06:12 --> Session: Class initialized using 'CodeIgniter\Session\Handlers\FileHandler' driver.
WARNING - 2026-03-03 23:06:18 --> [DEPRECATED] Optional parameter $colores declared before required parameter $buscar is implicitly treated as a required parameter in APPPATH\Models\producto_Model.php on line 76.
 1 SYSTEMPATH\Autoloader\Autoloader.php(311): include_once('C:\\xampp\\htdocs\\proyecto_espinola_emilia\\system\\Debug\\Exceptions.php')
 2 SYSTEMPATH\Autoloader\Autoloader.php(290): CodeIgniter\Autoloader\Autoloader->includeFile('C:\\xampp\\htdocs\\proyecto_espinola_emilia\\app\\Models\\producto_Model.php')
 3 SYSTEMPATH\Autoloader\Autoloader.php(266): CodeIgniter\Autoloader\Autoloader->loadInNamespace('App\\Models\\producto_Model')
 4 APPPATH\Controllers\carrito_controller.php(23): CodeIgniter\Autoloader\Autoloader->loadClass('App\\Models\\producto_Model')
 5 SYSTEMPATH\CodeIgniter.php(915): App\Controllers\carrito_controller->__construct()
 6 SYSTEMPATH\CodeIgniter.php(494): CodeIgniter\CodeIgniter->createController()
 7 SYSTEMPATH\CodeIgniter.php(361): CodeIgniter\CodeIgniter->handleRequest(null, Object(Config\Cache), false)
 8 FCPATH\index.php(79): CodeIgniter\CodeIgniter->run()
WARNING - 2026-03-03 23:06:18 --> [DEPRECATED] Optional parameter $talles declared before required parameter $buscar is implicitly treated as a required parameter in APPPATH\Models\producto_Model.php on line 0.
 1 SYSTEMPATH\Autoloader\Autoloader.php(311): include_once('C:\\xampp\\htdocs\\proyecto_espinola_emilia\\system\\Debug\\Exceptions.php')
 2 SYSTEMPATH\Autoloader\Autoloader.php(290): CodeIgniter\Autoloader\Autoloader->includeFile('C:\\xampp\\htdocs\\proyecto_espinola_emilia\\app\\Models\\producto_Model.php')
 3 SYSTEMPATH\Autoloader\Autoloader.php(266): CodeIgniter\Autoloader\Autoloader->loadInNamespace('App\\Models\\producto_Model')
 4 APPPATH\Controllers\carrito_controller.php(23): CodeIgniter\Autoloader\Autoloader->loadClass('App\\Models\\producto_Model')
 5 SYSTEMPATH\CodeIgniter.php(915): App\Controllers\carrito_controller->__construct()
 6 SYSTEMPATH\CodeIgniter.php(494): CodeIgniter\CodeIgniter->createController()
 7 SYSTEMPATH\CodeIgniter.php(361): CodeIgniter\CodeIgniter->handleRequest(null, Object(Config\Cache), false)
 8 FCPATH\index.php(79): CodeIgniter\CodeIgniter->run()
WARNING - 2026-03-03 23:06:18 --> [DEPRECATED] Optional parameter $categoria_id declared before required parameter $buscar is implicitly treated as a required parameter in APPPATH\Models\producto_Model.php on line 0.
 1 SYSTEMPATH\Autoloader\Autoloader.php(311): include_once('C:\\xampp\\htdocs\\proyecto_espinola_emilia\\system\\Debug\\Exceptions.php')
 2 SYSTEMPATH\Autoloader\Autoloader.php(290): CodeIgniter\Autoloader\Autoloader->includeFile('C:\\xampp\\htdocs\\proyecto_espinola_emilia\\app\\Models\\producto_Model.php')
 3 SYSTEMPATH\Autoloader\Autoloader.php(266): CodeIgniter\Autoloader\Autoloader->loadInNamespace('App\\Models\\producto_Model')
 4 APPPATH\Controllers\carrito_controller.php(23): CodeIgniter\Autoloader\Autoloader->loadClass('App\\Models\\producto_Model')
 5 SYSTEMPATH\CodeIgniter.php(915): App\Controllers\carrito_controller->__construct()
 6 SYSTEMPATH\CodeIgniter.php(494): CodeIgniter\CodeIgniter->createController()
 7 SYSTEMPATH\CodeIgniter.php(361): CodeIgniter\CodeIgniter->handleRequest(null, Object(Config\Cache), false)
 8 FCPATH\index.php(79): CodeIgniter\CodeIgniter->run()
INFO - 2026-03-03 23:06:18 --> Session: Class initialized using 'CodeIgniter\Session\Handlers\FileHandler' driver.
WARNING - 2026-03-03 23:06:18 --> [DEPRECATED] Optional parameter $colores declared before required parameter $buscar is implicitly treated as a required parameter in APPPATH\Models\producto_Model.php on line 76.
 1 SYSTEMPATH\Autoloader\Autoloader.php(311): include_once('C:\\xampp\\htdocs\\proyecto_espinola_emilia\\system\\Debug\\Exceptions.php')
 2 SYSTEMPATH\Autoloader\Autoloader.php(290): CodeIgniter\Autoloader\Autoloader->includeFile('C:\\xampp\\htdocs\\proyecto_espinola_emilia\\app\\Models\\producto_Model.php')
 3 SYSTEMPATH\Autoloader\Autoloader.php(266): CodeIgniter\Autoloader\Autoloader->loadInNamespace('App\\Models\\producto_Model')
 4 APPPATH\Controllers\carrito_controller.php(23): CodeIgniter\Autoloader\Autoloader->loadClass('App\\Models\\producto_Model')
 5 SYSTEMPATH\CodeIgniter.php(915): App\Controllers\carrito_controller->__construct()
 6 SYSTEMPATH\CodeIgniter.php(494): CodeIgniter\CodeIgniter->createController()
 7 SYSTEMPATH\CodeIgniter.php(361): CodeIgniter\CodeIgniter->handleRequest(null, Object(Config\Cache), false)
 8 FCPATH\index.php(79): CodeIgniter\CodeIgniter->run()
WARNING - 2026-03-03 23:06:18 --> [DEPRECATED] Optional parameter $talles declared before required parameter $buscar is implicitly treated as a required parameter in APPPATH\Models\producto_Model.php on line 0.
 1 SYSTEMPATH\Autoloader\Autoloader.php(311): include_once('C:\\xampp\\htdocs\\proyecto_espinola_emilia\\system\\Debug\\Exceptions.php')
 2 SYSTEMPATH\Autoloader\Autoloader.php(290): CodeIgniter\Autoloader\Autoloader->includeFile('C:\\xampp\\htdocs\\proyecto_espinola_emilia\\app\\Models\\producto_Model.php')
 3 SYSTEMPATH\Autoloader\Autoloader.php(266): CodeIgniter\Autoloader\Autoloader->loadInNamespace('App\\Models\\producto_Model')
 4 APPPATH\Controllers\carrito_controller.php(23): CodeIgniter\Autoloader\Autoloader->loadClass('App\\Models\\producto_Model')
 5 SYSTEMPATH\CodeIgniter.php(915): App\Controllers\carrito_controller->__construct()
 6 SYSTEMPATH\CodeIgniter.php(494): CodeIgniter\CodeIgniter->createController()
 7 SYSTEMPATH\CodeIgniter.php(361): CodeIgniter\CodeIgniter->handleRequest(null, Object(Config\Cache), false)
 8 FCPATH\index.php(79): CodeIgniter\CodeIgniter->run()
WARNING - 2026-03-03 23:06:18 --> [DEPRECATED] Optional parameter $categoria_id declared before required parameter $buscar is implicitly treated as a required parameter in APPPATH\Models\producto_Model.php on line 0.
 1 SYSTEMPATH\Autoloader\Autoloader.php(311): include_once('C:\\xampp\\htdocs\\proyecto_espinola_emilia\\system\\Debug\\Exceptions.php')
 2 SYSTEMPATH\Autoloader\Autoloader.php(290): CodeIgniter\Autoloader\Autoloader->includeFile('C:\\xampp\\htdocs\\proyecto_espinola_emilia\\app\\Models\\producto_Model.php')
 3 SYSTEMPATH\Autoloader\Autoloader.php(266): CodeIgniter\Autoloader\Autoloader->loadInNamespace('App\\Models\\producto_Model')
 4 APPPATH\Controllers\carrito_controller.php(23): CodeIgniter\Autoloader\Autoloader->loadClass('App\\Models\\producto_Model')
 5 SYSTEMPATH\CodeIgniter.php(915): App\Controllers\carrito_controller->__construct()
 6 SYSTEMPATH\CodeIgniter.php(494): CodeIgniter\CodeIgniter->createController()
 7 SYSTEMPATH\CodeIgniter.php(361): CodeIgniter\CodeIgniter->handleRequest(null, Object(Config\Cache), false)
 8 FCPATH\index.php(79): CodeIgniter\CodeIgniter->run()
INFO - 2026-03-03 23:06:18 --> Session: Class initialized using 'CodeIgniter\Session\Handlers\FileHandler' driver.
WARNING - 2026-03-03 23:06:19 --> [DEPRECATED] Optional parameter $colores declared before required parameter $buscar is implicitly treated as a required parameter in APPPATH\Models\producto_Model.php on line 76.
 1 SYSTEMPATH\Autoloader\Autoloader.php(311): include_once('C:\\xampp\\htdocs\\proyecto_espinola_emilia\\system\\Debug\\Exceptions.php')
 2 SYSTEMPATH\Autoloader\Autoloader.php(290): CodeIgniter\Autoloader\Autoloader->includeFile('C:\\xampp\\htdocs\\proyecto_espinola_emilia\\app\\Models\\producto_Model.php')
 3 SYSTEMPATH\Autoloader\Autoloader.php(266): CodeIgniter\Autoloader\Autoloader->loadInNamespace('App\\Models\\producto_Model')
 4 APPPATH\Controllers\carrito_controller.php(23): CodeIgniter\Autoloader\Autoloader->loadClass('App\\Models\\producto_Model')
 5 SYSTEMPATH\CodeIgniter.php(915): App\Controllers\carrito_controller->__construct()
 6 SYSTEMPATH\CodeIgniter.php(494): CodeIgniter\CodeIgniter->createController()
 7 SYSTEMPATH\CodeIgniter.php(361): CodeIgniter\CodeIgniter->handleRequest(null, Object(Config\Cache), false)
 8 FCPATH\index.php(79): CodeIgniter\CodeIgniter->run()
WARNING - 2026-03-03 23:06:19 --> [DEPRECATED] Optional parameter $talles declared before required parameter $buscar is implicitly treated as a required parameter in APPPATH\Models\producto_Model.php on line 0.
 1 SYSTEMPATH\Autoloader\Autoloader.php(311): include_once('C:\\xampp\\htdocs\\proyecto_espinola_emilia\\system\\Debug\\Exceptions.php')
 2 SYSTEMPATH\Autoloader\Autoloader.php(290): CodeIgniter\Autoloader\Autoloader->includeFile('C:\\xampp\\htdocs\\proyecto_espinola_emilia\\app\\Models\\producto_Model.php')
 3 SYSTEMPATH\Autoloader\Autoloader.php(266): CodeIgniter\Autoloader\Autoloader->loadInNamespace('App\\Models\\producto_Model')
 4 APPPATH\Controllers\carrito_controller.php(23): CodeIgniter\Autoloader\Autoloader->loadClass('App\\Models\\producto_Model')
 5 SYSTEMPATH\CodeIgniter.php(915): App\Controllers\carrito_controller->__construct()
 6 SYSTEMPATH\CodeIgniter.php(494): CodeIgniter\CodeIgniter->createController()
 7 SYSTEMPATH\CodeIgniter.php(361): CodeIgniter\CodeIgniter->handleRequest(null, Object(Config\Cache), false)
 8 FCPATH\index.php(79): CodeIgniter\CodeIgniter->run()
WARNING - 2026-03-03 23:06:19 --> [DEPRECATED] Optional parameter $categoria_id declared before required parameter $buscar is implicitly treated as a required parameter in APPPATH\Models\producto_Model.php on line 0.
 1 SYSTEMPATH\Autoloader\Autoloader.php(311): include_once('C:\\xampp\\htdocs\\proyecto_espinola_emilia\\system\\Debug\\Exceptions.php')
 2 SYSTEMPATH\Autoloader\Autoloader.php(290): CodeIgniter\Autoloader\Autoloader->includeFile('C:\\xampp\\htdocs\\proyecto_espinola_emilia\\app\\Models\\producto_Model.php')
 3 SYSTEMPATH\Autoloader\Autoloader.php(266): CodeIgniter\Autoloader\Autoloader->loadInNamespace('App\\Models\\producto_Model')
 4 APPPATH\Controllers\carrito_controller.php(23): CodeIgniter\Autoloader\Autoloader->loadClass('App\\Models\\producto_Model')
 5 SYSTEMPATH\CodeIgniter.php(915): App\Controllers\carrito_controller->__construct()
 6 SYSTEMPATH\CodeIgniter.php(494): CodeIgniter\CodeIgniter->createController()
 7 SYSTEMPATH\CodeIgniter.php(361): CodeIgniter\CodeIgniter->handleRequest(null, Object(Config\Cache), false)
 8 FCPATH\index.php(79): CodeIgniter\CodeIgniter->run()
INFO - 2026-03-03 23:06:19 --> Session: Class initialized using 'CodeIgniter\Session\Handlers\FileHandler' driver.
WARNING - 2026-03-03 23:06:19 --> [DEPRECATED] Optional parameter $colores declared before required parameter $buscar is implicitly treated as a required parameter in APPPATH\Models\producto_Model.php on line 76.
 1 SYSTEMPATH\Autoloader\Autoloader.php(311): include_once('C:\\xampp\\htdocs\\proyecto_espinola_emilia\\system\\Debug\\Exceptions.php')
 2 SYSTEMPATH\Autoloader\Autoloader.php(290): CodeIgniter\Autoloader\Autoloader->includeFile('C:\\xampp\\htdocs\\proyecto_espinola_emilia\\app\\Models\\producto_Model.php')
 3 SYSTEMPATH\Autoloader\Autoloader.php(266): CodeIgniter\Autoloader\Autoloader->loadInNamespace('App\\Models\\producto_Model')
 4 APPPATH\Controllers\carrito_controller.php(23): CodeIgniter\Autoloader\Autoloader->loadClass('App\\Models\\producto_Model')
 5 SYSTEMPATH\CodeIgniter.php(915): App\Controllers\carrito_controller->__construct()
 6 SYSTEMPATH\CodeIgniter.php(494): CodeIgniter\CodeIgniter->createController()
 7 SYSTEMPATH\CodeIgniter.php(361): CodeIgniter\CodeIgniter->handleRequest(null, Object(Config\Cache), false)
 8 FCPATH\index.php(79): CodeIgniter\CodeIgniter->run()
WARNING - 2026-03-03 23:06:19 --> [DEPRECATED] Optional parameter $talles declared before required parameter $buscar is implicitly treated as a required parameter in APPPATH\Models\producto_Model.php on line 0.
 1 SYSTEMPATH\Autoloader\Autoloader.php(311): include_once('C:\\xampp\\htdocs\\proyecto_espinola_emilia\\system\\Debug\\Exceptions.php')
 2 SYSTEMPATH\Autoloader\Autoloader.php(290): CodeIgniter\Autoloader\Autoloader->includeFile('C:\\xampp\\htdocs\\proyecto_espinola_emilia\\app\\Models\\producto_Model.php')
 3 SYSTEMPATH\Autoloader\Autoloader.php(266): CodeIgniter\Autoloader\Autoloader->loadInNamespace('App\\Models\\producto_Model')
 4 APPPATH\Controllers\carrito_controller.php(23): CodeIgniter\Autoloader\Autoloader->loadClass('App\\Models\\producto_Model')
 5 SYSTEMPATH\CodeIgniter.php(915): App\Controllers\carrito_controller->__construct()
 6 SYSTEMPATH\CodeIgniter.php(494): CodeIgniter\CodeIgniter->createController()
 7 SYSTEMPATH\CodeIgniter.php(361): CodeIgniter\CodeIgniter->handleRequest(null, Object(Config\Cache), false)
 8 FCPATH\index.php(79): CodeIgniter\CodeIgniter->run()
WARNING - 2026-03-03 23:06:19 --> [DEPRECATED] Optional parameter $categoria_id declared before required parameter $buscar is implicitly treated as a required parameter in APPPATH\Models\producto_Model.php on line 0.
 1 SYSTEMPATH\Autoloader\Autoloader.php(311): include_once('C:\\xampp\\htdocs\\proyecto_espinola_emilia\\system\\Debug\\Exceptions.php')
 2 SYSTEMPATH\Autoloader\Autoloader.php(290): CodeIgniter\Autoloader\Autoloader->includeFile('C:\\xampp\\htdocs\\proyecto_espinola_emilia\\app\\Models\\producto_Model.php')
 3 SYSTEMPATH\Autoloader\Autoloader.php(266): CodeIgniter\Autoloader\Autoloader->loadInNamespace('App\\Models\\producto_Model')
 4 APPPATH\Controllers\carrito_controller.php(23): CodeIgniter\Autoloader\Autoloader->loadClass('App\\Models\\producto_Model')
 5 SYSTEMPATH\CodeIgniter.php(915): App\Controllers\carrito_controller->__construct()
 6 SYSTEMPATH\CodeIgniter.php(494): CodeIgniter\CodeIgniter->createController()
 7 SYSTEMPATH\CodeIgniter.php(361): CodeIgniter\CodeIgniter->handleRequest(null, Object(Config\Cache), false)
 8 FCPATH\index.php(79): CodeIgniter\CodeIgniter->run()
INFO - 2026-03-03 23:06:19 --> Session: Class initialized using 'CodeIgniter\Session\Handlers\FileHandler' driver.
WARNING - 2026-03-03 23:06:19 --> [DEPRECATED] Optional parameter $colores declared before required parameter $buscar is implicitly treated as a required parameter in APPPATH\Models\producto_Model.php on line 76.
 1 SYSTEMPATH\Autoloader\Autoloader.php(311): include_once('C:\\xampp\\htdocs\\proyecto_espinola_emilia\\system\\Debug\\Exceptions.php')
 2 SYSTEMPATH\Autoloader\Autoloader.php(290): CodeIgniter\Autoloader\Autoloader->includeFile('C:\\xampp\\htdocs\\proyecto_espinola_emilia\\app\\Models\\producto_Model.php')
 3 SYSTEMPATH\Autoloader\Autoloader.php(266): CodeIgniter\Autoloader\Autoloader->loadInNamespace('App\\Models\\producto_Model')
 4 APPPATH\Controllers\carrito_controller.php(23): CodeIgniter\Autoloader\Autoloader->loadClass('App\\Models\\producto_Model')
 5 SYSTEMPATH\CodeIgniter.php(915): App\Controllers\carrito_controller->__construct()
 6 SYSTEMPATH\CodeIgniter.php(494): CodeIgniter\CodeIgniter->createController()
 7 SYSTEMPATH\CodeIgniter.php(361): CodeIgniter\CodeIgniter->handleRequest(null, Object(Config\Cache), false)
 8 FCPATH\index.php(79): CodeIgniter\CodeIgniter->run()
WARNING - 2026-03-03 23:06:19 --> [DEPRECATED] Optional parameter $talles declared before required parameter $buscar is implicitly treated as a required parameter in APPPATH\Models\producto_Model.php on line 0.
 1 SYSTEMPATH\Autoloader\Autoloader.php(311): include_once('C:\\xampp\\htdocs\\proyecto_espinola_emilia\\system\\Debug\\Exceptions.php')
 2 SYSTEMPATH\Autoloader\Autoloader.php(290): CodeIgniter\Autoloader\Autoloader->includeFile('C:\\xampp\\htdocs\\proyecto_espinola_emilia\\app\\Models\\producto_Model.php')
 3 SYSTEMPATH\Autoloader\Autoloader.php(266): CodeIgniter\Autoloader\Autoloader->loadInNamespace('App\\Models\\producto_Model')
 4 APPPATH\Controllers\carrito_controller.php(23): CodeIgniter\Autoloader\Autoloader->loadClass('App\\Models\\producto_Model')
 5 SYSTEMPATH\CodeIgniter.php(915): App\Controllers\carrito_controller->__construct()
 6 SYSTEMPATH\CodeIgniter.php(494): CodeIgniter\CodeIgniter->createController()
 7 SYSTEMPATH\CodeIgniter.php(361): CodeIgniter\CodeIgniter->handleRequest(null, Object(Config\Cache), false)
 8 FCPATH\index.php(79): CodeIgniter\CodeIgniter->run()
WARNING - 2026-03-03 23:06:19 --> [DEPRECATED] Optional parameter $categoria_id declared before required parameter $buscar is implicitly treated as a required parameter in APPPATH\Models\producto_Model.php on line 0.
 1 SYSTEMPATH\Autoloader\Autoloader.php(311): include_once('C:\\xampp\\htdocs\\proyecto_espinola_emilia\\system\\Debug\\Exceptions.php')
 2 SYSTEMPATH\Autoloader\Autoloader.php(290): CodeIgniter\Autoloader\Autoloader->includeFile('C:\\xampp\\htdocs\\proyecto_espinola_emilia\\app\\Models\\producto_Model.php')
 3 SYSTEMPATH\Autoloader\Autoloader.php(266): CodeIgniter\Autoloader\Autoloader->loadInNamespace('App\\Models\\producto_Model')
 4 APPPATH\Controllers\carrito_controller.php(23): CodeIgniter\Autoloader\Autoloader->loadClass('App\\Models\\producto_Model')
 5 SYSTEMPATH\CodeIgniter.php(915): App\Controllers\carrito_controller->__construct()
 6 SYSTEMPATH\CodeIgniter.php(494): CodeIgniter\CodeIgniter->createController()
 7 SYSTEMPATH\CodeIgniter.php(361): CodeIgniter\CodeIgniter->handleRequest(null, Object(Config\Cache), false)
 8 FCPATH\index.php(79): CodeIgniter\CodeIgniter->run()
INFO - 2026-03-03 23:06:19 --> Session: Class initialized using 'CodeIgniter\Session\Handlers\FileHandler' driver.
WARNING - 2026-03-03 23:06:19 --> [DEPRECATED] Optional parameter $colores declared before required parameter $buscar is implicitly treated as a required parameter in APPPATH\Models\producto_Model.php on line 76.
 1 SYSTEMPATH\Autoloader\Autoloader.php(311): include_once('C:\\xampp\\htdocs\\proyecto_espinola_emilia\\system\\Debug\\Exceptions.php')
 2 SYSTEMPATH\Autoloader\Autoloader.php(290): CodeIgniter\Autoloader\Autoloader->includeFile('C:\\xampp\\htdocs\\proyecto_espinola_emilia\\app\\Models\\producto_Model.php')
 3 SYSTEMPATH\Autoloader\Autoloader.php(266): CodeIgniter\Autoloader\Autoloader->loadInNamespace('App\\Models\\producto_Model')
 4 APPPATH\Controllers\carrito_controller.php(23): CodeIgniter\Autoloader\Autoloader->loadClass('App\\Models\\producto_Model')
 5 SYSTEMPATH\CodeIgniter.php(915): App\Controllers\carrito_controller->__construct()
 6 SYSTEMPATH\CodeIgniter.php(494): CodeIgniter\CodeIgniter->createController()
 7 SYSTEMPATH\CodeIgniter.php(361): CodeIgniter\CodeIgniter->handleRequest(null, Object(Config\Cache), false)
 8 FCPATH\index.php(79): CodeIgniter\CodeIgniter->run()
WARNING - 2026-03-03 23:06:19 --> [DEPRECATED] Optional parameter $talles declared before required parameter $buscar is implicitly treated as a required parameter in APPPATH\Models\producto_Model.php on line 0.
 1 SYSTEMPATH\Autoloader\Autoloader.php(311): include_once('C:\\xampp\\htdocs\\proyecto_espinola_emilia\\system\\Debug\\Exceptions.php')
 2 SYSTEMPATH\Autoloader\Autoloader.php(290): CodeIgniter\Autoloader\Autoloader->includeFile('C:\\xampp\\htdocs\\proyecto_espinola_emilia\\app\\Models\\producto_Model.php')
 3 SYSTEMPATH\Autoloader\Autoloader.php(266): CodeIgniter\Autoloader\Autoloader->loadInNamespace('App\\Models\\producto_Model')
 4 APPPATH\Controllers\carrito_controller.php(23): CodeIgniter\Autoloader\Autoloader->loadClass('App\\Models\\producto_Model')
 5 SYSTEMPATH\CodeIgniter.php(915): App\Controllers\carrito_controller->__construct()
 6 SYSTEMPATH\CodeIgniter.php(494): CodeIgniter\CodeIgniter->createController()
 7 SYSTEMPATH\CodeIgniter.php(361): CodeIgniter\CodeIgniter->handleRequest(null, Object(Config\Cache), false)
 8 FCPATH\index.php(79): CodeIgniter\CodeIgniter->run()
WARNING - 2026-03-03 23:06:19 --> [DEPRECATED] Optional parameter $categoria_id declared before required parameter $buscar is implicitly treated as a required parameter in APPPATH\Models\producto_Model.php on line 0.
 1 SYSTEMPATH\Autoloader\Autoloader.php(311): include_once('C:\\xampp\\htdocs\\proyecto_espinola_emilia\\system\\Debug\\Exceptions.php')
 2 SYSTEMPATH\Autoloader\Autoloader.php(290): CodeIgniter\Autoloader\Autoloader->includeFile('C:\\xampp\\htdocs\\proyecto_espinola_emilia\\app\\Models\\producto_Model.php')
 3 SYSTEMPATH\Autoloader\Autoloader.php(266): CodeIgniter\Autoloader\Autoloader->loadInNamespace('App\\Models\\producto_Model')
 4 APPPATH\Controllers\carrito_controller.php(23): CodeIgniter\Autoloader\Autoloader->loadClass('App\\Models\\producto_Model')
 5 SYSTEMPATH\CodeIgniter.php(915): App\Controllers\carrito_controller->__construct()
 6 SYSTEMPATH\CodeIgniter.php(494): CodeIgniter\CodeIgniter->createController()
 7 SYSTEMPATH\CodeIgniter.php(361): CodeIgniter\CodeIgniter->handleRequest(null, Object(Config\Cache), false)
 8 FCPATH\index.php(79): CodeIgniter\CodeIgniter->run()
INFO - 2026-03-03 23:06:19 --> Session: Class initialized using 'CodeIgniter\Session\Handlers\FileHandler' driver.
WARNING - 2026-03-03 23:06:23 --> [DEPRECATED] Optional parameter $colores declared before required parameter $buscar is implicitly treated as a required parameter in APPPATH\Models\producto_Model.php on line 76.
 1 SYSTEMPATH\Autoloader\Autoloader.php(311): include_once('C:\\xampp\\htdocs\\proyecto_espinola_emilia\\system\\Debug\\Exceptions.php')
 2 SYSTEMPATH\Autoloader\Autoloader.php(290): CodeIgniter\Autoloader\Autoloader->includeFile('C:\\xampp\\htdocs\\proyecto_espinola_emilia\\app\\Models\\producto_Model.php')
 3 SYSTEMPATH\Autoloader\Autoloader.php(266): CodeIgniter\Autoloader\Autoloader->loadInNamespace('App\\Models\\producto_Model')
 4 APPPATH\Controllers\carrito_controller.php(23): CodeIgniter\Autoloader\Autoloader->loadClass('App\\Models\\producto_Model')
 5 SYSTEMPATH\CodeIgniter.php(915): App\Controllers\carrito_controller->__construct()
 6 SYSTEMPATH\CodeIgniter.php(494): CodeIgniter\CodeIgniter->createController()
 7 SYSTEMPATH\CodeIgniter.php(361): CodeIgniter\CodeIgniter->handleRequest(null, Object(Config\Cache), false)
 8 FCPATH\index.php(79): CodeIgniter\CodeIgniter->run()
WARNING - 2026-03-03 23:06:23 --> [DEPRECATED] Optional parameter $talles declared before required parameter $buscar is implicitly treated as a required parameter in APPPATH\Models\producto_Model.php on line 0.
 1 SYSTEMPATH\Autoloader\Autoloader.php(311): include_once('C:\\xampp\\htdocs\\proyecto_espinola_emilia\\system\\Debug\\Exceptions.php')
 2 SYSTEMPATH\Autoloader\Autoloader.php(290): CodeIgniter\Autoloader\Autoloader->includeFile('C:\\xampp\\htdocs\\proyecto_espinola_emilia\\app\\Models\\producto_Model.php')
 3 SYSTEMPATH\Autoloader\Autoloader.php(266): CodeIgniter\Autoloader\Autoloader->loadInNamespace('App\\Models\\producto_Model')
 4 APPPATH\Controllers\carrito_controller.php(23): CodeIgniter\Autoloader\Autoloader->loadClass('App\\Models\\producto_Model')
 5 SYSTEMPATH\CodeIgniter.php(915): App\Controllers\carrito_controller->__construct()
 6 SYSTEMPATH\CodeIgniter.php(494): CodeIgniter\CodeIgniter->createController()
 7 SYSTEMPATH\CodeIgniter.php(361): CodeIgniter\CodeIgniter->handleRequest(null, Object(Config\Cache), false)
 8 FCPATH\index.php(79): CodeIgniter\CodeIgniter->run()
WARNING - 2026-03-03 23:06:23 --> [DEPRECATED] Optional parameter $categoria_id declared before required parameter $buscar is implicitly treated as a required parameter in APPPATH\Models\producto_Model.php on line 0.
 1 SYSTEMPATH\Autoloader\Autoloader.php(311): include_once('C:\\xampp\\htdocs\\proyecto_espinola_emilia\\system\\Debug\\Exceptions.php')
 2 SYSTEMPATH\Autoloader\Autoloader.php(290): CodeIgniter\Autoloader\Autoloader->includeFile('C:\\xampp\\htdocs\\proyecto_espinola_emilia\\app\\Models\\producto_Model.php')
 3 SYSTEMPATH\Autoloader\Autoloader.php(266): CodeIgniter\Autoloader\Autoloader->loadInNamespace('App\\Models\\producto_Model')
 4 APPPATH\Controllers\carrito_controller.php(23): CodeIgniter\Autoloader\Autoloader->loadClass('App\\Models\\producto_Model')
 5 SYSTEMPATH\CodeIgniter.php(915): App\Controllers\carrito_controller->__construct()
 6 SYSTEMPATH\CodeIgniter.php(494): CodeIgniter\CodeIgniter->createController()
 7 SYSTEMPATH\CodeIgniter.php(361): CodeIgniter\CodeIgniter->handleRequest(null, Object(Config\Cache), false)
 8 FCPATH\index.php(79): CodeIgniter\CodeIgniter->run()
INFO - 2026-03-03 23:06:23 --> Session: Class initialized using 'CodeIgniter\Session\Handlers\FileHandler' driver.
WARNING - 2026-03-03 23:06:23 --> [DEPRECATED] Optional parameter $colores declared before required parameter $buscar is implicitly treated as a required parameter in APPPATH\Models\producto_Model.php on line 76.
 1 SYSTEMPATH\Autoloader\Autoloader.php(311): include_once('C:\\xampp\\htdocs\\proyecto_espinola_emilia\\system\\Debug\\Exceptions.php')
 2 SYSTEMPATH\Autoloader\Autoloader.php(290): CodeIgniter\Autoloader\Autoloader->includeFile('C:\\xampp\\htdocs\\proyecto_espinola_emilia\\app\\Models\\producto_Model.php')
 3 SYSTEMPATH\Autoloader\Autoloader.php(266): CodeIgniter\Autoloader\Autoloader->loadInNamespace('App\\Models\\producto_Model')
 4 APPPATH\Controllers\carrito_controller.php(23): CodeIgniter\Autoloader\Autoloader->loadClass('App\\Models\\producto_Model')
 5 SYSTEMPATH\CodeIgniter.php(915): App\Controllers\carrito_controller->__construct()
 6 SYSTEMPATH\CodeIgniter.php(494): CodeIgniter\CodeIgniter->createController()
 7 SYSTEMPATH\CodeIgniter.php(361): CodeIgniter\CodeIgniter->handleRequest(null, Object(Config\Cache), false)
 8 FCPATH\index.php(79): CodeIgniter\CodeIgniter->run()
WARNING - 2026-03-03 23:06:23 --> [DEPRECATED] Optional parameter $talles declared before required parameter $buscar is implicitly treated as a required parameter in APPPATH\Models\producto_Model.php on line 0.
 1 SYSTEMPATH\Autoloader\Autoloader.php(311): include_once('C:\\xampp\\htdocs\\proyecto_espinola_emilia\\system\\Debug\\Exceptions.php')
 2 SYSTEMPATH\Autoloader\Autoloader.php(290): CodeIgniter\Autoloader\Autoloader->includeFile('C:\\xampp\\htdocs\\proyecto_espinola_emilia\\app\\Models\\producto_Model.php')
 3 SYSTEMPATH\Autoloader\Autoloader.php(266): CodeIgniter\Autoloader\Autoloader->loadInNamespace('App\\Models\\producto_Model')
 4 APPPATH\Controllers\carrito_controller.php(23): CodeIgniter\Autoloader\Autoloader->loadClass('App\\Models\\producto_Model')
 5 SYSTEMPATH\CodeIgniter.php(915): App\Controllers\carrito_controller->__construct()
 6 SYSTEMPATH\CodeIgniter.php(494): CodeIgniter\CodeIgniter->createController()
 7 SYSTEMPATH\CodeIgniter.php(361): CodeIgniter\CodeIgniter->handleRequest(null, Object(Config\Cache), false)
 8 FCPATH\index.php(79): CodeIgniter\CodeIgniter->run()
WARNING - 2026-03-03 23:06:23 --> [DEPRECATED] Optional parameter $categoria_id declared before required parameter $buscar is implicitly treated as a required parameter in APPPATH\Models\producto_Model.php on line 0.
 1 SYSTEMPATH\Autoloader\Autoloader.php(311): include_once('C:\\xampp\\htdocs\\proyecto_espinola_emilia\\system\\Debug\\Exceptions.php')
 2 SYSTEMPATH\Autoloader\Autoloader.php(290): CodeIgniter\Autoloader\Autoloader->includeFile('C:\\xampp\\htdocs\\proyecto_espinola_emilia\\app\\Models\\producto_Model.php')
 3 SYSTEMPATH\Autoloader\Autoloader.php(266): CodeIgniter\Autoloader\Autoloader->loadInNamespace('App\\Models\\producto_Model')
 4 APPPATH\Controllers\carrito_controller.php(23): CodeIgniter\Autoloader\Autoloader->loadClass('App\\Models\\producto_Model')
 5 SYSTEMPATH\CodeIgniter.php(915): App\Controllers\carrito_controller->__construct()
 6 SYSTEMPATH\CodeIgniter.php(494): CodeIgniter\CodeIgniter->createController()
 7 SYSTEMPATH\CodeIgniter.php(361): CodeIgniter\CodeIgniter->handleRequest(null, Object(Config\Cache), false)
 8 FCPATH\index.php(79): CodeIgniter\CodeIgniter->run()
INFO - 2026-03-03 23:06:23 --> Session: Class initialized using 'CodeIgniter\Session\Handlers\FileHandler' driver.
WARNING - 2026-03-03 23:06:24 --> [DEPRECATED] Optional parameter $colores declared before required parameter $buscar is implicitly treated as a required parameter in APPPATH\Models\producto_Model.php on line 76.
 1 SYSTEMPATH\Autoloader\Autoloader.php(311): include_once('C:\\xampp\\htdocs\\proyecto_espinola_emilia\\system\\Debug\\Exceptions.php')
 2 SYSTEMPATH\Autoloader\Autoloader.php(290): CodeIgniter\Autoloader\Autoloader->includeFile('C:\\xampp\\htdocs\\proyecto_espinola_emilia\\app\\Models\\producto_Model.php')
 3 SYSTEMPATH\Autoloader\Autoloader.php(266): CodeIgniter\Autoloader\Autoloader->loadInNamespace('App\\Models\\producto_Model')
 4 APPPATH\Controllers\carrito_controller.php(23): CodeIgniter\Autoloader\Autoloader->loadClass('App\\Models\\producto_Model')
 5 SYSTEMPATH\CodeIgniter.php(915): App\Controllers\carrito_controller->__construct()
 6 SYSTEMPATH\CodeIgniter.php(494): CodeIgniter\CodeIgniter->createController()
 7 SYSTEMPATH\CodeIgniter.php(361): CodeIgniter\CodeIgniter->handleRequest(null, Object(Config\Cache), false)
 8 FCPATH\index.php(79): CodeIgniter\CodeIgniter->run()
WARNING - 2026-03-03 23:06:24 --> [DEPRECATED] Optional parameter $talles declared before required parameter $buscar is implicitly treated as a required parameter in APPPATH\Models\producto_Model.php on line 0.
 1 SYSTEMPATH\Autoloader\Autoloader.php(311): include_once('C:\\xampp\\htdocs\\proyecto_espinola_emilia\\system\\Debug\\Exceptions.php')
 2 SYSTEMPATH\Autoloader\Autoloader.php(290): CodeIgniter\Autoloader\Autoloader->includeFile('C:\\xampp\\htdocs\\proyecto_espinola_emilia\\app\\Models\\producto_Model.php')
 3 SYSTEMPATH\Autoloader\Autoloader.php(266): CodeIgniter\Autoloader\Autoloader->loadInNamespace('App\\Models\\producto_Model')
 4 APPPATH\Controllers\carrito_controller.php(23): CodeIgniter\Autoloader\Autoloader->loadClass('App\\Models\\producto_Model')
 5 SYSTEMPATH\CodeIgniter.php(915): App\Controllers\carrito_controller->__construct()
 6 SYSTEMPATH\CodeIgniter.php(494): CodeIgniter\CodeIgniter->createController()
 7 SYSTEMPATH\CodeIgniter.php(361): CodeIgniter\CodeIgniter->handleRequest(null, Object(Config\Cache), false)
 8 FCPATH\index.php(79): CodeIgniter\CodeIgniter->run()
WARNING - 2026-03-03 23:06:24 --> [DEPRECATED] Optional parameter $categoria_id declared before required parameter $buscar is implicitly treated as a required parameter in APPPATH\Models\producto_Model.php on line 0.
 1 SYSTEMPATH\Autoloader\Autoloader.php(311): include_once('C:\\xampp\\htdocs\\proyecto_espinola_emilia\\system\\Debug\\Exceptions.php')
 2 SYSTEMPATH\Autoloader\Autoloader.php(290): CodeIgniter\Autoloader\Autoloader->includeFile('C:\\xampp\\htdocs\\proyecto_espinola_emilia\\app\\Models\\producto_Model.php')
 3 SYSTEMPATH\Autoloader\Autoloader.php(266): CodeIgniter\Autoloader\Autoloader->loadInNamespace('App\\Models\\producto_Model')
 4 APPPATH\Controllers\carrito_controller.php(23): CodeIgniter\Autoloader\Autoloader->loadClass('App\\Models\\producto_Model')
 5 SYSTEMPATH\CodeIgniter.php(915): App\Controllers\carrito_controller->__construct()
 6 SYSTEMPATH\CodeIgniter.php(494): CodeIgniter\CodeIgniter->createController()
 7 SYSTEMPATH\CodeIgniter.php(361): CodeIgniter\CodeIgniter->handleRequest(null, Object(Config\Cache), false)
 8 FCPATH\index.php(79): CodeIgniter\CodeIgniter->run()
INFO - 2026-03-03 23:06:24 --> Session: Class initialized using 'CodeIgniter\Session\Handlers\FileHandler' driver.
WARNING - 2026-03-03 23:06:25 --> [DEPRECATED] Optional parameter $colores declared before required parameter $buscar is implicitly treated as a required parameter in APPPATH\Models\producto_Model.php on line 76.
 1 SYSTEMPATH\Autoloader\Autoloader.php(311): include_once('C:\\xampp\\htdocs\\proyecto_espinola_emilia\\system\\Debug\\Exceptions.php')
 2 SYSTEMPATH\Autoloader\Autoloader.php(290): CodeIgniter\Autoloader\Autoloader->includeFile('C:\\xampp\\htdocs\\proyecto_espinola_emilia\\app\\Models\\producto_Model.php')
 3 SYSTEMPATH\Autoloader\Autoloader.php(266): CodeIgniter\Autoloader\Autoloader->loadInNamespace('App\\Models\\producto_Model')
 4 APPPATH\Controllers\carrito_controller.php(23): CodeIgniter\Autoloader\Autoloader->loadClass('App\\Models\\producto_Model')
 5 SYSTEMPATH\CodeIgniter.php(915): App\Controllers\carrito_controller->__construct()
 6 SYSTEMPATH\CodeIgniter.php(494): CodeIgniter\CodeIgniter->createController()
 7 SYSTEMPATH\CodeIgniter.php(361): CodeIgniter\CodeIgniter->handleRequest(null, Object(Config\Cache), false)
 8 FCPATH\index.php(79): CodeIgniter\CodeIgniter->run()
WARNING - 2026-03-03 23:06:25 --> [DEPRECATED] Optional parameter $talles declared before required parameter $buscar is implicitly treated as a required parameter in APPPATH\Models\producto_Model.php on line 0.
 1 SYSTEMPATH\Autoloader\Autoloader.php(311): include_once('C:\\xampp\\htdocs\\proyecto_espinola_emilia\\system\\Debug\\Exceptions.php')
 2 SYSTEMPATH\Autoloader\Autoloader.php(290): CodeIgniter\Autoloader\Autoloader->includeFile('C:\\xampp\\htdocs\\proyecto_espinola_emilia\\app\\Models\\producto_Model.php')
 3 SYSTEMPATH\Autoloader\Autoloader.php(266): CodeIgniter\Autoloader\Autoloader->loadInNamespace('App\\Models\\producto_Model')
 4 APPPATH\Controllers\carrito_controller.php(23): CodeIgniter\Autoloader\Autoloader->loadClass('App\\Models\\producto_Model')
 5 SYSTEMPATH\CodeIgniter.php(915): App\Controllers\carrito_controller->__construct()
 6 SYSTEMPATH\CodeIgniter.php(494): CodeIgniter\CodeIgniter->createController()
 7 SYSTEMPATH\CodeIgniter.php(361): CodeIgniter\CodeIgniter->handleRequest(null, Object(Config\Cache), false)
 8 FCPATH\index.php(79): CodeIgniter\CodeIgniter->run()
WARNING - 2026-03-03 23:06:25 --> [DEPRECATED] Optional parameter $categoria_id declared before required parameter $buscar is implicitly treated as a required parameter in APPPATH\Models\producto_Model.php on line 0.
 1 SYSTEMPATH\Autoloader\Autoloader.php(311): include_once('C:\\xampp\\htdocs\\proyecto_espinola_emilia\\system\\Debug\\Exceptions.php')
 2 SYSTEMPATH\Autoloader\Autoloader.php(290): CodeIgniter\Autoloader\Autoloader->includeFile('C:\\xampp\\htdocs\\proyecto_espinola_emilia\\app\\Models\\producto_Model.php')
 3 SYSTEMPATH\Autoloader\Autoloader.php(266): CodeIgniter\Autoloader\Autoloader->loadInNamespace('App\\Models\\producto_Model')
 4 APPPATH\Controllers\carrito_controller.php(23): CodeIgniter\Autoloader\Autoloader->loadClass('App\\Models\\producto_Model')
 5 SYSTEMPATH\CodeIgniter.php(915): App\Controllers\carrito_controller->__construct()
 6 SYSTEMPATH\CodeIgniter.php(494): CodeIgniter\CodeIgniter->createController()
 7 SYSTEMPATH\CodeIgniter.php(361): CodeIgniter\CodeIgniter->handleRequest(null, Object(Config\Cache), false)
 8 FCPATH\index.php(79): CodeIgniter\CodeIgniter->run()
INFO - 2026-03-03 23:06:25 --> Session: Class initialized using 'CodeIgniter\Session\Handlers\FileHandler' driver.
WARNING - 2026-03-03 23:06:26 --> [DEPRECATED] Optional parameter $colores declared before required parameter $buscar is implicitly treated as a required parameter in APPPATH\Models\producto_Model.php on line 76.
 1 SYSTEMPATH\Autoloader\Autoloader.php(311): include_once('C:\\xampp\\htdocs\\proyecto_espinola_emilia\\system\\Debug\\Exceptions.php')
 2 SYSTEMPATH\Autoloader\Autoloader.php(290): CodeIgniter\Autoloader\Autoloader->includeFile('C:\\xampp\\htdocs\\proyecto_espinola_emilia\\app\\Models\\producto_Model.php')
 3 SYSTEMPATH\Autoloader\Autoloader.php(266): CodeIgniter\Autoloader\Autoloader->loadInNamespace('App\\Models\\producto_Model')
 4 APPPATH\Controllers\carrito_controller.php(23): CodeIgniter\Autoloader\Autoloader->loadClass('App\\Models\\producto_Model')
 5 SYSTEMPATH\CodeIgniter.php(915): App\Controllers\carrito_controller->__construct()
 6 SYSTEMPATH\CodeIgniter.php(494): CodeIgniter\CodeIgniter->createController()
 7 SYSTEMPATH\CodeIgniter.php(361): CodeIgniter\CodeIgniter->handleRequest(null, Object(Config\Cache), false)
 8 FCPATH\index.php(79): CodeIgniter\CodeIgniter->run()
WARNING - 2026-03-03 23:06:26 --> [DEPRECATED] Optional parameter $talles declared before required parameter $buscar is implicitly treated as a required parameter in APPPATH\Models\producto_Model.php on line 0.
 1 SYSTEMPATH\Autoloader\Autoloader.php(311): include_once('C:\\xampp\\htdocs\\proyecto_espinola_emilia\\system\\Debug\\Exceptions.php')
 2 SYSTEMPATH\Autoloader\Autoloader.php(290): CodeIgniter\Autoloader\Autoloader->includeFile('C:\\xampp\\htdocs\\proyecto_espinola_emilia\\app\\Models\\producto_Model.php')
 3 SYSTEMPATH\Autoloader\Autoloader.php(266): CodeIgniter\Autoloader\Autoloader->loadInNamespace('App\\Models\\producto_Model')
 4 APPPATH\Controllers\carrito_controller.php(23): CodeIgniter\Autoloader\Autoloader->loadClass('App\\Models\\producto_Model')
 5 SYSTEMPATH\CodeIgniter.php(915): App\Controllers\carrito_controller->__construct()
 6 SYSTEMPATH\CodeIgniter.php(494): CodeIgniter\CodeIgniter->createController()
 7 SYSTEMPATH\CodeIgniter.php(361): CodeIgniter\CodeIgniter->handleRequest(null, Object(Config\Cache), false)
 8 FCPATH\index.php(79): CodeIgniter\CodeIgniter->run()
WARNING - 2026-03-03 23:06:26 --> [DEPRECATED] Optional parameter $categoria_id declared before required parameter $buscar is implicitly treated as a required parameter in APPPATH\Models\producto_Model.php on line 0.
 1 SYSTEMPATH\Autoloader\Autoloader.php(311): include_once('C:\\xampp\\htdocs\\proyecto_espinola_emilia\\system\\Debug\\Exceptions.php')
 2 SYSTEMPATH\Autoloader\Autoloader.php(290): CodeIgniter\Autoloader\Autoloader->includeFile('C:\\xampp\\htdocs\\proyecto_espinola_emilia\\app\\Models\\producto_Model.php')
 3 SYSTEMPATH\Autoloader\Autoloader.php(266): CodeIgniter\Autoloader\Autoloader->loadInNamespace('App\\Models\\producto_Model')
 4 APPPATH\Controllers\carrito_controller.php(23): CodeIgniter\Autoloader\Autoloader->loadClass('App\\Models\\producto_Model')
 5 SYSTEMPATH\CodeIgniter.php(915): App\Controllers\carrito_controller->__construct()
 6 SYSTEMPATH\CodeIgniter.php(494): CodeIgniter\CodeIgniter->createController()
 7 SYSTEMPATH\CodeIgniter.php(361): CodeIgniter\CodeIgniter->handleRequest(null, Object(Config\Cache), false)
 8 FCPATH\index.php(79): CodeIgniter\CodeIgniter->run()
INFO - 2026-03-03 23:06:26 --> Session: Class initialized using 'CodeIgniter\Session\Handlers\FileHandler' driver.
WARNING - 2026-03-03 23:06:27 --> [DEPRECATED] Optional parameter $colores declared before required parameter $buscar is implicitly treated as a required parameter in APPPATH\Models\producto_Model.php on line 76.
 1 SYSTEMPATH\Autoloader\Autoloader.php(311): include_once('C:\\xampp\\htdocs\\proyecto_espinola_emilia\\system\\Debug\\Exceptions.php')
 2 SYSTEMPATH\Autoloader\Autoloader.php(290): CodeIgniter\Autoloader\Autoloader->includeFile('C:\\xampp\\htdocs\\proyecto_espinola_emilia\\app\\Models\\producto_Model.php')
 3 SYSTEMPATH\Autoloader\Autoloader.php(266): CodeIgniter\Autoloader\Autoloader->loadInNamespace('App\\Models\\producto_Model')
 4 APPPATH\Controllers\carrito_controller.php(23): CodeIgniter\Autoloader\Autoloader->loadClass('App\\Models\\producto_Model')
 5 SYSTEMPATH\CodeIgniter.php(915): App\Controllers\carrito_controller->__construct()
 6 SYSTEMPATH\CodeIgniter.php(494): CodeIgniter\CodeIgniter->createController()
 7 SYSTEMPATH\CodeIgniter.php(361): CodeIgniter\CodeIgniter->handleRequest(null, Object(Config\Cache), false)
 8 FCPATH\index.php(79): CodeIgniter\CodeIgniter->run()
WARNING - 2026-03-03 23:06:27 --> [DEPRECATED] Optional parameter $talles declared before required parameter $buscar is implicitly treated as a required parameter in APPPATH\Models\producto_Model.php on line 0.
 1 SYSTEMPATH\Autoloader\Autoloader.php(311): include_once('C:\\xampp\\htdocs\\proyecto_espinola_emilia\\system\\Debug\\Exceptions.php')
 2 SYSTEMPATH\Autoloader\Autoloader.php(290): CodeIgniter\Autoloader\Autoloader->includeFile('C:\\xampp\\htdocs\\proyecto_espinola_emilia\\app\\Models\\producto_Model.php')
 3 SYSTEMPATH\Autoloader\Autoloader.php(266): CodeIgniter\Autoloader\Autoloader->loadInNamespace('App\\Models\\producto_Model')
 4 APPPATH\Controllers\carrito_controller.php(23): CodeIgniter\Autoloader\Autoloader->loadClass('App\\Models\\producto_Model')
 5 SYSTEMPATH\CodeIgniter.php(915): App\Controllers\carrito_controller->__construct()
 6 SYSTEMPATH\CodeIgniter.php(494): CodeIgniter\CodeIgniter->createController()
 7 SYSTEMPATH\CodeIgniter.php(361): CodeIgniter\CodeIgniter->handleRequest(null, Object(Config\Cache), false)
 8 FCPATH\index.php(79): CodeIgniter\CodeIgniter->run()
WARNING - 2026-03-03 23:06:27 --> [DEPRECATED] Optional parameter $categoria_id declared before required parameter $buscar is implicitly treated as a required parameter in APPPATH\Models\producto_Model.php on line 0.
 1 SYSTEMPATH\Autoloader\Autoloader.php(311): include_once('C:\\xampp\\htdocs\\proyecto_espinola_emilia\\system\\Debug\\Exceptions.php')
 2 SYSTEMPATH\Autoloader\Autoloader.php(290): CodeIgniter\Autoloader\Autoloader->includeFile('C:\\xampp\\htdocs\\proyecto_espinola_emilia\\app\\Models\\producto_Model.php')
 3 SYSTEMPATH\Autoloader\Autoloader.php(266): CodeIgniter\Autoloader\Autoloader->loadInNamespace('App\\Models\\producto_Model')
 4 APPPATH\Controllers\carrito_controller.php(23): CodeIgniter\Autoloader\Autoloader->loadClass('App\\Models\\producto_Model')
 5 SYSTEMPATH\CodeIgniter.php(915): App\Controllers\carrito_controller->__construct()
 6 SYSTEMPATH\CodeIgniter.php(494): CodeIgniter\CodeIgniter->createController()
 7 SYSTEMPATH\CodeIgniter.php(361): CodeIgniter\CodeIgniter->handleRequest(null, Object(Config\Cache), false)
 8 FCPATH\index.php(79): CodeIgniter\CodeIgniter->run()
INFO - 2026-03-03 23:06:27 --> Session: Class initialized using 'CodeIgniter\Session\Handlers\FileHandler' driver.
WARNING - 2026-03-03 23:06:27 --> [DEPRECATED] Optional parameter $colores declared before required parameter $buscar is implicitly treated as a required parameter in APPPATH\Models\producto_Model.php on line 76.
 1 SYSTEMPATH\Autoloader\Autoloader.php(311): include_once('C:\\xampp\\htdocs\\proyecto_espinola_emilia\\system\\Debug\\Exceptions.php')
 2 SYSTEMPATH\Autoloader\Autoloader.php(290): CodeIgniter\Autoloader\Autoloader->includeFile('C:\\xampp\\htdocs\\proyecto_espinola_emilia\\app\\Models\\producto_Model.php')
 3 SYSTEMPATH\Autoloader\Autoloader.php(266): CodeIgniter\Autoloader\Autoloader->loadInNamespace('App\\Models\\producto_Model')
 4 APPPATH\Controllers\carrito_controller.php(23): CodeIgniter\Autoloader\Autoloader->loadClass('App\\Models\\producto_Model')
 5 SYSTEMPATH\CodeIgniter.php(915): App\Controllers\carrito_controller->__construct()
 6 SYSTEMPATH\CodeIgniter.php(494): CodeIgniter\CodeIgniter->createController()
 7 SYSTEMPATH\CodeIgniter.php(361): CodeIgniter\CodeIgniter->handleRequest(null, Object(Config\Cache), false)
 8 FCPATH\index.php(79): CodeIgniter\CodeIgniter->run()
WARNING - 2026-03-03 23:06:27 --> [DEPRECATED] Optional parameter $talles declared before required parameter $buscar is implicitly treated as a required parameter in APPPATH\Models\producto_Model.php on line 0.
 1 SYSTEMPATH\Autoloader\Autoloader.php(311): include_once('C:\\xampp\\htdocs\\proyecto_espinola_emilia\\system\\Debug\\Exceptions.php')
 2 SYSTEMPATH\Autoloader\Autoloader.php(290): CodeIgniter\Autoloader\Autoloader->includeFile('C:\\xampp\\htdocs\\proyecto_espinola_emilia\\app\\Models\\producto_Model.php')
 3 SYSTEMPATH\Autoloader\Autoloader.php(266): CodeIgniter\Autoloader\Autoloader->loadInNamespace('App\\Models\\producto_Model')
 4 APPPATH\Controllers\carrito_controller.php(23): CodeIgniter\Autoloader\Autoloader->loadClass('App\\Models\\producto_Model')
 5 SYSTEMPATH\CodeIgniter.php(915): App\Controllers\carrito_controller->__construct()
 6 SYSTEMPATH\CodeIgniter.php(494): CodeIgniter\CodeIgniter->createController()
 7 SYSTEMPATH\CodeIgniter.php(361): CodeIgniter\CodeIgniter->handleRequest(null, Object(Config\Cache), false)
 8 FCPATH\index.php(79): CodeIgniter\CodeIgniter->run()
WARNING - 2026-03-03 23:06:27 --> [DEPRECATED] Optional parameter $categoria_id declared before required parameter $buscar is implicitly treated as a required parameter in APPPATH\Models\producto_Model.php on line 0.
 1 SYSTEMPATH\Autoloader\Autoloader.php(311): include_once('C:\\xampp\\htdocs\\proyecto_espinola_emilia\\system\\Debug\\Exceptions.php')
 2 SYSTEMPATH\Autoloader\Autoloader.php(290): CodeIgniter\Autoloader\Autoloader->includeFile('C:\\xampp\\htdocs\\proyecto_espinola_emilia\\app\\Models\\producto_Model.php')
 3 SYSTEMPATH\Autoloader\Autoloader.php(266): CodeIgniter\Autoloader\Autoloader->loadInNamespace('App\\Models\\producto_Model')
 4 APPPATH\Controllers\carrito_controller.php(23): CodeIgniter\Autoloader\Autoloader->loadClass('App\\Models\\producto_Model')
 5 SYSTEMPATH\CodeIgniter.php(915): App\Controllers\carrito_controller->__construct()
 6 SYSTEMPATH\CodeIgniter.php(494): CodeIgniter\CodeIgniter->createController()
 7 SYSTEMPATH\CodeIgniter.php(361): CodeIgniter\CodeIgniter->handleRequest(null, Object(Config\Cache), false)
 8 FCPATH\index.php(79): CodeIgniter\CodeIgniter->run()
INFO - 2026-03-03 23:06:27 --> Session: Class initialized using 'CodeIgniter\Session\Handlers\FileHandler' driver.
WARNING - 2026-03-03 23:06:27 --> [DEPRECATED] Optional parameter $colores declared before required parameter $buscar is implicitly treated as a required parameter in APPPATH\Models\producto_Model.php on line 76.
 1 SYSTEMPATH\Autoloader\Autoloader.php(311): include_once('C:\\xampp\\htdocs\\proyecto_espinola_emilia\\system\\Debug\\Exceptions.php')
 2 SYSTEMPATH\Autoloader\Autoloader.php(290): CodeIgniter\Autoloader\Autoloader->includeFile('C:\\xampp\\htdocs\\proyecto_espinola_emilia\\app\\Models\\producto_Model.php')
 3 SYSTEMPATH\Autoloader\Autoloader.php(266): CodeIgniter\Autoloader\Autoloader->loadInNamespace('App\\Models\\producto_Model')
 4 APPPATH\Controllers\carrito_controller.php(23): CodeIgniter\Autoloader\Autoloader->loadClass('App\\Models\\producto_Model')
 5 SYSTEMPATH\CodeIgniter.php(915): App\Controllers\carrito_controller->__construct()
 6 SYSTEMPATH\CodeIgniter.php(494): CodeIgniter\CodeIgniter->createController()
 7 SYSTEMPATH\CodeIgniter.php(361): CodeIgniter\CodeIgniter->handleRequest(null, Object(Config\Cache), false)
 8 FCPATH\index.php(79): CodeIgniter\CodeIgniter->run()
WARNING - 2026-03-03 23:06:27 --> [DEPRECATED] Optional parameter $talles declared before required parameter $buscar is implicitly treated as a required parameter in APPPATH\Models\producto_Model.php on line 0.
 1 SYSTEMPATH\Autoloader\Autoloader.php(311): include_once('C:\\xampp\\htdocs\\proyecto_espinola_emilia\\system\\Debug\\Exceptions.php')
 2 SYSTEMPATH\Autoloader\Autoloader.php(290): CodeIgniter\Autoloader\Autoloader->includeFile('C:\\xampp\\htdocs\\proyecto_espinola_emilia\\app\\Models\\producto_Model.php')
 3 SYSTEMPATH\Autoloader\Autoloader.php(266): CodeIgniter\Autoloader\Autoloader->loadInNamespace('App\\Models\\producto_Model')
 4 APPPATH\Controllers\carrito_controller.php(23): CodeIgniter\Autoloader\Autoloader->loadClass('App\\Models\\producto_Model')
 5 SYSTEMPATH\CodeIgniter.php(915): App\Controllers\carrito_controller->__construct()
 6 SYSTEMPATH\CodeIgniter.php(494): CodeIgniter\CodeIgniter->createController()
 7 SYSTEMPATH\CodeIgniter.php(361): CodeIgniter\CodeIgniter->handleRequest(null, Object(Config\Cache), false)
 8 FCPATH\index.php(79): CodeIgniter\CodeIgniter->run()
WARNING - 2026-03-03 23:06:27 --> [DEPRECATED] Optional parameter $categoria_id declared before required parameter $buscar is implicitly treated as a required parameter in APPPATH\Models\producto_Model.php on line 0.
 1 SYSTEMPATH\Autoloader\Autoloader.php(311): include_once('C:\\xampp\\htdocs\\proyecto_espinola_emilia\\system\\Debug\\Exceptions.php')
 2 SYSTEMPATH\Autoloader\Autoloader.php(290): CodeIgniter\Autoloader\Autoloader->includeFile('C:\\xampp\\htdocs\\proyecto_espinola_emilia\\app\\Models\\producto_Model.php')
 3 SYSTEMPATH\Autoloader\Autoloader.php(266): CodeIgniter\Autoloader\Autoloader->loadInNamespace('App\\Models\\producto_Model')
 4 APPPATH\Controllers\carrito_controller.php(23): CodeIgniter\Autoloader\Autoloader->loadClass('App\\Models\\producto_Model')
 5 SYSTEMPATH\CodeIgniter.php(915): App\Controllers\carrito_controller->__construct()
 6 SYSTEMPATH\CodeIgniter.php(494): CodeIgniter\CodeIgniter->createController()
 7 SYSTEMPATH\CodeIgniter.php(361): CodeIgniter\CodeIgniter->handleRequest(null, Object(Config\Cache), false)
 8 FCPATH\index.php(79): CodeIgniter\CodeIgniter->run()
INFO - 2026-03-03 23:06:27 --> Session: Class initialized using 'CodeIgniter\Session\Handlers\FileHandler' driver.
WARNING - 2026-03-03 23:06:28 --> [DEPRECATED] Optional parameter $colores declared before required parameter $buscar is implicitly treated as a required parameter in APPPATH\Models\producto_Model.php on line 76.
 1 SYSTEMPATH\Autoloader\Autoloader.php(311): include_once('C:\\xampp\\htdocs\\proyecto_espinola_emilia\\system\\Debug\\Exceptions.php')
 2 SYSTEMPATH\Autoloader\Autoloader.php(290): CodeIgniter\Autoloader\Autoloader->includeFile('C:\\xampp\\htdocs\\proyecto_espinola_emilia\\app\\Models\\producto_Model.php')
 3 SYSTEMPATH\Autoloader\Autoloader.php(266): CodeIgniter\Autoloader\Autoloader->loadInNamespace('App\\Models\\producto_Model')
 4 APPPATH\Controllers\carrito_controller.php(23): CodeIgniter\Autoloader\Autoloader->loadClass('App\\Models\\producto_Model')
 5 SYSTEMPATH\CodeIgniter.php(915): App\Controllers\carrito_controller->__construct()
 6 SYSTEMPATH\CodeIgniter.php(494): CodeIgniter\CodeIgniter->createController()
 7 SYSTEMPATH\CodeIgniter.php(361): CodeIgniter\CodeIgniter->handleRequest(null, Object(Config\Cache), false)
 8 FCPATH\index.php(79): CodeIgniter\CodeIgniter->run()
WARNING - 2026-03-03 23:06:28 --> [DEPRECATED] Optional parameter $talles declared before required parameter $buscar is implicitly treated as a required parameter in APPPATH\Models\producto_Model.php on line 0.
 1 SYSTEMPATH\Autoloader\Autoloader.php(311): include_once('C:\\xampp\\htdocs\\proyecto_espinola_emilia\\system\\Debug\\Exceptions.php')
 2 SYSTEMPATH\Autoloader\Autoloader.php(290): CodeIgniter\Autoloader\Autoloader->includeFile('C:\\xampp\\htdocs\\proyecto_espinola_emilia\\app\\Models\\producto_Model.php')
 3 SYSTEMPATH\Autoloader\Autoloader.php(266): CodeIgniter\Autoloader\Autoloader->loadInNamespace('App\\Models\\producto_Model')
 4 APPPATH\Controllers\carrito_controller.php(23): CodeIgniter\Autoloader\Autoloader->loadClass('App\\Models\\producto_Model')
 5 SYSTEMPATH\CodeIgniter.php(915): App\Controllers\carrito_controller->__construct()
 6 SYSTEMPATH\CodeIgniter.php(494): CodeIgniter\CodeIgniter->createController()
 7 SYSTEMPATH\CodeIgniter.php(361): CodeIgniter\CodeIgniter->handleRequest(null, Object(Config\Cache), false)
 8 FCPATH\index.php(79): CodeIgniter\CodeIgniter->run()
WARNING - 2026-03-03 23:06:28 --> [DEPRECATED] Optional parameter $categoria_id declared before required parameter $buscar is implicitly treated as a required parameter in APPPATH\Models\producto_Model.php on line 0.
 1 SYSTEMPATH\Autoloader\Autoloader.php(311): include_once('C:\\xampp\\htdocs\\proyecto_espinola_emilia\\system\\Debug\\Exceptions.php')
 2 SYSTEMPATH\Autoloader\Autoloader.php(290): CodeIgniter\Autoloader\Autoloader->includeFile('C:\\xampp\\htdocs\\proyecto_espinola_emilia\\app\\Models\\producto_Model.php')
 3 SYSTEMPATH\Autoloader\Autoloader.php(266): CodeIgniter\Autoloader\Autoloader->loadInNamespace('App\\Models\\producto_Model')
 4 APPPATH\Controllers\carrito_controller.php(23): CodeIgniter\Autoloader\Autoloader->loadClass('App\\Models\\producto_Model')
 5 SYSTEMPATH\CodeIgniter.php(915): App\Controllers\carrito_controller->__construct()
 6 SYSTEMPATH\CodeIgniter.php(494): CodeIgniter\CodeIgniter->createController()
 7 SYSTEMPATH\CodeIgniter.php(361): CodeIgniter\CodeIgniter->handleRequest(null, Object(Config\Cache), false)
 8 FCPATH\index.php(79): CodeIgniter\CodeIgniter->run()
INFO - 2026-03-03 23:06:28 --> Session: Class initialized using 'CodeIgniter\Session\Handlers\FileHandler' driver.
WARNING - 2026-03-03 23:06:28 --> [DEPRECATED] Optional parameter $colores declared before required parameter $buscar is implicitly treated as a required parameter in APPPATH\Models\producto_Model.php on line 76.
 1 SYSTEMPATH\Autoloader\Autoloader.php(311): include_once('C:\\xampp\\htdocs\\proyecto_espinola_emilia\\system\\Debug\\Exceptions.php')
 2 SYSTEMPATH\Autoloader\Autoloader.php(290): CodeIgniter\Autoloader\Autoloader->includeFile('C:\\xampp\\htdocs\\proyecto_espinola_emilia\\app\\Models\\producto_Model.php')
 3 SYSTEMPATH\Autoloader\Autoloader.php(266): CodeIgniter\Autoloader\Autoloader->loadInNamespace('App\\Models\\producto_Model')
 4 APPPATH\Controllers\carrito_controller.php(23): CodeIgniter\Autoloader\Autoloader->loadClass('App\\Models\\producto_Model')
 5 SYSTEMPATH\CodeIgniter.php(915): App\Controllers\carrito_controller->__construct()
 6 SYSTEMPATH\CodeIgniter.php(494): CodeIgniter\CodeIgniter->createController()
 7 SYSTEMPATH\CodeIgniter.php(361): CodeIgniter\CodeIgniter->handleRequest(null, Object(Config\Cache), false)
 8 FCPATH\index.php(79): CodeIgniter\CodeIgniter->run()
WARNING - 2026-03-03 23:06:28 --> [DEPRECATED] Optional parameter $talles declared before required parameter $buscar is implicitly treated as a required parameter in APPPATH\Models\producto_Model.php on line 0.
 1 SYSTEMPATH\Autoloader\Autoloader.php(311): include_once('C:\\xampp\\htdocs\\proyecto_espinola_emilia\\system\\Debug\\Exceptions.php')
 2 SYSTEMPATH\Autoloader\Autoloader.php(290): CodeIgniter\Autoloader\Autoloader->includeFile('C:\\xampp\\htdocs\\proyecto_espinola_emilia\\app\\Models\\producto_Model.php')
 3 SYSTEMPATH\Autoloader\Autoloader.php(266): CodeIgniter\Autoloader\Autoloader->loadInNamespace('App\\Models\\producto_Model')
 4 APPPATH\Controllers\carrito_controller.php(23): CodeIgniter\Autoloader\Autoloader->loadClass('App\\Models\\producto_Model')
 5 SYSTEMPATH\CodeIgniter.php(915): App\Controllers\carrito_controller->__construct()
 6 SYSTEMPATH\CodeIgniter.php(494): CodeIgniter\CodeIgniter->createController()
 7 SYSTEMPATH\CodeIgniter.php(361): CodeIgniter\CodeIgniter->handleRequest(null, Object(Config\Cache), false)
 8 FCPATH\index.php(79): CodeIgniter\CodeIgniter->run()
WARNING - 2026-03-03 23:06:28 --> [DEPRECATED] Optional parameter $categoria_id declared before required parameter $buscar is implicitly treated as a required parameter in APPPATH\Models\producto_Model.php on line 0.
 1 SYSTEMPATH\Autoloader\Autoloader.php(311): include_once('C:\\xampp\\htdocs\\proyecto_espinola_emilia\\system\\Debug\\Exceptions.php')
 2 SYSTEMPATH\Autoloader\Autoloader.php(290): CodeIgniter\Autoloader\Autoloader->includeFile('C:\\xampp\\htdocs\\proyecto_espinola_emilia\\app\\Models\\producto_Model.php')
 3 SYSTEMPATH\Autoloader\Autoloader.php(266): CodeIgniter\Autoloader\Autoloader->loadInNamespace('App\\Models\\producto_Model')
 4 APPPATH\Controllers\carrito_controller.php(23): CodeIgniter\Autoloader\Autoloader->loadClass('App\\Models\\producto_Model')
 5 SYSTEMPATH\CodeIgniter.php(915): App\Controllers\carrito_controller->__construct()
 6 SYSTEMPATH\CodeIgniter.php(494): CodeIgniter\CodeIgniter->createController()
 7 SYSTEMPATH\CodeIgniter.php(361): CodeIgniter\CodeIgniter->handleRequest(null, Object(Config\Cache), false)
 8 FCPATH\index.php(79): CodeIgniter\CodeIgniter->run()
INFO - 2026-03-03 23:06:28 --> Session: Class initialized using 'CodeIgniter\Session\Handlers\FileHandler' driver.
WARNING - 2026-03-03 23:06:28 --> [DEPRECATED] Optional parameter $colores declared before required parameter $buscar is implicitly treated as a required parameter in APPPATH\Models\producto_Model.php on line 76.
 1 SYSTEMPATH\Autoloader\Autoloader.php(311): include_once('C:\\xampp\\htdocs\\proyecto_espinola_emilia\\system\\Debug\\Exceptions.php')
 2 SYSTEMPATH\Autoloader\Autoloader.php(290): CodeIgniter\Autoloader\Autoloader->includeFile('C:\\xampp\\htdocs\\proyecto_espinola_emilia\\app\\Models\\producto_Model.php')
 3 SYSTEMPATH\Autoloader\Autoloader.php(266): CodeIgniter\Autoloader\Autoloader->loadInNamespace('App\\Models\\producto_Model')
 4 APPPATH\Controllers\carrito_controller.php(23): CodeIgniter\Autoloader\Autoloader->loadClass('App\\Models\\producto_Model')
 5 SYSTEMPATH\CodeIgniter.php(915): App\Controllers\carrito_controller->__construct()
 6 SYSTEMPATH\CodeIgniter.php(494): CodeIgniter\CodeIgniter->createController()
 7 SYSTEMPATH\CodeIgniter.php(361): CodeIgniter\CodeIgniter->handleRequest(null, Object(Config\Cache), false)
 8 FCPATH\index.php(79): CodeIgniter\CodeIgniter->run()
WARNING - 2026-03-03 23:06:28 --> [DEPRECATED] Optional parameter $talles declared before required parameter $buscar is implicitly treated as a required parameter in APPPATH\Models\producto_Model.php on line 0.
 1 SYSTEMPATH\Autoloader\Autoloader.php(311): include_once('C:\\xampp\\htdocs\\proyecto_espinola_emilia\\system\\Debug\\Exceptions.php')
 2 SYSTEMPATH\Autoloader\Autoloader.php(290): CodeIgniter\Autoloader\Autoloader->includeFile('C:\\xampp\\htdocs\\proyecto_espinola_emilia\\app\\Models\\producto_Model.php')
 3 SYSTEMPATH\Autoloader\Autoloader.php(266): CodeIgniter\Autoloader\Autoloader->loadInNamespace('App\\Models\\producto_Model')
 4 APPPATH\Controllers\carrito_controller.php(23): CodeIgniter\Autoloader\Autoloader->loadClass('App\\Models\\producto_Model')
 5 SYSTEMPATH\CodeIgniter.php(915): App\Controllers\carrito_controller->__construct()
 6 SYSTEMPATH\CodeIgniter.php(494): CodeIgniter\CodeIgniter->createController()
 7 SYSTEMPATH\CodeIgniter.php(361): CodeIgniter\CodeIgniter->handleRequest(null, Object(Config\Cache), false)
 8 FCPATH\index.php(79): CodeIgniter\CodeIgniter->run()
WARNING - 2026-03-03 23:06:28 --> [DEPRECATED] Optional parameter $categoria_id declared before required parameter $buscar is implicitly treated as a required parameter in APPPATH\Models\producto_Model.php on line 0.
 1 SYSTEMPATH\Autoloader\Autoloader.php(311): include_once('C:\\xampp\\htdocs\\proyecto_espinola_emilia\\system\\Debug\\Exceptions.php')
 2 SYSTEMPATH\Autoloader\Autoloader.php(290): CodeIgniter\Autoloader\Autoloader->includeFile('C:\\xampp\\htdocs\\proyecto_espinola_emilia\\app\\Models\\producto_Model.php')
 3 SYSTEMPATH\Autoloader\Autoloader.php(266): CodeIgniter\Autoloader\Autoloader->loadInNamespace('App\\Models\\producto_Model')
 4 APPPATH\Controllers\carrito_controller.php(23): CodeIgniter\Autoloader\Autoloader->loadClass('App\\Models\\producto_Model')
 5 SYSTEMPATH\CodeIgniter.php(915): App\Controllers\carrito_controller->__construct()
 6 SYSTEMPATH\CodeIgniter.php(494): CodeIgniter\CodeIgniter->createController()
 7 SYSTEMPATH\CodeIgniter.php(361): CodeIgniter\CodeIgniter->handleRequest(null, Object(Config\Cache), false)
 8 FCPATH\index.php(79): CodeIgniter\CodeIgniter->run()
INFO - 2026-03-03 23:06:28 --> Session: Class initialized using 'CodeIgniter\Session\Handlers\FileHandler' driver.
WARNING - 2026-03-03 23:06:29 --> [DEPRECATED] Optional parameter $colores declared before required parameter $buscar is implicitly treated as a required parameter in APPPATH\Models\producto_Model.php on line 76.
 1 SYSTEMPATH\Autoloader\Autoloader.php(311): include_once('C:\\xampp\\htdocs\\proyecto_espinola_emilia\\system\\Debug\\Exceptions.php')
 2 SYSTEMPATH\Autoloader\Autoloader.php(290): CodeIgniter\Autoloader\Autoloader->includeFile('C:\\xampp\\htdocs\\proyecto_espinola_emilia\\app\\Models\\producto_Model.php')
 3 SYSTEMPATH\Autoloader\Autoloader.php(266): CodeIgniter\Autoloader\Autoloader->loadInNamespace('App\\Models\\producto_Model')
 4 APPPATH\Controllers\carrito_controller.php(23): CodeIgniter\Autoloader\Autoloader->loadClass('App\\Models\\producto_Model')
 5 SYSTEMPATH\CodeIgniter.php(915): App\Controllers\carrito_controller->__construct()
 6 SYSTEMPATH\CodeIgniter.php(494): CodeIgniter\CodeIgniter->createController()
 7 SYSTEMPATH\CodeIgniter.php(361): CodeIgniter\CodeIgniter->handleRequest(null, Object(Config\Cache), false)
 8 FCPATH\index.php(79): CodeIgniter\CodeIgniter->run()
WARNING - 2026-03-03 23:06:29 --> [DEPRECATED] Optional parameter $talles declared before required parameter $buscar is implicitly treated as a required parameter in APPPATH\Models\producto_Model.php on line 0.
 1 SYSTEMPATH\Autoloader\Autoloader.php(311): include_once('C:\\xampp\\htdocs\\proyecto_espinola_emilia\\system\\Debug\\Exceptions.php')
 2 SYSTEMPATH\Autoloader\Autoloader.php(290): CodeIgniter\Autoloader\Autoloader->includeFile('C:\\xampp\\htdocs\\proyecto_espinola_emilia\\app\\Models\\producto_Model.php')
 3 SYSTEMPATH\Autoloader\Autoloader.php(266): CodeIgniter\Autoloader\Autoloader->loadInNamespace('App\\Models\\producto_Model')
 4 APPPATH\Controllers\carrito_controller.php(23): CodeIgniter\Autoloader\Autoloader->loadClass('App\\Models\\producto_Model')
 5 SYSTEMPATH\CodeIgniter.php(915): App\Controllers\carrito_controller->__construct()
 6 SYSTEMPATH\CodeIgniter.php(494): CodeIgniter\CodeIgniter->createController()
 7 SYSTEMPATH\CodeIgniter.php(361): CodeIgniter\CodeIgniter->handleRequest(null, Object(Config\Cache), false)
 8 FCPATH\index.php(79): CodeIgniter\CodeIgniter->run()
WARNING - 2026-03-03 23:06:29 --> [DEPRECATED] Optional parameter $categoria_id declared before required parameter $buscar is implicitly treated as a required parameter in APPPATH\Models\producto_Model.php on line 0.
 1 SYSTEMPATH\Autoloader\Autoloader.php(311): include_once('C:\\xampp\\htdocs\\proyecto_espinola_emilia\\system\\Debug\\Exceptions.php')
 2 SYSTEMPATH\Autoloader\Autoloader.php(290): CodeIgniter\Autoloader\Autoloader->includeFile('C:\\xampp\\htdocs\\proyecto_espinola_emilia\\app\\Models\\producto_Model.php')
 3 SYSTEMPATH\Autoloader\Autoloader.php(266): CodeIgniter\Autoloader\Autoloader->loadInNamespace('App\\Models\\producto_Model')
 4 APPPATH\Controllers\carrito_controller.php(23): CodeIgniter\Autoloader\Autoloader->loadClass('App\\Models\\producto_Model')
 5 SYSTEMPATH\CodeIgniter.php(915): App\Controllers\carrito_controller->__construct()
 6 SYSTEMPATH\CodeIgniter.php(494): CodeIgniter\CodeIgniter->createController()
 7 SYSTEMPATH\CodeIgniter.php(361): CodeIgniter\CodeIgniter->handleRequest(null, Object(Config\Cache), false)
 8 FCPATH\index.php(79): CodeIgniter\CodeIgniter->run()
INFO - 2026-03-03 23:06:29 --> Session: Class initialized using 'CodeIgniter\Session\Handlers\FileHandler' driver.
WARNING - 2026-03-03 23:06:29 --> [DEPRECATED] Optional parameter $colores declared before required parameter $buscar is implicitly treated as a required parameter in APPPATH\Models\producto_Model.php on line 76.
 1 SYSTEMPATH\Autoloader\Autoloader.php(311): include_once('C:\\xampp\\htdocs\\proyecto_espinola_emilia\\system\\Debug\\Exceptions.php')
 2 SYSTEMPATH\Autoloader\Autoloader.php(290): CodeIgniter\Autoloader\Autoloader->includeFile('C:\\xampp\\htdocs\\proyecto_espinola_emilia\\app\\Models\\producto_Model.php')
 3 SYSTEMPATH\Autoloader\Autoloader.php(266): CodeIgniter\Autoloader\Autoloader->loadInNamespace('App\\Models\\producto_Model')
 4 APPPATH\Controllers\carrito_controller.php(23): CodeIgniter\Autoloader\Autoloader->loadClass('App\\Models\\producto_Model')
 5 SYSTEMPATH\CodeIgniter.php(915): App\Controllers\carrito_controller->__construct()
 6 SYSTEMPATH\CodeIgniter.php(494): CodeIgniter\CodeIgniter->createController()
 7 SYSTEMPATH\CodeIgniter.php(361): CodeIgniter\CodeIgniter->handleRequest(null, Object(Config\Cache), false)
 8 FCPATH\index.php(79): CodeIgniter\CodeIgniter->run()
WARNING - 2026-03-03 23:06:29 --> [DEPRECATED] Optional parameter $talles declared before required parameter $buscar is implicitly treated as a required parameter in APPPATH\Models\producto_Model.php on line 0.
 1 SYSTEMPATH\Autoloader\Autoloader.php(311): include_once('C:\\xampp\\htdocs\\proyecto_espinola_emilia\\system\\Debug\\Exceptions.php')
 2 SYSTEMPATH\Autoloader\Autoloader.php(290): CodeIgniter\Autoloader\Autoloader->includeFile('C:\\xampp\\htdocs\\proyecto_espinola_emilia\\app\\Models\\producto_Model.php')
 3 SYSTEMPATH\Autoloader\Autoloader.php(266): CodeIgniter\Autoloader\Autoloader->loadInNamespace('App\\Models\\producto_Model')
 4 APPPATH\Controllers\carrito_controller.php(23): CodeIgniter\Autoloader\Autoloader->loadClass('App\\Models\\producto_Model')
 5 SYSTEMPATH\CodeIgniter.php(915): App\Controllers\carrito_controller->__construct()
 6 SYSTEMPATH\CodeIgniter.php(494): CodeIgniter\CodeIgniter->createController()
 7 SYSTEMPATH\CodeIgniter.php(361): CodeIgniter\CodeIgniter->handleRequest(null, Object(Config\Cache), false)
 8 FCPATH\index.php(79): CodeIgniter\CodeIgniter->run()
WARNING - 2026-03-03 23:06:29 --> [DEPRECATED] Optional parameter $categoria_id declared before required parameter $buscar is implicitly treated as a required parameter in APPPATH\Models\producto_Model.php on line 0.
 1 SYSTEMPATH\Autoloader\Autoloader.php(311): include_once('C:\\xampp\\htdocs\\proyecto_espinola_emilia\\system\\Debug\\Exceptions.php')
 2 SYSTEMPATH\Autoloader\Autoloader.php(290): CodeIgniter\Autoloader\Autoloader->includeFile('C:\\xampp\\htdocs\\proyecto_espinola_emilia\\app\\Models\\producto_Model.php')
 3 SYSTEMPATH\Autoloader\Autoloader.php(266): CodeIgniter\Autoloader\Autoloader->loadInNamespace('App\\Models\\producto_Model')
 4 APPPATH\Controllers\carrito_controller.php(23): CodeIgniter\Autoloader\Autoloader->loadClass('App\\Models\\producto_Model')
 5 SYSTEMPATH\CodeIgniter.php(915): App\Controllers\carrito_controller->__construct()
 6 SYSTEMPATH\CodeIgniter.php(494): CodeIgniter\CodeIgniter->createController()
 7 SYSTEMPATH\CodeIgniter.php(361): CodeIgniter\CodeIgniter->handleRequest(null, Object(Config\Cache), false)
 8 FCPATH\index.php(79): CodeIgniter\CodeIgniter->run()
INFO - 2026-03-03 23:06:29 --> Session: Class initialized using 'CodeIgniter\Session\Handlers\FileHandler' driver.
WARNING - 2026-03-03 23:06:30 --> [DEPRECATED] Optional parameter $colores declared before required parameter $buscar is implicitly treated as a required parameter in APPPATH\Models\producto_Model.php on line 76.
 1 SYSTEMPATH\Autoloader\Autoloader.php(311): include_once('C:\\xampp\\htdocs\\proyecto_espinola_emilia\\system\\Debug\\Exceptions.php')
 2 SYSTEMPATH\Autoloader\Autoloader.php(290): CodeIgniter\Autoloader\Autoloader->includeFile('C:\\xampp\\htdocs\\proyecto_espinola_emilia\\app\\Models\\producto_Model.php')
 3 SYSTEMPATH\Autoloader\Autoloader.php(266): CodeIgniter\Autoloader\Autoloader->loadInNamespace('App\\Models\\producto_Model')
 4 APPPATH\Controllers\carrito_controller.php(23): CodeIgniter\Autoloader\Autoloader->loadClass('App\\Models\\producto_Model')
 5 SYSTEMPATH\CodeIgniter.php(915): App\Controllers\carrito_controller->__construct()
 6 SYSTEMPATH\CodeIgniter.php(494): CodeIgniter\CodeIgniter->createController()
 7 SYSTEMPATH\CodeIgniter.php(361): CodeIgniter\CodeIgniter->handleRequest(null, Object(Config\Cache), false)
 8 FCPATH\index.php(79): CodeIgniter\CodeIgniter->run()
WARNING - 2026-03-03 23:06:30 --> [DEPRECATED] Optional parameter $talles declared before required parameter $buscar is implicitly treated as a required parameter in APPPATH\Models\producto_Model.php on line 0.
 1 SYSTEMPATH\Autoloader\Autoloader.php(311): include_once('C:\\xampp\\htdocs\\proyecto_espinola_emilia\\system\\Debug\\Exceptions.php')
 2 SYSTEMPATH\Autoloader\Autoloader.php(290): CodeIgniter\Autoloader\Autoloader->includeFile('C:\\xampp\\htdocs\\proyecto_espinola_emilia\\app\\Models\\producto_Model.php')
 3 SYSTEMPATH\Autoloader\Autoloader.php(266): CodeIgniter\Autoloader\Autoloader->loadInNamespace('App\\Models\\producto_Model')
 4 APPPATH\Controllers\carrito_controller.php(23): CodeIgniter\Autoloader\Autoloader->loadClass('App\\Models\\producto_Model')
 5 SYSTEMPATH\CodeIgniter.php(915): App\Controllers\carrito_controller->__construct()
 6 SYSTEMPATH\CodeIgniter.php(494): CodeIgniter\CodeIgniter->createController()
 7 SYSTEMPATH\CodeIgniter.php(361): CodeIgniter\CodeIgniter->handleRequest(null, Object(Config\Cache), false)
 8 FCPATH\index.php(79): CodeIgniter\CodeIgniter->run()
WARNING - 2026-03-03 23:06:30 --> [DEPRECATED] Optional parameter $categoria_id declared before required parameter $buscar is implicitly treated as a required parameter in APPPATH\Models\producto_Model.php on line 0.
 1 SYSTEMPATH\Autoloader\Autoloader.php(311): include_once('C:\\xampp\\htdocs\\proyecto_espinola_emilia\\system\\Debug\\Exceptions.php')
 2 SYSTEMPATH\Autoloader\Autoloader.php(290): CodeIgniter\Autoloader\Autoloader->includeFile('C:\\xampp\\htdocs\\proyecto_espinola_emilia\\app\\Models\\producto_Model.php')
 3 SYSTEMPATH\Autoloader\Autoloader.php(266): CodeIgniter\Autoloader\Autoloader->loadInNamespace('App\\Models\\producto_Model')
 4 APPPATH\Controllers\carrito_controller.php(23): CodeIgniter\Autoloader\Autoloader->loadClass('App\\Models\\producto_Model')
 5 SYSTEMPATH\CodeIgniter.php(915): App\Controllers\carrito_controller->__construct()
 6 SYSTEMPATH\CodeIgniter.php(494): CodeIgniter\CodeIgniter->createController()
 7 SYSTEMPATH\CodeIgniter.php(361): CodeIgniter\CodeIgniter->handleRequest(null, Object(Config\Cache), false)
 8 FCPATH\index.php(79): CodeIgniter\CodeIgniter->run()
INFO - 2026-03-03 23:06:30 --> Session: Class initialized using 'CodeIgniter\Session\Handlers\FileHandler' driver.
WARNING - 2026-03-03 23:06:30 --> [DEPRECATED] Optional parameter $colores declared before required parameter $buscar is implicitly treated as a required parameter in APPPATH\Models\producto_Model.php on line 76.
 1 SYSTEMPATH\Autoloader\Autoloader.php(311): include_once('C:\\xampp\\htdocs\\proyecto_espinola_emilia\\system\\Debug\\Exceptions.php')
 2 SYSTEMPATH\Autoloader\Autoloader.php(290): CodeIgniter\Autoloader\Autoloader->includeFile('C:\\xampp\\htdocs\\proyecto_espinola_emilia\\app\\Models\\producto_Model.php')
 3 SYSTEMPATH\Autoloader\Autoloader.php(266): CodeIgniter\Autoloader\Autoloader->loadInNamespace('App\\Models\\producto_Model')
 4 APPPATH\Controllers\carrito_controller.php(23): CodeIgniter\Autoloader\Autoloader->loadClass('App\\Models\\producto_Model')
 5 SYSTEMPATH\CodeIgniter.php(915): App\Controllers\carrito_controller->__construct()
 6 SYSTEMPATH\CodeIgniter.php(494): CodeIgniter\CodeIgniter->createController()
 7 SYSTEMPATH\CodeIgniter.php(361): CodeIgniter\CodeIgniter->handleRequest(null, Object(Config\Cache), false)
 8 FCPATH\index.php(79): CodeIgniter\CodeIgniter->run()
WARNING - 2026-03-03 23:06:30 --> [DEPRECATED] Optional parameter $talles declared before required parameter $buscar is implicitly treated as a required parameter in APPPATH\Models\producto_Model.php on line 0.
 1 SYSTEMPATH\Autoloader\Autoloader.php(311): include_once('C:\\xampp\\htdocs\\proyecto_espinola_emilia\\system\\Debug\\Exceptions.php')
 2 SYSTEMPATH\Autoloader\Autoloader.php(290): CodeIgniter\Autoloader\Autoloader->includeFile('C:\\xampp\\htdocs\\proyecto_espinola_emilia\\app\\Models\\producto_Model.php')
 3 SYSTEMPATH\Autoloader\Autoloader.php(266): CodeIgniter\Autoloader\Autoloader->loadInNamespace('App\\Models\\producto_Model')
 4 APPPATH\Controllers\carrito_controller.php(23): CodeIgniter\Autoloader\Autoloader->loadClass('App\\Models\\producto_Model')
 5 SYSTEMPATH\CodeIgniter.php(915): App\Controllers\carrito_controller->__construct()
 6 SYSTEMPATH\CodeIgniter.php(494): CodeIgniter\CodeIgniter->createController()
 7 SYSTEMPATH\CodeIgniter.php(361): CodeIgniter\CodeIgniter->handleRequest(null, Object(Config\Cache), false)
 8 FCPATH\index.php(79): CodeIgniter\CodeIgniter->run()
WARNING - 2026-03-03 23:06:30 --> [DEPRECATED] Optional parameter $categoria_id declared before required parameter $buscar is implicitly treated as a required parameter in APPPATH\Models\producto_Model.php on line 0.
 1 SYSTEMPATH\Autoloader\Autoloader.php(311): include_once('C:\\xampp\\htdocs\\proyecto_espinola_emilia\\system\\Debug\\Exceptions.php')
 2 SYSTEMPATH\Autoloader\Autoloader.php(290): CodeIgniter\Autoloader\Autoloader->includeFile('C:\\xampp\\htdocs\\proyecto_espinola_emilia\\app\\Models\\producto_Model.php')
 3 SYSTEMPATH\Autoloader\Autoloader.php(266): CodeIgniter\Autoloader\Autoloader->loadInNamespace('App\\Models\\producto_Model')
 4 APPPATH\Controllers\carrito_controller.php(23): CodeIgniter\Autoloader\Autoloader->loadClass('App\\Models\\producto_Model')
 5 SYSTEMPATH\CodeIgniter.php(915): App\Controllers\carrito_controller->__construct()
 6 SYSTEMPATH\CodeIgniter.php(494): CodeIgniter\CodeIgniter->createController()
 7 SYSTEMPATH\CodeIgniter.php(361): CodeIgniter\CodeIgniter->handleRequest(null, Object(Config\Cache), false)
 8 FCPATH\index.php(79): CodeIgniter\CodeIgniter->run()
INFO - 2026-03-03 23:06:30 --> Session: Class initialized using 'CodeIgniter\Session\Handlers\FileHandler' driver.
WARNING - 2026-03-03 23:06:32 --> [DEPRECATED] Optional parameter $colores declared before required parameter $buscar is implicitly treated as a required parameter in APPPATH\Models\producto_Model.php on line 76.
 1 SYSTEMPATH\Autoloader\Autoloader.php(311): include_once('C:\\xampp\\htdocs\\proyecto_espinola_emilia\\system\\Debug\\Exceptions.php')
 2 SYSTEMPATH\Autoloader\Autoloader.php(290): CodeIgniter\Autoloader\Autoloader->includeFile('C:\\xampp\\htdocs\\proyecto_espinola_emilia\\app\\Models\\producto_Model.php')
 3 SYSTEMPATH\Autoloader\Autoloader.php(266): CodeIgniter\Autoloader\Autoloader->loadInNamespace('App\\Models\\producto_Model')
 4 APPPATH\Controllers\carrito_controller.php(23): CodeIgniter\Autoloader\Autoloader->loadClass('App\\Models\\producto_Model')
 5 SYSTEMPATH\CodeIgniter.php(915): App\Controllers\carrito_controller->__construct()
 6 SYSTEMPATH\CodeIgniter.php(494): CodeIgniter\CodeIgniter->createController()
 7 SYSTEMPATH\CodeIgniter.php(361): CodeIgniter\CodeIgniter->handleRequest(null, Object(Config\Cache), false)
 8 FCPATH\index.php(79): CodeIgniter\CodeIgniter->run()
WARNING - 2026-03-03 23:06:32 --> [DEPRECATED] Optional parameter $talles declared before required parameter $buscar is implicitly treated as a required parameter in APPPATH\Models\producto_Model.php on line 0.
 1 SYSTEMPATH\Autoloader\Autoloader.php(311): include_once('C:\\xampp\\htdocs\\proyecto_espinola_emilia\\system\\Debug\\Exceptions.php')
 2 SYSTEMPATH\Autoloader\Autoloader.php(290): CodeIgniter\Autoloader\Autoloader->includeFile('C:\\xampp\\htdocs\\proyecto_espinola_emilia\\app\\Models\\producto_Model.php')
 3 SYSTEMPATH\Autoloader\Autoloader.php(266): CodeIgniter\Autoloader\Autoloader->loadInNamespace('App\\Models\\producto_Model')
 4 APPPATH\Controllers\carrito_controller.php(23): CodeIgniter\Autoloader\Autoloader->loadClass('App\\Models\\producto_Model')
 5 SYSTEMPATH\CodeIgniter.php(915): App\Controllers\carrito_controller->__construct()
 6 SYSTEMPATH\CodeIgniter.php(494): CodeIgniter\CodeIgniter->createController()
 7 SYSTEMPATH\CodeIgniter.php(361): CodeIgniter\CodeIgniter->handleRequest(null, Object(Config\Cache), false)
 8 FCPATH\index.php(79): CodeIgniter\CodeIgniter->run()
WARNING - 2026-03-03 23:06:32 --> [DEPRECATED] Optional parameter $categoria_id declared before required parameter $buscar is implicitly treated as a required parameter in APPPATH\Models\producto_Model.php on line 0.
 1 SYSTEMPATH\Autoloader\Autoloader.php(311): include_once('C:\\xampp\\htdocs\\proyecto_espinola_emilia\\system\\Debug\\Exceptions.php')
 2 SYSTEMPATH\Autoloader\Autoloader.php(290): CodeIgniter\Autoloader\Autoloader->includeFile('C:\\xampp\\htdocs\\proyecto_espinola_emilia\\app\\Models\\producto_Model.php')
 3 SYSTEMPATH\Autoloader\Autoloader.php(266): CodeIgniter\Autoloader\Autoloader->loadInNamespace('App\\Models\\producto_Model')
 4 APPPATH\Controllers\carrito_controller.php(23): CodeIgniter\Autoloader\Autoloader->loadClass('App\\Models\\producto_Model')
 5 SYSTEMPATH\CodeIgniter.php(915): App\Controllers\carrito_controller->__construct()
 6 SYSTEMPATH\CodeIgniter.php(494): CodeIgniter\CodeIgniter->createController()
 7 SYSTEMPATH\CodeIgniter.php(361): CodeIgniter\CodeIgniter->handleRequest(null, Object(Config\Cache), false)
 8 FCPATH\index.php(79): CodeIgniter\CodeIgniter->run()
INFO - 2026-03-03 23:06:32 --> Session: Class initialized using 'CodeIgniter\Session\Handlers\FileHandler' driver.
WARNING - 2026-03-03 23:06:36 --> [DEPRECATED] Optional parameter $colores declared before required parameter $buscar is implicitly treated as a required parameter in APPPATH\Models\producto_Model.php on line 76.
 1 SYSTEMPATH\Autoloader\Autoloader.php(311): include_once('C:\\xampp\\htdocs\\proyecto_espinola_emilia\\system\\Debug\\Exceptions.php')
 2 SYSTEMPATH\Autoloader\Autoloader.php(290): CodeIgniter\Autoloader\Autoloader->includeFile('C:\\xampp\\htdocs\\proyecto_espinola_emilia\\app\\Models\\producto_Model.php')
 3 SYSTEMPATH\Autoloader\Autoloader.php(266): CodeIgniter\Autoloader\Autoloader->loadInNamespace('App\\Models\\producto_Model')
 4 APPPATH\Controllers\carrito_controller.php(23): CodeIgniter\Autoloader\Autoloader->loadClass('App\\Models\\producto_Model')
 5 SYSTEMPATH\CodeIgniter.php(915): App\Controllers\carrito_controller->__construct()
 6 SYSTEMPATH\CodeIgniter.php(494): CodeIgniter\CodeIgniter->createController()
 7 SYSTEMPATH\CodeIgniter.php(361): CodeIgniter\CodeIgniter->handleRequest(null, Object(Config\Cache), false)
 8 FCPATH\index.php(79): CodeIgniter\CodeIgniter->run()
WARNING - 2026-03-03 23:06:36 --> [DEPRECATED] Optional parameter $talles declared before required parameter $buscar is implicitly treated as a required parameter in APPPATH\Models\producto_Model.php on line 0.
 1 SYSTEMPATH\Autoloader\Autoloader.php(311): include_once('C:\\xampp\\htdocs\\proyecto_espinola_emilia\\system\\Debug\\Exceptions.php')
 2 SYSTEMPATH\Autoloader\Autoloader.php(290): CodeIgniter\Autoloader\Autoloader->includeFile('C:\\xampp\\htdocs\\proyecto_espinola_emilia\\app\\Models\\producto_Model.php')
 3 SYSTEMPATH\Autoloader\Autoloader.php(266): CodeIgniter\Autoloader\Autoloader->loadInNamespace('App\\Models\\producto_Model')
 4 APPPATH\Controllers\carrito_controller.php(23): CodeIgniter\Autoloader\Autoloader->loadClass('App\\Models\\producto_Model')
 5 SYSTEMPATH\CodeIgniter.php(915): App\Controllers\carrito_controller->__construct()
 6 SYSTEMPATH\CodeIgniter.php(494): CodeIgniter\CodeIgniter->createController()
 7 SYSTEMPATH\CodeIgniter.php(361): CodeIgniter\CodeIgniter->handleRequest(null, Object(Config\Cache), false)
 8 FCPATH\index.php(79): CodeIgniter\CodeIgniter->run()
WARNING - 2026-03-03 23:06:36 --> [DEPRECATED] Optional parameter $categoria_id declared before required parameter $buscar is implicitly treated as a required parameter in APPPATH\Models\producto_Model.php on line 0.
 1 SYSTEMPATH\Autoloader\Autoloader.php(311): include_once('C:\\xampp\\htdocs\\proyecto_espinola_emilia\\system\\Debug\\Exceptions.php')
 2 SYSTEMPATH\Autoloader\Autoloader.php(290): CodeIgniter\Autoloader\Autoloader->includeFile('C:\\xampp\\htdocs\\proyecto_espinola_emilia\\app\\Models\\producto_Model.php')
 3 SYSTEMPATH\Autoloader\Autoloader.php(266): CodeIgniter\Autoloader\Autoloader->loadInNamespace('App\\Models\\producto_Model')
 4 APPPATH\Controllers\carrito_controller.php(23): CodeIgniter\Autoloader\Autoloader->loadClass('App\\Models\\producto_Model')
 5 SYSTEMPATH\CodeIgniter.php(915): App\Controllers\carrito_controller->__construct()
 6 SYSTEMPATH\CodeIgniter.php(494): CodeIgniter\CodeIgniter->createController()
 7 SYSTEMPATH\CodeIgniter.php(361): CodeIgniter\CodeIgniter->handleRequest(null, Object(Config\Cache), false)
 8 FCPATH\index.php(79): CodeIgniter\CodeIgniter->run()
INFO - 2026-03-03 23:06:36 --> Session: Class initialized using 'CodeIgniter\Session\Handlers\FileHandler' driver.
WARNING - 2026-03-03 23:06:40 --> [DEPRECATED] Optional parameter $colores declared before required parameter $buscar is implicitly treated as a required parameter in APPPATH\Models\producto_Model.php on line 76.
 1 SYSTEMPATH\Autoloader\Autoloader.php(311): include_once('C:\\xampp\\htdocs\\proyecto_espinola_emilia\\system\\Debug\\Exceptions.php')
 2 SYSTEMPATH\Autoloader\Autoloader.php(290): CodeIgniter\Autoloader\Autoloader->includeFile('C:\\xampp\\htdocs\\proyecto_espinola_emilia\\app\\Models\\producto_Model.php')
 3 SYSTEMPATH\Autoloader\Autoloader.php(266): CodeIgniter\Autoloader\Autoloader->loadInNamespace('App\\Models\\producto_Model')
 4 APPPATH\Controllers\carrito_controller.php(23): CodeIgniter\Autoloader\Autoloader->loadClass('App\\Models\\producto_Model')
 5 SYSTEMPATH\CodeIgniter.php(915): App\Controllers\carrito_controller->__construct()
 6 SYSTEMPATH\CodeIgniter.php(494): CodeIgniter\CodeIgniter->createController()
 7 SYSTEMPATH\CodeIgniter.php(361): CodeIgniter\CodeIgniter->handleRequest(null, Object(Config\Cache), false)
 8 FCPATH\index.php(79): CodeIgniter\CodeIgniter->run()
WARNING - 2026-03-03 23:06:40 --> [DEPRECATED] Optional parameter $talles declared before required parameter $buscar is implicitly treated as a required parameter in APPPATH\Models\producto_Model.php on line 0.
 1 SYSTEMPATH\Autoloader\Autoloader.php(311): include_once('C:\\xampp\\htdocs\\proyecto_espinola_emilia\\system\\Debug\\Exceptions.php')
 2 SYSTEMPATH\Autoloader\Autoloader.php(290): CodeIgniter\Autoloader\Autoloader->includeFile('C:\\xampp\\htdocs\\proyecto_espinola_emilia\\app\\Models\\producto_Model.php')
 3 SYSTEMPATH\Autoloader\Autoloader.php(266): CodeIgniter\Autoloader\Autoloader->loadInNamespace('App\\Models\\producto_Model')
 4 APPPATH\Controllers\carrito_controller.php(23): CodeIgniter\Autoloader\Autoloader->loadClass('App\\Models\\producto_Model')
 5 SYSTEMPATH\CodeIgniter.php(915): App\Controllers\carrito_controller->__construct()
 6 SYSTEMPATH\CodeIgniter.php(494): CodeIgniter\CodeIgniter->createController()
 7 SYSTEMPATH\CodeIgniter.php(361): CodeIgniter\CodeIgniter->handleRequest(null, Object(Config\Cache), false)
 8 FCPATH\index.php(79): CodeIgniter\CodeIgniter->run()
WARNING - 2026-03-03 23:06:40 --> [DEPRECATED] Optional parameter $categoria_id declared before required parameter $buscar is implicitly treated as a required parameter in APPPATH\Models\producto_Model.php on line 0.
 1 SYSTEMPATH\Autoloader\Autoloader.php(311): include_once('C:\\xampp\\htdocs\\proyecto_espinola_emilia\\system\\Debug\\Exceptions.php')
 2 SYSTEMPATH\Autoloader\Autoloader.php(290): CodeIgniter\Autoloader\Autoloader->includeFile('C:\\xampp\\htdocs\\proyecto_espinola_emilia\\app\\Models\\producto_Model.php')
 3 SYSTEMPATH\Autoloader\Autoloader.php(266): CodeIgniter\Autoloader\Autoloader->loadInNamespace('App\\Models\\producto_Model')
 4 APPPATH\Controllers\carrito_controller.php(23): CodeIgniter\Autoloader\Autoloader->loadClass('App\\Models\\producto_Model')
 5 SYSTEMPATH\CodeIgniter.php(915): App\Controllers\carrito_controller->__construct()
 6 SYSTEMPATH\CodeIgniter.php(494): CodeIgniter\CodeIgniter->createController()
 7 SYSTEMPATH\CodeIgniter.php(361): CodeIgniter\CodeIgniter->handleRequest(null, Object(Config\Cache), false)
 8 FCPATH\index.php(79): CodeIgniter\CodeIgniter->run()
INFO - 2026-03-03 23:06:40 --> Session: Class initialized using 'CodeIgniter\Session\Handlers\FileHandler' driver.
WARNING - 2026-03-03 23:06:40 --> [DEPRECATED] Optional parameter $colores declared before required parameter $buscar is implicitly treated as a required parameter in APPPATH\Models\producto_Model.php on line 76.
 1 SYSTEMPATH\Autoloader\Autoloader.php(311): include_once('C:\\xampp\\htdocs\\proyecto_espinola_emilia\\system\\Debug\\Exceptions.php')
 2 SYSTEMPATH\Autoloader\Autoloader.php(290): CodeIgniter\Autoloader\Autoloader->includeFile('C:\\xampp\\htdocs\\proyecto_espinola_emilia\\app\\Models\\producto_Model.php')
 3 SYSTEMPATH\Autoloader\Autoloader.php(266): CodeIgniter\Autoloader\Autoloader->loadInNamespace('App\\Models\\producto_Model')
 4 APPPATH\Controllers\carrito_controller.php(23): CodeIgniter\Autoloader\Autoloader->loadClass('App\\Models\\producto_Model')
 5 SYSTEMPATH\CodeIgniter.php(915): App\Controllers\carrito_controller->__construct()
 6 SYSTEMPATH\CodeIgniter.php(494): CodeIgniter\CodeIgniter->createController()
 7 SYSTEMPATH\CodeIgniter.php(361): CodeIgniter\CodeIgniter->handleRequest(null, Object(Config\Cache), false)
 8 FCPATH\index.php(79): CodeIgniter\CodeIgniter->run()
WARNING - 2026-03-03 23:06:40 --> [DEPRECATED] Optional parameter $talles declared before required parameter $buscar is implicitly treated as a required parameter in APPPATH\Models\producto_Model.php on line 0.
 1 SYSTEMPATH\Autoloader\Autoloader.php(311): include_once('C:\\xampp\\htdocs\\proyecto_espinola_emilia\\system\\Debug\\Exceptions.php')
 2 SYSTEMPATH\Autoloader\Autoloader.php(290): CodeIgniter\Autoloader\Autoloader->includeFile('C:\\xampp\\htdocs\\proyecto_espinola_emilia\\app\\Models\\producto_Model.php')
 3 SYSTEMPATH\Autoloader\Autoloader.php(266): CodeIgniter\Autoloader\Autoloader->loadInNamespace('App\\Models\\producto_Model')
 4 APPPATH\Controllers\carrito_controller.php(23): CodeIgniter\Autoloader\Autoloader->loadClass('App\\Models\\producto_Model')
 5 SYSTEMPATH\CodeIgniter.php(915): App\Controllers\carrito_controller->__construct()
 6 SYSTEMPATH\CodeIgniter.php(494): CodeIgniter\CodeIgniter->createController()
 7 SYSTEMPATH\CodeIgniter.php(361): CodeIgniter\CodeIgniter->handleRequest(null, Object(Config\Cache), false)
 8 FCPATH\index.php(79): CodeIgniter\CodeIgniter->run()
WARNING - 2026-03-03 23:06:40 --> [DEPRECATED] Optional parameter $categoria_id declared before required parameter $buscar is implicitly treated as a required parameter in APPPATH\Models\producto_Model.php on line 0.
 1 SYSTEMPATH\Autoloader\Autoloader.php(311): include_once('C:\\xampp\\htdocs\\proyecto_espinola_emilia\\system\\Debug\\Exceptions.php')
 2 SYSTEMPATH\Autoloader\Autoloader.php(290): CodeIgniter\Autoloader\Autoloader->includeFile('C:\\xampp\\htdocs\\proyecto_espinola_emilia\\app\\Models\\producto_Model.php')
 3 SYSTEMPATH\Autoloader\Autoloader.php(266): CodeIgniter\Autoloader\Autoloader->loadInNamespace('App\\Models\\producto_Model')
 4 APPPATH\Controllers\carrito_controller.php(23): CodeIgniter\Autoloader\Autoloader->loadClass('App\\Models\\producto_Model')
 5 SYSTEMPATH\CodeIgniter.php(915): App\Controllers\carrito_controller->__construct()
 6 SYSTEMPATH\CodeIgniter.php(494): CodeIgniter\CodeIgniter->createController()
 7 SYSTEMPATH\CodeIgniter.php(361): CodeIgniter\CodeIgniter->handleRequest(null, Object(Config\Cache), false)
 8 FCPATH\index.php(79): CodeIgniter\CodeIgniter->run()
INFO - 2026-03-03 23:06:40 --> Session: Class initialized using 'CodeIgniter\Session\Handlers\FileHandler' driver.
WARNING - 2026-03-03 23:06:41 --> [DEPRECATED] Optional parameter $colores declared before required parameter $buscar is implicitly treated as a required parameter in APPPATH\Models\producto_Model.php on line 76.
 1 SYSTEMPATH\Autoloader\Autoloader.php(311): include_once('C:\\xampp\\htdocs\\proyecto_espinola_emilia\\system\\Debug\\Exceptions.php')
 2 SYSTEMPATH\Autoloader\Autoloader.php(290): CodeIgniter\Autoloader\Autoloader->includeFile('C:\\xampp\\htdocs\\proyecto_espinola_emilia\\app\\Models\\producto_Model.php')
 3 SYSTEMPATH\Autoloader\Autoloader.php(266): CodeIgniter\Autoloader\Autoloader->loadInNamespace('App\\Models\\producto_Model')
 4 APPPATH\Controllers\carrito_controller.php(23): CodeIgniter\Autoloader\Autoloader->loadClass('App\\Models\\producto_Model')
 5 SYSTEMPATH\CodeIgniter.php(915): App\Controllers\carrito_controller->__construct()
 6 SYSTEMPATH\CodeIgniter.php(494): CodeIgniter\CodeIgniter->createController()
 7 SYSTEMPATH\CodeIgniter.php(361): CodeIgniter\CodeIgniter->handleRequest(null, Object(Config\Cache), false)
 8 FCPATH\index.php(79): CodeIgniter\CodeIgniter->run()
WARNING - 2026-03-03 23:06:41 --> [DEPRECATED] Optional parameter $talles declared before required parameter $buscar is implicitly treated as a required parameter in APPPATH\Models\producto_Model.php on line 0.
 1 SYSTEMPATH\Autoloader\Autoloader.php(311): include_once('C:\\xampp\\htdocs\\proyecto_espinola_emilia\\system\\Debug\\Exceptions.php')
 2 SYSTEMPATH\Autoloader\Autoloader.php(290): CodeIgniter\Autoloader\Autoloader->includeFile('C:\\xampp\\htdocs\\proyecto_espinola_emilia\\app\\Models\\producto_Model.php')
 3 SYSTEMPATH\Autoloader\Autoloader.php(266): CodeIgniter\Autoloader\Autoloader->loadInNamespace('App\\Models\\producto_Model')
 4 APPPATH\Controllers\carrito_controller.php(23): CodeIgniter\Autoloader\Autoloader->loadClass('App\\Models\\producto_Model')
 5 SYSTEMPATH\CodeIgniter.php(915): App\Controllers\carrito_controller->__construct()
 6 SYSTEMPATH\CodeIgniter.php(494): CodeIgniter\CodeIgniter->createController()
 7 SYSTEMPATH\CodeIgniter.php(361): CodeIgniter\CodeIgniter->handleRequest(null, Object(Config\Cache), false)
 8 FCPATH\index.php(79): CodeIgniter\CodeIgniter->run()
WARNING - 2026-03-03 23:06:41 --> [DEPRECATED] Optional parameter $categoria_id declared before required parameter $buscar is implicitly treated as a required parameter in APPPATH\Models\producto_Model.php on line 0.
 1 SYSTEMPATH\Autoloader\Autoloader.php(311): include_once('C:\\xampp\\htdocs\\proyecto_espinola_emilia\\system\\Debug\\Exceptions.php')
 2 SYSTEMPATH\Autoloader\Autoloader.php(290): CodeIgniter\Autoloader\Autoloader->includeFile('C:\\xampp\\htdocs\\proyecto_espinola_emilia\\app\\Models\\producto_Model.php')
 3 SYSTEMPATH\Autoloader\Autoloader.php(266): CodeIgniter\Autoloader\Autoloader->loadInNamespace('App\\Models\\producto_Model')
 4 APPPATH\Controllers\carrito_controller.php(23): CodeIgniter\Autoloader\Autoloader->loadClass('App\\Models\\producto_Model')
 5 SYSTEMPATH\CodeIgniter.php(915): App\Controllers\carrito_controller->__construct()
 6 SYSTEMPATH\CodeIgniter.php(494): CodeIgniter\CodeIgniter->createController()
 7 SYSTEMPATH\CodeIgniter.php(361): CodeIgniter\CodeIgniter->handleRequest(null, Object(Config\Cache), false)
 8 FCPATH\index.php(79): CodeIgniter\CodeIgniter->run()
INFO - 2026-03-03 23:06:41 --> Session: Class initialized using 'CodeIgniter\Session\Handlers\FileHandler' driver.
WARNING - 2026-03-03 23:06:46 --> [DEPRECATED] Optional parameter $colores declared before required parameter $buscar is implicitly treated as a required parameter in APPPATH\Models\producto_Model.php on line 76.
 1 SYSTEMPATH\Autoloader\Autoloader.php(311): include_once('C:\\xampp\\htdocs\\proyecto_espinola_emilia\\system\\Debug\\Exceptions.php')
 2 SYSTEMPATH\Autoloader\Autoloader.php(290): CodeIgniter\Autoloader\Autoloader->includeFile('C:\\xampp\\htdocs\\proyecto_espinola_emilia\\app\\Models\\producto_Model.php')
 3 SYSTEMPATH\Autoloader\Autoloader.php(266): CodeIgniter\Autoloader\Autoloader->loadInNamespace('App\\Models\\producto_Model')
 4 APPPATH\Controllers\ventas_controller.php(24): CodeIgniter\Autoloader\Autoloader->loadClass('App\\Models\\producto_Model')
 5 SYSTEMPATH\CodeIgniter.php(915): App\Controllers\ventas_controller->__construct()
 6 SYSTEMPATH\CodeIgniter.php(494): CodeIgniter\CodeIgniter->createController()
 7 SYSTEMPATH\CodeIgniter.php(361): CodeIgniter\CodeIgniter->handleRequest(null, Object(Config\Cache), false)
 8 FCPATH\index.php(79): CodeIgniter\CodeIgniter->run()
WARNING - 2026-03-03 23:06:46 --> [DEPRECATED] Optional parameter $talles declared before required parameter $buscar is implicitly treated as a required parameter in APPPATH\Models\producto_Model.php on line 0.
 1 SYSTEMPATH\Autoloader\Autoloader.php(311): include_once('C:\\xampp\\htdocs\\proyecto_espinola_emilia\\system\\Debug\\Exceptions.php')
 2 SYSTEMPATH\Autoloader\Autoloader.php(290): CodeIgniter\Autoloader\Autoloader->includeFile('C:\\xampp\\htdocs\\proyecto_espinola_emilia\\app\\Models\\producto_Model.php')
 3 SYSTEMPATH\Autoloader\Autoloader.php(266): CodeIgniter\Autoloader\Autoloader->loadInNamespace('App\\Models\\producto_Model')
 4 APPPATH\Controllers\ventas_controller.php(24): CodeIgniter\Autoloader\Autoloader->loadClass('App\\Models\\producto_Model')
 5 SYSTEMPATH\CodeIgniter.php(915): App\Controllers\ventas_controller->__construct()
 6 SYSTEMPATH\CodeIgniter.php(494): CodeIgniter\CodeIgniter->createController()
 7 SYSTEMPATH\CodeIgniter.php(361): CodeIgniter\CodeIgniter->handleRequest(null, Object(Config\Cache), false)
 8 FCPATH\index.php(79): CodeIgniter\CodeIgniter->run()
WARNING - 2026-03-03 23:06:46 --> [DEPRECATED] Optional parameter $categoria_id declared before required parameter $buscar is implicitly treated as a required parameter in APPPATH\Models\producto_Model.php on line 0.
 1 SYSTEMPATH\Autoloader\Autoloader.php(311): include_once('C:\\xampp\\htdocs\\proyecto_espinola_emilia\\system\\Debug\\Exceptions.php')
 2 SYSTEMPATH\Autoloader\Autoloader.php(290): CodeIgniter\Autoloader\Autoloader->includeFile('C:\\xampp\\htdocs\\proyecto_espinola_emilia\\app\\Models\\producto_Model.php')
 3 SYSTEMPATH\Autoloader\Autoloader.php(266): CodeIgniter\Autoloader\Autoloader->loadInNamespace('App\\Models\\producto_Model')
 4 APPPATH\Controllers\ventas_controller.php(24): CodeIgniter\Autoloader\Autoloader->loadClass('App\\Models\\producto_Model')
 5 SYSTEMPATH\CodeIgniter.php(915): App\Controllers\ventas_controller->__construct()
 6 SYSTEMPATH\CodeIgniter.php(494): CodeIgniter\CodeIgniter->createController()
 7 SYSTEMPATH\CodeIgniter.php(361): CodeIgniter\CodeIgniter->handleRequest(null, Object(Config\Cache), false)
 8 FCPATH\index.php(79): CodeIgniter\CodeIgniter->run()
WARNING - 2026-03-03 23:06:46 --> [DEPRECATED] Creation of dynamic property App\Controllers\ventas_controller::$productosDetalle is deprecated in APPPATH\Controllers\ventas_controller.php on line 25.
 1 SYSTEMPATH\CodeIgniter.php(915): App\Controllers\ventas_controller->__construct()
 2 SYSTEMPATH\CodeIgniter.php(494): CodeIgniter\CodeIgniter->createController()
 3 SYSTEMPATH\CodeIgniter.php(361): CodeIgniter\CodeIgniter->handleRequest(null, Object(Config\Cache), false)
 4 FCPATH\index.php(79): CodeIgniter\CodeIgniter->run()
INFO - 2026-03-03 23:06:46 --> Session: Class initialized using 'CodeIgniter\Session\Handlers\FileHandler' driver.
WARNING - 2026-03-03 23:11:40 --> [DEPRECATED] Optional parameter $colores declared before required parameter $buscar is implicitly treated as a required parameter in APPPATH\Models\producto_Model.php on line 76.
 1 SYSTEMPATH\Autoloader\Autoloader.php(311): include_once('C:\\xampp\\htdocs\\proyecto_espinola_emilia\\system\\Debug\\Exceptions.php')
 2 SYSTEMPATH\Autoloader\Autoloader.php(290): CodeIgniter\Autoloader\Autoloader->includeFile('C:\\xampp\\htdocs\\proyecto_espinola_emilia\\app\\Models\\producto_Model.php')
 3 SYSTEMPATH\Autoloader\Autoloader.php(266): CodeIgniter\Autoloader\Autoloader->loadInNamespace('App\\Models\\producto_Model')
 4 APPPATH\Controllers\carrito_controller.php(23): CodeIgniter\Autoloader\Autoloader->loadClass('App\\Models\\producto_Model')
 5 SYSTEMPATH\CodeIgniter.php(915): App\Controllers\carrito_controller->__construct()
 6 SYSTEMPATH\CodeIgniter.php(494): CodeIgniter\CodeIgniter->createController()
 7 SYSTEMPATH\CodeIgniter.php(361): CodeIgniter\CodeIgniter->handleRequest(null, Object(Config\Cache), false)
 8 FCPATH\index.php(79): CodeIgniter\CodeIgniter->run()
WARNING - 2026-03-03 23:11:40 --> [DEPRECATED] Optional parameter $talles declared before required parameter $buscar is implicitly treated as a required parameter in APPPATH\Models\producto_Model.php on line 0.
 1 SYSTEMPATH\Autoloader\Autoloader.php(311): include_once('C:\\xampp\\htdocs\\proyecto_espinola_emilia\\system\\Debug\\Exceptions.php')
 2 SYSTEMPATH\Autoloader\Autoloader.php(290): CodeIgniter\Autoloader\Autoloader->includeFile('C:\\xampp\\htdocs\\proyecto_espinola_emilia\\app\\Models\\producto_Model.php')
 3 SYSTEMPATH\Autoloader\Autoloader.php(266): CodeIgniter\Autoloader\Autoloader->loadInNamespace('App\\Models\\producto_Model')
 4 APPPATH\Controllers\carrito_controller.php(23): CodeIgniter\Autoloader\Autoloader->loadClass('App\\Models\\producto_Model')
 5 SYSTEMPATH\CodeIgniter.php(915): App\Controllers\carrito_controller->__construct()
 6 SYSTEMPATH\CodeIgniter.php(494): CodeIgniter\CodeIgniter->createController()
 7 SYSTEMPATH\CodeIgniter.php(361): CodeIgniter\CodeIgniter->handleRequest(null, Object(Config\Cache), false)
 8 FCPATH\index.php(79): CodeIgniter\CodeIgniter->run()
WARNING - 2026-03-03 23:11:40 --> [DEPRECATED] Optional parameter $categoria_id declared before required parameter $buscar is implicitly treated as a required parameter in APPPATH\Models\producto_Model.php on line 0.
 1 SYSTEMPATH\Autoloader\Autoloader.php(311): include_once('C:\\xampp\\htdocs\\proyecto_espinola_emilia\\system\\Debug\\Exceptions.php')
 2 SYSTEMPATH\Autoloader\Autoloader.php(290): CodeIgniter\Autoloader\Autoloader->includeFile('C:\\xampp\\htdocs\\proyecto_espinola_emilia\\app\\Models\\producto_Model.php')
 3 SYSTEMPATH\Autoloader\Autoloader.php(266): CodeIgniter\Autoloader\Autoloader->loadInNamespace('App\\Models\\producto_Model')
 4 APPPATH\Controllers\carrito_controller.php(23): CodeIgniter\Autoloader\Autoloader->loadClass('App\\Models\\producto_Model')
 5 SYSTEMPATH\CodeIgniter.php(915): App\Controllers\carrito_controller->__construct()
 6 SYSTEMPATH\CodeIgniter.php(494): CodeIgniter\CodeIgniter->createController()
 7 SYSTEMPATH\CodeIgniter.php(361): CodeIgniter\CodeIgniter->handleRequest(null, Object(Config\Cache), false)
 8 FCPATH\index.php(79): CodeIgniter\CodeIgniter->run()
INFO - 2026-03-03 23:11:40 --> Session: Class initialized using 'CodeIgniter\Session\Handlers\FileHandler' driver.
WARNING - 2026-03-03 23:11:42 --> [DEPRECATED] Optional parameter $colores declared before required parameter $buscar is implicitly treated as a required parameter in APPPATH\Models\producto_Model.php on line 76.
 1 SYSTEMPATH\Autoloader\Autoloader.php(311): include_once('C:\\xampp\\htdocs\\proyecto_espinola_emilia\\system\\Debug\\Exceptions.php')
 2 SYSTEMPATH\Autoloader\Autoloader.php(290): CodeIgniter\Autoloader\Autoloader->includeFile('C:\\xampp\\htdocs\\proyecto_espinola_emilia\\app\\Models\\producto_Model.php')
 3 SYSTEMPATH\Autoloader\Autoloader.php(266): CodeIgniter\Autoloader\Autoloader->loadInNamespace('App\\Models\\producto_Model')
 4 APPPATH\Controllers\carrito_controller.php(23): CodeIgniter\Autoloader\Autoloader->loadClass('App\\Models\\producto_Model')
 5 SYSTEMPATH\CodeIgniter.php(915): App\Controllers\carrito_controller->__construct()
 6 SYSTEMPATH\CodeIgniter.php(494): CodeIgniter\CodeIgniter->createController()
 7 SYSTEMPATH\CodeIgniter.php(361): CodeIgniter\CodeIgniter->handleRequest(null, Object(Config\Cache), false)
 8 FCPATH\index.php(79): CodeIgniter\CodeIgniter->run()
WARNING - 2026-03-03 23:11:42 --> [DEPRECATED] Optional parameter $talles declared before required parameter $buscar is implicitly treated as a required parameter in APPPATH\Models\producto_Model.php on line 0.
 1 SYSTEMPATH\Autoloader\Autoloader.php(311): include_once('C:\\xampp\\htdocs\\proyecto_espinola_emilia\\system\\Debug\\Exceptions.php')
 2 SYSTEMPATH\Autoloader\Autoloader.php(290): CodeIgniter\Autoloader\Autoloader->includeFile('C:\\xampp\\htdocs\\proyecto_espinola_emilia\\app\\Models\\producto_Model.php')
 3 SYSTEMPATH\Autoloader\Autoloader.php(266): CodeIgniter\Autoloader\Autoloader->loadInNamespace('App\\Models\\producto_Model')
 4 APPPATH\Controllers\carrito_controller.php(23): CodeIgniter\Autoloader\Autoloader->loadClass('App\\Models\\producto_Model')
 5 SYSTEMPATH\CodeIgniter.php(915): App\Controllers\carrito_controller->__construct()
 6 SYSTEMPATH\CodeIgniter.php(494): CodeIgniter\CodeIgniter->createController()
 7 SYSTEMPATH\CodeIgniter.php(361): CodeIgniter\CodeIgniter->handleRequest(null, Object(Config\Cache), false)
 8 FCPATH\index.php(79): CodeIgniter\CodeIgniter->run()
WARNING - 2026-03-03 23:11:42 --> [DEPRECATED] Optional parameter $categoria_id declared before required parameter $buscar is implicitly treated as a required parameter in APPPATH\Models\producto_Model.php on line 0.
 1 SYSTEMPATH\Autoloader\Autoloader.php(311): include_once('C:\\xampp\\htdocs\\proyecto_espinola_emilia\\system\\Debug\\Exceptions.php')
 2 SYSTEMPATH\Autoloader\Autoloader.php(290): CodeIgniter\Autoloader\Autoloader->includeFile('C:\\xampp\\htdocs\\proyecto_espinola_emilia\\app\\Models\\producto_Model.php')
 3 SYSTEMPATH\Autoloader\Autoloader.php(266): CodeIgniter\Autoloader\Autoloader->loadInNamespace('App\\Models\\producto_Model')
 4 APPPATH\Controllers\carrito_controller.php(23): CodeIgniter\Autoloader\Autoloader->loadClass('App\\Models\\producto_Model')
 5 SYSTEMPATH\CodeIgniter.php(915): App\Controllers\carrito_controller->__construct()
 6 SYSTEMPATH\CodeIgniter.php(494): CodeIgniter\CodeIgniter->createController()
 7 SYSTEMPATH\CodeIgniter.php(361): CodeIgniter\CodeIgniter->handleRequest(null, Object(Config\Cache), false)
 8 FCPATH\index.php(79): CodeIgniter\CodeIgniter->run()
INFO - 2026-03-03 23:11:42 --> Session: Class initialized using 'CodeIgniter\Session\Handlers\FileHandler' driver.
WARNING - 2026-03-03 23:11:42 --> [DEPRECATED] Optional parameter $colores declared before required parameter $buscar is implicitly treated as a required parameter in APPPATH\Models\producto_Model.php on line 76.
 1 SYSTEMPATH\Autoloader\Autoloader.php(311): include_once('C:\\xampp\\htdocs\\proyecto_espinola_emilia\\system\\Debug\\Exceptions.php')
 2 SYSTEMPATH\Autoloader\Autoloader.php(290): CodeIgniter\Autoloader\Autoloader->includeFile('C:\\xampp\\htdocs\\proyecto_espinola_emilia\\app\\Models\\producto_Model.php')
 3 SYSTEMPATH\Autoloader\Autoloader.php(266): CodeIgniter\Autoloader\Autoloader->loadInNamespace('App\\Models\\producto_Model')
 4 APPPATH\Controllers\carrito_controller.php(23): CodeIgniter\Autoloader\Autoloader->loadClass('App\\Models\\producto_Model')
 5 SYSTEMPATH\CodeIgniter.php(915): App\Controllers\carrito_controller->__construct()
 6 SYSTEMPATH\CodeIgniter.php(494): CodeIgniter\CodeIgniter->createController()
 7 SYSTEMPATH\CodeIgniter.php(361): CodeIgniter\CodeIgniter->handleRequest(null, Object(Config\Cache), false)
 8 FCPATH\index.php(79): CodeIgniter\CodeIgniter->run()
WARNING - 2026-03-03 23:11:42 --> [DEPRECATED] Optional parameter $talles declared before required parameter $buscar is implicitly treated as a required parameter in APPPATH\Models\producto_Model.php on line 0.
 1 SYSTEMPATH\Autoloader\Autoloader.php(311): include_once('C:\\xampp\\htdocs\\proyecto_espinola_emilia\\system\\Debug\\Exceptions.php')
 2 SYSTEMPATH\Autoloader\Autoloader.php(290): CodeIgniter\Autoloader\Autoloader->includeFile('C:\\xampp\\htdocs\\proyecto_espinola_emilia\\app\\Models\\producto_Model.php')
 3 SYSTEMPATH\Autoloader\Autoloader.php(266): CodeIgniter\Autoloader\Autoloader->loadInNamespace('App\\Models\\producto_Model')
 4 APPPATH\Controllers\carrito_controller.php(23): CodeIgniter\Autoloader\Autoloader->loadClass('App\\Models\\producto_Model')
 5 SYSTEMPATH\CodeIgniter.php(915): App\Controllers\carrito_controller->__construct()
 6 SYSTEMPATH\CodeIgniter.php(494): CodeIgniter\CodeIgniter->createController()
 7 SYSTEMPATH\CodeIgniter.php(361): CodeIgniter\CodeIgniter->handleRequest(null, Object(Config\Cache), false)
 8 FCPATH\index.php(79): CodeIgniter\CodeIgniter->run()
WARNING - 2026-03-03 23:11:42 --> [DEPRECATED] Optional parameter $categoria_id declared before required parameter $buscar is implicitly treated as a required parameter in APPPATH\Models\producto_Model.php on line 0.
 1 SYSTEMPATH\Autoloader\Autoloader.php(311): include_once('C:\\xampp\\htdocs\\proyecto_espinola_emilia\\system\\Debug\\Exceptions.php')
 2 SYSTEMPATH\Autoloader\Autoloader.php(290): CodeIgniter\Autoloader\Autoloader->includeFile('C:\\xampp\\htdocs\\proyecto_espinola_emilia\\app\\Models\\producto_Model.php')
 3 SYSTEMPATH\Autoloader\Autoloader.php(266): CodeIgniter\Autoloader\Autoloader->loadInNamespace('App\\Models\\producto_Model')
 4 APPPATH\Controllers\carrito_controller.php(23): CodeIgniter\Autoloader\Autoloader->loadClass('App\\Models\\producto_Model')
 5 SYSTEMPATH\CodeIgniter.php(915): App\Controllers\carrito_controller->__construct()
 6 SYSTEMPATH\CodeIgniter.php(494): CodeIgniter\CodeIgniter->createController()
 7 SYSTEMPATH\CodeIgniter.php(361): CodeIgniter\CodeIgniter->handleRequest(null, Object(Config\Cache), false)
 8 FCPATH\index.php(79): CodeIgniter\CodeIgniter->run()
INFO - 2026-03-03 23:11:43 --> Session: Class initialized using 'CodeIgniter\Session\Handlers\FileHandler' driver.
WARNING - 2026-03-03 23:11:44 --> [DEPRECATED] Optional parameter $colores declared before required parameter $buscar is implicitly treated as a required parameter in APPPATH\Models\producto_Model.php on line 76.
 1 SYSTEMPATH\Autoloader\Autoloader.php(311): include_once('C:\\xampp\\htdocs\\proyecto_espinola_emilia\\system\\Debug\\Exceptions.php')
 2 SYSTEMPATH\Autoloader\Autoloader.php(290): CodeIgniter\Autoloader\Autoloader->includeFile('C:\\xampp\\htdocs\\proyecto_espinola_emilia\\app\\Models\\producto_Model.php')
 3 SYSTEMPATH\Autoloader\Autoloader.php(266): CodeIgniter\Autoloader\Autoloader->loadInNamespace('App\\Models\\producto_Model')
 4 APPPATH\Controllers\carrito_controller.php(23): CodeIgniter\Autoloader\Autoloader->loadClass('App\\Models\\producto_Model')
 5 SYSTEMPATH\CodeIgniter.php(915): App\Controllers\carrito_controller->__construct()
 6 SYSTEMPATH\CodeIgniter.php(494): CodeIgniter\CodeIgniter->createController()
 7 SYSTEMPATH\CodeIgniter.php(361): CodeIgniter\CodeIgniter->handleRequest(null, Object(Config\Cache), false)
 8 FCPATH\index.php(79): CodeIgniter\CodeIgniter->run()
WARNING - 2026-03-03 23:11:44 --> [DEPRECATED] Optional parameter $talles declared before required parameter $buscar is implicitly treated as a required parameter in APPPATH\Models\producto_Model.php on line 0.
 1 SYSTEMPATH\Autoloader\Autoloader.php(311): include_once('C:\\xampp\\htdocs\\proyecto_espinola_emilia\\system\\Debug\\Exceptions.php')
 2 SYSTEMPATH\Autoloader\Autoloader.php(290): CodeIgniter\Autoloader\Autoloader->includeFile('C:\\xampp\\htdocs\\proyecto_espinola_emilia\\app\\Models\\producto_Model.php')
 3 SYSTEMPATH\Autoloader\Autoloader.php(266): CodeIgniter\Autoloader\Autoloader->loadInNamespace('App\\Models\\producto_Model')
 4 APPPATH\Controllers\carrito_controller.php(23): CodeIgniter\Autoloader\Autoloader->loadClass('App\\Models\\producto_Model')
 5 SYSTEMPATH\CodeIgniter.php(915): App\Controllers\carrito_controller->__construct()
 6 SYSTEMPATH\CodeIgniter.php(494): CodeIgniter\CodeIgniter->createController()
 7 SYSTEMPATH\CodeIgniter.php(361): CodeIgniter\CodeIgniter->handleRequest(null, Object(Config\Cache), false)
 8 FCPATH\index.php(79): CodeIgniter\CodeIgniter->run()
WARNING - 2026-03-03 23:11:44 --> [DEPRECATED] Optional parameter $categoria_id declared before required parameter $buscar is implicitly treated as a required parameter in APPPATH\Models\producto_Model.php on line 0.
 1 SYSTEMPATH\Autoloader\Autoloader.php(311): include_once('C:\\xampp\\htdocs\\proyecto_espinola_emilia\\system\\Debug\\Exceptions.php')
 2 SYSTEMPATH\Autoloader\Autoloader.php(290): CodeIgniter\Autoloader\Autoloader->includeFile('C:\\xampp\\htdocs\\proyecto_espinola_emilia\\app\\Models\\producto_Model.php')
 3 SYSTEMPATH\Autoloader\Autoloader.php(266): CodeIgniter\Autoloader\Autoloader->loadInNamespace('App\\Models\\producto_Model')
 4 APPPATH\Controllers\carrito_controller.php(23): CodeIgniter\Autoloader\Autoloader->loadClass('App\\Models\\producto_Model')
 5 SYSTEMPATH\CodeIgniter.php(915): App\Controllers\carrito_controller->__construct()
 6 SYSTEMPATH\CodeIgniter.php(494): CodeIgniter\CodeIgniter->createController()
 7 SYSTEMPATH\CodeIgniter.php(361): CodeIgniter\CodeIgniter->handleRequest(null, Object(Config\Cache), false)
 8 FCPATH\index.php(79): CodeIgniter\CodeIgniter->run()
INFO - 2026-03-03 23:11:44 --> Session: Class initialized using 'CodeIgniter\Session\Handlers\FileHandler' driver.
WARNING - 2026-03-03 23:11:46 --> [DEPRECATED] Optional parameter $colores declared before required parameter $buscar is implicitly treated as a required parameter in APPPATH\Models\producto_Model.php on line 76.
 1 SYSTEMPATH\Autoloader\Autoloader.php(311): include_once('C:\\xampp\\htdocs\\proyecto_espinola_emilia\\system\\Debug\\Exceptions.php')
 2 SYSTEMPATH\Autoloader\Autoloader.php(290): CodeIgniter\Autoloader\Autoloader->includeFile('C:\\xampp\\htdocs\\proyecto_espinola_emilia\\app\\Models\\producto_Model.php')
 3 SYSTEMPATH\Autoloader\Autoloader.php(266): CodeIgniter\Autoloader\Autoloader->loadInNamespace('App\\Models\\producto_Model')
 4 APPPATH\Controllers\carrito_controller.php(23): CodeIgniter\Autoloader\Autoloader->loadClass('App\\Models\\producto_Model')
 5 SYSTEMPATH\CodeIgniter.php(915): App\Controllers\carrito_controller->__construct()
 6 SYSTEMPATH\CodeIgniter.php(494): CodeIgniter\CodeIgniter->createController()
 7 SYSTEMPATH\CodeIgniter.php(361): CodeIgniter\CodeIgniter->handleRequest(null, Object(Config\Cache), false)
 8 FCPATH\index.php(79): CodeIgniter\CodeIgniter->run()
WARNING - 2026-03-03 23:11:46 --> [DEPRECATED] Optional parameter $talles declared before required parameter $buscar is implicitly treated as a required parameter in APPPATH\Models\producto_Model.php on line 0.
 1 SYSTEMPATH\Autoloader\Autoloader.php(311): include_once('C:\\xampp\\htdocs\\proyecto_espinola_emilia\\system\\Debug\\Exceptions.php')
 2 SYSTEMPATH\Autoloader\Autoloader.php(290): CodeIgniter\Autoloader\Autoloader->includeFile('C:\\xampp\\htdocs\\proyecto_espinola_emilia\\app\\Models\\producto_Model.php')
 3 SYSTEMPATH\Autoloader\Autoloader.php(266): CodeIgniter\Autoloader\Autoloader->loadInNamespace('App\\Models\\producto_Model')
 4 APPPATH\Controllers\carrito_controller.php(23): CodeIgniter\Autoloader\Autoloader->loadClass('App\\Models\\producto_Model')
 5 SYSTEMPATH\CodeIgniter.php(915): App\Controllers\carrito_controller->__construct()
 6 SYSTEMPATH\CodeIgniter.php(494): CodeIgniter\CodeIgniter->createController()
 7 SYSTEMPATH\CodeIgniter.php(361): CodeIgniter\CodeIgniter->handleRequest(null, Object(Config\Cache), false)
 8 FCPATH\index.php(79): CodeIgniter\CodeIgniter->run()
WARNING - 2026-03-03 23:11:46 --> [DEPRECATED] Optional parameter $categoria_id declared before required parameter $buscar is implicitly treated as a required parameter in APPPATH\Models\producto_Model.php on line 0.
 1 SYSTEMPATH\Autoloader\Autoloader.php(311): include_once('C:\\xampp\\htdocs\\proyecto_espinola_emilia\\system\\Debug\\Exceptions.php')
 2 SYSTEMPATH\Autoloader\Autoloader.php(290): CodeIgniter\Autoloader\Autoloader->includeFile('C:\\xampp\\htdocs\\proyecto_espinola_emilia\\app\\Models\\producto_Model.php')
 3 SYSTEMPATH\Autoloader\Autoloader.php(266): CodeIgniter\Autoloader\Autoloader->loadInNamespace('App\\Models\\producto_Model')
 4 APPPATH\Controllers\carrito_controller.php(23): CodeIgniter\Autoloader\Autoloader->loadClass('App\\Models\\producto_Model')
 5 SYSTEMPATH\CodeIgniter.php(915): App\Controllers\carrito_controller->__construct()
 6 SYSTEMPATH\CodeIgniter.php(494): CodeIgniter\CodeIgniter->createController()
 7 SYSTEMPATH\CodeIgniter.php(361): CodeIgniter\CodeIgniter->handleRequest(null, Object(Config\Cache), false)
 8 FCPATH\index.php(79): CodeIgniter\CodeIgniter->run()
INFO - 2026-03-03 23:11:46 --> Session: Class initialized using 'CodeIgniter\Session\Handlers\FileHandler' driver.
WARNING - 2026-03-03 23:11:47 --> [DEPRECATED] Optional parameter $colores declared before required parameter $buscar is implicitly treated as a required parameter in APPPATH\Models\producto_Model.php on line 76.
 1 SYSTEMPATH\Autoloader\Autoloader.php(311): include_once('C:\\xampp\\htdocs\\proyecto_espinola_emilia\\system\\Debug\\Exceptions.php')
 2 SYSTEMPATH\Autoloader\Autoloader.php(290): CodeIgniter\Autoloader\Autoloader->includeFile('C:\\xampp\\htdocs\\proyecto_espinola_emilia\\app\\Models\\producto_Model.php')
 3 SYSTEMPATH\Autoloader\Autoloader.php(266): CodeIgniter\Autoloader\Autoloader->loadInNamespace('App\\Models\\producto_Model')
 4 APPPATH\Controllers\carrito_controller.php(23): CodeIgniter\Autoloader\Autoloader->loadClass('App\\Models\\producto_Model')
 5 SYSTEMPATH\CodeIgniter.php(915): App\Controllers\carrito_controller->__construct()
 6 SYSTEMPATH\CodeIgniter.php(494): CodeIgniter\CodeIgniter->createController()
 7 SYSTEMPATH\CodeIgniter.php(361): CodeIgniter\CodeIgniter->handleRequest(null, Object(Config\Cache), false)
 8 FCPATH\index.php(79): CodeIgniter\CodeIgniter->run()
WARNING - 2026-03-03 23:11:47 --> [DEPRECATED] Optional parameter $talles declared before required parameter $buscar is implicitly treated as a required parameter in APPPATH\Models\producto_Model.php on line 0.
 1 SYSTEMPATH\Autoloader\Autoloader.php(311): include_once('C:\\xampp\\htdocs\\proyecto_espinola_emilia\\system\\Debug\\Exceptions.php')
 2 SYSTEMPATH\Autoloader\Autoloader.php(290): CodeIgniter\Autoloader\Autoloader->includeFile('C:\\xampp\\htdocs\\proyecto_espinola_emilia\\app\\Models\\producto_Model.php')
 3 SYSTEMPATH\Autoloader\Autoloader.php(266): CodeIgniter\Autoloader\Autoloader->loadInNamespace('App\\Models\\producto_Model')
 4 APPPATH\Controllers\carrito_controller.php(23): CodeIgniter\Autoloader\Autoloader->loadClass('App\\Models\\producto_Model')
 5 SYSTEMPATH\CodeIgniter.php(915): App\Controllers\carrito_controller->__construct()
 6 SYSTEMPATH\CodeIgniter.php(494): CodeIgniter\CodeIgniter->createController()
 7 SYSTEMPATH\CodeIgniter.php(361): CodeIgniter\CodeIgniter->handleRequest(null, Object(Config\Cache), false)
 8 FCPATH\index.php(79): CodeIgniter\CodeIgniter->run()
WARNING - 2026-03-03 23:11:47 --> [DEPRECATED] Optional parameter $categoria_id declared before required parameter $buscar is implicitly treated as a required parameter in APPPATH\Models\producto_Model.php on line 0.
 1 SYSTEMPATH\Autoloader\Autoloader.php(311): include_once('C:\\xampp\\htdocs\\proyecto_espinola_emilia\\system\\Debug\\Exceptions.php')
 2 SYSTEMPATH\Autoloader\Autoloader.php(290): CodeIgniter\Autoloader\Autoloader->includeFile('C:\\xampp\\htdocs\\proyecto_espinola_emilia\\app\\Models\\producto_Model.php')
 3 SYSTEMPATH\Autoloader\Autoloader.php(266): CodeIgniter\Autoloader\Autoloader->loadInNamespace('App\\Models\\producto_Model')
 4 APPPATH\Controllers\carrito_controller.php(23): CodeIgniter\Autoloader\Autoloader->loadClass('App\\Models\\producto_Model')
 5 SYSTEMPATH\CodeIgniter.php(915): App\Controllers\carrito_controller->__construct()
 6 SYSTEMPATH\CodeIgniter.php(494): CodeIgniter\CodeIgniter->createController()
 7 SYSTEMPATH\CodeIgniter.php(361): CodeIgniter\CodeIgniter->handleRequest(null, Object(Config\Cache), false)
 8 FCPATH\index.php(79): CodeIgniter\CodeIgniter->run()
INFO - 2026-03-03 23:11:47 --> Session: Class initialized using 'CodeIgniter\Session\Handlers\FileHandler' driver.
WARNING - 2026-03-03 23:11:53 --> [DEPRECATED] Optional parameter $colores declared before required parameter $buscar is implicitly treated as a required parameter in APPPATH\Models\producto_Model.php on line 76.
 1 SYSTEMPATH\Autoloader\Autoloader.php(311): include_once('C:\\xampp\\htdocs\\proyecto_espinola_emilia\\system\\Debug\\Exceptions.php')
 2 SYSTEMPATH\Autoloader\Autoloader.php(290): CodeIgniter\Autoloader\Autoloader->includeFile('C:\\xampp\\htdocs\\proyecto_espinola_emilia\\app\\Models\\producto_Model.php')
 3 SYSTEMPATH\Autoloader\Autoloader.php(266): CodeIgniter\Autoloader\Autoloader->loadInNamespace('App\\Models\\producto_Model')
 4 APPPATH\Controllers\carrito_controller.php(23): CodeIgniter\Autoloader\Autoloader->loadClass('App\\Models\\producto_Model')
 5 SYSTEMPATH\CodeIgniter.php(915): App\Controllers\carrito_controller->__construct()
 6 SYSTEMPATH\CodeIgniter.php(494): CodeIgniter\CodeIgniter->createController()
 7 SYSTEMPATH\CodeIgniter.php(361): CodeIgniter\CodeIgniter->handleRequest(null, Object(Config\Cache), false)
 8 FCPATH\index.php(79): CodeIgniter\CodeIgniter->run()
WARNING - 2026-03-03 23:11:53 --> [DEPRECATED] Optional parameter $talles declared before required parameter $buscar is implicitly treated as a required parameter in APPPATH\Models\producto_Model.php on line 0.
 1 SYSTEMPATH\Autoloader\Autoloader.php(311): include_once('C:\\xampp\\htdocs\\proyecto_espinola_emilia\\system\\Debug\\Exceptions.php')
 2 SYSTEMPATH\Autoloader\Autoloader.php(290): CodeIgniter\Autoloader\Autoloader->includeFile('C:\\xampp\\htdocs\\proyecto_espinola_emilia\\app\\Models\\producto_Model.php')
 3 SYSTEMPATH\Autoloader\Autoloader.php(266): CodeIgniter\Autoloader\Autoloader->loadInNamespace('App\\Models\\producto_Model')
 4 APPPATH\Controllers\carrito_controller.php(23): CodeIgniter\Autoloader\Autoloader->loadClass('App\\Models\\producto_Model')
 5 SYSTEMPATH\CodeIgniter.php(915): App\Controllers\carrito_controller->__construct()
 6 SYSTEMPATH\CodeIgniter.php(494): CodeIgniter\CodeIgniter->createController()
 7 SYSTEMPATH\CodeIgniter.php(361): CodeIgniter\CodeIgniter->handleRequest(null, Object(Config\Cache), false)
 8 FCPATH\index.php(79): CodeIgniter\CodeIgniter->run()
WARNING - 2026-03-03 23:11:53 --> [DEPRECATED] Optional parameter $categoria_id declared before required parameter $buscar is implicitly treated as a required parameter in APPPATH\Models\producto_Model.php on line 0.
 1 SYSTEMPATH\Autoloader\Autoloader.php(311): include_once('C:\\xampp\\htdocs\\proyecto_espinola_emilia\\system\\Debug\\Exceptions.php')
 2 SYSTEMPATH\Autoloader\Autoloader.php(290): CodeIgniter\Autoloader\Autoloader->includeFile('C:\\xampp\\htdocs\\proyecto_espinola_emilia\\app\\Models\\producto_Model.php')
 3 SYSTEMPATH\Autoloader\Autoloader.php(266): CodeIgniter\Autoloader\Autoloader->loadInNamespace('App\\Models\\producto_Model')
 4 APPPATH\Controllers\carrito_controller.php(23): CodeIgniter\Autoloader\Autoloader->loadClass('App\\Models\\producto_Model')
 5 SYSTEMPATH\CodeIgniter.php(915): App\Controllers\carrito_controller->__construct()
 6 SYSTEMPATH\CodeIgniter.php(494): CodeIgniter\CodeIgniter->createController()
 7 SYSTEMPATH\CodeIgniter.php(361): CodeIgniter\CodeIgniter->handleRequest(null, Object(Config\Cache), false)
 8 FCPATH\index.php(79): CodeIgniter\CodeIgniter->run()
INFO - 2026-03-03 23:11:53 --> Session: Class initialized using 'CodeIgniter\Session\Handlers\FileHandler' driver.
WARNING - 2026-03-03 23:12:49 --> [DEPRECATED] Optional parameter $colores declared before required parameter $buscar is implicitly treated as a required parameter in APPPATH\Models\producto_Model.php on line 76.
 1 SYSTEMPATH\Autoloader\Autoloader.php(311): include_once('C:\\xampp\\htdocs\\proyecto_espinola_emilia\\system\\Debug\\Exceptions.php')
 2 SYSTEMPATH\Autoloader\Autoloader.php(290): CodeIgniter\Autoloader\Autoloader->includeFile('C:\\xampp\\htdocs\\proyecto_espinola_emilia\\app\\Models\\producto_Model.php')
 3 SYSTEMPATH\Autoloader\Autoloader.php(266): CodeIgniter\Autoloader\Autoloader->loadInNamespace('App\\Models\\producto_Model')
 4 APPPATH\Controllers\ventas_controller.php(24): CodeIgniter\Autoloader\Autoloader->loadClass('App\\Models\\producto_Model')
 5 SYSTEMPATH\CodeIgniter.php(915): App\Controllers\ventas_controller->__construct()
 6 SYSTEMPATH\CodeIgniter.php(494): CodeIgniter\CodeIgniter->createController()
 7 SYSTEMPATH\CodeIgniter.php(361): CodeIgniter\CodeIgniter->handleRequest(null, Object(Config\Cache), false)
 8 FCPATH\index.php(79): CodeIgniter\CodeIgniter->run()
WARNING - 2026-03-03 23:12:49 --> [DEPRECATED] Optional parameter $talles declared before required parameter $buscar is implicitly treated as a required parameter in APPPATH\Models\producto_Model.php on line 0.
 1 SYSTEMPATH\Autoloader\Autoloader.php(311): include_once('C:\\xampp\\htdocs\\proyecto_espinola_emilia\\system\\Debug\\Exceptions.php')
 2 SYSTEMPATH\Autoloader\Autoloader.php(290): CodeIgniter\Autoloader\Autoloader->includeFile('C:\\xampp\\htdocs\\proyecto_espinola_emilia\\app\\Models\\producto_Model.php')
 3 SYSTEMPATH\Autoloader\Autoloader.php(266): CodeIgniter\Autoloader\Autoloader->loadInNamespace('App\\Models\\producto_Model')
 4 APPPATH\Controllers\ventas_controller.php(24): CodeIgniter\Autoloader\Autoloader->loadClass('App\\Models\\producto_Model')
 5 SYSTEMPATH\CodeIgniter.php(915): App\Controllers\ventas_controller->__construct()
 6 SYSTEMPATH\CodeIgniter.php(494): CodeIgniter\CodeIgniter->createController()
 7 SYSTEMPATH\CodeIgniter.php(361): CodeIgniter\CodeIgniter->handleRequest(null, Object(Config\Cache), false)
 8 FCPATH\index.php(79): CodeIgniter\CodeIgniter->run()
WARNING - 2026-03-03 23:12:49 --> [DEPRECATED] Optional parameter $categoria_id declared before required parameter $buscar is implicitly treated as a required parameter in APPPATH\Models\producto_Model.php on line 0.
 1 SYSTEMPATH\Autoloader\Autoloader.php(311): include_once('C:\\xampp\\htdocs\\proyecto_espinola_emilia\\system\\Debug\\Exceptions.php')
 2 SYSTEMPATH\Autoloader\Autoloader.php(290): CodeIgniter\Autoloader\Autoloader->includeFile('C:\\xampp\\htdocs\\proyecto_espinola_emilia\\app\\Models\\producto_Model.php')
 3 SYSTEMPATH\Autoloader\Autoloader.php(266): CodeIgniter\Autoloader\Autoloader->loadInNamespace('App\\Models\\producto_Model')
 4 APPPATH\Controllers\ventas_controller.php(24): CodeIgniter\Autoloader\Autoloader->loadClass('App\\Models\\producto_Model')
 5 SYSTEMPATH\CodeIgniter.php(915): App\Controllers\ventas_controller->__construct()
 6 SYSTEMPATH\CodeIgniter.php(494): CodeIgniter\CodeIgniter->createController()
 7 SYSTEMPATH\CodeIgniter.php(361): CodeIgniter\CodeIgniter->handleRequest(null, Object(Config\Cache), false)
 8 FCPATH\index.php(79): CodeIgniter\CodeIgniter->run()
WARNING - 2026-03-03 23:12:49 --> [DEPRECATED] Creation of dynamic property App\Controllers\ventas_controller::$productosDetalle is deprecated in APPPATH\Controllers\ventas_controller.php on line 25.
 1 SYSTEMPATH\CodeIgniter.php(915): App\Controllers\ventas_controller->__construct()
 2 SYSTEMPATH\CodeIgniter.php(494): CodeIgniter\CodeIgniter->createController()
 3 SYSTEMPATH\CodeIgniter.php(361): CodeIgniter\CodeIgniter->handleRequest(null, Object(Config\Cache), false)
 4 FCPATH\index.php(79): CodeIgniter\CodeIgniter->run()
INFO - 2026-03-03 23:12:49 --> Session: Class initialized using 'CodeIgniter\Session\Handlers\FileHandler' driver.
CRITICAL - 2026-03-03 23:12:49 --> ErrorException: Undefined array key "carrito"
in APPPATH\Controllers\ventas_controller.php on line 54.
 1 APPPATH\Controllers\ventas_controller.php(54): CodeIgniter\Debug\Exceptions->errorHandler(2, 'Undefined array key "carrito"', 'C:\\xampp\\htdocs\\proyecto_espinola_emilia\\app\\Controllers\\ventas_controller.php', 54)
 2 SYSTEMPATH\CodeIgniter.php(943): App\Controllers\ventas_controller->registrarVenta()
 3 SYSTEMPATH\CodeIgniter.php(503): CodeIgniter\CodeIgniter->runController(Object(App\Controllers\ventas_controller))
 4 SYSTEMPATH\CodeIgniter.php(361): CodeIgniter\CodeIgniter->handleRequest(null, Object(Config\Cache), false)
 5 FCPATH\index.php(79): CodeIgniter\CodeIgniter->run()
WARNING - 2026-03-03 23:13:33 --> [DEPRECATED] Optional parameter $colores declared before required parameter $buscar is implicitly treated as a required parameter in APPPATH\Models\producto_Model.php on line 76.
 1 SYSTEMPATH\Autoloader\Autoloader.php(311): include_once('C:\\xampp\\htdocs\\proyecto_espinola_emilia\\system\\Debug\\Exceptions.php')
 2 SYSTEMPATH\Autoloader\Autoloader.php(290): CodeIgniter\Autoloader\Autoloader->includeFile('C:\\xampp\\htdocs\\proyecto_espinola_emilia\\app\\Models\\producto_Model.php')
 3 SYSTEMPATH\Autoloader\Autoloader.php(266): CodeIgniter\Autoloader\Autoloader->loadInNamespace('App\\Models\\producto_Model')
 4 APPPATH\Controllers\producto_controller.php(256): CodeIgniter\Autoloader\Autoloader->loadClass('App\\Models\\producto_Model')
 5 SYSTEMPATH\CodeIgniter.php(943): App\Controllers\producto_controller->detalle_producto('87')
 6 SYSTEMPATH\CodeIgniter.php(503): CodeIgniter\CodeIgniter->runController(Object(App\Controllers\producto_controller))
 7 SYSTEMPATH\CodeIgniter.php(361): CodeIgniter\CodeIgniter->handleRequest(null, Object(Config\Cache), false)
 8 FCPATH\index.php(79): CodeIgniter\CodeIgniter->run()
WARNING - 2026-03-03 23:13:33 --> [DEPRECATED] Optional parameter $talles declared before required parameter $buscar is implicitly treated as a required parameter in APPPATH\Models\producto_Model.php on line 0.
 1 SYSTEMPATH\Autoloader\Autoloader.php(311): include_once('C:\\xampp\\htdocs\\proyecto_espinola_emilia\\system\\Debug\\Exceptions.php')
 2 SYSTEMPATH\Autoloader\Autoloader.php(290): CodeIgniter\Autoloader\Autoloader->includeFile('C:\\xampp\\htdocs\\proyecto_espinola_emilia\\app\\Models\\producto_Model.php')
 3 SYSTEMPATH\Autoloader\Autoloader.php(266): CodeIgniter\Autoloader\Autoloader->loadInNamespace('App\\Models\\producto_Model')
 4 APPPATH\Controllers\producto_controller.php(256): CodeIgniter\Autoloader\Autoloader->loadClass('App\\Models\\producto_Model')
 5 SYSTEMPATH\CodeIgniter.php(943): App\Controllers\producto_controller->detalle_producto('87')
 6 SYSTEMPATH\CodeIgniter.php(503): CodeIgniter\CodeIgniter->runController(Object(App\Controllers\producto_controller))
 7 SYSTEMPATH\CodeIgniter.php(361): CodeIgniter\CodeIgniter->handleRequest(null, Object(Config\Cache), false)
 8 FCPATH\index.php(79): CodeIgniter\CodeIgniter->run()
WARNING - 2026-03-03 23:13:33 --> [DEPRECATED] Optional parameter $categoria_id declared before required parameter $buscar is implicitly treated as a required parameter in APPPATH\Models\producto_Model.php on line 0.
 1 SYSTEMPATH\Autoloader\Autoloader.php(311): include_once('C:\\xampp\\htdocs\\proyecto_espinola_emilia\\system\\Debug\\Exceptions.php')
 2 SYSTEMPATH\Autoloader\Autoloader.php(290): CodeIgniter\Autoloader\Autoloader->includeFile('C:\\xampp\\htdocs\\proyecto_espinola_emilia\\app\\Models\\producto_Model.php')
 3 SYSTEMPATH\Autoloader\Autoloader.php(266): CodeIgniter\Autoloader\Autoloader->loadInNamespace('App\\Models\\producto_Model')
 4 APPPATH\Controllers\producto_controller.php(256): CodeIgniter\Autoloader\Autoloader->loadClass('App\\Models\\producto_Model')
 5 SYSTEMPATH\CodeIgniter.php(943): App\Controllers\producto_controller->detalle_producto('87')
 6 SYSTEMPATH\CodeIgniter.php(503): CodeIgniter\CodeIgniter->runController(Object(App\Controllers\producto_controller))
 7 SYSTEMPATH\CodeIgniter.php(361): CodeIgniter\CodeIgniter->handleRequest(null, Object(Config\Cache), false)
 8 FCPATH\index.php(79): CodeIgniter\CodeIgniter->run()
INFO - 2026-03-03 23:13:33 --> Session: Class initialized using 'CodeIgniter\Session\Handlers\FileHandler' driver.
WARNING - 2026-03-03 23:13:38 --> [DEPRECATED] Optional parameter $colores declared before required parameter $buscar is implicitly treated as a required parameter in APPPATH\Models\producto_Model.php on line 76.
 1 SYSTEMPATH\Autoloader\Autoloader.php(311): include_once('C:\\xampp\\htdocs\\proyecto_espinola_emilia\\system\\Debug\\Exceptions.php')
 2 SYSTEMPATH\Autoloader\Autoloader.php(290): CodeIgniter\Autoloader\Autoloader->includeFile('C:\\xampp\\htdocs\\proyecto_espinola_emilia\\app\\Models\\producto_Model.php')
 3 SYSTEMPATH\Autoloader\Autoloader.php(266): CodeIgniter\Autoloader\Autoloader->loadInNamespace('App\\Models\\producto_Model')
 4 APPPATH\Controllers\ventas_controller.php(24): CodeIgniter\Autoloader\Autoloader->loadClass('App\\Models\\producto_Model')
 5 SYSTEMPATH\CodeIgniter.php(915): App\Controllers\ventas_controller->__construct()
 6 SYSTEMPATH\CodeIgniter.php(494): CodeIgniter\CodeIgniter->createController()
 7 SYSTEMPATH\CodeIgniter.php(361): CodeIgniter\CodeIgniter->handleRequest(null, Object(Config\Cache), false)
 8 FCPATH\index.php(79): CodeIgniter\CodeIgniter->run()
WARNING - 2026-03-03 23:13:38 --> [DEPRECATED] Optional parameter $talles declared before required parameter $buscar is implicitly treated as a required parameter in APPPATH\Models\producto_Model.php on line 0.
 1 SYSTEMPATH\Autoloader\Autoloader.php(311): include_once('C:\\xampp\\htdocs\\proyecto_espinola_emilia\\system\\Debug\\Exceptions.php')
 2 SYSTEMPATH\Autoloader\Autoloader.php(290): CodeIgniter\Autoloader\Autoloader->includeFile('C:\\xampp\\htdocs\\proyecto_espinola_emilia\\app\\Models\\producto_Model.php')
 3 SYSTEMPATH\Autoloader\Autoloader.php(266): CodeIgniter\Autoloader\Autoloader->loadInNamespace('App\\Models\\producto_Model')
 4 APPPATH\Controllers\ventas_controller.php(24): CodeIgniter\Autoloader\Autoloader->loadClass('App\\Models\\producto_Model')
 5 SYSTEMPATH\CodeIgniter.php(915): App\Controllers\ventas_controller->__construct()
 6 SYSTEMPATH\CodeIgniter.php(494): CodeIgniter\CodeIgniter->createController()
 7 SYSTEMPATH\CodeIgniter.php(361): CodeIgniter\CodeIgniter->handleRequest(null, Object(Config\Cache), false)
 8 FCPATH\index.php(79): CodeIgniter\CodeIgniter->run()
WARNING - 2026-03-03 23:13:38 --> [DEPRECATED] Optional parameter $categoria_id declared before required parameter $buscar is implicitly treated as a required parameter in APPPATH\Models\producto_Model.php on line 0.
 1 SYSTEMPATH\Autoloader\Autoloader.php(311): include_once('C:\\xampp\\htdocs\\proyecto_espinola_emilia\\system\\Debug\\Exceptions.php')
 2 SYSTEMPATH\Autoloader\Autoloader.php(290): CodeIgniter\Autoloader\Autoloader->includeFile('C:\\xampp\\htdocs\\proyecto_espinola_emilia\\app\\Models\\producto_Model.php')
 3 SYSTEMPATH\Autoloader\Autoloader.php(266): CodeIgniter\Autoloader\Autoloader->loadInNamespace('App\\Models\\producto_Model')
 4 APPPATH\Controllers\ventas_controller.php(24): CodeIgniter\Autoloader\Autoloader->loadClass('App\\Models\\producto_Model')
 5 SYSTEMPATH\CodeIgniter.php(915): App\Controllers\ventas_controller->__construct()
 6 SYSTEMPATH\CodeIgniter.php(494): CodeIgniter\CodeIgniter->createController()
 7 SYSTEMPATH\CodeIgniter.php(361): CodeIgniter\CodeIgniter->handleRequest(null, Object(Config\Cache), false)
 8 FCPATH\index.php(79): CodeIgniter\CodeIgniter->run()
WARNING - 2026-03-03 23:13:38 --> [DEPRECATED] Creation of dynamic property App\Controllers\ventas_controller::$productosDetalle is deprecated in APPPATH\Controllers\ventas_controller.php on line 25.
 1 SYSTEMPATH\CodeIgniter.php(915): App\Controllers\ventas_controller->__construct()
 2 SYSTEMPATH\CodeIgniter.php(494): CodeIgniter\CodeIgniter->createController()
 3 SYSTEMPATH\CodeIgniter.php(361): CodeIgniter\CodeIgniter->handleRequest(null, Object(Config\Cache), false)
 4 FCPATH\index.php(79): CodeIgniter\CodeIgniter->run()
INFO - 2026-03-03 23:13:38 --> Session: Class initialized using 'CodeIgniter\Session\Handlers\FileHandler' driver.
CRITICAL - 2026-03-03 23:13:38 --> ErrorException: Undefined array key "carrito"
in APPPATH\Controllers\ventas_controller.php on line 54.
 1 APPPATH\Controllers\ventas_controller.php(54): CodeIgniter\Debug\Exceptions->errorHandler(2, 'Undefined array key "carrito"', 'C:\\xampp\\htdocs\\proyecto_espinola_emilia\\app\\Controllers\\ventas_controller.php', 54)
 2 SYSTEMPATH\CodeIgniter.php(943): App\Controllers\ventas_controller->registrarVenta()
 3 SYSTEMPATH\CodeIgniter.php(503): CodeIgniter\CodeIgniter->runController(Object(App\Controllers\ventas_controller))
 4 SYSTEMPATH\CodeIgniter.php(361): CodeIgniter\CodeIgniter->handleRequest(null, Object(Config\Cache), false)
 5 FCPATH\index.php(79): CodeIgniter\CodeIgniter->run()
WARNING - 2026-03-03 23:14:51 --> [DEPRECATED] Optional parameter $colores declared before required parameter $buscar is implicitly treated as a required parameter in APPPATH\Models\producto_Model.php on line 76.
 1 SYSTEMPATH\Autoloader\Autoloader.php(311): include_once('C:\\xampp\\htdocs\\proyecto_espinola_emilia\\system\\Debug\\Exceptions.php')
 2 SYSTEMPATH\Autoloader\Autoloader.php(290): CodeIgniter\Autoloader\Autoloader->includeFile('C:\\xampp\\htdocs\\proyecto_espinola_emilia\\app\\Models\\producto_Model.php')
 3 SYSTEMPATH\Autoloader\Autoloader.php(266): CodeIgniter\Autoloader\Autoloader->loadInNamespace('App\\Models\\producto_Model')
 4 APPPATH\Controllers\producto_controller.php(256): CodeIgniter\Autoloader\Autoloader->loadClass('App\\Models\\producto_Model')
 5 SYSTEMPATH\CodeIgniter.php(943): App\Controllers\producto_controller->detalle_producto('87')
 6 SYSTEMPATH\CodeIgniter.php(503): CodeIgniter\CodeIgniter->runController(Object(App\Controllers\producto_controller))
 7 SYSTEMPATH\CodeIgniter.php(361): CodeIgniter\CodeIgniter->handleRequest(null, Object(Config\Cache), false)
 8 FCPATH\index.php(79): CodeIgniter\CodeIgniter->run()
WARNING - 2026-03-03 23:14:51 --> [DEPRECATED] Optional parameter $talles declared before required parameter $buscar is implicitly treated as a required parameter in APPPATH\Models\producto_Model.php on line 0.
 1 SYSTEMPATH\Autoloader\Autoloader.php(311): include_once('C:\\xampp\\htdocs\\proyecto_espinola_emilia\\system\\Debug\\Exceptions.php')
 2 SYSTEMPATH\Autoloader\Autoloader.php(290): CodeIgniter\Autoloader\Autoloader->includeFile('C:\\xampp\\htdocs\\proyecto_espinola_emilia\\app\\Models\\producto_Model.php')
 3 SYSTEMPATH\Autoloader\Autoloader.php(266): CodeIgniter\Autoloader\Autoloader->loadInNamespace('App\\Models\\producto_Model')
 4 APPPATH\Controllers\producto_controller.php(256): CodeIgniter\Autoloader\Autoloader->loadClass('App\\Models\\producto_Model')
 5 SYSTEMPATH\CodeIgniter.php(943): App\Controllers\producto_controller->detalle_producto('87')
 6 SYSTEMPATH\CodeIgniter.php(503): CodeIgniter\CodeIgniter->runController(Object(App\Controllers\producto_controller))
 7 SYSTEMPATH\CodeIgniter.php(361): CodeIgniter\CodeIgniter->handleRequest(null, Object(Config\Cache), false)
 8 FCPATH\index.php(79): CodeIgniter\CodeIgniter->run()
WARNING - 2026-03-03 23:14:51 --> [DEPRECATED] Optional parameter $categoria_id declared before required parameter $buscar is implicitly treated as a required parameter in APPPATH\Models\producto_Model.php on line 0.
 1 SYSTEMPATH\Autoloader\Autoloader.php(311): include_once('C:\\xampp\\htdocs\\proyecto_espinola_emilia\\system\\Debug\\Exceptions.php')
 2 SYSTEMPATH\Autoloader\Autoloader.php(290): CodeIgniter\Autoloader\Autoloader->includeFile('C:\\xampp\\htdocs\\proyecto_espinola_emilia\\app\\Models\\producto_Model.php')
 3 SYSTEMPATH\Autoloader\Autoloader.php(266): CodeIgniter\Autoloader\Autoloader->loadInNamespace('App\\Models\\producto_Model')
 4 APPPATH\Controllers\producto_controller.php(256): CodeIgniter\Autoloader\Autoloader->loadClass('App\\Models\\producto_Model')
 5 SYSTEMPATH\CodeIgniter.php(943): App\Controllers\producto_controller->detalle_producto('87')
 6 SYSTEMPATH\CodeIgniter.php(503): CodeIgniter\CodeIgniter->runController(Object(App\Controllers\producto_controller))
 7 SYSTEMPATH\CodeIgniter.php(361): CodeIgniter\CodeIgniter->handleRequest(null, Object(Config\Cache), false)
 8 FCPATH\index.php(79): CodeIgniter\CodeIgniter->run()
INFO - 2026-03-03 23:14:51 --> Session: Class initialized using 'CodeIgniter\Session\Handlers\FileHandler' driver.
WARNING - 2026-03-03 23:14:54 --> [DEPRECATED] Optional parameter $colores declared before required parameter $buscar is implicitly treated as a required parameter in APPPATH\Models\producto_Model.php on line 76.
 1 SYSTEMPATH\Autoloader\Autoloader.php(311): include_once('C:\\xampp\\htdocs\\proyecto_espinola_emilia\\system\\Debug\\Exceptions.php')
 2 SYSTEMPATH\Autoloader\Autoloader.php(290): CodeIgniter\Autoloader\Autoloader->includeFile('C:\\xampp\\htdocs\\proyecto_espinola_emilia\\app\\Models\\producto_Model.php')
 3 SYSTEMPATH\Autoloader\Autoloader.php(266): CodeIgniter\Autoloader\Autoloader->loadInNamespace('App\\Models\\producto_Model')
 4 APPPATH\Controllers\ventas_controller.php(24): CodeIgniter\Autoloader\Autoloader->loadClass('App\\Models\\producto_Model')
 5 SYSTEMPATH\CodeIgniter.php(915): App\Controllers\ventas_controller->__construct()
 6 SYSTEMPATH\CodeIgniter.php(494): CodeIgniter\CodeIgniter->createController()
 7 SYSTEMPATH\CodeIgniter.php(361): CodeIgniter\CodeIgniter->handleRequest(null, Object(Config\Cache), false)
 8 FCPATH\index.php(79): CodeIgniter\CodeIgniter->run()
WARNING - 2026-03-03 23:14:54 --> [DEPRECATED] Optional parameter $talles declared before required parameter $buscar is implicitly treated as a required parameter in APPPATH\Models\producto_Model.php on line 0.
 1 SYSTEMPATH\Autoloader\Autoloader.php(311): include_once('C:\\xampp\\htdocs\\proyecto_espinola_emilia\\system\\Debug\\Exceptions.php')
 2 SYSTEMPATH\Autoloader\Autoloader.php(290): CodeIgniter\Autoloader\Autoloader->includeFile('C:\\xampp\\htdocs\\proyecto_espinola_emilia\\app\\Models\\producto_Model.php')
 3 SYSTEMPATH\Autoloader\Autoloader.php(266): CodeIgniter\Autoloader\Autoloader->loadInNamespace('App\\Models\\producto_Model')
 4 APPPATH\Controllers\ventas_controller.php(24): CodeIgniter\Autoloader\Autoloader->loadClass('App\\Models\\producto_Model')
 5 SYSTEMPATH\CodeIgniter.php(915): App\Controllers\ventas_controller->__construct()
 6 SYSTEMPATH\CodeIgniter.php(494): CodeIgniter\CodeIgniter->createController()
 7 SYSTEMPATH\CodeIgniter.php(361): CodeIgniter\CodeIgniter->handleRequest(null, Object(Config\Cache), false)
 8 FCPATH\index.php(79): CodeIgniter\CodeIgniter->run()
WARNING - 2026-03-03 23:14:54 --> [DEPRECATED] Optional parameter $categoria_id declared before required parameter $buscar is implicitly treated as a required parameter in APPPATH\Models\producto_Model.php on line 0.
 1 SYSTEMPATH\Autoloader\Autoloader.php(311): include_once('C:\\xampp\\htdocs\\proyecto_espinola_emilia\\system\\Debug\\Exceptions.php')
 2 SYSTEMPATH\Autoloader\Autoloader.php(290): CodeIgniter\Autoloader\Autoloader->includeFile('C:\\xampp\\htdocs\\proyecto_espinola_emilia\\app\\Models\\producto_Model.php')
 3 SYSTEMPATH\Autoloader\Autoloader.php(266): CodeIgniter\Autoloader\Autoloader->loadInNamespace('App\\Models\\producto_Model')
 4 APPPATH\Controllers\ventas_controller.php(24): CodeIgniter\Autoloader\Autoloader->loadClass('App\\Models\\producto_Model')
 5 SYSTEMPATH\CodeIgniter.php(915): App\Controllers\ventas_controller->__construct()
 6 SYSTEMPATH\CodeIgniter.php(494): CodeIgniter\CodeIgniter->createController()
 7 SYSTEMPATH\CodeIgniter.php(361): CodeIgniter\CodeIgniter->handleRequest(null, Object(Config\Cache), false)
 8 FCPATH\index.php(79): CodeIgniter\CodeIgniter->run()
WARNING - 2026-03-03 23:14:54 --> [DEPRECATED] Creation of dynamic property App\Controllers\ventas_controller::$productosDetalle is deprecated in APPPATH\Controllers\ventas_controller.php on line 25.
 1 SYSTEMPATH\CodeIgniter.php(915): App\Controllers\ventas_controller->__construct()
 2 SYSTEMPATH\CodeIgniter.php(494): CodeIgniter\CodeIgniter->createController()
 3 SYSTEMPATH\CodeIgniter.php(361): CodeIgniter\CodeIgniter->handleRequest(null, Object(Config\Cache), false)
 4 FCPATH\index.php(79): CodeIgniter\CodeIgniter->run()
INFO - 2026-03-03 23:14:54 --> Session: Class initialized using 'CodeIgniter\Session\Handlers\FileHandler' driver.
CRITICAL - 2026-03-03 23:14:54 --> ErrorException: Undefined array key "stock"
in APPPATH\Controllers\ventas_controller.php on line 47.
 1 APPPATH\Controllers\ventas_controller.php(47): CodeIgniter\Debug\Exceptions->errorHandler(2, 'Undefined array key "stock"', 'C:\\xampp\\htdocs\\proyecto_espinola_emilia\\app\\Controllers\\ventas_controller.php', 47)
 2 SYSTEMPATH\CodeIgniter.php(943): App\Controllers\ventas_controller->registrarVenta()
 3 SYSTEMPATH\CodeIgniter.php(503): CodeIgniter\CodeIgniter->runController(Object(App\Controllers\ventas_controller))
 4 SYSTEMPATH\CodeIgniter.php(361): CodeIgniter\CodeIgniter->handleRequest(null, Object(Config\Cache), false)
 5 FCPATH\index.php(79): CodeIgniter\CodeIgniter->run()
WARNING - 2026-03-03 23:15:53 --> [DEPRECATED] Optional parameter $colores declared before required parameter $buscar is implicitly treated as a required parameter in APPPATH\Models\producto_Model.php on line 76.
 1 SYSTEMPATH\Autoloader\Autoloader.php(311): include_once('C:\\xampp\\htdocs\\proyecto_espinola_emilia\\system\\Debug\\Exceptions.php')
 2 SYSTEMPATH\Autoloader\Autoloader.php(290): CodeIgniter\Autoloader\Autoloader->includeFile('C:\\xampp\\htdocs\\proyecto_espinola_emilia\\app\\Models\\producto_Model.php')
 3 SYSTEMPATH\Autoloader\Autoloader.php(266): CodeIgniter\Autoloader\Autoloader->loadInNamespace('App\\Models\\producto_Model')
 4 APPPATH\Controllers\producto_controller.php(256): CodeIgniter\Autoloader\Autoloader->loadClass('App\\Models\\producto_Model')
 5 SYSTEMPATH\CodeIgniter.php(943): App\Controllers\producto_controller->detalle_producto('87')
 6 SYSTEMPATH\CodeIgniter.php(503): CodeIgniter\CodeIgniter->runController(Object(App\Controllers\producto_controller))
 7 SYSTEMPATH\CodeIgniter.php(361): CodeIgniter\CodeIgniter->handleRequest(null, Object(Config\Cache), false)
 8 FCPATH\index.php(79): CodeIgniter\CodeIgniter->run()
WARNING - 2026-03-03 23:15:53 --> [DEPRECATED] Optional parameter $talles declared before required parameter $buscar is implicitly treated as a required parameter in APPPATH\Models\producto_Model.php on line 0.
 1 SYSTEMPATH\Autoloader\Autoloader.php(311): include_once('C:\\xampp\\htdocs\\proyecto_espinola_emilia\\system\\Debug\\Exceptions.php')
 2 SYSTEMPATH\Autoloader\Autoloader.php(290): CodeIgniter\Autoloader\Autoloader->includeFile('C:\\xampp\\htdocs\\proyecto_espinola_emilia\\app\\Models\\producto_Model.php')
 3 SYSTEMPATH\Autoloader\Autoloader.php(266): CodeIgniter\Autoloader\Autoloader->loadInNamespace('App\\Models\\producto_Model')
 4 APPPATH\Controllers\producto_controller.php(256): CodeIgniter\Autoloader\Autoloader->loadClass('App\\Models\\producto_Model')
 5 SYSTEMPATH\CodeIgniter.php(943): App\Controllers\producto_controller->detalle_producto('87')
 6 SYSTEMPATH\CodeIgniter.php(503): CodeIgniter\CodeIgniter->runController(Object(App\Controllers\producto_controller))
 7 SYSTEMPATH\CodeIgniter.php(361): CodeIgniter\CodeIgniter->handleRequest(null, Object(Config\Cache), false)
 8 FCPATH\index.php(79): CodeIgniter\CodeIgniter->run()
WARNING - 2026-03-03 23:15:53 --> [DEPRECATED] Optional parameter $categoria_id declared before required parameter $buscar is implicitly treated as a required parameter in APPPATH\Models\producto_Model.php on line 0.
 1 SYSTEMPATH\Autoloader\Autoloader.php(311): include_once('C:\\xampp\\htdocs\\proyecto_espinola_emilia\\system\\Debug\\Exceptions.php')
 2 SYSTEMPATH\Autoloader\Autoloader.php(290): CodeIgniter\Autoloader\Autoloader->includeFile('C:\\xampp\\htdocs\\proyecto_espinola_emilia\\app\\Models\\producto_Model.php')
 3 SYSTEMPATH\Autoloader\Autoloader.php(266): CodeIgniter\Autoloader\Autoloader->loadInNamespace('App\\Models\\producto_Model')
 4 APPPATH\Controllers\producto_controller.php(256): CodeIgniter\Autoloader\Autoloader->loadClass('App\\Models\\producto_Model')
 5 SYSTEMPATH\CodeIgniter.php(943): App\Controllers\producto_controller->detalle_producto('87')
 6 SYSTEMPATH\CodeIgniter.php(503): CodeIgniter\CodeIgniter->runController(Object(App\Controllers\producto_controller))
 7 SYSTEMPATH\CodeIgniter.php(361): CodeIgniter\CodeIgniter->handleRequest(null, Object(Config\Cache), false)
 8 FCPATH\index.php(79): CodeIgniter\CodeIgniter->run()
INFO - 2026-03-03 23:15:53 --> Session: Class initialized using 'CodeIgniter\Session\Handlers\FileHandler' driver.
WARNING - 2026-03-03 23:15:57 --> [DEPRECATED] Optional parameter $colores declared before required parameter $buscar is implicitly treated as a required parameter in APPPATH\Models\producto_Model.php on line 76.
 1 SYSTEMPATH\Autoloader\Autoloader.php(311): include_once('C:\\xampp\\htdocs\\proyecto_espinola_emilia\\system\\Debug\\Exceptions.php')
 2 SYSTEMPATH\Autoloader\Autoloader.php(290): CodeIgniter\Autoloader\Autoloader->includeFile('C:\\xampp\\htdocs\\proyecto_espinola_emilia\\app\\Models\\producto_Model.php')
 3 SYSTEMPATH\Autoloader\Autoloader.php(266): CodeIgniter\Autoloader\Autoloader->loadInNamespace('App\\Models\\producto_Model')
 4 APPPATH\Controllers\ventas_controller.php(24): CodeIgniter\Autoloader\Autoloader->loadClass('App\\Models\\producto_Model')
 5 SYSTEMPATH\CodeIgniter.php(915): App\Controllers\ventas_controller->__construct()
 6 SYSTEMPATH\CodeIgniter.php(494): CodeIgniter\CodeIgniter->createController()
 7 SYSTEMPATH\CodeIgniter.php(361): CodeIgniter\CodeIgniter->handleRequest(null, Object(Config\Cache), false)
 8 FCPATH\index.php(79): CodeIgniter\CodeIgniter->run()
WARNING - 2026-03-03 23:15:57 --> [DEPRECATED] Optional parameter $talles declared before required parameter $buscar is implicitly treated as a required parameter in APPPATH\Models\producto_Model.php on line 0.
 1 SYSTEMPATH\Autoloader\Autoloader.php(311): include_once('C:\\xampp\\htdocs\\proyecto_espinola_emilia\\system\\Debug\\Exceptions.php')
 2 SYSTEMPATH\Autoloader\Autoloader.php(290): CodeIgniter\Autoloader\Autoloader->includeFile('C:\\xampp\\htdocs\\proyecto_espinola_emilia\\app\\Models\\producto_Model.php')
 3 SYSTEMPATH\Autoloader\Autoloader.php(266): CodeIgniter\Autoloader\Autoloader->loadInNamespace('App\\Models\\producto_Model')
 4 APPPATH\Controllers\ventas_controller.php(24): CodeIgniter\Autoloader\Autoloader->loadClass('App\\Models\\producto_Model')
 5 SYSTEMPATH\CodeIgniter.php(915): App\Controllers\ventas_controller->__construct()
 6 SYSTEMPATH\CodeIgniter.php(494): CodeIgniter\CodeIgniter->createController()
 7 SYSTEMPATH\CodeIgniter.php(361): CodeIgniter\CodeIgniter->handleRequest(null, Object(Config\Cache), false)
 8 FCPATH\index.php(79): CodeIgniter\CodeIgniter->run()
WARNING - 2026-03-03 23:15:57 --> [DEPRECATED] Optional parameter $categoria_id declared before required parameter $buscar is implicitly treated as a required parameter in APPPATH\Models\producto_Model.php on line 0.
 1 SYSTEMPATH\Autoloader\Autoloader.php(311): include_once('C:\\xampp\\htdocs\\proyecto_espinola_emilia\\system\\Debug\\Exceptions.php')
 2 SYSTEMPATH\Autoloader\Autoloader.php(290): CodeIgniter\Autoloader\Autoloader->includeFile('C:\\xampp\\htdocs\\proyecto_espinola_emilia\\app\\Models\\producto_Model.php')
 3 SYSTEMPATH\Autoloader\Autoloader.php(266): CodeIgniter\Autoloader\Autoloader->loadInNamespace('App\\Models\\producto_Model')
 4 APPPATH\Controllers\ventas_controller.php(24): CodeIgniter\Autoloader\Autoloader->loadClass('App\\Models\\producto_Model')
 5 SYSTEMPATH\CodeIgniter.php(915): App\Controllers\ventas_controller->__construct()
 6 SYSTEMPATH\CodeIgniter.php(494): CodeIgniter\CodeIgniter->createController()
 7 SYSTEMPATH\CodeIgniter.php(361): CodeIgniter\CodeIgniter->handleRequest(null, Object(Config\Cache), false)
 8 FCPATH\index.php(79): CodeIgniter\CodeIgniter->run()
WARNING - 2026-03-03 23:15:57 --> [DEPRECATED] Creation of dynamic property App\Controllers\ventas_controller::$productosDetalle is deprecated in APPPATH\Controllers\ventas_controller.php on line 25.
 1 SYSTEMPATH\CodeIgniter.php(915): App\Controllers\ventas_controller->__construct()
 2 SYSTEMPATH\CodeIgniter.php(494): CodeIgniter\CodeIgniter->createController()
 3 SYSTEMPATH\CodeIgniter.php(361): CodeIgniter\CodeIgniter->handleRequest(null, Object(Config\Cache), false)
 4 FCPATH\index.php(79): CodeIgniter\CodeIgniter->run()
INFO - 2026-03-03 23:15:57 --> Session: Class initialized using 'CodeIgniter\Session\Handlers\FileHandler' driver.
CRITICAL - 2026-03-03 23:15:57 --> TypeError: Illegal offset type
in APPPATH\Controllers\ventas_controller.php on line 54.
 1 SYSTEMPATH\CodeIgniter.php(943): App\Controllers\ventas_controller->registrarVenta()
 2 SYSTEMPATH\CodeIgniter.php(503): CodeIgniter\CodeIgniter->runController(Object(App\Controllers\ventas_controller))
 3 SYSTEMPATH\CodeIgniter.php(361): CodeIgniter\CodeIgniter->handleRequest(null, Object(Config\Cache), false)
 4 FCPATH\index.php(79): CodeIgniter\CodeIgniter->run()
WARNING - 2026-03-03 23:16:21 --> [DEPRECATED] Optional parameter $colores declared before required parameter $buscar is implicitly treated as a required parameter in APPPATH\Models\producto_Model.php on line 76.
 1 SYSTEMPATH\Autoloader\Autoloader.php(311): include_once('C:\\xampp\\htdocs\\proyecto_espinola_emilia\\system\\Debug\\Exceptions.php')
 2 SYSTEMPATH\Autoloader\Autoloader.php(290): CodeIgniter\Autoloader\Autoloader->includeFile('C:\\xampp\\htdocs\\proyecto_espinola_emilia\\app\\Models\\producto_Model.php')
 3 SYSTEMPATH\Autoloader\Autoloader.php(266): CodeIgniter\Autoloader\Autoloader->loadInNamespace('App\\Models\\producto_Model')
 4 APPPATH\Controllers\producto_controller.php(256): CodeIgniter\Autoloader\Autoloader->loadClass('App\\Models\\producto_Model')
 5 SYSTEMPATH\CodeIgniter.php(943): App\Controllers\producto_controller->detalle_producto('87')
 6 SYSTEMPATH\CodeIgniter.php(503): CodeIgniter\CodeIgniter->runController(Object(App\Controllers\producto_controller))
 7 SYSTEMPATH\CodeIgniter.php(361): CodeIgniter\CodeIgniter->handleRequest(null, Object(Config\Cache), false)
 8 FCPATH\index.php(79): CodeIgniter\CodeIgniter->run()
WARNING - 2026-03-03 23:16:21 --> [DEPRECATED] Optional parameter $talles declared before required parameter $buscar is implicitly treated as a required parameter in APPPATH\Models\producto_Model.php on line 0.
 1 SYSTEMPATH\Autoloader\Autoloader.php(311): include_once('C:\\xampp\\htdocs\\proyecto_espinola_emilia\\system\\Debug\\Exceptions.php')
 2 SYSTEMPATH\Autoloader\Autoloader.php(290): CodeIgniter\Autoloader\Autoloader->includeFile('C:\\xampp\\htdocs\\proyecto_espinola_emilia\\app\\Models\\producto_Model.php')
 3 SYSTEMPATH\Autoloader\Autoloader.php(266): CodeIgniter\Autoloader\Autoloader->loadInNamespace('App\\Models\\producto_Model')
 4 APPPATH\Controllers\producto_controller.php(256): CodeIgniter\Autoloader\Autoloader->loadClass('App\\Models\\producto_Model')
 5 SYSTEMPATH\CodeIgniter.php(943): App\Controllers\producto_controller->detalle_producto('87')
 6 SYSTEMPATH\CodeIgniter.php(503): CodeIgniter\CodeIgniter->runController(Object(App\Controllers\producto_controller))
 7 SYSTEMPATH\CodeIgniter.php(361): CodeIgniter\CodeIgniter->handleRequest(null, Object(Config\Cache), false)
 8 FCPATH\index.php(79): CodeIgniter\CodeIgniter->run()
WARNING - 2026-03-03 23:16:21 --> [DEPRECATED] Optional parameter $categoria_id declared before required parameter $buscar is implicitly treated as a required parameter in APPPATH\Models\producto_Model.php on line 0.
 1 SYSTEMPATH\Autoloader\Autoloader.php(311): include_once('C:\\xampp\\htdocs\\proyecto_espinola_emilia\\system\\Debug\\Exceptions.php')
 2 SYSTEMPATH\Autoloader\Autoloader.php(290): CodeIgniter\Autoloader\Autoloader->includeFile('C:\\xampp\\htdocs\\proyecto_espinola_emilia\\app\\Models\\producto_Model.php')
 3 SYSTEMPATH\Autoloader\Autoloader.php(266): CodeIgniter\Autoloader\Autoloader->loadInNamespace('App\\Models\\producto_Model')
 4 APPPATH\Controllers\producto_controller.php(256): CodeIgniter\Autoloader\Autoloader->loadClass('App\\Models\\producto_Model')
 5 SYSTEMPATH\CodeIgniter.php(943): App\Controllers\producto_controller->detalle_producto('87')
 6 SYSTEMPATH\CodeIgniter.php(503): CodeIgniter\CodeIgniter->runController(Object(App\Controllers\producto_controller))
 7 SYSTEMPATH\CodeIgniter.php(361): CodeIgniter\CodeIgniter->handleRequest(null, Object(Config\Cache), false)
 8 FCPATH\index.php(79): CodeIgniter\CodeIgniter->run()
INFO - 2026-03-03 23:16:21 --> Session: Class initialized using 'CodeIgniter\Session\Handlers\FileHandler' driver.
WARNING - 2026-03-03 23:16:25 --> [DEPRECATED] Optional parameter $colores declared before required parameter $buscar is implicitly treated as a required parameter in APPPATH\Models\producto_Model.php on line 76.
 1 SYSTEMPATH\Autoloader\Autoloader.php(311): include_once('C:\\xampp\\htdocs\\proyecto_espinola_emilia\\system\\Debug\\Exceptions.php')
 2 SYSTEMPATH\Autoloader\Autoloader.php(290): CodeIgniter\Autoloader\Autoloader->includeFile('C:\\xampp\\htdocs\\proyecto_espinola_emilia\\app\\Models\\producto_Model.php')
 3 SYSTEMPATH\Autoloader\Autoloader.php(266): CodeIgniter\Autoloader\Autoloader->loadInNamespace('App\\Models\\producto_Model')
 4 APPPATH\Controllers\ventas_controller.php(24): CodeIgniter\Autoloader\Autoloader->loadClass('App\\Models\\producto_Model')
 5 SYSTEMPATH\CodeIgniter.php(915): App\Controllers\ventas_controller->__construct()
 6 SYSTEMPATH\CodeIgniter.php(494): CodeIgniter\CodeIgniter->createController()
 7 SYSTEMPATH\CodeIgniter.php(361): CodeIgniter\CodeIgniter->handleRequest(null, Object(Config\Cache), false)
 8 FCPATH\index.php(79): CodeIgniter\CodeIgniter->run()
WARNING - 2026-03-03 23:16:25 --> [DEPRECATED] Optional parameter $talles declared before required parameter $buscar is implicitly treated as a required parameter in APPPATH\Models\producto_Model.php on line 0.
 1 SYSTEMPATH\Autoloader\Autoloader.php(311): include_once('C:\\xampp\\htdocs\\proyecto_espinola_emilia\\system\\Debug\\Exceptions.php')
 2 SYSTEMPATH\Autoloader\Autoloader.php(290): CodeIgniter\Autoloader\Autoloader->includeFile('C:\\xampp\\htdocs\\proyecto_espinola_emilia\\app\\Models\\producto_Model.php')
 3 SYSTEMPATH\Autoloader\Autoloader.php(266): CodeIgniter\Autoloader\Autoloader->loadInNamespace('App\\Models\\producto_Model')
 4 APPPATH\Controllers\ventas_controller.php(24): CodeIgniter\Autoloader\Autoloader->loadClass('App\\Models\\producto_Model')
 5 SYSTEMPATH\CodeIgniter.php(915): App\Controllers\ventas_controller->__construct()
 6 SYSTEMPATH\CodeIgniter.php(494): CodeIgniter\CodeIgniter->createController()
 7 SYSTEMPATH\CodeIgniter.php(361): CodeIgniter\CodeIgniter->handleRequest(null, Object(Config\Cache), false)
 8 FCPATH\index.php(79): CodeIgniter\CodeIgniter->run()
WARNING - 2026-03-03 23:16:25 --> [DEPRECATED] Optional parameter $categoria_id declared before required parameter $buscar is implicitly treated as a required parameter in APPPATH\Models\producto_Model.php on line 0.
 1 SYSTEMPATH\Autoloader\Autoloader.php(311): include_once('C:\\xampp\\htdocs\\proyecto_espinola_emilia\\system\\Debug\\Exceptions.php')
 2 SYSTEMPATH\Autoloader\Autoloader.php(290): CodeIgniter\Autoloader\Autoloader->includeFile('C:\\xampp\\htdocs\\proyecto_espinola_emilia\\app\\Models\\producto_Model.php')
 3 SYSTEMPATH\Autoloader\Autoloader.php(266): CodeIgniter\Autoloader\Autoloader->loadInNamespace('App\\Models\\producto_Model')
 4 APPPATH\Controllers\ventas_controller.php(24): CodeIgniter\Autoloader\Autoloader->loadClass('App\\Models\\producto_Model')
 5 SYSTEMPATH\CodeIgniter.php(915): App\Controllers\ventas_controller->__construct()
 6 SYSTEMPATH\CodeIgniter.php(494): CodeIgniter\CodeIgniter->createController()
 7 SYSTEMPATH\CodeIgniter.php(361): CodeIgniter\CodeIgniter->handleRequest(null, Object(Config\Cache), false)
 8 FCPATH\index.php(79): CodeIgniter\CodeIgniter->run()
WARNING - 2026-03-03 23:16:25 --> [DEPRECATED] Creation of dynamic property App\Controllers\ventas_controller::$productosDetalle is deprecated in APPPATH\Controllers\ventas_controller.php on line 25.
 1 SYSTEMPATH\CodeIgniter.php(915): App\Controllers\ventas_controller->__construct()
 2 SYSTEMPATH\CodeIgniter.php(494): CodeIgniter\CodeIgniter->createController()
 3 SYSTEMPATH\CodeIgniter.php(361): CodeIgniter\CodeIgniter->handleRequest(null, Object(Config\Cache), false)
 4 FCPATH\index.php(79): CodeIgniter\CodeIgniter->run()
INFO - 2026-03-03 23:16:25 --> Session: Class initialized using 'CodeIgniter\Session\Handlers\FileHandler' driver.
WARNING - 2026-03-03 23:16:45 --> [DEPRECATED] Optional parameter $colores declared before required parameter $buscar is implicitly treated as a required parameter in APPPATH\Models\producto_Model.php on line 76.
 1 SYSTEMPATH\Autoloader\Autoloader.php(311): include_once('C:\\xampp\\htdocs\\proyecto_espinola_emilia\\system\\Debug\\Exceptions.php')
 2 SYSTEMPATH\Autoloader\Autoloader.php(290): CodeIgniter\Autoloader\Autoloader->includeFile('C:\\xampp\\htdocs\\proyecto_espinola_emilia\\app\\Models\\producto_Model.php')
 3 SYSTEMPATH\Autoloader\Autoloader.php(266): CodeIgniter\Autoloader\Autoloader->loadInNamespace('App\\Models\\producto_Model')
 4 APPPATH\Controllers\ventas_controller.php(24): CodeIgniter\Autoloader\Autoloader->loadClass('App\\Models\\producto_Model')
 5 SYSTEMPATH\CodeIgniter.php(915): App\Controllers\ventas_controller->__construct()
 6 SYSTEMPATH\CodeIgniter.php(494): CodeIgniter\CodeIgniter->createController()
 7 SYSTEMPATH\CodeIgniter.php(361): CodeIgniter\CodeIgniter->handleRequest(null, Object(Config\Cache), false)
 8 FCPATH\index.php(79): CodeIgniter\CodeIgniter->run()
WARNING - 2026-03-03 23:16:45 --> [DEPRECATED] Optional parameter $talles declared before required parameter $buscar is implicitly treated as a required parameter in APPPATH\Models\producto_Model.php on line 0.
 1 SYSTEMPATH\Autoloader\Autoloader.php(311): include_once('C:\\xampp\\htdocs\\proyecto_espinola_emilia\\system\\Debug\\Exceptions.php')
 2 SYSTEMPATH\Autoloader\Autoloader.php(290): CodeIgniter\Autoloader\Autoloader->includeFile('C:\\xampp\\htdocs\\proyecto_espinola_emilia\\app\\Models\\producto_Model.php')
 3 SYSTEMPATH\Autoloader\Autoloader.php(266): CodeIgniter\Autoloader\Autoloader->loadInNamespace('App\\Models\\producto_Model')
 4 APPPATH\Controllers\ventas_controller.php(24): CodeIgniter\Autoloader\Autoloader->loadClass('App\\Models\\producto_Model')
 5 SYSTEMPATH\CodeIgniter.php(915): App\Controllers\ventas_controller->__construct()
 6 SYSTEMPATH\CodeIgniter.php(494): CodeIgniter\CodeIgniter->createController()
 7 SYSTEMPATH\CodeIgniter.php(361): CodeIgniter\CodeIgniter->handleRequest(null, Object(Config\Cache), false)
 8 FCPATH\index.php(79): CodeIgniter\CodeIgniter->run()
WARNING - 2026-03-03 23:16:45 --> [DEPRECATED] Optional parameter $categoria_id declared before required parameter $buscar is implicitly treated as a required parameter in APPPATH\Models\producto_Model.php on line 0.
 1 SYSTEMPATH\Autoloader\Autoloader.php(311): include_once('C:\\xampp\\htdocs\\proyecto_espinola_emilia\\system\\Debug\\Exceptions.php')
 2 SYSTEMPATH\Autoloader\Autoloader.php(290): CodeIgniter\Autoloader\Autoloader->includeFile('C:\\xampp\\htdocs\\proyecto_espinola_emilia\\app\\Models\\producto_Model.php')
 3 SYSTEMPATH\Autoloader\Autoloader.php(266): CodeIgniter\Autoloader\Autoloader->loadInNamespace('App\\Models\\producto_Model')
 4 APPPATH\Controllers\ventas_controller.php(24): CodeIgniter\Autoloader\Autoloader->loadClass('App\\Models\\producto_Model')
 5 SYSTEMPATH\CodeIgniter.php(915): App\Controllers\ventas_controller->__construct()
 6 SYSTEMPATH\CodeIgniter.php(494): CodeIgniter\CodeIgniter->createController()
 7 SYSTEMPATH\CodeIgniter.php(361): CodeIgniter\CodeIgniter->handleRequest(null, Object(Config\Cache), false)
 8 FCPATH\index.php(79): CodeIgniter\CodeIgniter->run()
WARNING - 2026-03-03 23:16:45 --> [DEPRECATED] Creation of dynamic property App\Controllers\ventas_controller::$productosDetalle is deprecated in APPPATH\Controllers\ventas_controller.php on line 25.
 1 SYSTEMPATH\CodeIgniter.php(915): App\Controllers\ventas_controller->__construct()
 2 SYSTEMPATH\CodeIgniter.php(494): CodeIgniter\CodeIgniter->createController()
 3 SYSTEMPATH\CodeIgniter.php(361): CodeIgniter\CodeIgniter->handleRequest(null, Object(Config\Cache), false)
 4 FCPATH\index.php(79): CodeIgniter\CodeIgniter->run()
INFO - 2026-03-03 23:16:45 --> Session: Class initialized using 'CodeIgniter\Session\Handlers\FileHandler' driver.
WARNING - 2026-03-03 23:16:54 --> [DEPRECATED] Optional parameter $colores declared before required parameter $buscar is implicitly treated as a required parameter in APPPATH\Models\producto_Model.php on line 76.
 1 SYSTEMPATH\Autoloader\Autoloader.php(311): include_once('C:\\xampp\\htdocs\\proyecto_espinola_emilia\\system\\Debug\\Exceptions.php')
 2 SYSTEMPATH\Autoloader\Autoloader.php(290): CodeIgniter\Autoloader\Autoloader->includeFile('C:\\xampp\\htdocs\\proyecto_espinola_emilia\\app\\Models\\producto_Model.php')
 3 SYSTEMPATH\Autoloader\Autoloader.php(266): CodeIgniter\Autoloader\Autoloader->loadInNamespace('App\\Models\\producto_Model')
 4 APPPATH\Controllers\producto_controller.php(256): CodeIgniter\Autoloader\Autoloader->loadClass('App\\Models\\producto_Model')
 5 SYSTEMPATH\CodeIgniter.php(943): App\Controllers\producto_controller->detalle_producto('87')
 6 SYSTEMPATH\CodeIgniter.php(503): CodeIgniter\CodeIgniter->runController(Object(App\Controllers\producto_controller))
 7 SYSTEMPATH\CodeIgniter.php(361): CodeIgniter\CodeIgniter->handleRequest(null, Object(Config\Cache), false)
 8 FCPATH\index.php(79): CodeIgniter\CodeIgniter->run()
WARNING - 2026-03-03 23:16:54 --> [DEPRECATED] Optional parameter $talles declared before required parameter $buscar is implicitly treated as a required parameter in APPPATH\Models\producto_Model.php on line 0.
 1 SYSTEMPATH\Autoloader\Autoloader.php(311): include_once('C:\\xampp\\htdocs\\proyecto_espinola_emilia\\system\\Debug\\Exceptions.php')
 2 SYSTEMPATH\Autoloader\Autoloader.php(290): CodeIgniter\Autoloader\Autoloader->includeFile('C:\\xampp\\htdocs\\proyecto_espinola_emilia\\app\\Models\\producto_Model.php')
 3 SYSTEMPATH\Autoloader\Autoloader.php(266): CodeIgniter\Autoloader\Autoloader->loadInNamespace('App\\Models\\producto_Model')
 4 APPPATH\Controllers\producto_controller.php(256): CodeIgniter\Autoloader\Autoloader->loadClass('App\\Models\\producto_Model')
 5 SYSTEMPATH\CodeIgniter.php(943): App\Controllers\producto_controller->detalle_producto('87')
 6 SYSTEMPATH\CodeIgniter.php(503): CodeIgniter\CodeIgniter->runController(Object(App\Controllers\producto_controller))
 7 SYSTEMPATH\CodeIgniter.php(361): CodeIgniter\CodeIgniter->handleRequest(null, Object(Config\Cache), false)
 8 FCPATH\index.php(79): CodeIgniter\CodeIgniter->run()
WARNING - 2026-03-03 23:16:54 --> [DEPRECATED] Optional parameter $categoria_id declared before required parameter $buscar is implicitly treated as a required parameter in APPPATH\Models\producto_Model.php on line 0.
 1 SYSTEMPATH\Autoloader\Autoloader.php(311): include_once('C:\\xampp\\htdocs\\proyecto_espinola_emilia\\system\\Debug\\Exceptions.php')
 2 SYSTEMPATH\Autoloader\Autoloader.php(290): CodeIgniter\Autoloader\Autoloader->includeFile('C:\\xampp\\htdocs\\proyecto_espinola_emilia\\app\\Models\\producto_Model.php')
 3 SYSTEMPATH\Autoloader\Autoloader.php(266): CodeIgniter\Autoloader\Autoloader->loadInNamespace('App\\Models\\producto_Model')
 4 APPPATH\Controllers\producto_controller.php(256): CodeIgniter\Autoloader\Autoloader->loadClass('App\\Models\\producto_Model')
 5 SYSTEMPATH\CodeIgniter.php(943): App\Controllers\producto_controller->detalle_producto('87')
 6 SYSTEMPATH\CodeIgniter.php(503): CodeIgniter\CodeIgniter->runController(Object(App\Controllers\producto_controller))
 7 SYSTEMPATH\CodeIgniter.php(361): CodeIgniter\CodeIgniter->handleRequest(null, Object(Config\Cache), false)
 8 FCPATH\index.php(79): CodeIgniter\CodeIgniter->run()
INFO - 2026-03-03 23:16:54 --> Session: Class initialized using 'CodeIgniter\Session\Handlers\FileHandler' driver.
WARNING - 2026-03-03 23:17:04 --> [DEPRECATED] Optional parameter $colores declared before required parameter $buscar is implicitly treated as a required parameter in APPPATH\Models\producto_Model.php on line 76.
 1 SYSTEMPATH\Autoloader\Autoloader.php(311): include_once('C:\\xampp\\htdocs\\proyecto_espinola_emilia\\system\\Debug\\Exceptions.php')
 2 SYSTEMPATH\Autoloader\Autoloader.php(290): CodeIgniter\Autoloader\Autoloader->includeFile('C:\\xampp\\htdocs\\proyecto_espinola_emilia\\app\\Models\\producto_Model.php')
 3 SYSTEMPATH\Autoloader\Autoloader.php(266): CodeIgniter\Autoloader\Autoloader->loadInNamespace('App\\Models\\producto_Model')
 4 APPPATH\Controllers\ventas_controller.php(24): CodeIgniter\Autoloader\Autoloader->loadClass('App\\Models\\producto_Model')
 5 SYSTEMPATH\CodeIgniter.php(915): App\Controllers\ventas_controller->__construct()
 6 SYSTEMPATH\CodeIgniter.php(494): CodeIgniter\CodeIgniter->createController()
 7 SYSTEMPATH\CodeIgniter.php(361): CodeIgniter\CodeIgniter->handleRequest(null, Object(Config\Cache), false)
 8 FCPATH\index.php(79): CodeIgniter\CodeIgniter->run()
WARNING - 2026-03-03 23:17:04 --> [DEPRECATED] Optional parameter $talles declared before required parameter $buscar is implicitly treated as a required parameter in APPPATH\Models\producto_Model.php on line 0.
 1 SYSTEMPATH\Autoloader\Autoloader.php(311): include_once('C:\\xampp\\htdocs\\proyecto_espinola_emilia\\system\\Debug\\Exceptions.php')
 2 SYSTEMPATH\Autoloader\Autoloader.php(290): CodeIgniter\Autoloader\Autoloader->includeFile('C:\\xampp\\htdocs\\proyecto_espinola_emilia\\app\\Models\\producto_Model.php')
 3 SYSTEMPATH\Autoloader\Autoloader.php(266): CodeIgniter\Autoloader\Autoloader->loadInNamespace('App\\Models\\producto_Model')
 4 APPPATH\Controllers\ventas_controller.php(24): CodeIgniter\Autoloader\Autoloader->loadClass('App\\Models\\producto_Model')
 5 SYSTEMPATH\CodeIgniter.php(915): App\Controllers\ventas_controller->__construct()
 6 SYSTEMPATH\CodeIgniter.php(494): CodeIgniter\CodeIgniter->createController()
 7 SYSTEMPATH\CodeIgniter.php(361): CodeIgniter\CodeIgniter->handleRequest(null, Object(Config\Cache), false)
 8 FCPATH\index.php(79): CodeIgniter\CodeIgniter->run()
WARNING - 2026-03-03 23:17:04 --> [DEPRECATED] Optional parameter $categoria_id declared before required parameter $buscar is implicitly treated as a required parameter in APPPATH\Models\producto_Model.php on line 0.
 1 SYSTEMPATH\Autoloader\Autoloader.php(311): include_once('C:\\xampp\\htdocs\\proyecto_espinola_emilia\\system\\Debug\\Exceptions.php')
 2 SYSTEMPATH\Autoloader\Autoloader.php(290): CodeIgniter\Autoloader\Autoloader->includeFile('C:\\xampp\\htdocs\\proyecto_espinola_emilia\\app\\Models\\producto_Model.php')
 3 SYSTEMPATH\Autoloader\Autoloader.php(266): CodeIgniter\Autoloader\Autoloader->loadInNamespace('App\\Models\\producto_Model')
 4 APPPATH\Controllers\ventas_controller.php(24): CodeIgniter\Autoloader\Autoloader->loadClass('App\\Models\\producto_Model')
 5 SYSTEMPATH\CodeIgniter.php(915): App\Controllers\ventas_controller->__construct()
 6 SYSTEMPATH\CodeIgniter.php(494): CodeIgniter\CodeIgniter->createController()
 7 SYSTEMPATH\CodeIgniter.php(361): CodeIgniter\CodeIgniter->handleRequest(null, Object(Config\Cache), false)
 8 FCPATH\index.php(79): CodeIgniter\CodeIgniter->run()
WARNING - 2026-03-03 23:17:04 --> [DEPRECATED] Creation of dynamic property App\Controllers\ventas_controller::$productosDetalle is deprecated in APPPATH\Controllers\ventas_controller.php on line 25.
 1 SYSTEMPATH\CodeIgniter.php(915): App\Controllers\ventas_controller->__construct()
 2 SYSTEMPATH\CodeIgniter.php(494): CodeIgniter\CodeIgniter->createController()
 3 SYSTEMPATH\CodeIgniter.php(361): CodeIgniter\CodeIgniter->handleRequest(null, Object(Config\Cache), false)
 4 FCPATH\index.php(79): CodeIgniter\CodeIgniter->run()
INFO - 2026-03-03 23:17:04 --> Session: Class initialized using 'CodeIgniter\Session\Handlers\FileHandler' driver.
WARNING - 2026-03-03 23:19:25 --> [DEPRECATED] Optional parameter $colores declared before required parameter $buscar is implicitly treated as a required parameter in APPPATH\Models\producto_Model.php on line 76.
 1 SYSTEMPATH\Autoloader\Autoloader.php(311): include_once('C:\\xampp\\htdocs\\proyecto_espinola_emilia\\system\\Debug\\Exceptions.php')
 2 SYSTEMPATH\Autoloader\Autoloader.php(290): CodeIgniter\Autoloader\Autoloader->includeFile('C:\\xampp\\htdocs\\proyecto_espinola_emilia\\app\\Models\\producto_Model.php')
 3 SYSTEMPATH\Autoloader\Autoloader.php(266): CodeIgniter\Autoloader\Autoloader->loadInNamespace('App\\Models\\producto_Model')
 4 APPPATH\Controllers\ventas_controller.php(24): CodeIgniter\Autoloader\Autoloader->loadClass('App\\Models\\producto_Model')
 5 SYSTEMPATH\CodeIgniter.php(915): App\Controllers\ventas_controller->__construct()
 6 SYSTEMPATH\CodeIgniter.php(494): CodeIgniter\CodeIgniter->createController()
 7 SYSTEMPATH\CodeIgniter.php(361): CodeIgniter\CodeIgniter->handleRequest(null, Object(Config\Cache), false)
 8 FCPATH\index.php(79): CodeIgniter\CodeIgniter->run()
WARNING - 2026-03-03 23:19:25 --> [DEPRECATED] Optional parameter $talles declared before required parameter $buscar is implicitly treated as a required parameter in APPPATH\Models\producto_Model.php on line 0.
 1 SYSTEMPATH\Autoloader\Autoloader.php(311): include_once('C:\\xampp\\htdocs\\proyecto_espinola_emilia\\system\\Debug\\Exceptions.php')
 2 SYSTEMPATH\Autoloader\Autoloader.php(290): CodeIgniter\Autoloader\Autoloader->includeFile('C:\\xampp\\htdocs\\proyecto_espinola_emilia\\app\\Models\\producto_Model.php')
 3 SYSTEMPATH\Autoloader\Autoloader.php(266): CodeIgniter\Autoloader\Autoloader->loadInNamespace('App\\Models\\producto_Model')
 4 APPPATH\Controllers\ventas_controller.php(24): CodeIgniter\Autoloader\Autoloader->loadClass('App\\Models\\producto_Model')
 5 SYSTEMPATH\CodeIgniter.php(915): App\Controllers\ventas_controller->__construct()
 6 SYSTEMPATH\CodeIgniter.php(494): CodeIgniter\CodeIgniter->createController()
 7 SYSTEMPATH\CodeIgniter.php(361): CodeIgniter\CodeIgniter->handleRequest(null, Object(Config\Cache), false)
 8 FCPATH\index.php(79): CodeIgniter\CodeIgniter->run()
WARNING - 2026-03-03 23:19:25 --> [DEPRECATED] Optional parameter $categoria_id declared before required parameter $buscar is implicitly treated as a required parameter in APPPATH\Models\producto_Model.php on line 0.
 1 SYSTEMPATH\Autoloader\Autoloader.php(311): include_once('C:\\xampp\\htdocs\\proyecto_espinola_emilia\\system\\Debug\\Exceptions.php')
 2 SYSTEMPATH\Autoloader\Autoloader.php(290): CodeIgniter\Autoloader\Autoloader->includeFile('C:\\xampp\\htdocs\\proyecto_espinola_emilia\\app\\Models\\producto_Model.php')
 3 SYSTEMPATH\Autoloader\Autoloader.php(266): CodeIgniter\Autoloader\Autoloader->loadInNamespace('App\\Models\\producto_Model')
 4 APPPATH\Controllers\ventas_controller.php(24): CodeIgniter\Autoloader\Autoloader->loadClass('App\\Models\\producto_Model')
 5 SYSTEMPATH\CodeIgniter.php(915): App\Controllers\ventas_controller->__construct()
 6 SYSTEMPATH\CodeIgniter.php(494): CodeIgniter\CodeIgniter->createController()
 7 SYSTEMPATH\CodeIgniter.php(361): CodeIgniter\CodeIgniter->handleRequest(null, Object(Config\Cache), false)
 8 FCPATH\index.php(79): CodeIgniter\CodeIgniter->run()
WARNING - 2026-03-03 23:19:25 --> [DEPRECATED] Creation of dynamic property App\Controllers\ventas_controller::$productosDetalle is deprecated in APPPATH\Controllers\ventas_controller.php on line 25.
 1 SYSTEMPATH\CodeIgniter.php(915): App\Controllers\ventas_controller->__construct()
 2 SYSTEMPATH\CodeIgniter.php(494): CodeIgniter\CodeIgniter->createController()
 3 SYSTEMPATH\CodeIgniter.php(361): CodeIgniter\CodeIgniter->handleRequest(null, Object(Config\Cache), false)
 4 FCPATH\index.php(79): CodeIgniter\CodeIgniter->run()
INFO - 2026-03-03 23:19:25 --> Session: Class initialized using 'CodeIgniter\Session\Handlers\FileHandler' driver.
WARNING - 2026-03-03 23:20:24 --> [DEPRECATED] Optional parameter $colores declared before required parameter $buscar is implicitly treated as a required parameter in APPPATH\Models\producto_Model.php on line 76.
 1 SYSTEMPATH\Autoloader\Autoloader.php(311): include_once('C:\\xampp\\htdocs\\proyecto_espinola_emilia\\system\\Debug\\Exceptions.php')
 2 SYSTEMPATH\Autoloader\Autoloader.php(290): CodeIgniter\Autoloader\Autoloader->includeFile('C:\\xampp\\htdocs\\proyecto_espinola_emilia\\app\\Models\\producto_Model.php')
 3 SYSTEMPATH\Autoloader\Autoloader.php(266): CodeIgniter\Autoloader\Autoloader->loadInNamespace('App\\Models\\producto_Model')
 4 APPPATH\Controllers\carrito_controller.php(23): CodeIgniter\Autoloader\Autoloader->loadClass('App\\Models\\producto_Model')
 5 SYSTEMPATH\CodeIgniter.php(915): App\Controllers\carrito_controller->__construct()
 6 SYSTEMPATH\CodeIgniter.php(494): CodeIgniter\CodeIgniter->createController()
 7 SYSTEMPATH\CodeIgniter.php(361): CodeIgniter\CodeIgniter->handleRequest(null, Object(Config\Cache), false)
 8 FCPATH\index.php(79): CodeIgniter\CodeIgniter->run()
WARNING - 2026-03-03 23:20:24 --> [DEPRECATED] Optional parameter $talles declared before required parameter $buscar is implicitly treated as a required parameter in APPPATH\Models\producto_Model.php on line 0.
 1 SYSTEMPATH\Autoloader\Autoloader.php(311): include_once('C:\\xampp\\htdocs\\proyecto_espinola_emilia\\system\\Debug\\Exceptions.php')
 2 SYSTEMPATH\Autoloader\Autoloader.php(290): CodeIgniter\Autoloader\Autoloader->includeFile('C:\\xampp\\htdocs\\proyecto_espinola_emilia\\app\\Models\\producto_Model.php')
 3 SYSTEMPATH\Autoloader\Autoloader.php(266): CodeIgniter\Autoloader\Autoloader->loadInNamespace('App\\Models\\producto_Model')
 4 APPPATH\Controllers\carrito_controller.php(23): CodeIgniter\Autoloader\Autoloader->loadClass('App\\Models\\producto_Model')
 5 SYSTEMPATH\CodeIgniter.php(915): App\Controllers\carrito_controller->__construct()
 6 SYSTEMPATH\CodeIgniter.php(494): CodeIgniter\CodeIgniter->createController()
 7 SYSTEMPATH\CodeIgniter.php(361): CodeIgniter\CodeIgniter->handleRequest(null, Object(Config\Cache), false)
 8 FCPATH\index.php(79): CodeIgniter\CodeIgniter->run()
WARNING - 2026-03-03 23:20:24 --> [DEPRECATED] Optional parameter $categoria_id declared before required parameter $buscar is implicitly treated as a required parameter in APPPATH\Models\producto_Model.php on line 0.
 1 SYSTEMPATH\Autoloader\Autoloader.php(311): include_once('C:\\xampp\\htdocs\\proyecto_espinola_emilia\\system\\Debug\\Exceptions.php')
 2 SYSTEMPATH\Autoloader\Autoloader.php(290): CodeIgniter\Autoloader\Autoloader->includeFile('C:\\xampp\\htdocs\\proyecto_espinola_emilia\\app\\Models\\producto_Model.php')
 3 SYSTEMPATH\Autoloader\Autoloader.php(266): CodeIgniter\Autoloader\Autoloader->loadInNamespace('App\\Models\\producto_Model')
 4 APPPATH\Controllers\carrito_controller.php(23): CodeIgniter\Autoloader\Autoloader->loadClass('App\\Models\\producto_Model')
 5 SYSTEMPATH\CodeIgniter.php(915): App\Controllers\carrito_controller->__construct()
 6 SYSTEMPATH\CodeIgniter.php(494): CodeIgniter\CodeIgniter->createController()
 7 SYSTEMPATH\CodeIgniter.php(361): CodeIgniter\CodeIgniter->handleRequest(null, Object(Config\Cache), false)
 8 FCPATH\index.php(79): CodeIgniter\CodeIgniter->run()
INFO - 2026-03-03 23:20:24 --> Session: Class initialized using 'CodeIgniter\Session\Handlers\FileHandler' driver.
WARNING - 2026-03-03 23:21:03 --> [DEPRECATED] Optional parameter $colores declared before required parameter $buscar is implicitly treated as a required parameter in APPPATH\Models\producto_Model.php on line 76.
 1 SYSTEMPATH\Autoloader\Autoloader.php(311): include_once('C:\\xampp\\htdocs\\proyecto_espinola_emilia\\system\\Debug\\Exceptions.php')
 2 SYSTEMPATH\Autoloader\Autoloader.php(290): CodeIgniter\Autoloader\Autoloader->includeFile('C:\\xampp\\htdocs\\proyecto_espinola_emilia\\app\\Models\\producto_Model.php')
 3 SYSTEMPATH\Autoloader\Autoloader.php(266): CodeIgniter\Autoloader\Autoloader->loadInNamespace('App\\Models\\producto_Model')
 4 APPPATH\Controllers\ventas_controller.php(24): CodeIgniter\Autoloader\Autoloader->loadClass('App\\Models\\producto_Model')
 5 SYSTEMPATH\CodeIgniter.php(915): App\Controllers\ventas_controller->__construct()
 6 SYSTEMPATH\CodeIgniter.php(494): CodeIgniter\CodeIgniter->createController()
 7 SYSTEMPATH\CodeIgniter.php(361): CodeIgniter\CodeIgniter->handleRequest(null, Object(Config\Cache), false)
 8 FCPATH\index.php(79): CodeIgniter\CodeIgniter->run()
WARNING - 2026-03-03 23:21:03 --> [DEPRECATED] Optional parameter $talles declared before required parameter $buscar is implicitly treated as a required parameter in APPPATH\Models\producto_Model.php on line 0.
 1 SYSTEMPATH\Autoloader\Autoloader.php(311): include_once('C:\\xampp\\htdocs\\proyecto_espinola_emilia\\system\\Debug\\Exceptions.php')
 2 SYSTEMPATH\Autoloader\Autoloader.php(290): CodeIgniter\Autoloader\Autoloader->includeFile('C:\\xampp\\htdocs\\proyecto_espinola_emilia\\app\\Models\\producto_Model.php')
 3 SYSTEMPATH\Autoloader\Autoloader.php(266): CodeIgniter\Autoloader\Autoloader->loadInNamespace('App\\Models\\producto_Model')
 4 APPPATH\Controllers\ventas_controller.php(24): CodeIgniter\Autoloader\Autoloader->loadClass('App\\Models\\producto_Model')
 5 SYSTEMPATH\CodeIgniter.php(915): App\Controllers\ventas_controller->__construct()
 6 SYSTEMPATH\CodeIgniter.php(494): CodeIgniter\CodeIgniter->createController()
 7 SYSTEMPATH\CodeIgniter.php(361): CodeIgniter\CodeIgniter->handleRequest(null, Object(Config\Cache), false)
 8 FCPATH\index.php(79): CodeIgniter\CodeIgniter->run()
WARNING - 2026-03-03 23:21:03 --> [DEPRECATED] Optional parameter $categoria_id declared before required parameter $buscar is implicitly treated as a required parameter in APPPATH\Models\producto_Model.php on line 0.
 1 SYSTEMPATH\Autoloader\Autoloader.php(311): include_once('C:\\xampp\\htdocs\\proyecto_espinola_emilia\\system\\Debug\\Exceptions.php')
 2 SYSTEMPATH\Autoloader\Autoloader.php(290): CodeIgniter\Autoloader\Autoloader->includeFile('C:\\xampp\\htdocs\\proyecto_espinola_emilia\\app\\Models\\producto_Model.php')
 3 SYSTEMPATH\Autoloader\Autoloader.php(266): CodeIgniter\Autoloader\Autoloader->loadInNamespace('App\\Models\\producto_Model')
 4 APPPATH\Controllers\ventas_controller.php(24): CodeIgniter\Autoloader\Autoloader->loadClass('App\\Models\\producto_Model')
 5 SYSTEMPATH\CodeIgniter.php(915): App\Controllers\ventas_controller->__construct()
 6 SYSTEMPATH\CodeIgniter.php(494): CodeIgniter\CodeIgniter->createController()
 7 SYSTEMPATH\CodeIgniter.php(361): CodeIgniter\CodeIgniter->handleRequest(null, Object(Config\Cache), false)
 8 FCPATH\index.php(79): CodeIgniter\CodeIgniter->run()
WARNING - 2026-03-03 23:21:03 --> [DEPRECATED] Creation of dynamic property App\Controllers\ventas_controller::$productosDetalle is deprecated in APPPATH\Controllers\ventas_controller.php on line 25.
 1 SYSTEMPATH\CodeIgniter.php(915): App\Controllers\ventas_controller->__construct()
 2 SYSTEMPATH\CodeIgniter.php(494): CodeIgniter\CodeIgniter->createController()
 3 SYSTEMPATH\CodeIgniter.php(361): CodeIgniter\CodeIgniter->handleRequest(null, Object(Config\Cache), false)
 4 FCPATH\index.php(79): CodeIgniter\CodeIgniter->run()
INFO - 2026-03-03 23:21:03 --> Session: Class initialized using 'CodeIgniter\Session\Handlers\FileHandler' driver.
WARNING - 2026-03-03 23:21:35 --> [DEPRECATED] Optional parameter $colores declared before required parameter $buscar is implicitly treated as a required parameter in APPPATH\Models\producto_Model.php on line 76.
 1 SYSTEMPATH\Autoloader\Autoloader.php(311): include_once('C:\\xampp\\htdocs\\proyecto_espinola_emilia\\system\\Debug\\Exceptions.php')
 2 SYSTEMPATH\Autoloader\Autoloader.php(290): CodeIgniter\Autoloader\Autoloader->includeFile('C:\\xampp\\htdocs\\proyecto_espinola_emilia\\app\\Models\\producto_Model.php')
 3 SYSTEMPATH\Autoloader\Autoloader.php(266): CodeIgniter\Autoloader\Autoloader->loadInNamespace('App\\Models\\producto_Model')
 4 APPPATH\Controllers\carrito_controller.php(23): CodeIgniter\Autoloader\Autoloader->loadClass('App\\Models\\producto_Model')
 5 SYSTEMPATH\CodeIgniter.php(915): App\Controllers\carrito_controller->__construct()
 6 SYSTEMPATH\CodeIgniter.php(494): CodeIgniter\CodeIgniter->createController()
 7 SYSTEMPATH\CodeIgniter.php(361): CodeIgniter\CodeIgniter->handleRequest(null, Object(Config\Cache), false)
 8 FCPATH\index.php(79): CodeIgniter\CodeIgniter->run()
WARNING - 2026-03-03 23:21:35 --> [DEPRECATED] Optional parameter $talles declared before required parameter $buscar is implicitly treated as a required parameter in APPPATH\Models\producto_Model.php on line 0.
 1 SYSTEMPATH\Autoloader\Autoloader.php(311): include_once('C:\\xampp\\htdocs\\proyecto_espinola_emilia\\system\\Debug\\Exceptions.php')
 2 SYSTEMPATH\Autoloader\Autoloader.php(290): CodeIgniter\Autoloader\Autoloader->includeFile('C:\\xampp\\htdocs\\proyecto_espinola_emilia\\app\\Models\\producto_Model.php')
 3 SYSTEMPATH\Autoloader\Autoloader.php(266): CodeIgniter\Autoloader\Autoloader->loadInNamespace('App\\Models\\producto_Model')
 4 APPPATH\Controllers\carrito_controller.php(23): CodeIgniter\Autoloader\Autoloader->loadClass('App\\Models\\producto_Model')
 5 SYSTEMPATH\CodeIgniter.php(915): App\Controllers\carrito_controller->__construct()
 6 SYSTEMPATH\CodeIgniter.php(494): CodeIgniter\CodeIgniter->createController()
 7 SYSTEMPATH\CodeIgniter.php(361): CodeIgniter\CodeIgniter->handleRequest(null, Object(Config\Cache), false)
 8 FCPATH\index.php(79): CodeIgniter\CodeIgniter->run()
WARNING - 2026-03-03 23:21:35 --> [DEPRECATED] Optional parameter $categoria_id declared before required parameter $buscar is implicitly treated as a required parameter in APPPATH\Models\producto_Model.php on line 0.
 1 SYSTEMPATH\Autoloader\Autoloader.php(311): include_once('C:\\xampp\\htdocs\\proyecto_espinola_emilia\\system\\Debug\\Exceptions.php')
 2 SYSTEMPATH\Autoloader\Autoloader.php(290): CodeIgniter\Autoloader\Autoloader->includeFile('C:\\xampp\\htdocs\\proyecto_espinola_emilia\\app\\Models\\producto_Model.php')
 3 SYSTEMPATH\Autoloader\Autoloader.php(266): CodeIgniter\Autoloader\Autoloader->loadInNamespace('App\\Models\\producto_Model')
 4 APPPATH\Controllers\carrito_controller.php(23): CodeIgniter\Autoloader\Autoloader->loadClass('App\\Models\\producto_Model')
 5 SYSTEMPATH\CodeIgniter.php(915): App\Controllers\carrito_controller->__construct()
 6 SYSTEMPATH\CodeIgniter.php(494): CodeIgniter\CodeIgniter->createController()
 7 SYSTEMPATH\CodeIgniter.php(361): CodeIgniter\CodeIgniter->handleRequest(null, Object(Config\Cache), false)
 8 FCPATH\index.php(79): CodeIgniter\CodeIgniter->run()
INFO - 2026-03-03 23:21:35 --> Session: Class initialized using 'CodeIgniter\Session\Handlers\FileHandler' driver.
WARNING - 2026-03-03 23:21:37 --> [DEPRECATED] Optional parameter $colores declared before required parameter $buscar is implicitly treated as a required parameter in APPPATH\Models\producto_Model.php on line 76.
 1 SYSTEMPATH\Autoloader\Autoloader.php(311): include_once('C:\\xampp\\htdocs\\proyecto_espinola_emilia\\system\\Debug\\Exceptions.php')
 2 SYSTEMPATH\Autoloader\Autoloader.php(290): CodeIgniter\Autoloader\Autoloader->includeFile('C:\\xampp\\htdocs\\proyecto_espinola_emilia\\app\\Models\\producto_Model.php')
 3 SYSTEMPATH\Autoloader\Autoloader.php(266): CodeIgniter\Autoloader\Autoloader->loadInNamespace('App\\Models\\producto_Model')
 4 APPPATH\Controllers\carrito_controller.php(23): CodeIgniter\Autoloader\Autoloader->loadClass('App\\Models\\producto_Model')
 5 SYSTEMPATH\CodeIgniter.php(915): App\Controllers\carrito_controller->__construct()
 6 SYSTEMPATH\CodeIgniter.php(494): CodeIgniter\CodeIgniter->createController()
 7 SYSTEMPATH\CodeIgniter.php(361): CodeIgniter\CodeIgniter->handleRequest(null, Object(Config\Cache), false)
 8 FCPATH\index.php(79): CodeIgniter\CodeIgniter->run()
WARNING - 2026-03-03 23:21:37 --> [DEPRECATED] Optional parameter $talles declared before required parameter $buscar is implicitly treated as a required parameter in APPPATH\Models\producto_Model.php on line 0.
 1 SYSTEMPATH\Autoloader\Autoloader.php(311): include_once('C:\\xampp\\htdocs\\proyecto_espinola_emilia\\system\\Debug\\Exceptions.php')
 2 SYSTEMPATH\Autoloader\Autoloader.php(290): CodeIgniter\Autoloader\Autoloader->includeFile('C:\\xampp\\htdocs\\proyecto_espinola_emilia\\app\\Models\\producto_Model.php')
 3 SYSTEMPATH\Autoloader\Autoloader.php(266): CodeIgniter\Autoloader\Autoloader->loadInNamespace('App\\Models\\producto_Model')
 4 APPPATH\Controllers\carrito_controller.php(23): CodeIgniter\Autoloader\Autoloader->loadClass('App\\Models\\producto_Model')
 5 SYSTEMPATH\CodeIgniter.php(915): App\Controllers\carrito_controller->__construct()
 6 SYSTEMPATH\CodeIgniter.php(494): CodeIgniter\CodeIgniter->createController()
 7 SYSTEMPATH\CodeIgniter.php(361): CodeIgniter\CodeIgniter->handleRequest(null, Object(Config\Cache), false)
 8 FCPATH\index.php(79): CodeIgniter\CodeIgniter->run()
WARNING - 2026-03-03 23:21:37 --> [DEPRECATED] Optional parameter $categoria_id declared before required parameter $buscar is implicitly treated as a required parameter in APPPATH\Models\producto_Model.php on line 0.
 1 SYSTEMPATH\Autoloader\Autoloader.php(311): include_once('C:\\xampp\\htdocs\\proyecto_espinola_emilia\\system\\Debug\\Exceptions.php')
 2 SYSTEMPATH\Autoloader\Autoloader.php(290): CodeIgniter\Autoloader\Autoloader->includeFile('C:\\xampp\\htdocs\\proyecto_espinola_emilia\\app\\Models\\producto_Model.php')
 3 SYSTEMPATH\Autoloader\Autoloader.php(266): CodeIgniter\Autoloader\Autoloader->loadInNamespace('App\\Models\\producto_Model')
 4 APPPATH\Controllers\carrito_controller.php(23): CodeIgniter\Autoloader\Autoloader->loadClass('App\\Models\\producto_Model')
 5 SYSTEMPATH\CodeIgniter.php(915): App\Controllers\carrito_controller->__construct()
 6 SYSTEMPATH\CodeIgniter.php(494): CodeIgniter\CodeIgniter->createController()
 7 SYSTEMPATH\CodeIgniter.php(361): CodeIgniter\CodeIgniter->handleRequest(null, Object(Config\Cache), false)
 8 FCPATH\index.php(79): CodeIgniter\CodeIgniter->run()
INFO - 2026-03-03 23:21:37 --> Session: Class initialized using 'CodeIgniter\Session\Handlers\FileHandler' driver.
WARNING - 2026-03-03 23:21:48 --> [DEPRECATED] Optional parameter $colores declared before required parameter $buscar is implicitly treated as a required parameter in APPPATH\Models\producto_Model.php on line 76.
 1 SYSTEMPATH\Autoloader\Autoloader.php(311): include_once('C:\\xampp\\htdocs\\proyecto_espinola_emilia\\system\\Debug\\Exceptions.php')
 2 SYSTEMPATH\Autoloader\Autoloader.php(290): CodeIgniter\Autoloader\Autoloader->includeFile('C:\\xampp\\htdocs\\proyecto_espinola_emilia\\app\\Models\\producto_Model.php')
 3 SYSTEMPATH\Autoloader\Autoloader.php(266): CodeIgniter\Autoloader\Autoloader->loadInNamespace('App\\Models\\producto_Model')
 4 APPPATH\Controllers\ventas_controller.php(24): CodeIgniter\Autoloader\Autoloader->loadClass('App\\Models\\producto_Model')
 5 SYSTEMPATH\CodeIgniter.php(915): App\Controllers\ventas_controller->__construct()
 6 SYSTEMPATH\CodeIgniter.php(494): CodeIgniter\CodeIgniter->createController()
 7 SYSTEMPATH\CodeIgniter.php(361): CodeIgniter\CodeIgniter->handleRequest(null, Object(Config\Cache), false)
 8 FCPATH\index.php(79): CodeIgniter\CodeIgniter->run()
WARNING - 2026-03-03 23:21:48 --> [DEPRECATED] Optional parameter $talles declared before required parameter $buscar is implicitly treated as a required parameter in APPPATH\Models\producto_Model.php on line 0.
 1 SYSTEMPATH\Autoloader\Autoloader.php(311): include_once('C:\\xampp\\htdocs\\proyecto_espinola_emilia\\system\\Debug\\Exceptions.php')
 2 SYSTEMPATH\Autoloader\Autoloader.php(290): CodeIgniter\Autoloader\Autoloader->includeFile('C:\\xampp\\htdocs\\proyecto_espinola_emilia\\app\\Models\\producto_Model.php')
 3 SYSTEMPATH\Autoloader\Autoloader.php(266): CodeIgniter\Autoloader\Autoloader->loadInNamespace('App\\Models\\producto_Model')
 4 APPPATH\Controllers\ventas_controller.php(24): CodeIgniter\Autoloader\Autoloader->loadClass('App\\Models\\producto_Model')
 5 SYSTEMPATH\CodeIgniter.php(915): App\Controllers\ventas_controller->__construct()
 6 SYSTEMPATH\CodeIgniter.php(494): CodeIgniter\CodeIgniter->createController()
 7 SYSTEMPATH\CodeIgniter.php(361): CodeIgniter\CodeIgniter->handleRequest(null, Object(Config\Cache), false)
 8 FCPATH\index.php(79): CodeIgniter\CodeIgniter->run()
WARNING - 2026-03-03 23:21:48 --> [DEPRECATED] Optional parameter $categoria_id declared before required parameter $buscar is implicitly treated as a required parameter in APPPATH\Models\producto_Model.php on line 0.
 1 SYSTEMPATH\Autoloader\Autoloader.php(311): include_once('C:\\xampp\\htdocs\\proyecto_espinola_emilia\\system\\Debug\\Exceptions.php')
 2 SYSTEMPATH\Autoloader\Autoloader.php(290): CodeIgniter\Autoloader\Autoloader->includeFile('C:\\xampp\\htdocs\\proyecto_espinola_emilia\\app\\Models\\producto_Model.php')
 3 SYSTEMPATH\Autoloader\Autoloader.php(266): CodeIgniter\Autoloader\Autoloader->loadInNamespace('App\\Models\\producto_Model')
 4 APPPATH\Controllers\ventas_controller.php(24): CodeIgniter\Autoloader\Autoloader->loadClass('App\\Models\\producto_Model')
 5 SYSTEMPATH\CodeIgniter.php(915): App\Controllers\ventas_controller->__construct()
 6 SYSTEMPATH\CodeIgniter.php(494): CodeIgniter\CodeIgniter->createController()
 7 SYSTEMPATH\CodeIgniter.php(361): CodeIgniter\CodeIgniter->handleRequest(null, Object(Config\Cache), false)
 8 FCPATH\index.php(79): CodeIgniter\CodeIgniter->run()
WARNING - 2026-03-03 23:21:48 --> [DEPRECATED] Creation of dynamic property App\Controllers\ventas_controller::$productosDetalle is deprecated in APPPATH\Controllers\ventas_controller.php on line 25.
 1 SYSTEMPATH\CodeIgniter.php(915): App\Controllers\ventas_controller->__construct()
 2 SYSTEMPATH\CodeIgniter.php(494): CodeIgniter\CodeIgniter->createController()
 3 SYSTEMPATH\CodeIgniter.php(361): CodeIgniter\CodeIgniter->handleRequest(null, Object(Config\Cache), false)
 4 FCPATH\index.php(79): CodeIgniter\CodeIgniter->run()
INFO - 2026-03-03 23:21:48 --> Session: Class initialized using 'CodeIgniter\Session\Handlers\FileHandler' driver.
WARNING - 2026-03-03 23:22:41 --> [DEPRECATED] Optional parameter $colores declared before required parameter $buscar is implicitly treated as a required parameter in APPPATH\Models\producto_Model.php on line 76.
 1 SYSTEMPATH\Autoloader\Autoloader.php(311): include_once('C:\\xampp\\htdocs\\proyecto_espinola_emilia\\system\\Debug\\Exceptions.php')
 2 SYSTEMPATH\Autoloader\Autoloader.php(290): CodeIgniter\Autoloader\Autoloader->includeFile('C:\\xampp\\htdocs\\proyecto_espinola_emilia\\app\\Models\\producto_Model.php')
 3 SYSTEMPATH\Autoloader\Autoloader.php(266): CodeIgniter\Autoloader\Autoloader->loadInNamespace('App\\Models\\producto_Model')
 4 APPPATH\Controllers\ventas_controller.php(24): CodeIgniter\Autoloader\Autoloader->loadClass('App\\Models\\producto_Model')
 5 SYSTEMPATH\CodeIgniter.php(915): App\Controllers\ventas_controller->__construct()
 6 SYSTEMPATH\CodeIgniter.php(494): CodeIgniter\CodeIgniter->createController()
 7 SYSTEMPATH\CodeIgniter.php(361): CodeIgniter\CodeIgniter->handleRequest(null, Object(Config\Cache), false)
 8 FCPATH\index.php(79): CodeIgniter\CodeIgniter->run()
WARNING - 2026-03-03 23:22:41 --> [DEPRECATED] Optional parameter $talles declared before required parameter $buscar is implicitly treated as a required parameter in APPPATH\Models\producto_Model.php on line 0.
 1 SYSTEMPATH\Autoloader\Autoloader.php(311): include_once('C:\\xampp\\htdocs\\proyecto_espinola_emilia\\system\\Debug\\Exceptions.php')
 2 SYSTEMPATH\Autoloader\Autoloader.php(290): CodeIgniter\Autoloader\Autoloader->includeFile('C:\\xampp\\htdocs\\proyecto_espinola_emilia\\app\\Models\\producto_Model.php')
 3 SYSTEMPATH\Autoloader\Autoloader.php(266): CodeIgniter\Autoloader\Autoloader->loadInNamespace('App\\Models\\producto_Model')
 4 APPPATH\Controllers\ventas_controller.php(24): CodeIgniter\Autoloader\Autoloader->loadClass('App\\Models\\producto_Model')
 5 SYSTEMPATH\CodeIgniter.php(915): App\Controllers\ventas_controller->__construct()
 6 SYSTEMPATH\CodeIgniter.php(494): CodeIgniter\CodeIgniter->createController()
 7 SYSTEMPATH\CodeIgniter.php(361): CodeIgniter\CodeIgniter->handleRequest(null, Object(Config\Cache), false)
 8 FCPATH\index.php(79): CodeIgniter\CodeIgniter->run()
WARNING - 2026-03-03 23:22:41 --> [DEPRECATED] Optional parameter $categoria_id declared before required parameter $buscar is implicitly treated as a required parameter in APPPATH\Models\producto_Model.php on line 0.
 1 SYSTEMPATH\Autoloader\Autoloader.php(311): include_once('C:\\xampp\\htdocs\\proyecto_espinola_emilia\\system\\Debug\\Exceptions.php')
 2 SYSTEMPATH\Autoloader\Autoloader.php(290): CodeIgniter\Autoloader\Autoloader->includeFile('C:\\xampp\\htdocs\\proyecto_espinola_emilia\\app\\Models\\producto_Model.php')
 3 SYSTEMPATH\Autoloader\Autoloader.php(266): CodeIgniter\Autoloader\Autoloader->loadInNamespace('App\\Models\\producto_Model')
 4 APPPATH\Controllers\ventas_controller.php(24): CodeIgniter\Autoloader\Autoloader->loadClass('App\\Models\\producto_Model')
 5 SYSTEMPATH\CodeIgniter.php(915): App\Controllers\ventas_controller->__construct()
 6 SYSTEMPATH\CodeIgniter.php(494): CodeIgniter\CodeIgniter->createController()
 7 SYSTEMPATH\CodeIgniter.php(361): CodeIgniter\CodeIgniter->handleRequest(null, Object(Config\Cache), false)
 8 FCPATH\index.php(79): CodeIgniter\CodeIgniter->run()
WARNING - 2026-03-03 23:22:41 --> [DEPRECATED] Creation of dynamic property App\Controllers\ventas_controller::$productosDetalle is deprecated in APPPATH\Controllers\ventas_controller.php on line 25.
 1 SYSTEMPATH\CodeIgniter.php(915): App\Controllers\ventas_controller->__construct()
 2 SYSTEMPATH\CodeIgniter.php(494): CodeIgniter\CodeIgniter->createController()
 3 SYSTEMPATH\CodeIgniter.php(361): CodeIgniter\CodeIgniter->handleRequest(null, Object(Config\Cache), false)
 4 FCPATH\index.php(79): CodeIgniter\CodeIgniter->run()
INFO - 2026-03-03 23:22:41 --> Session: Class initialized using 'CodeIgniter\Session\Handlers\FileHandler' driver.
WARNING - 2026-03-03 23:23:34 --> [DEPRECATED] Optional parameter $colores declared before required parameter $buscar is implicitly treated as a required parameter in APPPATH\Models\producto_Model.php on line 76.
 1 SYSTEMPATH\Autoloader\Autoloader.php(311): include_once('C:\\xampp\\htdocs\\proyecto_espinola_emilia\\system\\Debug\\Exceptions.php')
 2 SYSTEMPATH\Autoloader\Autoloader.php(290): CodeIgniter\Autoloader\Autoloader->includeFile('C:\\xampp\\htdocs\\proyecto_espinola_emilia\\app\\Models\\producto_Model.php')
 3 SYSTEMPATH\Autoloader\Autoloader.php(266): CodeIgniter\Autoloader\Autoloader->loadInNamespace('App\\Models\\producto_Model')
 4 APPPATH\Controllers\ventas_controller.php(24): CodeIgniter\Autoloader\Autoloader->loadClass('App\\Models\\producto_Model')
 5 SYSTEMPATH\CodeIgniter.php(915): App\Controllers\ventas_controller->__construct()
 6 SYSTEMPATH\CodeIgniter.php(494): CodeIgniter\CodeIgniter->createController()
 7 SYSTEMPATH\CodeIgniter.php(361): CodeIgniter\CodeIgniter->handleRequest(null, Object(Config\Cache), false)
 8 FCPATH\index.php(79): CodeIgniter\CodeIgniter->run()
WARNING - 2026-03-03 23:23:34 --> [DEPRECATED] Optional parameter $talles declared before required parameter $buscar is implicitly treated as a required parameter in APPPATH\Models\producto_Model.php on line 0.
 1 SYSTEMPATH\Autoloader\Autoloader.php(311): include_once('C:\\xampp\\htdocs\\proyecto_espinola_emilia\\system\\Debug\\Exceptions.php')
 2 SYSTEMPATH\Autoloader\Autoloader.php(290): CodeIgniter\Autoloader\Autoloader->includeFile('C:\\xampp\\htdocs\\proyecto_espinola_emilia\\app\\Models\\producto_Model.php')
 3 SYSTEMPATH\Autoloader\Autoloader.php(266): CodeIgniter\Autoloader\Autoloader->loadInNamespace('App\\Models\\producto_Model')
 4 APPPATH\Controllers\ventas_controller.php(24): CodeIgniter\Autoloader\Autoloader->loadClass('App\\Models\\producto_Model')
 5 SYSTEMPATH\CodeIgniter.php(915): App\Controllers\ventas_controller->__construct()
 6 SYSTEMPATH\CodeIgniter.php(494): CodeIgniter\CodeIgniter->createController()
 7 SYSTEMPATH\CodeIgniter.php(361): CodeIgniter\CodeIgniter->handleRequest(null, Object(Config\Cache), false)
 8 FCPATH\index.php(79): CodeIgniter\CodeIgniter->run()
WARNING - 2026-03-03 23:23:34 --> [DEPRECATED] Optional parameter $categoria_id declared before required parameter $buscar is implicitly treated as a required parameter in APPPATH\Models\producto_Model.php on line 0.
 1 SYSTEMPATH\Autoloader\Autoloader.php(311): include_once('C:\\xampp\\htdocs\\proyecto_espinola_emilia\\system\\Debug\\Exceptions.php')
 2 SYSTEMPATH\Autoloader\Autoloader.php(290): CodeIgniter\Autoloader\Autoloader->includeFile('C:\\xampp\\htdocs\\proyecto_espinola_emilia\\app\\Models\\producto_Model.php')
 3 SYSTEMPATH\Autoloader\Autoloader.php(266): CodeIgniter\Autoloader\Autoloader->loadInNamespace('App\\Models\\producto_Model')
 4 APPPATH\Controllers\ventas_controller.php(24): CodeIgniter\Autoloader\Autoloader->loadClass('App\\Models\\producto_Model')
 5 SYSTEMPATH\CodeIgniter.php(915): App\Controllers\ventas_controller->__construct()
 6 SYSTEMPATH\CodeIgniter.php(494): CodeIgniter\CodeIgniter->createController()
 7 SYSTEMPATH\CodeIgniter.php(361): CodeIgniter\CodeIgniter->handleRequest(null, Object(Config\Cache), false)
 8 FCPATH\index.php(79): CodeIgniter\CodeIgniter->run()
WARNING - 2026-03-03 23:23:34 --> [DEPRECATED] Creation of dynamic property App\Controllers\ventas_controller::$productosDetalle is deprecated in APPPATH\Controllers\ventas_controller.php on line 25.
 1 SYSTEMPATH\CodeIgniter.php(915): App\Controllers\ventas_controller->__construct()
 2 SYSTEMPATH\CodeIgniter.php(494): CodeIgniter\CodeIgniter->createController()
 3 SYSTEMPATH\CodeIgniter.php(361): CodeIgniter\CodeIgniter->handleRequest(null, Object(Config\Cache), false)
 4 FCPATH\index.php(79): CodeIgniter\CodeIgniter->run()
INFO - 2026-03-03 23:23:34 --> Session: Class initialized using 'CodeIgniter\Session\Handlers\FileHandler' driver.
WARNING - 2026-03-03 23:25:08 --> [DEPRECATED] Optional parameter $colores declared before required parameter $buscar is implicitly treated as a required parameter in APPPATH\Models\producto_Model.php on line 76.
 1 SYSTEMPATH\Autoloader\Autoloader.php(311): include_once('C:\\xampp\\htdocs\\proyecto_espinola_emilia\\system\\Debug\\Exceptions.php')
 2 SYSTEMPATH\Autoloader\Autoloader.php(290): CodeIgniter\Autoloader\Autoloader->includeFile('C:\\xampp\\htdocs\\proyecto_espinola_emilia\\app\\Models\\producto_Model.php')
 3 SYSTEMPATH\Autoloader\Autoloader.php(266): CodeIgniter\Autoloader\Autoloader->loadInNamespace('App\\Models\\producto_Model')
 4 APPPATH\Controllers\producto_controller.php(256): CodeIgniter\Autoloader\Autoloader->loadClass('App\\Models\\producto_Model')
 5 SYSTEMPATH\CodeIgniter.php(943): App\Controllers\producto_controller->detalle_producto('87')
 6 SYSTEMPATH\CodeIgniter.php(503): CodeIgniter\CodeIgniter->runController(Object(App\Controllers\producto_controller))
 7 SYSTEMPATH\CodeIgniter.php(361): CodeIgniter\CodeIgniter->handleRequest(null, Object(Config\Cache), false)
 8 FCPATH\index.php(79): CodeIgniter\CodeIgniter->run()
WARNING - 2026-03-03 23:25:08 --> [DEPRECATED] Optional parameter $talles declared before required parameter $buscar is implicitly treated as a required parameter in APPPATH\Models\producto_Model.php on line 0.
 1 SYSTEMPATH\Autoloader\Autoloader.php(311): include_once('C:\\xampp\\htdocs\\proyecto_espinola_emilia\\system\\Debug\\Exceptions.php')
 2 SYSTEMPATH\Autoloader\Autoloader.php(290): CodeIgniter\Autoloader\Autoloader->includeFile('C:\\xampp\\htdocs\\proyecto_espinola_emilia\\app\\Models\\producto_Model.php')
 3 SYSTEMPATH\Autoloader\Autoloader.php(266): CodeIgniter\Autoloader\Autoloader->loadInNamespace('App\\Models\\producto_Model')
 4 APPPATH\Controllers\producto_controller.php(256): CodeIgniter\Autoloader\Autoloader->loadClass('App\\Models\\producto_Model')
 5 SYSTEMPATH\CodeIgniter.php(943): App\Controllers\producto_controller->detalle_producto('87')
 6 SYSTEMPATH\CodeIgniter.php(503): CodeIgniter\CodeIgniter->runController(Object(App\Controllers\producto_controller))
 7 SYSTEMPATH\CodeIgniter.php(361): CodeIgniter\CodeIgniter->handleRequest(null, Object(Config\Cache), false)
 8 FCPATH\index.php(79): CodeIgniter\CodeIgniter->run()
WARNING - 2026-03-03 23:25:08 --> [DEPRECATED] Optional parameter $categoria_id declared before required parameter $buscar is implicitly treated as a required parameter in APPPATH\Models\producto_Model.php on line 0.
 1 SYSTEMPATH\Autoloader\Autoloader.php(311): include_once('C:\\xampp\\htdocs\\proyecto_espinola_emilia\\system\\Debug\\Exceptions.php')
 2 SYSTEMPATH\Autoloader\Autoloader.php(290): CodeIgniter\Autoloader\Autoloader->includeFile('C:\\xampp\\htdocs\\proyecto_espinola_emilia\\app\\Models\\producto_Model.php')
 3 SYSTEMPATH\Autoloader\Autoloader.php(266): CodeIgniter\Autoloader\Autoloader->loadInNamespace('App\\Models\\producto_Model')
 4 APPPATH\Controllers\producto_controller.php(256): CodeIgniter\Autoloader\Autoloader->loadClass('App\\Models\\producto_Model')
 5 SYSTEMPATH\CodeIgniter.php(943): App\Controllers\producto_controller->detalle_producto('87')
 6 SYSTEMPATH\CodeIgniter.php(503): CodeIgniter\CodeIgniter->runController(Object(App\Controllers\producto_controller))
 7 SYSTEMPATH\CodeIgniter.php(361): CodeIgniter\CodeIgniter->handleRequest(null, Object(Config\Cache), false)
 8 FCPATH\index.php(79): CodeIgniter\CodeIgniter->run()
INFO - 2026-03-03 23:25:08 --> Session: Class initialized using 'CodeIgniter\Session\Handlers\FileHandler' driver.
WARNING - 2026-03-03 23:25:30 --> [DEPRECATED] Optional parameter $colores declared before required parameter $buscar is implicitly treated as a required parameter in APPPATH\Models\producto_Model.php on line 76.
 1 SYSTEMPATH\Autoloader\Autoloader.php(311): include_once('C:\\xampp\\htdocs\\proyecto_espinola_emilia\\system\\Debug\\Exceptions.php')
 2 SYSTEMPATH\Autoloader\Autoloader.php(290): CodeIgniter\Autoloader\Autoloader->includeFile('C:\\xampp\\htdocs\\proyecto_espinola_emilia\\app\\Models\\producto_Model.php')
 3 SYSTEMPATH\Autoloader\Autoloader.php(266): CodeIgniter\Autoloader\Autoloader->loadInNamespace('App\\Models\\producto_Model')
 4 APPPATH\Controllers\carrito_controller.php(23): CodeIgniter\Autoloader\Autoloader->loadClass('App\\Models\\producto_Model')
 5 SYSTEMPATH\CodeIgniter.php(915): App\Controllers\carrito_controller->__construct()
 6 SYSTEMPATH\CodeIgniter.php(494): CodeIgniter\CodeIgniter->createController()
 7 SYSTEMPATH\CodeIgniter.php(361): CodeIgniter\CodeIgniter->handleRequest(null, Object(Config\Cache), false)
 8 FCPATH\index.php(79): CodeIgniter\CodeIgniter->run()
WARNING - 2026-03-03 23:25:30 --> [DEPRECATED] Optional parameter $talles declared before required parameter $buscar is implicitly treated as a required parameter in APPPATH\Models\producto_Model.php on line 0.
 1 SYSTEMPATH\Autoloader\Autoloader.php(311): include_once('C:\\xampp\\htdocs\\proyecto_espinola_emilia\\system\\Debug\\Exceptions.php')
 2 SYSTEMPATH\Autoloader\Autoloader.php(290): CodeIgniter\Autoloader\Autoloader->includeFile('C:\\xampp\\htdocs\\proyecto_espinola_emilia\\app\\Models\\producto_Model.php')
 3 SYSTEMPATH\Autoloader\Autoloader.php(266): CodeIgniter\Autoloader\Autoloader->loadInNamespace('App\\Models\\producto_Model')
 4 APPPATH\Controllers\carrito_controller.php(23): CodeIgniter\Autoloader\Autoloader->loadClass('App\\Models\\producto_Model')
 5 SYSTEMPATH\CodeIgniter.php(915): App\Controllers\carrito_controller->__construct()
 6 SYSTEMPATH\CodeIgniter.php(494): CodeIgniter\CodeIgniter->createController()
 7 SYSTEMPATH\CodeIgniter.php(361): CodeIgniter\CodeIgniter->handleRequest(null, Object(Config\Cache), false)
 8 FCPATH\index.php(79): CodeIgniter\CodeIgniter->run()
WARNING - 2026-03-03 23:25:30 --> [DEPRECATED] Optional parameter $categoria_id declared before required parameter $buscar is implicitly treated as a required parameter in APPPATH\Models\producto_Model.php on line 0.
 1 SYSTEMPATH\Autoloader\Autoloader.php(311): include_once('C:\\xampp\\htdocs\\proyecto_espinola_emilia\\system\\Debug\\Exceptions.php')
 2 SYSTEMPATH\Autoloader\Autoloader.php(290): CodeIgniter\Autoloader\Autoloader->includeFile('C:\\xampp\\htdocs\\proyecto_espinola_emilia\\app\\Models\\producto_Model.php')
 3 SYSTEMPATH\Autoloader\Autoloader.php(266): CodeIgniter\Autoloader\Autoloader->loadInNamespace('App\\Models\\producto_Model')
 4 APPPATH\Controllers\carrito_controller.php(23): CodeIgniter\Autoloader\Autoloader->loadClass('App\\Models\\producto_Model')
 5 SYSTEMPATH\CodeIgniter.php(915): App\Controllers\carrito_controller->__construct()
 6 SYSTEMPATH\CodeIgniter.php(494): CodeIgniter\CodeIgniter->createController()
 7 SYSTEMPATH\CodeIgniter.php(361): CodeIgniter\CodeIgniter->handleRequest(null, Object(Config\Cache), false)
 8 FCPATH\index.php(79): CodeIgniter\CodeIgniter->run()
INFO - 2026-03-03 23:25:30 --> Session: Class initialized using 'CodeIgniter\Session\Handlers\FileHandler' driver.
WARNING - 2026-03-03 23:25:31 --> [DEPRECATED] Optional parameter $colores declared before required parameter $buscar is implicitly treated as a required parameter in APPPATH\Models\producto_Model.php on line 76.
 1 SYSTEMPATH\Autoloader\Autoloader.php(311): include_once('C:\\xampp\\htdocs\\proyecto_espinola_emilia\\system\\Debug\\Exceptions.php')
 2 SYSTEMPATH\Autoloader\Autoloader.php(290): CodeIgniter\Autoloader\Autoloader->includeFile('C:\\xampp\\htdocs\\proyecto_espinola_emilia\\app\\Models\\producto_Model.php')
 3 SYSTEMPATH\Autoloader\Autoloader.php(266): CodeIgniter\Autoloader\Autoloader->loadInNamespace('App\\Models\\producto_Model')
 4 APPPATH\Controllers\carrito_controller.php(23): CodeIgniter\Autoloader\Autoloader->loadClass('App\\Models\\producto_Model')
 5 SYSTEMPATH\CodeIgniter.php(915): App\Controllers\carrito_controller->__construct()
 6 SYSTEMPATH\CodeIgniter.php(494): CodeIgniter\CodeIgniter->createController()
 7 SYSTEMPATH\CodeIgniter.php(361): CodeIgniter\CodeIgniter->handleRequest(null, Object(Config\Cache), false)
 8 FCPATH\index.php(79): CodeIgniter\CodeIgniter->run()
WARNING - 2026-03-03 23:25:31 --> [DEPRECATED] Optional parameter $talles declared before required parameter $buscar is implicitly treated as a required parameter in APPPATH\Models\producto_Model.php on line 0.
 1 SYSTEMPATH\Autoloader\Autoloader.php(311): include_once('C:\\xampp\\htdocs\\proyecto_espinola_emilia\\system\\Debug\\Exceptions.php')
 2 SYSTEMPATH\Autoloader\Autoloader.php(290): CodeIgniter\Autoloader\Autoloader->includeFile('C:\\xampp\\htdocs\\proyecto_espinola_emilia\\app\\Models\\producto_Model.php')
 3 SYSTEMPATH\Autoloader\Autoloader.php(266): CodeIgniter\Autoloader\Autoloader->loadInNamespace('App\\Models\\producto_Model')
 4 APPPATH\Controllers\carrito_controller.php(23): CodeIgniter\Autoloader\Autoloader->loadClass('App\\Models\\producto_Model')
 5 SYSTEMPATH\CodeIgniter.php(915): App\Controllers\carrito_controller->__construct()
 6 SYSTEMPATH\CodeIgniter.php(494): CodeIgniter\CodeIgniter->createController()
 7 SYSTEMPATH\CodeIgniter.php(361): CodeIgniter\CodeIgniter->handleRequest(null, Object(Config\Cache), false)
 8 FCPATH\index.php(79): CodeIgniter\CodeIgniter->run()
WARNING - 2026-03-03 23:25:31 --> [DEPRECATED] Optional parameter $categoria_id declared before required parameter $buscar is implicitly treated as a required parameter in APPPATH\Models\producto_Model.php on line 0.
 1 SYSTEMPATH\Autoloader\Autoloader.php(311): include_once('C:\\xampp\\htdocs\\proyecto_espinola_emilia\\system\\Debug\\Exceptions.php')
 2 SYSTEMPATH\Autoloader\Autoloader.php(290): CodeIgniter\Autoloader\Autoloader->includeFile('C:\\xampp\\htdocs\\proyecto_espinola_emilia\\app\\Models\\producto_Model.php')
 3 SYSTEMPATH\Autoloader\Autoloader.php(266): CodeIgniter\Autoloader\Autoloader->loadInNamespace('App\\Models\\producto_Model')
 4 APPPATH\Controllers\carrito_controller.php(23): CodeIgniter\Autoloader\Autoloader->loadClass('App\\Models\\producto_Model')
 5 SYSTEMPATH\CodeIgniter.php(915): App\Controllers\carrito_controller->__construct()
 6 SYSTEMPATH\CodeIgniter.php(494): CodeIgniter\CodeIgniter->createController()
 7 SYSTEMPATH\CodeIgniter.php(361): CodeIgniter\CodeIgniter->handleRequest(null, Object(Config\Cache), false)
 8 FCPATH\index.php(79): CodeIgniter\CodeIgniter->run()
INFO - 2026-03-03 23:25:31 --> Session: Class initialized using 'CodeIgniter\Session\Handlers\FileHandler' driver.
WARNING - 2026-03-03 23:25:45 --> [DEPRECATED] Optional parameter $colores declared before required parameter $buscar is implicitly treated as a required parameter in APPPATH\Models\producto_Model.php on line 76.
 1 SYSTEMPATH\Autoloader\Autoloader.php(311): include_once('C:\\xampp\\htdocs\\proyecto_espinola_emilia\\system\\Debug\\Exceptions.php')
 2 SYSTEMPATH\Autoloader\Autoloader.php(290): CodeIgniter\Autoloader\Autoloader->includeFile('C:\\xampp\\htdocs\\proyecto_espinola_emilia\\app\\Models\\producto_Model.php')
 3 SYSTEMPATH\Autoloader\Autoloader.php(266): CodeIgniter\Autoloader\Autoloader->loadInNamespace('App\\Models\\producto_Model')
 4 APPPATH\Controllers\carrito_controller.php(23): CodeIgniter\Autoloader\Autoloader->loadClass('App\\Models\\producto_Model')
 5 SYSTEMPATH\CodeIgniter.php(915): App\Controllers\carrito_controller->__construct()
 6 SYSTEMPATH\CodeIgniter.php(494): CodeIgniter\CodeIgniter->createController()
 7 SYSTEMPATH\CodeIgniter.php(361): CodeIgniter\CodeIgniter->handleRequest(null, Object(Config\Cache), false)
 8 FCPATH\index.php(79): CodeIgniter\CodeIgniter->run()
WARNING - 2026-03-03 23:25:45 --> [DEPRECATED] Optional parameter $talles declared before required parameter $buscar is implicitly treated as a required parameter in APPPATH\Models\producto_Model.php on line 0.
 1 SYSTEMPATH\Autoloader\Autoloader.php(311): include_once('C:\\xampp\\htdocs\\proyecto_espinola_emilia\\system\\Debug\\Exceptions.php')
 2 SYSTEMPATH\Autoloader\Autoloader.php(290): CodeIgniter\Autoloader\Autoloader->includeFile('C:\\xampp\\htdocs\\proyecto_espinola_emilia\\app\\Models\\producto_Model.php')
 3 SYSTEMPATH\Autoloader\Autoloader.php(266): CodeIgniter\Autoloader\Autoloader->loadInNamespace('App\\Models\\producto_Model')
 4 APPPATH\Controllers\carrito_controller.php(23): CodeIgniter\Autoloader\Autoloader->loadClass('App\\Models\\producto_Model')
 5 SYSTEMPATH\CodeIgniter.php(915): App\Controllers\carrito_controller->__construct()
 6 SYSTEMPATH\CodeIgniter.php(494): CodeIgniter\CodeIgniter->createController()
 7 SYSTEMPATH\CodeIgniter.php(361): CodeIgniter\CodeIgniter->handleRequest(null, Object(Config\Cache), false)
 8 FCPATH\index.php(79): CodeIgniter\CodeIgniter->run()
WARNING - 2026-03-03 23:25:45 --> [DEPRECATED] Optional parameter $categoria_id declared before required parameter $buscar is implicitly treated as a required parameter in APPPATH\Models\producto_Model.php on line 0.
 1 SYSTEMPATH\Autoloader\Autoloader.php(311): include_once('C:\\xampp\\htdocs\\proyecto_espinola_emilia\\system\\Debug\\Exceptions.php')
 2 SYSTEMPATH\Autoloader\Autoloader.php(290): CodeIgniter\Autoloader\Autoloader->includeFile('C:\\xampp\\htdocs\\proyecto_espinola_emilia\\app\\Models\\producto_Model.php')
 3 SYSTEMPATH\Autoloader\Autoloader.php(266): CodeIgniter\Autoloader\Autoloader->loadInNamespace('App\\Models\\producto_Model')
 4 APPPATH\Controllers\carrito_controller.php(23): CodeIgniter\Autoloader\Autoloader->loadClass('App\\Models\\producto_Model')
 5 SYSTEMPATH\CodeIgniter.php(915): App\Controllers\carrito_controller->__construct()
 6 SYSTEMPATH\CodeIgniter.php(494): CodeIgniter\CodeIgniter->createController()
 7 SYSTEMPATH\CodeIgniter.php(361): CodeIgniter\CodeIgniter->handleRequest(null, Object(Config\Cache), false)
 8 FCPATH\index.php(79): CodeIgniter\CodeIgniter->run()
INFO - 2026-03-03 23:25:45 --> Session: Class initialized using 'CodeIgniter\Session\Handlers\FileHandler' driver.
WARNING - 2026-03-03 23:25:49 --> [DEPRECATED] Optional parameter $colores declared before required parameter $buscar is implicitly treated as a required parameter in APPPATH\Models\producto_Model.php on line 76.
 1 SYSTEMPATH\Autoloader\Autoloader.php(311): include_once('C:\\xampp\\htdocs\\proyecto_espinola_emilia\\system\\Debug\\Exceptions.php')
 2 SYSTEMPATH\Autoloader\Autoloader.php(290): CodeIgniter\Autoloader\Autoloader->includeFile('C:\\xampp\\htdocs\\proyecto_espinola_emilia\\app\\Models\\producto_Model.php')
 3 SYSTEMPATH\Autoloader\Autoloader.php(266): CodeIgniter\Autoloader\Autoloader->loadInNamespace('App\\Models\\producto_Model')
 4 APPPATH\Controllers\Home.php(17): CodeIgniter\Autoloader\Autoloader->loadClass('App\\Models\\producto_Model')
 5 SYSTEMPATH\CodeIgniter.php(943): App\Controllers\Home->inicio()
 6 SYSTEMPATH\CodeIgniter.php(503): CodeIgniter\CodeIgniter->runController(Object(App\Controllers\Home))
 7 SYSTEMPATH\CodeIgniter.php(361): CodeIgniter\CodeIgniter->handleRequest(null, Object(Config\Cache), false)
 8 FCPATH\index.php(79): CodeIgniter\CodeIgniter->run()
WARNING - 2026-03-03 23:25:49 --> [DEPRECATED] Optional parameter $talles declared before required parameter $buscar is implicitly treated as a required parameter in APPPATH\Models\producto_Model.php on line 0.
 1 SYSTEMPATH\Autoloader\Autoloader.php(311): include_once('C:\\xampp\\htdocs\\proyecto_espinola_emilia\\system\\Debug\\Exceptions.php')
 2 SYSTEMPATH\Autoloader\Autoloader.php(290): CodeIgniter\Autoloader\Autoloader->includeFile('C:\\xampp\\htdocs\\proyecto_espinola_emilia\\app\\Models\\producto_Model.php')
 3 SYSTEMPATH\Autoloader\Autoloader.php(266): CodeIgniter\Autoloader\Autoloader->loadInNamespace('App\\Models\\producto_Model')
 4 APPPATH\Controllers\Home.php(17): CodeIgniter\Autoloader\Autoloader->loadClass('App\\Models\\producto_Model')
 5 SYSTEMPATH\CodeIgniter.php(943): App\Controllers\Home->inicio()
 6 SYSTEMPATH\CodeIgniter.php(503): CodeIgniter\CodeIgniter->runController(Object(App\Controllers\Home))
 7 SYSTEMPATH\CodeIgniter.php(361): CodeIgniter\CodeIgniter->handleRequest(null, Object(Config\Cache), false)
 8 FCPATH\index.php(79): CodeIgniter\CodeIgniter->run()
WARNING - 2026-03-03 23:25:49 --> [DEPRECATED] Optional parameter $categoria_id declared before required parameter $buscar is implicitly treated as a required parameter in APPPATH\Models\producto_Model.php on line 0.
 1 SYSTEMPATH\Autoloader\Autoloader.php(311): include_once('C:\\xampp\\htdocs\\proyecto_espinola_emilia\\system\\Debug\\Exceptions.php')
 2 SYSTEMPATH\Autoloader\Autoloader.php(290): CodeIgniter\Autoloader\Autoloader->includeFile('C:\\xampp\\htdocs\\proyecto_espinola_emilia\\app\\Models\\producto_Model.php')
 3 SYSTEMPATH\Autoloader\Autoloader.php(266): CodeIgniter\Autoloader\Autoloader->loadInNamespace('App\\Models\\producto_Model')
 4 APPPATH\Controllers\Home.php(17): CodeIgniter\Autoloader\Autoloader->loadClass('App\\Models\\producto_Model')
 5 SYSTEMPATH\CodeIgniter.php(943): App\Controllers\Home->inicio()
 6 SYSTEMPATH\CodeIgniter.php(503): CodeIgniter\CodeIgniter->runController(Object(App\Controllers\Home))
 7 SYSTEMPATH\CodeIgniter.php(361): CodeIgniter\CodeIgniter->handleRequest(null, Object(Config\Cache), false)
 8 FCPATH\index.php(79): CodeIgniter\CodeIgniter->run()
INFO - 2026-03-03 23:25:49 --> Session: Class initialized using 'CodeIgniter\Session\Handlers\FileHandler' driver.
INFO - 2026-03-03 23:25:56 --> Session: Class initialized using 'CodeIgniter\Session\Handlers\FileHandler' driver.
WARNING - 2026-03-03 23:25:56 --> [DEPRECATED] Optional parameter $colores declared before required parameter $buscar is implicitly treated as a required parameter in APPPATH\Models\producto_Model.php on line 76.
 1 SYSTEMPATH\Autoloader\Autoloader.php(311): include_once('C:\\xampp\\htdocs\\proyecto_espinola_emilia\\system\\Debug\\Exceptions.php')
 2 SYSTEMPATH\Autoloader\Autoloader.php(290): CodeIgniter\Autoloader\Autoloader->includeFile('C:\\xampp\\htdocs\\proyecto_espinola_emilia\\app\\Models\\producto_Model.php')
 3 SYSTEMPATH\Autoloader\Autoloader.php(266): CodeIgniter\Autoloader\Autoloader->loadInNamespace('App\\Models\\producto_Model')
 4 APPPATH\Controllers\Home.php(17): CodeIgniter\Autoloader\Autoloader->loadClass('App\\Models\\producto_Model')
 5 SYSTEMPATH\CodeIgniter.php(943): App\Controllers\Home->inicio()
 6 SYSTEMPATH\CodeIgniter.php(503): CodeIgniter\CodeIgniter->runController(Object(App\Controllers\Home))
 7 SYSTEMPATH\CodeIgniter.php(361): CodeIgniter\CodeIgniter->handleRequest(null, Object(Config\Cache), false)
 8 FCPATH\index.php(79): CodeIgniter\CodeIgniter->run()
WARNING - 2026-03-03 23:25:56 --> [DEPRECATED] Optional parameter $talles declared before required parameter $buscar is implicitly treated as a required parameter in APPPATH\Models\producto_Model.php on line 0.
 1 SYSTEMPATH\Autoloader\Autoloader.php(311): include_once('C:\\xampp\\htdocs\\proyecto_espinola_emilia\\system\\Debug\\Exceptions.php')
 2 SYSTEMPATH\Autoloader\Autoloader.php(290): CodeIgniter\Autoloader\Autoloader->includeFile('C:\\xampp\\htdocs\\proyecto_espinola_emilia\\app\\Models\\producto_Model.php')
 3 SYSTEMPATH\Autoloader\Autoloader.php(266): CodeIgniter\Autoloader\Autoloader->loadInNamespace('App\\Models\\producto_Model')
 4 APPPATH\Controllers\Home.php(17): CodeIgniter\Autoloader\Autoloader->loadClass('App\\Models\\producto_Model')
 5 SYSTEMPATH\CodeIgniter.php(943): App\Controllers\Home->inicio()
 6 SYSTEMPATH\CodeIgniter.php(503): CodeIgniter\CodeIgniter->runController(Object(App\Controllers\Home))
 7 SYSTEMPATH\CodeIgniter.php(361): CodeIgniter\CodeIgniter->handleRequest(null, Object(Config\Cache), false)
 8 FCPATH\index.php(79): CodeIgniter\CodeIgniter->run()
WARNING - 2026-03-03 23:25:56 --> [DEPRECATED] Optional parameter $categoria_id declared before required parameter $buscar is implicitly treated as a required parameter in APPPATH\Models\producto_Model.php on line 0.
 1 SYSTEMPATH\Autoloader\Autoloader.php(311): include_once('C:\\xampp\\htdocs\\proyecto_espinola_emilia\\system\\Debug\\Exceptions.php')
 2 SYSTEMPATH\Autoloader\Autoloader.php(290): CodeIgniter\Autoloader\Autoloader->includeFile('C:\\xampp\\htdocs\\proyecto_espinola_emilia\\app\\Models\\producto_Model.php')
 3 SYSTEMPATH\Autoloader\Autoloader.php(266): CodeIgniter\Autoloader\Autoloader->loadInNamespace('App\\Models\\producto_Model')
 4 APPPATH\Controllers\Home.php(17): CodeIgniter\Autoloader\Autoloader->loadClass('App\\Models\\producto_Model')
 5 SYSTEMPATH\CodeIgniter.php(943): App\Controllers\Home->inicio()
 6 SYSTEMPATH\CodeIgniter.php(503): CodeIgniter\CodeIgniter->runController(Object(App\Controllers\Home))
 7 SYSTEMPATH\CodeIgniter.php(361): CodeIgniter\CodeIgniter->handleRequest(null, Object(Config\Cache), false)
 8 FCPATH\index.php(79): CodeIgniter\CodeIgniter->run()
INFO - 2026-03-03 23:25:56 --> Session: Class initialized using 'CodeIgniter\Session\Handlers\FileHandler' driver.
CRITICAL - 2026-03-03 23:25:56 --> ErrorException: Trying to access array offset on value of type null
in APPPATH\Controllers\Home.php on line 76.
 1 APPPATH\Controllers\Home.php(76): CodeIgniter\Debug\Exceptions->errorHandler(2, 'Trying to access array offset on value of type null', 'C:\\xampp\\htdocs\\proyecto_espinola_emilia\\app\\Controllers\\Home.php', 76)
 2 APPPATH\Controllers\Home.php(23): App\Controllers\Home->obtenerCarrito()
 3 SYSTEMPATH\CodeIgniter.php(943): App\Controllers\Home->inicio()
 4 SYSTEMPATH\CodeIgniter.php(503): CodeIgniter\CodeIgniter->runController(Object(App\Controllers\Home))
 5 SYSTEMPATH\CodeIgniter.php(361): CodeIgniter\CodeIgniter->handleRequest(null, Object(Config\Cache), false)
 6 FCPATH\index.php(79): CodeIgniter\CodeIgniter->run()
WARNING - 2026-03-03 23:27:50 --> [DEPRECATED] Optional parameter $colores declared before required parameter $buscar is implicitly treated as a required parameter in APPPATH\Models\producto_Model.php on line 76.
 1 SYSTEMPATH\Autoloader\Autoloader.php(311): include_once('C:\\xampp\\htdocs\\proyecto_espinola_emilia\\system\\Debug\\Exceptions.php')
 2 SYSTEMPATH\Autoloader\Autoloader.php(290): CodeIgniter\Autoloader\Autoloader->includeFile('C:\\xampp\\htdocs\\proyecto_espinola_emilia\\app\\Models\\producto_Model.php')
 3 SYSTEMPATH\Autoloader\Autoloader.php(266): CodeIgniter\Autoloader\Autoloader->loadInNamespace('App\\Models\\producto_Model')
 4 APPPATH\Controllers\Home.php(17): CodeIgniter\Autoloader\Autoloader->loadClass('App\\Models\\producto_Model')
 5 SYSTEMPATH\CodeIgniter.php(943): App\Controllers\Home->inicio()
 6 SYSTEMPATH\CodeIgniter.php(503): CodeIgniter\CodeIgniter->runController(Object(App\Controllers\Home))
 7 SYSTEMPATH\CodeIgniter.php(361): CodeIgniter\CodeIgniter->handleRequest(null, Object(Config\Cache), false)
 8 FCPATH\index.php(79): CodeIgniter\CodeIgniter->run()
WARNING - 2026-03-03 23:27:50 --> [DEPRECATED] Optional parameter $talles declared before required parameter $buscar is implicitly treated as a required parameter in APPPATH\Models\producto_Model.php on line 0.
 1 SYSTEMPATH\Autoloader\Autoloader.php(311): include_once('C:\\xampp\\htdocs\\proyecto_espinola_emilia\\system\\Debug\\Exceptions.php')
 2 SYSTEMPATH\Autoloader\Autoloader.php(290): CodeIgniter\Autoloader\Autoloader->includeFile('C:\\xampp\\htdocs\\proyecto_espinola_emilia\\app\\Models\\producto_Model.php')
 3 SYSTEMPATH\Autoloader\Autoloader.php(266): CodeIgniter\Autoloader\Autoloader->loadInNamespace('App\\Models\\producto_Model')
 4 APPPATH\Controllers\Home.php(17): CodeIgniter\Autoloader\Autoloader->loadClass('App\\Models\\producto_Model')
 5 SYSTEMPATH\CodeIgniter.php(943): App\Controllers\Home->inicio()
 6 SYSTEMPATH\CodeIgniter.php(503): CodeIgniter\CodeIgniter->runController(Object(App\Controllers\Home))
 7 SYSTEMPATH\CodeIgniter.php(361): CodeIgniter\CodeIgniter->handleRequest(null, Object(Config\Cache), false)
 8 FCPATH\index.php(79): CodeIgniter\CodeIgniter->run()
WARNING - 2026-03-03 23:27:50 --> [DEPRECATED] Optional parameter $categoria_id declared before required parameter $buscar is implicitly treated as a required parameter in APPPATH\Models\producto_Model.php on line 0.
 1 SYSTEMPATH\Autoloader\Autoloader.php(311): include_once('C:\\xampp\\htdocs\\proyecto_espinola_emilia\\system\\Debug\\Exceptions.php')
 2 SYSTEMPATH\Autoloader\Autoloader.php(290): CodeIgniter\Autoloader\Autoloader->includeFile('C:\\xampp\\htdocs\\proyecto_espinola_emilia\\app\\Models\\producto_Model.php')
 3 SYSTEMPATH\Autoloader\Autoloader.php(266): CodeIgniter\Autoloader\Autoloader->loadInNamespace('App\\Models\\producto_Model')
 4 APPPATH\Controllers\Home.php(17): CodeIgniter\Autoloader\Autoloader->loadClass('App\\Models\\producto_Model')
 5 SYSTEMPATH\CodeIgniter.php(943): App\Controllers\Home->inicio()
 6 SYSTEMPATH\CodeIgniter.php(503): CodeIgniter\CodeIgniter->runController(Object(App\Controllers\Home))
 7 SYSTEMPATH\CodeIgniter.php(361): CodeIgniter\CodeIgniter->handleRequest(null, Object(Config\Cache), false)
 8 FCPATH\index.php(79): CodeIgniter\CodeIgniter->run()
INFO - 2026-03-03 23:27:51 --> Session: Class initialized using 'CodeIgniter\Session\Handlers\FileHandler' driver.
CRITICAL - 2026-03-03 23:27:51 --> ErrorException: Undefined variable $carritoActualizado
in APPPATH\Controllers\Home.php on line 80.
 1 APPPATH\Controllers\Home.php(80): CodeIgniter\Debug\Exceptions->errorHandler(2, 'Undefined variable $carritoActualizado', 'C:\\xampp\\htdocs\\proyecto_espinola_emilia\\app\\Controllers\\Home.php', 80)
 2 APPPATH\Controllers\Home.php(23): App\Controllers\Home->obtenerCarrito()
 3 SYSTEMPATH\CodeIgniter.php(943): App\Controllers\Home->inicio()
 4 SYSTEMPATH\CodeIgniter.php(503): CodeIgniter\CodeIgniter->runController(Object(App\Controllers\Home))
 5 SYSTEMPATH\CodeIgniter.php(361): CodeIgniter\CodeIgniter->handleRequest(null, Object(Config\Cache), false)
 6 FCPATH\index.php(79): CodeIgniter\CodeIgniter->run()
WARNING - 2026-03-03 23:28:24 --> [DEPRECATED] Optional parameter $colores declared before required parameter $buscar is implicitly treated as a required parameter in APPPATH\Models\producto_Model.php on line 76.
 1 SYSTEMPATH\Autoloader\Autoloader.php(311): include_once('C:\\xampp\\htdocs\\proyecto_espinola_emilia\\system\\Debug\\Exceptions.php')
 2 SYSTEMPATH\Autoloader\Autoloader.php(290): CodeIgniter\Autoloader\Autoloader->includeFile('C:\\xampp\\htdocs\\proyecto_espinola_emilia\\app\\Models\\producto_Model.php')
 3 SYSTEMPATH\Autoloader\Autoloader.php(266): CodeIgniter\Autoloader\Autoloader->loadInNamespace('App\\Models\\producto_Model')
 4 APPPATH\Controllers\Home.php(17): CodeIgniter\Autoloader\Autoloader->loadClass('App\\Models\\producto_Model')
 5 SYSTEMPATH\CodeIgniter.php(943): App\Controllers\Home->inicio()
 6 SYSTEMPATH\CodeIgniter.php(503): CodeIgniter\CodeIgniter->runController(Object(App\Controllers\Home))
 7 SYSTEMPATH\CodeIgniter.php(361): CodeIgniter\CodeIgniter->handleRequest(null, Object(Config\Cache), false)
 8 FCPATH\index.php(79): CodeIgniter\CodeIgniter->run()
WARNING - 2026-03-03 23:28:24 --> [DEPRECATED] Optional parameter $talles declared before required parameter $buscar is implicitly treated as a required parameter in APPPATH\Models\producto_Model.php on line 0.
 1 SYSTEMPATH\Autoloader\Autoloader.php(311): include_once('C:\\xampp\\htdocs\\proyecto_espinola_emilia\\system\\Debug\\Exceptions.php')
 2 SYSTEMPATH\Autoloader\Autoloader.php(290): CodeIgniter\Autoloader\Autoloader->includeFile('C:\\xampp\\htdocs\\proyecto_espinola_emilia\\app\\Models\\producto_Model.php')
 3 SYSTEMPATH\Autoloader\Autoloader.php(266): CodeIgniter\Autoloader\Autoloader->loadInNamespace('App\\Models\\producto_Model')
 4 APPPATH\Controllers\Home.php(17): CodeIgniter\Autoloader\Autoloader->loadClass('App\\Models\\producto_Model')
 5 SYSTEMPATH\CodeIgniter.php(943): App\Controllers\Home->inicio()
 6 SYSTEMPATH\CodeIgniter.php(503): CodeIgniter\CodeIgniter->runController(Object(App\Controllers\Home))
 7 SYSTEMPATH\CodeIgniter.php(361): CodeIgniter\CodeIgniter->handleRequest(null, Object(Config\Cache), false)
 8 FCPATH\index.php(79): CodeIgniter\CodeIgniter->run()
WARNING - 2026-03-03 23:28:24 --> [DEPRECATED] Optional parameter $categoria_id declared before required parameter $buscar is implicitly treated as a required parameter in APPPATH\Models\producto_Model.php on line 0.
 1 SYSTEMPATH\Autoloader\Autoloader.php(311): include_once('C:\\xampp\\htdocs\\proyecto_espinola_emilia\\system\\Debug\\Exceptions.php')
 2 SYSTEMPATH\Autoloader\Autoloader.php(290): CodeIgniter\Autoloader\Autoloader->includeFile('C:\\xampp\\htdocs\\proyecto_espinola_emilia\\app\\Models\\producto_Model.php')
 3 SYSTEMPATH\Autoloader\Autoloader.php(266): CodeIgniter\Autoloader\Autoloader->loadInNamespace('App\\Models\\producto_Model')
 4 APPPATH\Controllers\Home.php(17): CodeIgniter\Autoloader\Autoloader->loadClass('App\\Models\\producto_Model')
 5 SYSTEMPATH\CodeIgniter.php(943): App\Controllers\Home->inicio()
 6 SYSTEMPATH\CodeIgniter.php(503): CodeIgniter\CodeIgniter->runController(Object(App\Controllers\Home))
 7 SYSTEMPATH\CodeIgniter.php(361): CodeIgniter\CodeIgniter->handleRequest(null, Object(Config\Cache), false)
 8 FCPATH\index.php(79): CodeIgniter\CodeIgniter->run()
INFO - 2026-03-03 23:28:24 --> Session: Class initialized using 'CodeIgniter\Session\Handlers\FileHandler' driver.
INFO - 2026-03-03 23:28:32 --> Session: Class initialized using 'CodeIgniter\Session\Handlers\FileHandler' driver.
CRITICAL - 2026-03-03 23:28:32 --> ErrorException: Trying to access array offset on value of type null
in APPPATH\Controllers\contacto_controller.php on line 131.
 1 APPPATH\Controllers\contacto_controller.php(131): CodeIgniter\Debug\Exceptions->errorHandler(2, 'Trying to access array offset on value of type null', 'C:\\xampp\\htdocs\\proyecto_espinola_emilia\\app\\Controllers\\contacto_controller.php', 131)
 2 APPPATH\Controllers\contacto_controller.php(24): App\Controllers\contacto_controller->obtenerCarrito()
 3 SYSTEMPATH\CodeIgniter.php(943): App\Controllers\contacto_controller->contacto()
 4 SYSTEMPATH\CodeIgniter.php(503): CodeIgniter\CodeIgniter->runController(Object(App\Controllers\contacto_controller))
 5 SYSTEMPATH\CodeIgniter.php(361): CodeIgniter\CodeIgniter->handleRequest(null, Object(Config\Cache), false)
 6 FCPATH\index.php(79): CodeIgniter\CodeIgniter->run()
INFO - 2026-03-03 23:29:27 --> Session: Class initialized using 'CodeIgniter\Session\Handlers\FileHandler' driver.
WARNING - 2026-03-03 23:29:51 --> [DEPRECATED] Optional parameter $colores declared before required parameter $buscar is implicitly treated as a required parameter in APPPATH\Models\producto_Model.php on line 76.
 1 SYSTEMPATH\Autoloader\Autoloader.php(311): include_once('C:\\xampp\\htdocs\\proyecto_espinola_emilia\\system\\Debug\\Exceptions.php')
 2 SYSTEMPATH\Autoloader\Autoloader.php(290): CodeIgniter\Autoloader\Autoloader->includeFile('C:\\xampp\\htdocs\\proyecto_espinola_emilia\\app\\Models\\producto_Model.php')
 3 SYSTEMPATH\Autoloader\Autoloader.php(266): CodeIgniter\Autoloader\Autoloader->loadInNamespace('App\\Models\\producto_Model')
 4 APPPATH\Controllers\producto_controller.php(327): CodeIgniter\Autoloader\Autoloader->loadClass('App\\Models\\producto_Model')
 5 SYSTEMPATH\CodeIgniter.php(943): App\Controllers\producto_controller->productos()
 6 SYSTEMPATH\CodeIgniter.php(503): CodeIgniter\CodeIgniter->runController(Object(App\Controllers\producto_controller))
 7 SYSTEMPATH\CodeIgniter.php(361): CodeIgniter\CodeIgniter->handleRequest(null, Object(Config\Cache), false)
 8 FCPATH\index.php(79): CodeIgniter\CodeIgniter->run()
WARNING - 2026-03-03 23:29:51 --> [DEPRECATED] Optional parameter $talles declared before required parameter $buscar is implicitly treated as a required parameter in APPPATH\Models\producto_Model.php on line 0.
 1 SYSTEMPATH\Autoloader\Autoloader.php(311): include_once('C:\\xampp\\htdocs\\proyecto_espinola_emilia\\system\\Debug\\Exceptions.php')
 2 SYSTEMPATH\Autoloader\Autoloader.php(290): CodeIgniter\Autoloader\Autoloader->includeFile('C:\\xampp\\htdocs\\proyecto_espinola_emilia\\app\\Models\\producto_Model.php')
 3 SYSTEMPATH\Autoloader\Autoloader.php(266): CodeIgniter\Autoloader\Autoloader->loadInNamespace('App\\Models\\producto_Model')
 4 APPPATH\Controllers\producto_controller.php(327): CodeIgniter\Autoloader\Autoloader->loadClass('App\\Models\\producto_Model')
 5 SYSTEMPATH\CodeIgniter.php(943): App\Controllers\producto_controller->productos()
 6 SYSTEMPATH\CodeIgniter.php(503): CodeIgniter\CodeIgniter->runController(Object(App\Controllers\producto_controller))
 7 SYSTEMPATH\CodeIgniter.php(361): CodeIgniter\CodeIgniter->handleRequest(null, Object(Config\Cache), false)
 8 FCPATH\index.php(79): CodeIgniter\CodeIgniter->run()
WARNING - 2026-03-03 23:29:51 --> [DEPRECATED] Optional parameter $categoria_id declared before required parameter $buscar is implicitly treated as a required parameter in APPPATH\Models\producto_Model.php on line 0.
 1 SYSTEMPATH\Autoloader\Autoloader.php(311): include_once('C:\\xampp\\htdocs\\proyecto_espinola_emilia\\system\\Debug\\Exceptions.php')
 2 SYSTEMPATH\Autoloader\Autoloader.php(290): CodeIgniter\Autoloader\Autoloader->includeFile('C:\\xampp\\htdocs\\proyecto_espinola_emilia\\app\\Models\\producto_Model.php')
 3 SYSTEMPATH\Autoloader\Autoloader.php(266): CodeIgniter\Autoloader\Autoloader->loadInNamespace('App\\Models\\producto_Model')
 4 APPPATH\Controllers\producto_controller.php(327): CodeIgniter\Autoloader\Autoloader->loadClass('App\\Models\\producto_Model')
 5 SYSTEMPATH\CodeIgniter.php(943): App\Controllers\producto_controller->productos()
 6 SYSTEMPATH\CodeIgniter.php(503): CodeIgniter\CodeIgniter->runController(Object(App\Controllers\producto_controller))
 7 SYSTEMPATH\CodeIgniter.php(361): CodeIgniter\CodeIgniter->handleRequest(null, Object(Config\Cache), false)
 8 FCPATH\index.php(79): CodeIgniter\CodeIgniter->run()
INFO - 2026-03-03 23:29:51 --> Session: Class initialized using 'CodeIgniter\Session\Handlers\FileHandler' driver.
WARNING - 2026-03-03 23:29:56 --> [DEPRECATED] Optional parameter $colores declared before required parameter $buscar is implicitly treated as a required parameter in APPPATH\Models\producto_Model.php on line 76.
 1 SYSTEMPATH\Autoloader\Autoloader.php(311): include_once('C:\\xampp\\htdocs\\proyecto_espinola_emilia\\system\\Debug\\Exceptions.php')
 2 SYSTEMPATH\Autoloader\Autoloader.php(290): CodeIgniter\Autoloader\Autoloader->includeFile('C:\\xampp\\htdocs\\proyecto_espinola_emilia\\app\\Models\\producto_Model.php')
 3 SYSTEMPATH\Autoloader\Autoloader.php(266): CodeIgniter\Autoloader\Autoloader->loadInNamespace('App\\Models\\producto_Model')
 4 APPPATH\Controllers\Home.php(17): CodeIgniter\Autoloader\Autoloader->loadClass('App\\Models\\producto_Model')
 5 SYSTEMPATH\CodeIgniter.php(943): App\Controllers\Home->inicio()
 6 SYSTEMPATH\CodeIgniter.php(503): CodeIgniter\CodeIgniter->runController(Object(App\Controllers\Home))
 7 SYSTEMPATH\CodeIgniter.php(361): CodeIgniter\CodeIgniter->handleRequest(null, Object(Config\Cache), false)
 8 FCPATH\index.php(79): CodeIgniter\CodeIgniter->run()
WARNING - 2026-03-03 23:29:56 --> [DEPRECATED] Optional parameter $talles declared before required parameter $buscar is implicitly treated as a required parameter in APPPATH\Models\producto_Model.php on line 0.
 1 SYSTEMPATH\Autoloader\Autoloader.php(311): include_once('C:\\xampp\\htdocs\\proyecto_espinola_emilia\\system\\Debug\\Exceptions.php')
 2 SYSTEMPATH\Autoloader\Autoloader.php(290): CodeIgniter\Autoloader\Autoloader->includeFile('C:\\xampp\\htdocs\\proyecto_espinola_emilia\\app\\Models\\producto_Model.php')
 3 SYSTEMPATH\Autoloader\Autoloader.php(266): CodeIgniter\Autoloader\Autoloader->loadInNamespace('App\\Models\\producto_Model')
 4 APPPATH\Controllers\Home.php(17): CodeIgniter\Autoloader\Autoloader->loadClass('App\\Models\\producto_Model')
 5 SYSTEMPATH\CodeIgniter.php(943): App\Controllers\Home->inicio()
 6 SYSTEMPATH\CodeIgniter.php(503): CodeIgniter\CodeIgniter->runController(Object(App\Controllers\Home))
 7 SYSTEMPATH\CodeIgniter.php(361): CodeIgniter\CodeIgniter->handleRequest(null, Object(Config\Cache), false)
 8 FCPATH\index.php(79): CodeIgniter\CodeIgniter->run()
WARNING - 2026-03-03 23:29:56 --> [DEPRECATED] Optional parameter $categoria_id declared before required parameter $buscar is implicitly treated as a required parameter in APPPATH\Models\producto_Model.php on line 0.
 1 SYSTEMPATH\Autoloader\Autoloader.php(311): include_once('C:\\xampp\\htdocs\\proyecto_espinola_emilia\\system\\Debug\\Exceptions.php')
 2 SYSTEMPATH\Autoloader\Autoloader.php(290): CodeIgniter\Autoloader\Autoloader->includeFile('C:\\xampp\\htdocs\\proyecto_espinola_emilia\\app\\Models\\producto_Model.php')
 3 SYSTEMPATH\Autoloader\Autoloader.php(266): CodeIgniter\Autoloader\Autoloader->loadInNamespace('App\\Models\\producto_Model')
 4 APPPATH\Controllers\Home.php(17): CodeIgniter\Autoloader\Autoloader->loadClass('App\\Models\\producto_Model')
 5 SYSTEMPATH\CodeIgniter.php(943): App\Controllers\Home->inicio()
 6 SYSTEMPATH\CodeIgniter.php(503): CodeIgniter\CodeIgniter->runController(Object(App\Controllers\Home))
 7 SYSTEMPATH\CodeIgniter.php(361): CodeIgniter\CodeIgniter->handleRequest(null, Object(Config\Cache), false)
 8 FCPATH\index.php(79): CodeIgniter\CodeIgniter->run()
INFO - 2026-03-03 23:29:56 --> Session: Class initialized using 'CodeIgniter\Session\Handlers\FileHandler' driver.
INFO - 2026-03-03 23:30:05 --> Session: Class initialized using 'CodeIgniter\Session\Handlers\FileHandler' driver.
INFO - 2026-03-03 23:30:07 --> Session: Class initialized using 'CodeIgniter\Session\Handlers\FileHandler' driver.
WARNING - 2026-03-03 23:36:44 --> [DEPRECATED] Optional parameter $colores declared before required parameter $buscar is implicitly treated as a required parameter in APPPATH\Models\producto_Model.php on line 76.
 1 SYSTEMPATH\Autoloader\Autoloader.php(311): include_once('C:\\xampp\\htdocs\\proyecto_espinola_emilia\\system\\Debug\\Exceptions.php')
 2 SYSTEMPATH\Autoloader\Autoloader.php(290): CodeIgniter\Autoloader\Autoloader->includeFile('C:\\xampp\\htdocs\\proyecto_espinola_emilia\\app\\Models\\producto_Model.php')
 3 SYSTEMPATH\Autoloader\Autoloader.php(266): CodeIgniter\Autoloader\Autoloader->loadInNamespace('App\\Models\\producto_Model')
 4 APPPATH\Controllers\Home.php(17): CodeIgniter\Autoloader\Autoloader->loadClass('App\\Models\\producto_Model')
 5 SYSTEMPATH\CodeIgniter.php(943): App\Controllers\Home->inicio()
 6 SYSTEMPATH\CodeIgniter.php(503): CodeIgniter\CodeIgniter->runController(Object(App\Controllers\Home))
 7 SYSTEMPATH\CodeIgniter.php(361): CodeIgniter\CodeIgniter->handleRequest(null, Object(Config\Cache), false)
 8 FCPATH\index.php(79): CodeIgniter\CodeIgniter->run()
WARNING - 2026-03-03 23:36:44 --> [DEPRECATED] Optional parameter $talles declared before required parameter $buscar is implicitly treated as a required parameter in APPPATH\Models\producto_Model.php on line 0.
 1 SYSTEMPATH\Autoloader\Autoloader.php(311): include_once('C:\\xampp\\htdocs\\proyecto_espinola_emilia\\system\\Debug\\Exceptions.php')
 2 SYSTEMPATH\Autoloader\Autoloader.php(290): CodeIgniter\Autoloader\Autoloader->includeFile('C:\\xampp\\htdocs\\proyecto_espinola_emilia\\app\\Models\\producto_Model.php')
 3 SYSTEMPATH\Autoloader\Autoloader.php(266): CodeIgniter\Autoloader\Autoloader->loadInNamespace('App\\Models\\producto_Model')
 4 APPPATH\Controllers\Home.php(17): CodeIgniter\Autoloader\Autoloader->loadClass('App\\Models\\producto_Model')
 5 SYSTEMPATH\CodeIgniter.php(943): App\Controllers\Home->inicio()
 6 SYSTEMPATH\CodeIgniter.php(503): CodeIgniter\CodeIgniter->runController(Object(App\Controllers\Home))
 7 SYSTEMPATH\CodeIgniter.php(361): CodeIgniter\CodeIgniter->handleRequest(null, Object(Config\Cache), false)
 8 FCPATH\index.php(79): CodeIgniter\CodeIgniter->run()
WARNING - 2026-03-03 23:36:44 --> [DEPRECATED] Optional parameter $categoria_id declared before required parameter $buscar is implicitly treated as a required parameter in APPPATH\Models\producto_Model.php on line 0.
 1 SYSTEMPATH\Autoloader\Autoloader.php(311): include_once('C:\\xampp\\htdocs\\proyecto_espinola_emilia\\system\\Debug\\Exceptions.php')
 2 SYSTEMPATH\Autoloader\Autoloader.php(290): CodeIgniter\Autoloader\Autoloader->includeFile('C:\\xampp\\htdocs\\proyecto_espinola_emilia\\app\\Models\\producto_Model.php')
 3 SYSTEMPATH\Autoloader\Autoloader.php(266): CodeIgniter\Autoloader\Autoloader->loadInNamespace('App\\Models\\producto_Model')
 4 APPPATH\Controllers\Home.php(17): CodeIgniter\Autoloader\Autoloader->loadClass('App\\Models\\producto_Model')
 5 SYSTEMPATH\CodeIgniter.php(943): App\Controllers\Home->inicio()
 6 SYSTEMPATH\CodeIgniter.php(503): CodeIgniter\CodeIgniter->runController(Object(App\Controllers\Home))
 7 SYSTEMPATH\CodeIgniter.php(361): CodeIgniter\CodeIgniter->handleRequest(null, Object(Config\Cache), false)
 8 FCPATH\index.php(79): CodeIgniter\CodeIgniter->run()
ERROR - 2026-03-03 23:36:44 --> mysqli_sql_exception: Unknown column 'ventas_detalle.stock' in 'having clause' in C:\xampp\htdocs\proyecto_espinola_emilia\system\Database\MySQLi\Connection.php:306
Stack trace:
#0 C:\xampp\htdocs\proyecto_espinola_emilia\system\Database\MySQLi\Connection.php(306): mysqli->query('SELECT `product...', 0)
#1 C:\xampp\htdocs\proyecto_espinola_emilia\system\Database\BaseConnection.php(693): CodeIgniter\Database\MySQLi\Connection->execute('SELECT `product...')
#2 C:\xampp\htdocs\proyecto_espinola_emilia\system\Database\BaseConnection.php(607): CodeIgniter\Database\BaseConnection->simpleQuery('SELECT `product...')
#3 C:\xampp\htdocs\proyecto_espinola_emilia\system\Database\BaseBuilder.php(1616): CodeIgniter\Database\BaseConnection->query('SELECT `product...', Array, false)
#4 C:\xampp\htdocs\proyecto_espinola_emilia\system\Model.php(243): CodeIgniter\Database\BaseBuilder->get()
#5 C:\xampp\htdocs\proyecto_espinola_emilia\system\BaseModel.php(638): CodeIgniter\Model->doFindAll(12, 0)
#6 C:\xampp\htdocs\proyecto_espinola_emilia\app\Models\producto_Model.php(60): CodeIgniter\BaseModel->findAll(12)
#7 C:\xampp\htdocs\proyecto_espinola_emilia\app\Controllers\Home.php(21): App\Models\producto_Model->topProductosVendidos()
#8 C:\xampp\htdocs\proyecto_espinola_emilia\system\CodeIgniter.php(943): App\Controllers\Home->inicio()
#9 C:\xampp\htdocs\proyecto_espinola_emilia\system\CodeIgniter.php(503): CodeIgniter\CodeIgniter->runController(Object(App\Controllers\Home))
#10 C:\xampp\htdocs\proyecto_espinola_emilia\system\CodeIgniter.php(361): CodeIgniter\CodeIgniter->handleRequest(NULL, Object(Config\Cache), false)
#11 C:\xampp\htdocs\proyecto_espinola_emilia\index.php(79): CodeIgniter\CodeIgniter->run()
#12 {main}
CRITICAL - 2026-03-03 23:36:44 --> CodeIgniter\Database\Exceptions\DatabaseException: Unknown column 'ventas_detalle.stock' in 'having clause'
in SYSTEMPATH\Database\BaseConnection.php on line 647.
 1 SYSTEMPATH\Database\BaseBuilder.php(1616): CodeIgniter\Database\BaseConnection->query('SELECT `productos`.*, SUM(ventas_detalle.cantidad) as total_vendido
FROM `productos`
JOIN `productos_detalle` ON `productos`.`id_producto` = `productos_detalle`.`producto_id`
JOIN `ventas_detalle` ON `productos_detalle`.`id_producto` = `ventas_detalle`.`producto_detalle_id`
WHERE `productos`.`estado` = :productos.estado:
GROUP BY `productos`.`id_producto`
HAVING SUM(ventas_detalle.stock) > :SUM(ventas_detalle.stock):
ORDER BY `total_vendido` DESC
 LIMIT 12', [...], false)
 2 SYSTEMPATH\Model.php(243): CodeIgniter\Database\BaseBuilder->get()
 3 SYSTEMPATH\BaseModel.php(638): CodeIgniter\Model->doFindAll(12, 0)
 4 APPPATH\Models\producto_Model.php(60): CodeIgniter\BaseModel->findAll(12)
 5 APPPATH\Controllers\Home.php(21): App\Models\producto_Model->topProductosVendidos()
 6 SYSTEMPATH\CodeIgniter.php(943): App\Controllers\Home->inicio()
 7 SYSTEMPATH\CodeIgniter.php(503): CodeIgniter\CodeIgniter->runController(Object(App\Controllers\Home))
 8 SYSTEMPATH\CodeIgniter.php(361): CodeIgniter\CodeIgniter->handleRequest(null, Object(Config\Cache), false)
 9 FCPATH\index.php(79): CodeIgniter\CodeIgniter->run()
CRITICAL - 2026-03-03 23:36:44 --> [Caused by] CodeIgniter\Database\Exceptions\DatabaseException: Unknown column 'ventas_detalle.stock' in 'having clause'
in SYSTEMPATH\Database\MySQLi\Connection.php on line 311.
 1 SYSTEMPATH\Database\BaseConnection.php(693): CodeIgniter\Database\MySQLi\Connection->execute('SELECT `productos`.*, SUM(ventas_detalle.cantidad) as total_vendido
FROM `productos`
JOIN `productos_detalle` ON `productos`.`id_producto` = `productos_detalle`.`producto_id`
JOIN `ventas_detalle` ON `productos_detalle`.`id_producto` = `ventas_detalle`.`producto_detalle_id`
WHERE `productos`.`estado` = 1
GROUP BY `productos`.`id_producto`
HAVING SUM(ventas_detalle.stock) > 0
ORDER BY `total_vendido` DESC
 LIMIT 12')
 2 SYSTEMPATH\Database\BaseConnection.php(607): CodeIgniter\Database\BaseConnection->simpleQuery('SELECT `productos`.*, SUM(ventas_detalle.cantidad) as total_vendido
FROM `productos`
JOIN `productos_detalle` ON `productos`.`id_producto` = `productos_detalle`.`producto_id`
JOIN `ventas_detalle` ON `productos_detalle`.`id_producto` = `ventas_detalle`.`producto_detalle_id`
WHERE `productos`.`estado` = 1
GROUP BY `productos`.`id_producto`
HAVING SUM(ventas_detalle.stock) > 0
ORDER BY `total_vendido` DESC
 LIMIT 12')
 3 SYSTEMPATH\Database\BaseBuilder.php(1616): CodeIgniter\Database\BaseConnection->query('SELECT `productos`.*, SUM(ventas_detalle.cantidad) as total_vendido
FROM `productos`
JOIN `productos_detalle` ON `productos`.`id_producto` = `productos_detalle`.`producto_id`
JOIN `ventas_detalle` ON `productos_detalle`.`id_producto` = `ventas_detalle`.`producto_detalle_id`
WHERE `productos`.`estado` = :productos.estado:
GROUP BY `productos`.`id_producto`
HAVING SUM(ventas_detalle.stock) > :SUM(ventas_detalle.stock):
ORDER BY `total_vendido` DESC
 LIMIT 12', [...], false)
 4 SYSTEMPATH\Model.php(243): CodeIgniter\Database\BaseBuilder->get()
 5 SYSTEMPATH\BaseModel.php(638): CodeIgniter\Model->doFindAll(12, 0)
 6 APPPATH\Models\producto_Model.php(60): CodeIgniter\BaseModel->findAll(12)
 7 APPPATH\Controllers\Home.php(21): App\Models\producto_Model->topProductosVendidos()
 8 SYSTEMPATH\CodeIgniter.php(943): App\Controllers\Home->inicio()
 9 SYSTEMPATH\CodeIgniter.php(503): CodeIgniter\CodeIgniter->runController(Object(App\Controllers\Home))
10 SYSTEMPATH\CodeIgniter.php(361): CodeIgniter\CodeIgniter->handleRequest(null, Object(Config\Cache), false)
11 FCPATH\index.php(79): CodeIgniter\CodeIgniter->run()
CRITICAL - 2026-03-03 23:36:44 --> [Caused by] mysqli_sql_exception: Unknown column 'ventas_detalle.stock' in 'having clause'
in SYSTEMPATH\Database\MySQLi\Connection.php on line 306.
 1 SYSTEMPATH\Database\MySQLi\Connection.php(306): mysqli->query('SELECT `productos`.*, SUM(ventas_detalle.cantidad) as total_vendido
FROM `productos`
JOIN `productos_detalle` ON `productos`.`id_producto` = `productos_detalle`.`producto_id`
JOIN `ventas_detalle` ON `productos_detalle`.`id_producto` = `ventas_detalle`.`producto_detalle_id`
WHERE `productos`.`estado` = 1
GROUP BY `productos`.`id_producto`
HAVING SUM(ventas_detalle.stock) > 0
ORDER BY `total_vendido` DESC
 LIMIT 12', 0)
 2 SYSTEMPATH\Database\BaseConnection.php(693): CodeIgniter\Database\MySQLi\Connection->execute('SELECT `productos`.*, SUM(ventas_detalle.cantidad) as total_vendido
FROM `productos`
JOIN `productos_detalle` ON `productos`.`id_producto` = `productos_detalle`.`producto_id`
JOIN `ventas_detalle` ON `productos_detalle`.`id_producto` = `ventas_detalle`.`producto_detalle_id`
WHERE `productos`.`estado` = 1
GROUP BY `productos`.`id_producto`
HAVING SUM(ventas_detalle.stock) > 0
ORDER BY `total_vendido` DESC
 LIMIT 12')
 3 SYSTEMPATH\Database\BaseConnection.php(607): CodeIgniter\Database\BaseConnection->simpleQuery('SELECT `productos`.*, SUM(ventas_detalle.cantidad) as total_vendido
FROM `productos`
JOIN `productos_detalle` ON `productos`.`id_producto` = `productos_detalle`.`producto_id`
JOIN `ventas_detalle` ON `productos_detalle`.`id_producto` = `ventas_detalle`.`producto_detalle_id`
WHERE `productos`.`estado` = 1
GROUP BY `productos`.`id_producto`
HAVING SUM(ventas_detalle.stock) > 0
ORDER BY `total_vendido` DESC
 LIMIT 12')
 4 SYSTEMPATH\Database\BaseBuilder.php(1616): CodeIgniter\Database\BaseConnection->query('SELECT `productos`.*, SUM(ventas_detalle.cantidad) as total_vendido
FROM `productos`
JOIN `productos_detalle` ON `productos`.`id_producto` = `productos_detalle`.`producto_id`
JOIN `ventas_detalle` ON `productos_detalle`.`id_producto` = `ventas_detalle`.`producto_detalle_id`
WHERE `productos`.`estado` = :productos.estado:
GROUP BY `productos`.`id_producto`
HAVING SUM(ventas_detalle.stock) > :SUM(ventas_detalle.stock):
ORDER BY `total_vendido` DESC
 LIMIT 12', [...], false)
 5 SYSTEMPATH\Model.php(243): CodeIgniter\Database\BaseBuilder->get()
 6 SYSTEMPATH\BaseModel.php(638): CodeIgniter\Model->doFindAll(12, 0)
 7 APPPATH\Models\producto_Model.php(60): CodeIgniter\BaseModel->findAll(12)
 8 APPPATH\Controllers\Home.php(21): App\Models\producto_Model->topProductosVendidos()
 9 SYSTEMPATH\CodeIgniter.php(943): App\Controllers\Home->inicio()
10 SYSTEMPATH\CodeIgniter.php(503): CodeIgniter\CodeIgniter->runController(Object(App\Controllers\Home))
11 SYSTEMPATH\CodeIgniter.php(361): CodeIgniter\CodeIgniter->handleRequest(null, Object(Config\Cache), false)
12 FCPATH\index.php(79): CodeIgniter\CodeIgniter->run()
WARNING - 2026-03-03 23:37:16 --> [DEPRECATED] Optional parameter $colores declared before required parameter $buscar is implicitly treated as a required parameter in APPPATH\Models\producto_Model.php on line 76.
 1 SYSTEMPATH\Autoloader\Autoloader.php(311): include_once('C:\\xampp\\htdocs\\proyecto_espinola_emilia\\system\\Debug\\Exceptions.php')
 2 SYSTEMPATH\Autoloader\Autoloader.php(290): CodeIgniter\Autoloader\Autoloader->includeFile('C:\\xampp\\htdocs\\proyecto_espinola_emilia\\app\\Models\\producto_Model.php')
 3 SYSTEMPATH\Autoloader\Autoloader.php(266): CodeIgniter\Autoloader\Autoloader->loadInNamespace('App\\Models\\producto_Model')
 4 APPPATH\Controllers\Home.php(17): CodeIgniter\Autoloader\Autoloader->loadClass('App\\Models\\producto_Model')
 5 SYSTEMPATH\CodeIgniter.php(943): App\Controllers\Home->inicio()
 6 SYSTEMPATH\CodeIgniter.php(503): CodeIgniter\CodeIgniter->runController(Object(App\Controllers\Home))
 7 SYSTEMPATH\CodeIgniter.php(361): CodeIgniter\CodeIgniter->handleRequest(null, Object(Config\Cache), false)
 8 FCPATH\index.php(79): CodeIgniter\CodeIgniter->run()
WARNING - 2026-03-03 23:37:16 --> [DEPRECATED] Optional parameter $talles declared before required parameter $buscar is implicitly treated as a required parameter in APPPATH\Models\producto_Model.php on line 0.
 1 SYSTEMPATH\Autoloader\Autoloader.php(311): include_once('C:\\xampp\\htdocs\\proyecto_espinola_emilia\\system\\Debug\\Exceptions.php')
 2 SYSTEMPATH\Autoloader\Autoloader.php(290): CodeIgniter\Autoloader\Autoloader->includeFile('C:\\xampp\\htdocs\\proyecto_espinola_emilia\\app\\Models\\producto_Model.php')
 3 SYSTEMPATH\Autoloader\Autoloader.php(266): CodeIgniter\Autoloader\Autoloader->loadInNamespace('App\\Models\\producto_Model')
 4 APPPATH\Controllers\Home.php(17): CodeIgniter\Autoloader\Autoloader->loadClass('App\\Models\\producto_Model')
 5 SYSTEMPATH\CodeIgniter.php(943): App\Controllers\Home->inicio()
 6 SYSTEMPATH\CodeIgniter.php(503): CodeIgniter\CodeIgniter->runController(Object(App\Controllers\Home))
 7 SYSTEMPATH\CodeIgniter.php(361): CodeIgniter\CodeIgniter->handleRequest(null, Object(Config\Cache), false)
 8 FCPATH\index.php(79): CodeIgniter\CodeIgniter->run()
WARNING - 2026-03-03 23:37:16 --> [DEPRECATED] Optional parameter $categoria_id declared before required parameter $buscar is implicitly treated as a required parameter in APPPATH\Models\producto_Model.php on line 0.
 1 SYSTEMPATH\Autoloader\Autoloader.php(311): include_once('C:\\xampp\\htdocs\\proyecto_espinola_emilia\\system\\Debug\\Exceptions.php')
 2 SYSTEMPATH\Autoloader\Autoloader.php(290): CodeIgniter\Autoloader\Autoloader->includeFile('C:\\xampp\\htdocs\\proyecto_espinola_emilia\\app\\Models\\producto_Model.php')
 3 SYSTEMPATH\Autoloader\Autoloader.php(266): CodeIgniter\Autoloader\Autoloader->loadInNamespace('App\\Models\\producto_Model')
 4 APPPATH\Controllers\Home.php(17): CodeIgniter\Autoloader\Autoloader->loadClass('App\\Models\\producto_Model')
 5 SYSTEMPATH\CodeIgniter.php(943): App\Controllers\Home->inicio()
 6 SYSTEMPATH\CodeIgniter.php(503): CodeIgniter\CodeIgniter->runController(Object(App\Controllers\Home))
 7 SYSTEMPATH\CodeIgniter.php(361): CodeIgniter\CodeIgniter->handleRequest(null, Object(Config\Cache), false)
 8 FCPATH\index.php(79): CodeIgniter\CodeIgniter->run()
ERROR - 2026-03-03 23:37:16 --> mysqli_sql_exception: Unknown column 'producto_detalle.stock' in 'having clause' in C:\xampp\htdocs\proyecto_espinola_emilia\system\Database\MySQLi\Connection.php:306
Stack trace:
#0 C:\xampp\htdocs\proyecto_espinola_emilia\system\Database\MySQLi\Connection.php(306): mysqli->query('SELECT `product...', 0)
#1 C:\xampp\htdocs\proyecto_espinola_emilia\system\Database\BaseConnection.php(693): CodeIgniter\Database\MySQLi\Connection->execute('SELECT `product...')
#2 C:\xampp\htdocs\proyecto_espinola_emilia\system\Database\BaseConnection.php(607): CodeIgniter\Database\BaseConnection->simpleQuery('SELECT `product...')
#3 C:\xampp\htdocs\proyecto_espinola_emilia\system\Database\BaseBuilder.php(1616): CodeIgniter\Database\BaseConnection->query('SELECT `product...', Array, false)
#4 C:\xampp\htdocs\proyecto_espinola_emilia\system\Model.php(243): CodeIgniter\Database\BaseBuilder->get()
#5 C:\xampp\htdocs\proyecto_espinola_emilia\system\BaseModel.php(638): CodeIgniter\Model->doFindAll(12, 0)
#6 C:\xampp\htdocs\proyecto_espinola_emilia\app\Models\producto_Model.php(60): CodeIgniter\BaseModel->findAll(12)
#7 C:\xampp\htdocs\proyecto_espinola_emilia\app\Controllers\Home.php(21): App\Models\producto_Model->topProductosVendidos()
#8 C:\xampp\htdocs\proyecto_espinola_emilia\system\CodeIgniter.php(943): App\Controllers\Home->inicio()
#9 C:\xampp\htdocs\proyecto_espinola_emilia\system\CodeIgniter.php(503): CodeIgniter\CodeIgniter->runController(Object(App\Controllers\Home))
#10 C:\xampp\htdocs\proyecto_espinola_emilia\system\CodeIgniter.php(361): CodeIgniter\CodeIgniter->handleRequest(NULL, Object(Config\Cache), false)
#11 C:\xampp\htdocs\proyecto_espinola_emilia\index.php(79): CodeIgniter\CodeIgniter->run()
#12 {main}
CRITICAL - 2026-03-03 23:37:16 --> CodeIgniter\Database\Exceptions\DatabaseException: Unknown column 'producto_detalle.stock' in 'having clause'
in SYSTEMPATH\Database\BaseConnection.php on line 647.
 1 SYSTEMPATH\Database\BaseBuilder.php(1616): CodeIgniter\Database\BaseConnection->query('SELECT `productos`.*, SUM(ventas_detalle.cantidad) as total_vendido
FROM `productos`
JOIN `productos_detalle` ON `productos`.`id_producto` = `productos_detalle`.`producto_id`
JOIN `ventas_detalle` ON `productos_detalle`.`id_producto` = `ventas_detalle`.`producto_detalle_id`
WHERE `productos`.`estado` = :productos.estado:
GROUP BY `productos`.`id_producto`
HAVING SUM(producto_detalle.stock) > :SUM(producto_detalle.stock):
ORDER BY `total_vendido` DESC
 LIMIT 12', [...], false)
 2 SYSTEMPATH\Model.php(243): CodeIgniter\Database\BaseBuilder->get()
 3 SYSTEMPATH\BaseModel.php(638): CodeIgniter\Model->doFindAll(12, 0)
 4 APPPATH\Models\producto_Model.php(60): CodeIgniter\BaseModel->findAll(12)
 5 APPPATH\Controllers\Home.php(21): App\Models\producto_Model->topProductosVendidos()
 6 SYSTEMPATH\CodeIgniter.php(943): App\Controllers\Home->inicio()
 7 SYSTEMPATH\CodeIgniter.php(503): CodeIgniter\CodeIgniter->runController(Object(App\Controllers\Home))
 8 SYSTEMPATH\CodeIgniter.php(361): CodeIgniter\CodeIgniter->handleRequest(null, Object(Config\Cache), false)
 9 FCPATH\index.php(79): CodeIgniter\CodeIgniter->run()
CRITICAL - 2026-03-03 23:37:16 --> [Caused by] CodeIgniter\Database\Exceptions\DatabaseException: Unknown column 'producto_detalle.stock' in 'having clause'
in SYSTEMPATH\Database\MySQLi\Connection.php on line 311.
 1 SYSTEMPATH\Database\BaseConnection.php(693): CodeIgniter\Database\MySQLi\Connection->execute('SELECT `productos`.*, SUM(ventas_detalle.cantidad) as total_vendido
FROM `productos`
JOIN `productos_detalle` ON `productos`.`id_producto` = `productos_detalle`.`producto_id`
JOIN `ventas_detalle` ON `productos_detalle`.`id_producto` = `ventas_detalle`.`producto_detalle_id`
WHERE `productos`.`estado` = 1
GROUP BY `productos`.`id_producto`
HAVING SUM(producto_detalle.stock) > 0
ORDER BY `total_vendido` DESC
 LIMIT 12')
 2 SYSTEMPATH\Database\BaseConnection.php(607): CodeIgniter\Database\BaseConnection->simpleQuery('SELECT `productos`.*, SUM(ventas_detalle.cantidad) as total_vendido
FROM `productos`
JOIN `productos_detalle` ON `productos`.`id_producto` = `productos_detalle`.`producto_id`
JOIN `ventas_detalle` ON `productos_detalle`.`id_producto` = `ventas_detalle`.`producto_detalle_id`
WHERE `productos`.`estado` = 1
GROUP BY `productos`.`id_producto`
HAVING SUM(producto_detalle.stock) > 0
ORDER BY `total_vendido` DESC
 LIMIT 12')
 3 SYSTEMPATH\Database\BaseBuilder.php(1616): CodeIgniter\Database\BaseConnection->query('SELECT `productos`.*, SUM(ventas_detalle.cantidad) as total_vendido
FROM `productos`
JOIN `productos_detalle` ON `productos`.`id_producto` = `productos_detalle`.`producto_id`
JOIN `ventas_detalle` ON `productos_detalle`.`id_producto` = `ventas_detalle`.`producto_detalle_id`
WHERE `productos`.`estado` = :productos.estado:
GROUP BY `productos`.`id_producto`
HAVING SUM(producto_detalle.stock) > :SUM(producto_detalle.stock):
ORDER BY `total_vendido` DESC
 LIMIT 12', [...], false)
 4 SYSTEMPATH\Model.php(243): CodeIgniter\Database\BaseBuilder->get()
 5 SYSTEMPATH\BaseModel.php(638): CodeIgniter\Model->doFindAll(12, 0)
 6 APPPATH\Models\producto_Model.php(60): CodeIgniter\BaseModel->findAll(12)
 7 APPPATH\Controllers\Home.php(21): App\Models\producto_Model->topProductosVendidos()
 8 SYSTEMPATH\CodeIgniter.php(943): App\Controllers\Home->inicio()
 9 SYSTEMPATH\CodeIgniter.php(503): CodeIgniter\CodeIgniter->runController(Object(App\Controllers\Home))
10 SYSTEMPATH\CodeIgniter.php(361): CodeIgniter\CodeIgniter->handleRequest(null, Object(Config\Cache), false)
11 FCPATH\index.php(79): CodeIgniter\CodeIgniter->run()
CRITICAL - 2026-03-03 23:37:16 --> [Caused by] mysqli_sql_exception: Unknown column 'producto_detalle.stock' in 'having clause'
in SYSTEMPATH\Database\MySQLi\Connection.php on line 306.
 1 SYSTEMPATH\Database\MySQLi\Connection.php(306): mysqli->query('SELECT `productos`.*, SUM(ventas_detalle.cantidad) as total_vendido
FROM `productos`
JOIN `productos_detalle` ON `productos`.`id_producto` = `productos_detalle`.`producto_id`
JOIN `ventas_detalle` ON `productos_detalle`.`id_producto` = `ventas_detalle`.`producto_detalle_id`
WHERE `productos`.`estado` = 1
GROUP BY `productos`.`id_producto`
HAVING SUM(producto_detalle.stock) > 0
ORDER BY `total_vendido` DESC
 LIMIT 12', 0)
 2 SYSTEMPATH\Database\BaseConnection.php(693): CodeIgniter\Database\MySQLi\Connection->execute('SELECT `productos`.*, SUM(ventas_detalle.cantidad) as total_vendido
FROM `productos`
JOIN `productos_detalle` ON `productos`.`id_producto` = `productos_detalle`.`producto_id`
JOIN `ventas_detalle` ON `productos_detalle`.`id_producto` = `ventas_detalle`.`producto_detalle_id`
WHERE `productos`.`estado` = 1
GROUP BY `productos`.`id_producto`
HAVING SUM(producto_detalle.stock) > 0
ORDER BY `total_vendido` DESC
 LIMIT 12')
 3 SYSTEMPATH\Database\BaseConnection.php(607): CodeIgniter\Database\BaseConnection->simpleQuery('SELECT `productos`.*, SUM(ventas_detalle.cantidad) as total_vendido
FROM `productos`
JOIN `productos_detalle` ON `productos`.`id_producto` = `productos_detalle`.`producto_id`
JOIN `ventas_detalle` ON `productos_detalle`.`id_producto` = `ventas_detalle`.`producto_detalle_id`
WHERE `productos`.`estado` = 1
GROUP BY `productos`.`id_producto`
HAVING SUM(producto_detalle.stock) > 0
ORDER BY `total_vendido` DESC
 LIMIT 12')
 4 SYSTEMPATH\Database\BaseBuilder.php(1616): CodeIgniter\Database\BaseConnection->query('SELECT `productos`.*, SUM(ventas_detalle.cantidad) as total_vendido
FROM `productos`
JOIN `productos_detalle` ON `productos`.`id_producto` = `productos_detalle`.`producto_id`
JOIN `ventas_detalle` ON `productos_detalle`.`id_producto` = `ventas_detalle`.`producto_detalle_id`
WHERE `productos`.`estado` = :productos.estado:
GROUP BY `productos`.`id_producto`
HAVING SUM(producto_detalle.stock) > :SUM(producto_detalle.stock):
ORDER BY `total_vendido` DESC
 LIMIT 12', [...], false)
 5 SYSTEMPATH\Model.php(243): CodeIgniter\Database\BaseBuilder->get()
 6 SYSTEMPATH\BaseModel.php(638): CodeIgniter\Model->doFindAll(12, 0)
 7 APPPATH\Models\producto_Model.php(60): CodeIgniter\BaseModel->findAll(12)
 8 APPPATH\Controllers\Home.php(21): App\Models\producto_Model->topProductosVendidos()
 9 SYSTEMPATH\CodeIgniter.php(943): App\Controllers\Home->inicio()
10 SYSTEMPATH\CodeIgniter.php(503): CodeIgniter\CodeIgniter->runController(Object(App\Controllers\Home))
11 SYSTEMPATH\CodeIgniter.php(361): CodeIgniter\CodeIgniter->handleRequest(null, Object(Config\Cache), false)
12 FCPATH\index.php(79): CodeIgniter\CodeIgniter->run()
WARNING - 2026-03-03 23:38:35 --> [DEPRECATED] Optional parameter $colores declared before required parameter $buscar is implicitly treated as a required parameter in APPPATH\Models\producto_Model.php on line 77.
 1 SYSTEMPATH\Autoloader\Autoloader.php(311): include_once('C:\\xampp\\htdocs\\proyecto_espinola_emilia\\system\\Debug\\Exceptions.php')
 2 SYSTEMPATH\Autoloader\Autoloader.php(290): CodeIgniter\Autoloader\Autoloader->includeFile('C:\\xampp\\htdocs\\proyecto_espinola_emilia\\app\\Models\\producto_Model.php')
 3 SYSTEMPATH\Autoloader\Autoloader.php(266): CodeIgniter\Autoloader\Autoloader->loadInNamespace('App\\Models\\producto_Model')
 4 APPPATH\Controllers\Home.php(17): CodeIgniter\Autoloader\Autoloader->loadClass('App\\Models\\producto_Model')
 5 SYSTEMPATH\CodeIgniter.php(943): App\Controllers\Home->inicio()
 6 SYSTEMPATH\CodeIgniter.php(503): CodeIgniter\CodeIgniter->runController(Object(App\Controllers\Home))
 7 SYSTEMPATH\CodeIgniter.php(361): CodeIgniter\CodeIgniter->handleRequest(null, Object(Config\Cache), false)
 8 FCPATH\index.php(79): CodeIgniter\CodeIgniter->run()
WARNING - 2026-03-03 23:38:35 --> [DEPRECATED] Optional parameter $talles declared before required parameter $buscar is implicitly treated as a required parameter in APPPATH\Models\producto_Model.php on line 0.
 1 SYSTEMPATH\Autoloader\Autoloader.php(311): include_once('C:\\xampp\\htdocs\\proyecto_espinola_emilia\\system\\Debug\\Exceptions.php')
 2 SYSTEMPATH\Autoloader\Autoloader.php(290): CodeIgniter\Autoloader\Autoloader->includeFile('C:\\xampp\\htdocs\\proyecto_espinola_emilia\\app\\Models\\producto_Model.php')
 3 SYSTEMPATH\Autoloader\Autoloader.php(266): CodeIgniter\Autoloader\Autoloader->loadInNamespace('App\\Models\\producto_Model')
 4 APPPATH\Controllers\Home.php(17): CodeIgniter\Autoloader\Autoloader->loadClass('App\\Models\\producto_Model')
 5 SYSTEMPATH\CodeIgniter.php(943): App\Controllers\Home->inicio()
 6 SYSTEMPATH\CodeIgniter.php(503): CodeIgniter\CodeIgniter->runController(Object(App\Controllers\Home))
 7 SYSTEMPATH\CodeIgniter.php(361): CodeIgniter\CodeIgniter->handleRequest(null, Object(Config\Cache), false)
 8 FCPATH\index.php(79): CodeIgniter\CodeIgniter->run()
WARNING - 2026-03-03 23:38:35 --> [DEPRECATED] Optional parameter $categoria_id declared before required parameter $buscar is implicitly treated as a required parameter in APPPATH\Models\producto_Model.php on line 0.
 1 SYSTEMPATH\Autoloader\Autoloader.php(311): include_once('C:\\xampp\\htdocs\\proyecto_espinola_emilia\\system\\Debug\\Exceptions.php')
 2 SYSTEMPATH\Autoloader\Autoloader.php(290): CodeIgniter\Autoloader\Autoloader->includeFile('C:\\xampp\\htdocs\\proyecto_espinola_emilia\\app\\Models\\producto_Model.php')
 3 SYSTEMPATH\Autoloader\Autoloader.php(266): CodeIgniter\Autoloader\Autoloader->loadInNamespace('App\\Models\\producto_Model')
 4 APPPATH\Controllers\Home.php(17): CodeIgniter\Autoloader\Autoloader->loadClass('App\\Models\\producto_Model')
 5 SYSTEMPATH\CodeIgniter.php(943): App\Controllers\Home->inicio()
 6 SYSTEMPATH\CodeIgniter.php(503): CodeIgniter\CodeIgniter->runController(Object(App\Controllers\Home))
 7 SYSTEMPATH\CodeIgniter.php(361): CodeIgniter\CodeIgniter->handleRequest(null, Object(Config\Cache), false)
 8 FCPATH\index.php(79): CodeIgniter\CodeIgniter->run()
ERROR - 2026-03-03 23:38:35 --> mysqli_sql_exception: Unknown column 'prpductos.id_producto' in 'group statement' in C:\xampp\htdocs\proyecto_espinola_emilia\system\Database\MySQLi\Connection.php:306
Stack trace:
#0 C:\xampp\htdocs\proyecto_espinola_emilia\system\Database\MySQLi\Connection.php(306): mysqli->query('SELECT `product...', 0)
#1 C:\xampp\htdocs\proyecto_espinola_emilia\system\Database\BaseConnection.php(693): CodeIgniter\Database\MySQLi\Connection->execute('SELECT `product...')
#2 C:\xampp\htdocs\proyecto_espinola_emilia\system\Database\BaseConnection.php(607): CodeIgniter\Database\BaseConnection->simpleQuery('SELECT `product...')
#3 C:\xampp\htdocs\proyecto_espinola_emilia\system\Database\BaseBuilder.php(1616): CodeIgniter\Database\BaseConnection->query('SELECT `product...', Array, false)
#4 C:\xampp\htdocs\proyecto_espinola_emilia\system\Model.php(243): CodeIgniter\Database\BaseBuilder->get()
#5 C:\xampp\htdocs\proyecto_espinola_emilia\system\BaseModel.php(638): CodeIgniter\Model->doFindAll(12, 0)
#6 C:\xampp\htdocs\proyecto_espinola_emilia\app\Models\producto_Model.php(61): CodeIgniter\BaseModel->findAll(12)
#7 C:\xampp\htdocs\proyecto_espinola_emilia\app\Controllers\Home.php(21): App\Models\producto_Model->topProductosVendidos()
#8 C:\xampp\htdocs\proyecto_espinola_emilia\system\CodeIgniter.php(943): App\Controllers\Home->inicio()
#9 C:\xampp\htdocs\proyecto_espinola_emilia\system\CodeIgniter.php(503): CodeIgniter\CodeIgniter->runController(Object(App\Controllers\Home))
#10 C:\xampp\htdocs\proyecto_espinola_emilia\system\CodeIgniter.php(361): CodeIgniter\CodeIgniter->handleRequest(NULL, Object(Config\Cache), false)
#11 C:\xampp\htdocs\proyecto_espinola_emilia\index.php(79): CodeIgniter\CodeIgniter->run()
#12 {main}
CRITICAL - 2026-03-03 23:38:35 --> CodeIgniter\Database\Exceptions\DatabaseException: Unknown column 'prpductos.id_producto' in 'group statement'
in SYSTEMPATH\Database\BaseConnection.php on line 647.
 1 SYSTEMPATH\Database\BaseBuilder.php(1616): CodeIgniter\Database\BaseConnection->query('SELECT `productos`.*, SUM(ventas_detalle.cantidad) as total_vendido
FROM `productos`
JOIN `productos_detalle` ON `productos`.`id_producto` = `productos_detalle`.`producto_id`
JOIN `ventas_detalle` ON `productos_detalle`.`id_producto` = `ventas_detalle`.`producto_detalle_id`
WHERE `productos`.`estado` = :productos.estado:
GROUP BY `productos`.`id_producto`, `prpductos`.`id_producto`
HAVING SUM(producto_detalle.stock) > :SUM(producto_detalle.stock):
ORDER BY `total_vendido` DESC
 LIMIT 12', [...], false)
 2 SYSTEMPATH\Model.php(243): CodeIgniter\Database\BaseBuilder->get()
 3 SYSTEMPATH\BaseModel.php(638): CodeIgniter\Model->doFindAll(12, 0)
 4 APPPATH\Models\producto_Model.php(61): CodeIgniter\BaseModel->findAll(12)
 5 APPPATH\Controllers\Home.php(21): App\Models\producto_Model->topProductosVendidos()
 6 SYSTEMPATH\CodeIgniter.php(943): App\Controllers\Home->inicio()
 7 SYSTEMPATH\CodeIgniter.php(503): CodeIgniter\CodeIgniter->runController(Object(App\Controllers\Home))
 8 SYSTEMPATH\CodeIgniter.php(361): CodeIgniter\CodeIgniter->handleRequest(null, Object(Config\Cache), false)
 9 FCPATH\index.php(79): CodeIgniter\CodeIgniter->run()
CRITICAL - 2026-03-03 23:38:35 --> [Caused by] CodeIgniter\Database\Exceptions\DatabaseException: Unknown column 'prpductos.id_producto' in 'group statement'
in SYSTEMPATH\Database\MySQLi\Connection.php on line 311.
 1 SYSTEMPATH\Database\BaseConnection.php(693): CodeIgniter\Database\MySQLi\Connection->execute('SELECT `productos`.*, SUM(ventas_detalle.cantidad) as total_vendido
FROM `productos`
JOIN `productos_detalle` ON `productos`.`id_producto` = `productos_detalle`.`producto_id`
JOIN `ventas_detalle` ON `productos_detalle`.`id_producto` = `ventas_detalle`.`producto_detalle_id`
WHERE `productos`.`estado` = 1
GROUP BY `productos`.`id_producto`, `prpductos`.`id_producto`
HAVING SUM(producto_detalle.stock) > 0
ORDER BY `total_vendido` DESC
 LIMIT 12')
 2 SYSTEMPATH\Database\BaseConnection.php(607): CodeIgniter\Database\BaseConnection->simpleQuery('SELECT `productos`.*, SUM(ventas_detalle.cantidad) as total_vendido
FROM `productos`
JOIN `productos_detalle` ON `productos`.`id_producto` = `productos_detalle`.`producto_id`
JOIN `ventas_detalle` ON `productos_detalle`.`id_producto` = `ventas_detalle`.`producto_detalle_id`
WHERE `productos`.`estado` = 1
GROUP BY `productos`.`id_producto`, `prpductos`.`id_producto`
HAVING SUM(producto_detalle.stock) > 0
ORDER BY `total_vendido` DESC
 LIMIT 12')
 3 SYSTEMPATH\Database\BaseBuilder.php(1616): CodeIgniter\Database\BaseConnection->query('SELECT `productos`.*, SUM(ventas_detalle.cantidad) as total_vendido
FROM `productos`
JOIN `productos_detalle` ON `productos`.`id_producto` = `productos_detalle`.`producto_id`
JOIN `ventas_detalle` ON `productos_detalle`.`id_producto` = `ventas_detalle`.`producto_detalle_id`
WHERE `productos`.`estado` = :productos.estado:
GROUP BY `productos`.`id_producto`, `prpductos`.`id_producto`
HAVING SUM(producto_detalle.stock) > :SUM(producto_detalle.stock):
ORDER BY `total_vendido` DESC
 LIMIT 12', [...], false)
 4 SYSTEMPATH\Model.php(243): CodeIgniter\Database\BaseBuilder->get()
 5 SYSTEMPATH\BaseModel.php(638): CodeIgniter\Model->doFindAll(12, 0)
 6 APPPATH\Models\producto_Model.php(61): CodeIgniter\BaseModel->findAll(12)
 7 APPPATH\Controllers\Home.php(21): App\Models\producto_Model->topProductosVendidos()
 8 SYSTEMPATH\CodeIgniter.php(943): App\Controllers\Home->inicio()
 9 SYSTEMPATH\CodeIgniter.php(503): CodeIgniter\CodeIgniter->runController(Object(App\Controllers\Home))
10 SYSTEMPATH\CodeIgniter.php(361): CodeIgniter\CodeIgniter->handleRequest(null, Object(Config\Cache), false)
11 FCPATH\index.php(79): CodeIgniter\CodeIgniter->run()
CRITICAL - 2026-03-03 23:38:35 --> [Caused by] mysqli_sql_exception: Unknown column 'prpductos.id_producto' in 'group statement'
in SYSTEMPATH\Database\MySQLi\Connection.php on line 306.
 1 SYSTEMPATH\Database\MySQLi\Connection.php(306): mysqli->query('SELECT `productos`.*, SUM(ventas_detalle.cantidad) as total_vendido
FROM `productos`
JOIN `productos_detalle` ON `productos`.`id_producto` = `productos_detalle`.`producto_id`
JOIN `ventas_detalle` ON `productos_detalle`.`id_producto` = `ventas_detalle`.`producto_detalle_id`
WHERE `productos`.`estado` = 1
GROUP BY `productos`.`id_producto`, `prpductos`.`id_producto`
HAVING SUM(producto_detalle.stock) > 0
ORDER BY `total_vendido` DESC
 LIMIT 12', 0)
 2 SYSTEMPATH\Database\BaseConnection.php(693): CodeIgniter\Database\MySQLi\Connection->execute('SELECT `productos`.*, SUM(ventas_detalle.cantidad) as total_vendido
FROM `productos`
JOIN `productos_detalle` ON `productos`.`id_producto` = `productos_detalle`.`producto_id`
JOIN `ventas_detalle` ON `productos_detalle`.`id_producto` = `ventas_detalle`.`producto_detalle_id`
WHERE `productos`.`estado` = 1
GROUP BY `productos`.`id_producto`, `prpductos`.`id_producto`
HAVING SUM(producto_detalle.stock) > 0
ORDER BY `total_vendido` DESC
 LIMIT 12')
 3 SYSTEMPATH\Database\BaseConnection.php(607): CodeIgniter\Database\BaseConnection->simpleQuery('SELECT `productos`.*, SUM(ventas_detalle.cantidad) as total_vendido
FROM `productos`
JOIN `productos_detalle` ON `productos`.`id_producto` = `productos_detalle`.`producto_id`
JOIN `ventas_detalle` ON `productos_detalle`.`id_producto` = `ventas_detalle`.`producto_detalle_id`
WHERE `productos`.`estado` = 1
GROUP BY `productos`.`id_producto`, `prpductos`.`id_producto`
HAVING SUM(producto_detalle.stock) > 0
ORDER BY `total_vendido` DESC
 LIMIT 12')
 4 SYSTEMPATH\Database\BaseBuilder.php(1616): CodeIgniter\Database\BaseConnection->query('SELECT `productos`.*, SUM(ventas_detalle.cantidad) as total_vendido
FROM `productos`
JOIN `productos_detalle` ON `productos`.`id_producto` = `productos_detalle`.`producto_id`
JOIN `ventas_detalle` ON `productos_detalle`.`id_producto` = `ventas_detalle`.`producto_detalle_id`
WHERE `productos`.`estado` = :productos.estado:
GROUP BY `productos`.`id_producto`, `prpductos`.`id_producto`
HAVING SUM(producto_detalle.stock) > :SUM(producto_detalle.stock):
ORDER BY `total_vendido` DESC
 LIMIT 12', [...], false)
 5 SYSTEMPATH\Model.php(243): CodeIgniter\Database\BaseBuilder->get()
 6 SYSTEMPATH\BaseModel.php(638): CodeIgniter\Model->doFindAll(12, 0)
 7 APPPATH\Models\producto_Model.php(61): CodeIgniter\BaseModel->findAll(12)
 8 APPPATH\Controllers\Home.php(21): App\Models\producto_Model->topProductosVendidos()
 9 SYSTEMPATH\CodeIgniter.php(943): App\Controllers\Home->inicio()
10 SYSTEMPATH\CodeIgniter.php(503): CodeIgniter\CodeIgniter->runController(Object(App\Controllers\Home))
11 SYSTEMPATH\CodeIgniter.php(361): CodeIgniter\CodeIgniter->handleRequest(null, Object(Config\Cache), false)
12 FCPATH\index.php(79): CodeIgniter\CodeIgniter->run()
WARNING - 2026-03-03 23:38:46 --> [DEPRECATED] Optional parameter $colores declared before required parameter $buscar is implicitly treated as a required parameter in APPPATH\Models\producto_Model.php on line 77.
 1 SYSTEMPATH\Autoloader\Autoloader.php(311): include_once('C:\\xampp\\htdocs\\proyecto_espinola_emilia\\system\\Debug\\Exceptions.php')
 2 SYSTEMPATH\Autoloader\Autoloader.php(290): CodeIgniter\Autoloader\Autoloader->includeFile('C:\\xampp\\htdocs\\proyecto_espinola_emilia\\app\\Models\\producto_Model.php')
 3 SYSTEMPATH\Autoloader\Autoloader.php(266): CodeIgniter\Autoloader\Autoloader->loadInNamespace('App\\Models\\producto_Model')
 4 APPPATH\Controllers\Home.php(17): CodeIgniter\Autoloader\Autoloader->loadClass('App\\Models\\producto_Model')
 5 SYSTEMPATH\CodeIgniter.php(943): App\Controllers\Home->inicio()
 6 SYSTEMPATH\CodeIgniter.php(503): CodeIgniter\CodeIgniter->runController(Object(App\Controllers\Home))
 7 SYSTEMPATH\CodeIgniter.php(361): CodeIgniter\CodeIgniter->handleRequest(null, Object(Config\Cache), false)
 8 FCPATH\index.php(79): CodeIgniter\CodeIgniter->run()
WARNING - 2026-03-03 23:38:46 --> [DEPRECATED] Optional parameter $talles declared before required parameter $buscar is implicitly treated as a required parameter in APPPATH\Models\producto_Model.php on line 0.
 1 SYSTEMPATH\Autoloader\Autoloader.php(311): include_once('C:\\xampp\\htdocs\\proyecto_espinola_emilia\\system\\Debug\\Exceptions.php')
 2 SYSTEMPATH\Autoloader\Autoloader.php(290): CodeIgniter\Autoloader\Autoloader->includeFile('C:\\xampp\\htdocs\\proyecto_espinola_emilia\\app\\Models\\producto_Model.php')
 3 SYSTEMPATH\Autoloader\Autoloader.php(266): CodeIgniter\Autoloader\Autoloader->loadInNamespace('App\\Models\\producto_Model')
 4 APPPATH\Controllers\Home.php(17): CodeIgniter\Autoloader\Autoloader->loadClass('App\\Models\\producto_Model')
 5 SYSTEMPATH\CodeIgniter.php(943): App\Controllers\Home->inicio()
 6 SYSTEMPATH\CodeIgniter.php(503): CodeIgniter\CodeIgniter->runController(Object(App\Controllers\Home))
 7 SYSTEMPATH\CodeIgniter.php(361): CodeIgniter\CodeIgniter->handleRequest(null, Object(Config\Cache), false)
 8 FCPATH\index.php(79): CodeIgniter\CodeIgniter->run()
WARNING - 2026-03-03 23:38:46 --> [DEPRECATED] Optional parameter $categoria_id declared before required parameter $buscar is implicitly treated as a required parameter in APPPATH\Models\producto_Model.php on line 0.
 1 SYSTEMPATH\Autoloader\Autoloader.php(311): include_once('C:\\xampp\\htdocs\\proyecto_espinola_emilia\\system\\Debug\\Exceptions.php')
 2 SYSTEMPATH\Autoloader\Autoloader.php(290): CodeIgniter\Autoloader\Autoloader->includeFile('C:\\xampp\\htdocs\\proyecto_espinola_emilia\\app\\Models\\producto_Model.php')
 3 SYSTEMPATH\Autoloader\Autoloader.php(266): CodeIgniter\Autoloader\Autoloader->loadInNamespace('App\\Models\\producto_Model')
 4 APPPATH\Controllers\Home.php(17): CodeIgniter\Autoloader\Autoloader->loadClass('App\\Models\\producto_Model')
 5 SYSTEMPATH\CodeIgniter.php(943): App\Controllers\Home->inicio()
 6 SYSTEMPATH\CodeIgniter.php(503): CodeIgniter\CodeIgniter->runController(Object(App\Controllers\Home))
 7 SYSTEMPATH\CodeIgniter.php(361): CodeIgniter\CodeIgniter->handleRequest(null, Object(Config\Cache), false)
 8 FCPATH\index.php(79): CodeIgniter\CodeIgniter->run()
ERROR - 2026-03-03 23:38:46 --> mysqli_sql_exception: Unknown column 'producto_detalle.stock' in 'having clause' in C:\xampp\htdocs\proyecto_espinola_emilia\system\Database\MySQLi\Connection.php:306
Stack trace:
#0 C:\xampp\htdocs\proyecto_espinola_emilia\system\Database\MySQLi\Connection.php(306): mysqli->query('SELECT `product...', 0)
#1 C:\xampp\htdocs\proyecto_espinola_emilia\system\Database\BaseConnection.php(693): CodeIgniter\Database\MySQLi\Connection->execute('SELECT `product...')
#2 C:\xampp\htdocs\proyecto_espinola_emilia\system\Database\BaseConnection.php(607): CodeIgniter\Database\BaseConnection->simpleQuery('SELECT `product...')
#3 C:\xampp\htdocs\proyecto_espinola_emilia\system\Database\BaseBuilder.php(1616): CodeIgniter\Database\BaseConnection->query('SELECT `product...', Array, false)
#4 C:\xampp\htdocs\proyecto_espinola_emilia\system\Model.php(243): CodeIgniter\Database\BaseBuilder->get()
#5 C:\xampp\htdocs\proyecto_espinola_emilia\system\BaseModel.php(638): CodeIgniter\Model->doFindAll(12, 0)
#6 C:\xampp\htdocs\proyecto_espinola_emilia\app\Models\producto_Model.php(61): CodeIgniter\BaseModel->findAll(12)
#7 C:\xampp\htdocs\proyecto_espinola_emilia\app\Controllers\Home.php(21): App\Models\producto_Model->topProductosVendidos()
#8 C:\xampp\htdocs\proyecto_espinola_emilia\system\CodeIgniter.php(943): App\Controllers\Home->inicio()
#9 C:\xampp\htdocs\proyecto_espinola_emilia\system\CodeIgniter.php(503): CodeIgniter\CodeIgniter->runController(Object(App\Controllers\Home))
#10 C:\xampp\htdocs\proyecto_espinola_emilia\system\CodeIgniter.php(361): CodeIgniter\CodeIgniter->handleRequest(NULL, Object(Config\Cache), false)
#11 C:\xampp\htdocs\proyecto_espinola_emilia\index.php(79): CodeIgniter\CodeIgniter->run()
#12 {main}
CRITICAL - 2026-03-03 23:38:46 --> CodeIgniter\Database\Exceptions\DatabaseException: Unknown column 'producto_detalle.stock' in 'having clause'
in SYSTEMPATH\Database\BaseConnection.php on line 647.
 1 SYSTEMPATH\Database\BaseBuilder.php(1616): CodeIgniter\Database\BaseConnection->query('SELECT `productos`.*, SUM(ventas_detalle.cantidad) as total_vendido
FROM `productos`
JOIN `productos_detalle` ON `productos`.`id_producto` = `productos_detalle`.`producto_id`
JOIN `ventas_detalle` ON `productos_detalle`.`id_producto` = `ventas_detalle`.`producto_detalle_id`
WHERE `productos`.`estado` = :productos.estado:
GROUP BY `productos`.`id_producto`, `productos`.`id_producto`
HAVING SUM(producto_detalle.stock) > :SUM(producto_detalle.stock):
ORDER BY `total_vendido` DESC
 LIMIT 12', [...], false)
 2 SYSTEMPATH\Model.php(243): CodeIgniter\Database\BaseBuilder->get()
 3 SYSTEMPATH\BaseModel.php(638): CodeIgniter\Model->doFindAll(12, 0)
 4 APPPATH\Models\producto_Model.php(61): CodeIgniter\BaseModel->findAll(12)
 5 APPPATH\Controllers\Home.php(21): App\Models\producto_Model->topProductosVendidos()
 6 SYSTEMPATH\CodeIgniter.php(943): App\Controllers\Home->inicio()
 7 SYSTEMPATH\CodeIgniter.php(503): CodeIgniter\CodeIgniter->runController(Object(App\Controllers\Home))
 8 SYSTEMPATH\CodeIgniter.php(361): CodeIgniter\CodeIgniter->handleRequest(null, Object(Config\Cache), false)
 9 FCPATH\index.php(79): CodeIgniter\CodeIgniter->run()
CRITICAL - 2026-03-03 23:38:46 --> [Caused by] CodeIgniter\Database\Exceptions\DatabaseException: Unknown column 'producto_detalle.stock' in 'having clause'
in SYSTEMPATH\Database\MySQLi\Connection.php on line 311.
 1 SYSTEMPATH\Database\BaseConnection.php(693): CodeIgniter\Database\MySQLi\Connection->execute('SELECT `productos`.*, SUM(ventas_detalle.cantidad) as total_vendido
FROM `productos`
JOIN `productos_detalle` ON `productos`.`id_producto` = `productos_detalle`.`producto_id`
JOIN `ventas_detalle` ON `productos_detalle`.`id_producto` = `ventas_detalle`.`producto_detalle_id`
WHERE `productos`.`estado` = 1
GROUP BY `productos`.`id_producto`, `productos`.`id_producto`
HAVING SUM(producto_detalle.stock) > 0
ORDER BY `total_vendido` DESC
 LIMIT 12')
 2 SYSTEMPATH\Database\BaseConnection.php(607): CodeIgniter\Database\BaseConnection->simpleQuery('SELECT `productos`.*, SUM(ventas_detalle.cantidad) as total_vendido
FROM `productos`
JOIN `productos_detalle` ON `productos`.`id_producto` = `productos_detalle`.`producto_id`
JOIN `ventas_detalle` ON `productos_detalle`.`id_producto` = `ventas_detalle`.`producto_detalle_id`
WHERE `productos`.`estado` = 1
GROUP BY `productos`.`id_producto`, `productos`.`id_producto`
HAVING SUM(producto_detalle.stock) > 0
ORDER BY `total_vendido` DESC
 LIMIT 12')
 3 SYSTEMPATH\Database\BaseBuilder.php(1616): CodeIgniter\Database\BaseConnection->query('SELECT `productos`.*, SUM(ventas_detalle.cantidad) as total_vendido
FROM `productos`
JOIN `productos_detalle` ON `productos`.`id_producto` = `productos_detalle`.`producto_id`
JOIN `ventas_detalle` ON `productos_detalle`.`id_producto` = `ventas_detalle`.`producto_detalle_id`
WHERE `productos`.`estado` = :productos.estado:
GROUP BY `productos`.`id_producto`, `productos`.`id_producto`
HAVING SUM(producto_detalle.stock) > :SUM(producto_detalle.stock):
ORDER BY `total_vendido` DESC
 LIMIT 12', [...], false)
 4 SYSTEMPATH\Model.php(243): CodeIgniter\Database\BaseBuilder->get()
 5 SYSTEMPATH\BaseModel.php(638): CodeIgniter\Model->doFindAll(12, 0)
 6 APPPATH\Models\producto_Model.php(61): CodeIgniter\BaseModel->findAll(12)
 7 APPPATH\Controllers\Home.php(21): App\Models\producto_Model->topProductosVendidos()
 8 SYSTEMPATH\CodeIgniter.php(943): App\Controllers\Home->inicio()
 9 SYSTEMPATH\CodeIgniter.php(503): CodeIgniter\CodeIgniter->runController(Object(App\Controllers\Home))
10 SYSTEMPATH\CodeIgniter.php(361): CodeIgniter\CodeIgniter->handleRequest(null, Object(Config\Cache), false)
11 FCPATH\index.php(79): CodeIgniter\CodeIgniter->run()
CRITICAL - 2026-03-03 23:38:46 --> [Caused by] mysqli_sql_exception: Unknown column 'producto_detalle.stock' in 'having clause'
in SYSTEMPATH\Database\MySQLi\Connection.php on line 306.
 1 SYSTEMPATH\Database\MySQLi\Connection.php(306): mysqli->query('SELECT `productos`.*, SUM(ventas_detalle.cantidad) as total_vendido
FROM `productos`
JOIN `productos_detalle` ON `productos`.`id_producto` = `productos_detalle`.`producto_id`
JOIN `ventas_detalle` ON `productos_detalle`.`id_producto` = `ventas_detalle`.`producto_detalle_id`
WHERE `productos`.`estado` = 1
GROUP BY `productos`.`id_producto`, `productos`.`id_producto`
HAVING SUM(producto_detalle.stock) > 0
ORDER BY `total_vendido` DESC
 LIMIT 12', 0)
 2 SYSTEMPATH\Database\BaseConnection.php(693): CodeIgniter\Database\MySQLi\Connection->execute('SELECT `productos`.*, SUM(ventas_detalle.cantidad) as total_vendido
FROM `productos`
JOIN `productos_detalle` ON `productos`.`id_producto` = `productos_detalle`.`producto_id`
JOIN `ventas_detalle` ON `productos_detalle`.`id_producto` = `ventas_detalle`.`producto_detalle_id`
WHERE `productos`.`estado` = 1
GROUP BY `productos`.`id_producto`, `productos`.`id_producto`
HAVING SUM(producto_detalle.stock) > 0
ORDER BY `total_vendido` DESC
 LIMIT 12')
 3 SYSTEMPATH\Database\BaseConnection.php(607): CodeIgniter\Database\BaseConnection->simpleQuery('SELECT `productos`.*, SUM(ventas_detalle.cantidad) as total_vendido
FROM `productos`
JOIN `productos_detalle` ON `productos`.`id_producto` = `productos_detalle`.`producto_id`
JOIN `ventas_detalle` ON `productos_detalle`.`id_producto` = `ventas_detalle`.`producto_detalle_id`
WHERE `productos`.`estado` = 1
GROUP BY `productos`.`id_producto`, `productos`.`id_producto`
HAVING SUM(producto_detalle.stock) > 0
ORDER BY `total_vendido` DESC
 LIMIT 12')
 4 SYSTEMPATH\Database\BaseBuilder.php(1616): CodeIgniter\Database\BaseConnection->query('SELECT `productos`.*, SUM(ventas_detalle.cantidad) as total_vendido
FROM `productos`
JOIN `productos_detalle` ON `productos`.`id_producto` = `productos_detalle`.`producto_id`
JOIN `ventas_detalle` ON `productos_detalle`.`id_producto` = `ventas_detalle`.`producto_detalle_id`
WHERE `productos`.`estado` = :productos.estado:
GROUP BY `productos`.`id_producto`, `productos`.`id_producto`
HAVING SUM(producto_detalle.stock) > :SUM(producto_detalle.stock):
ORDER BY `total_vendido` DESC
 LIMIT 12', [...], false)
 5 SYSTEMPATH\Model.php(243): CodeIgniter\Database\BaseBuilder->get()
 6 SYSTEMPATH\BaseModel.php(638): CodeIgniter\Model->doFindAll(12, 0)
 7 APPPATH\Models\producto_Model.php(61): CodeIgniter\BaseModel->findAll(12)
 8 APPPATH\Controllers\Home.php(21): App\Models\producto_Model->topProductosVendidos()
 9 SYSTEMPATH\CodeIgniter.php(943): App\Controllers\Home->inicio()
10 SYSTEMPATH\CodeIgniter.php(503): CodeIgniter\CodeIgniter->runController(Object(App\Controllers\Home))
11 SYSTEMPATH\CodeIgniter.php(361): CodeIgniter\CodeIgniter->handleRequest(null, Object(Config\Cache), false)
12 FCPATH\index.php(79): CodeIgniter\CodeIgniter->run()
WARNING - 2026-03-03 23:39:36 --> [DEPRECATED] Optional parameter $colores declared before required parameter $buscar is implicitly treated as a required parameter in APPPATH\Models\producto_Model.php on line 77.
 1 SYSTEMPATH\Autoloader\Autoloader.php(311): include_once('C:\\xampp\\htdocs\\proyecto_espinola_emilia\\system\\Debug\\Exceptions.php')
 2 SYSTEMPATH\Autoloader\Autoloader.php(290): CodeIgniter\Autoloader\Autoloader->includeFile('C:\\xampp\\htdocs\\proyecto_espinola_emilia\\app\\Models\\producto_Model.php')
 3 SYSTEMPATH\Autoloader\Autoloader.php(266): CodeIgniter\Autoloader\Autoloader->loadInNamespace('App\\Models\\producto_Model')
 4 APPPATH\Controllers\Home.php(17): CodeIgniter\Autoloader\Autoloader->loadClass('App\\Models\\producto_Model')
 5 SYSTEMPATH\CodeIgniter.php(943): App\Controllers\Home->inicio()
 6 SYSTEMPATH\CodeIgniter.php(503): CodeIgniter\CodeIgniter->runController(Object(App\Controllers\Home))
 7 SYSTEMPATH\CodeIgniter.php(361): CodeIgniter\CodeIgniter->handleRequest(null, Object(Config\Cache), false)
 8 FCPATH\index.php(79): CodeIgniter\CodeIgniter->run()
WARNING - 2026-03-03 23:39:36 --> [DEPRECATED] Optional parameter $talles declared before required parameter $buscar is implicitly treated as a required parameter in APPPATH\Models\producto_Model.php on line 0.
 1 SYSTEMPATH\Autoloader\Autoloader.php(311): include_once('C:\\xampp\\htdocs\\proyecto_espinola_emilia\\system\\Debug\\Exceptions.php')
 2 SYSTEMPATH\Autoloader\Autoloader.php(290): CodeIgniter\Autoloader\Autoloader->includeFile('C:\\xampp\\htdocs\\proyecto_espinola_emilia\\app\\Models\\producto_Model.php')
 3 SYSTEMPATH\Autoloader\Autoloader.php(266): CodeIgniter\Autoloader\Autoloader->loadInNamespace('App\\Models\\producto_Model')
 4 APPPATH\Controllers\Home.php(17): CodeIgniter\Autoloader\Autoloader->loadClass('App\\Models\\producto_Model')
 5 SYSTEMPATH\CodeIgniter.php(943): App\Controllers\Home->inicio()
 6 SYSTEMPATH\CodeIgniter.php(503): CodeIgniter\CodeIgniter->runController(Object(App\Controllers\Home))
 7 SYSTEMPATH\CodeIgniter.php(361): CodeIgniter\CodeIgniter->handleRequest(null, Object(Config\Cache), false)
 8 FCPATH\index.php(79): CodeIgniter\CodeIgniter->run()
WARNING - 2026-03-03 23:39:36 --> [DEPRECATED] Optional parameter $categoria_id declared before required parameter $buscar is implicitly treated as a required parameter in APPPATH\Models\producto_Model.php on line 0.
 1 SYSTEMPATH\Autoloader\Autoloader.php(311): include_once('C:\\xampp\\htdocs\\proyecto_espinola_emilia\\system\\Debug\\Exceptions.php')
 2 SYSTEMPATH\Autoloader\Autoloader.php(290): CodeIgniter\Autoloader\Autoloader->includeFile('C:\\xampp\\htdocs\\proyecto_espinola_emilia\\app\\Models\\producto_Model.php')
 3 SYSTEMPATH\Autoloader\Autoloader.php(266): CodeIgniter\Autoloader\Autoloader->loadInNamespace('App\\Models\\producto_Model')
 4 APPPATH\Controllers\Home.php(17): CodeIgniter\Autoloader\Autoloader->loadClass('App\\Models\\producto_Model')
 5 SYSTEMPATH\CodeIgniter.php(943): App\Controllers\Home->inicio()
 6 SYSTEMPATH\CodeIgniter.php(503): CodeIgniter\CodeIgniter->runController(Object(App\Controllers\Home))
 7 SYSTEMPATH\CodeIgniter.php(361): CodeIgniter\CodeIgniter->handleRequest(null, Object(Config\Cache), false)
 8 FCPATH\index.php(79): CodeIgniter\CodeIgniter->run()
INFO - 2026-03-03 23:39:36 --> Session: Class initialized using 'CodeIgniter\Session\Handlers\FileHandler' driver.
CRITICAL - 2026-03-03 23:39:36 --> ErrorException: Undefined array key "stock"
in APPPATH\Views\cliente\principal.php on line 24.
 1 APPPATH\Views\cliente\principal.php(24): CodeIgniter\Debug\Exceptions->errorHandler(2, 'Undefined array key "stock"', 'C:\\xampp\\htdocs\\proyecto_espinola_emilia\\app\\Views\\cliente\\principal.php', 24)
 2 SYSTEMPATH\View\View.php(228): include('C:\\xampp\\htdocs\\proyecto_espinola_emilia\\app\\Views\\cliente\\principal.php')
 3 SYSTEMPATH\View\View.php(231): CodeIgniter\View\View->CodeIgniter\View\{closure}()
 4 SYSTEMPATH\Common.php(1178): CodeIgniter\View\View->render('cliente/principal', [], true)
 5 APPPATH\Controllers\Home.php(29): view('cliente/principal', [...])
 6 SYSTEMPATH\CodeIgniter.php(943): App\Controllers\Home->inicio()
 7 SYSTEMPATH\CodeIgniter.php(503): CodeIgniter\CodeIgniter->runController(Object(App\Controllers\Home))
 8 SYSTEMPATH\CodeIgniter.php(361): CodeIgniter\CodeIgniter->handleRequest(null, Object(Config\Cache), false)
 9 FCPATH\index.php(79): CodeIgniter\CodeIgniter->run()
WARNING - 2026-03-03 23:44:51 --> [DEPRECATED] Optional parameter $colores declared before required parameter $buscar is implicitly treated as a required parameter in APPPATH\Models\producto_Model.php on line 76.
 1 SYSTEMPATH\Autoloader\Autoloader.php(311): include_once('C:\\xampp\\htdocs\\proyecto_espinola_emilia\\system\\Debug\\Exceptions.php')
 2 SYSTEMPATH\Autoloader\Autoloader.php(290): CodeIgniter\Autoloader\Autoloader->includeFile('C:\\xampp\\htdocs\\proyecto_espinola_emilia\\app\\Models\\producto_Model.php')
 3 SYSTEMPATH\Autoloader\Autoloader.php(266): CodeIgniter\Autoloader\Autoloader->loadInNamespace('App\\Models\\producto_Model')
 4 APPPATH\Controllers\Home.php(17): CodeIgniter\Autoloader\Autoloader->loadClass('App\\Models\\producto_Model')
 5 SYSTEMPATH\CodeIgniter.php(943): App\Controllers\Home->inicio()
 6 SYSTEMPATH\CodeIgniter.php(503): CodeIgniter\CodeIgniter->runController(Object(App\Controllers\Home))
 7 SYSTEMPATH\CodeIgniter.php(361): CodeIgniter\CodeIgniter->handleRequest(null, Object(Config\Cache), false)
 8 FCPATH\index.php(79): CodeIgniter\CodeIgniter->run()
WARNING - 2026-03-03 23:44:51 --> [DEPRECATED] Optional parameter $talles declared before required parameter $buscar is implicitly treated as a required parameter in APPPATH\Models\producto_Model.php on line 0.
 1 SYSTEMPATH\Autoloader\Autoloader.php(311): include_once('C:\\xampp\\htdocs\\proyecto_espinola_emilia\\system\\Debug\\Exceptions.php')
 2 SYSTEMPATH\Autoloader\Autoloader.php(290): CodeIgniter\Autoloader\Autoloader->includeFile('C:\\xampp\\htdocs\\proyecto_espinola_emilia\\app\\Models\\producto_Model.php')
 3 SYSTEMPATH\Autoloader\Autoloader.php(266): CodeIgniter\Autoloader\Autoloader->loadInNamespace('App\\Models\\producto_Model')
 4 APPPATH\Controllers\Home.php(17): CodeIgniter\Autoloader\Autoloader->loadClass('App\\Models\\producto_Model')
 5 SYSTEMPATH\CodeIgniter.php(943): App\Controllers\Home->inicio()
 6 SYSTEMPATH\CodeIgniter.php(503): CodeIgniter\CodeIgniter->runController(Object(App\Controllers\Home))
 7 SYSTEMPATH\CodeIgniter.php(361): CodeIgniter\CodeIgniter->handleRequest(null, Object(Config\Cache), false)
 8 FCPATH\index.php(79): CodeIgniter\CodeIgniter->run()
WARNING - 2026-03-03 23:44:51 --> [DEPRECATED] Optional parameter $categoria_id declared before required parameter $buscar is implicitly treated as a required parameter in APPPATH\Models\producto_Model.php on line 0.
 1 SYSTEMPATH\Autoloader\Autoloader.php(311): include_once('C:\\xampp\\htdocs\\proyecto_espinola_emilia\\system\\Debug\\Exceptions.php')
 2 SYSTEMPATH\Autoloader\Autoloader.php(290): CodeIgniter\Autoloader\Autoloader->includeFile('C:\\xampp\\htdocs\\proyecto_espinola_emilia\\app\\Models\\producto_Model.php')
 3 SYSTEMPATH\Autoloader\Autoloader.php(266): CodeIgniter\Autoloader\Autoloader->loadInNamespace('App\\Models\\producto_Model')
 4 APPPATH\Controllers\Home.php(17): CodeIgniter\Autoloader\Autoloader->loadClass('App\\Models\\producto_Model')
 5 SYSTEMPATH\CodeIgniter.php(943): App\Controllers\Home->inicio()
 6 SYSTEMPATH\CodeIgniter.php(503): CodeIgniter\CodeIgniter->runController(Object(App\Controllers\Home))
 7 SYSTEMPATH\CodeIgniter.php(361): CodeIgniter\CodeIgniter->handleRequest(null, Object(Config\Cache), false)
 8 FCPATH\index.php(79): CodeIgniter\CodeIgniter->run()
ERROR - 2026-03-03 23:44:51 --> mysqli_sql_exception: Unknown column 'pd.stock' in 'field list' in C:\xampp\htdocs\proyecto_espinola_emilia\system\Database\MySQLi\Connection.php:306
Stack trace:
#0 C:\xampp\htdocs\proyecto_espinola_emilia\system\Database\MySQLi\Connection.php(306): mysqli->query('SELECT `product...', 0)
#1 C:\xampp\htdocs\proyecto_espinola_emilia\system\Database\BaseConnection.php(693): CodeIgniter\Database\MySQLi\Connection->execute('SELECT `product...')
#2 C:\xampp\htdocs\proyecto_espinola_emilia\system\Database\BaseConnection.php(607): CodeIgniter\Database\BaseConnection->simpleQuery('SELECT `product...')
#3 C:\xampp\htdocs\proyecto_espinola_emilia\system\Database\BaseBuilder.php(1616): CodeIgniter\Database\BaseConnection->query('SELECT `product...', Array, false)
#4 C:\xampp\htdocs\proyecto_espinola_emilia\system\Model.php(243): CodeIgniter\Database\BaseBuilder->get()
#5 C:\xampp\htdocs\proyecto_espinola_emilia\system\BaseModel.php(638): CodeIgniter\Model->doFindAll(12, 0)
#6 C:\xampp\htdocs\proyecto_espinola_emilia\app\Models\producto_Model.php(60): CodeIgniter\BaseModel->findAll(12)
#7 C:\xampp\htdocs\proyecto_espinola_emilia\app\Controllers\Home.php(21): App\Models\producto_Model->topProductosVendidos()
#8 C:\xampp\htdocs\proyecto_espinola_emilia\system\CodeIgniter.php(943): App\Controllers\Home->inicio()
#9 C:\xampp\htdocs\proyecto_espinola_emilia\system\CodeIgniter.php(503): CodeIgniter\CodeIgniter->runController(Object(App\Controllers\Home))
#10 C:\xampp\htdocs\proyecto_espinola_emilia\system\CodeIgniter.php(361): CodeIgniter\CodeIgniter->handleRequest(NULL, Object(Config\Cache), false)
#11 C:\xampp\htdocs\proyecto_espinola_emilia\index.php(79): CodeIgniter\CodeIgniter->run()
#12 {main}
CRITICAL - 2026-03-03 23:44:51 --> CodeIgniter\Database\Exceptions\DatabaseException: Unknown column 'pd.stock' in 'field list'
in SYSTEMPATH\Database\BaseConnection.php on line 647.
 1 SYSTEMPATH\Database\BaseBuilder.php(1616): CodeIgniter\Database\BaseConnection->query('SELECT `productos`.*, SUM(ventas_detalle.cantidad) as total_vendido, SUM(pd.stock) AS stock_total
FROM `productos`
JOIN `productos_detalle` ON `productos`.`id_producto` = `productos_detalle`.`producto_id`
JOIN `ventas_detalle` ON `productos_detalle`.`id_producto` = `ventas_detalle`.`producto_detalle_id`
WHERE `productos`.`estado` = :productos.estado:
GROUP BY `productos`.`id_producto`
HAVING `stock_total` > :stock_total:
ORDER BY `total_vendido` DESC
 LIMIT 12', [...], false)
 2 SYSTEMPATH\Model.php(243): CodeIgniter\Database\BaseBuilder->get()
 3 SYSTEMPATH\BaseModel.php(638): CodeIgniter\Model->doFindAll(12, 0)
 4 APPPATH\Models\producto_Model.php(60): CodeIgniter\BaseModel->findAll(12)
 5 APPPATH\Controllers\Home.php(21): App\Models\producto_Model->topProductosVendidos()
 6 SYSTEMPATH\CodeIgniter.php(943): App\Controllers\Home->inicio()
 7 SYSTEMPATH\CodeIgniter.php(503): CodeIgniter\CodeIgniter->runController(Object(App\Controllers\Home))
 8 SYSTEMPATH\CodeIgniter.php(361): CodeIgniter\CodeIgniter->handleRequest(null, Object(Config\Cache), false)
 9 FCPATH\index.php(79): CodeIgniter\CodeIgniter->run()
CRITICAL - 2026-03-03 23:44:51 --> [Caused by] CodeIgniter\Database\Exceptions\DatabaseException: Unknown column 'pd.stock' in 'field list'
in SYSTEMPATH\Database\MySQLi\Connection.php on line 311.
 1 SYSTEMPATH\Database\BaseConnection.php(693): CodeIgniter\Database\MySQLi\Connection->execute('SELECT `productos`.*, SUM(ventas_detalle.cantidad) as total_vendido, SUM(pd.stock) AS stock_total
FROM `productos`
JOIN `productos_detalle` ON `productos`.`id_producto` = `productos_detalle`.`producto_id`
JOIN `ventas_detalle` ON `productos_detalle`.`id_producto` = `ventas_detalle`.`producto_detalle_id`
WHERE `productos`.`estado` = 1
GROUP BY `productos`.`id_producto`
HAVING `stock_total` > 0
ORDER BY `total_vendido` DESC
 LIMIT 12')
 2 SYSTEMPATH\Database\BaseConnection.php(607): CodeIgniter\Database\BaseConnection->simpleQuery('SELECT `productos`.*, SUM(ventas_detalle.cantidad) as total_vendido, SUM(pd.stock) AS stock_total
FROM `productos`
JOIN `productos_detalle` ON `productos`.`id_producto` = `productos_detalle`.`producto_id`
JOIN `ventas_detalle` ON `productos_detalle`.`id_producto` = `ventas_detalle`.`producto_detalle_id`
WHERE `productos`.`estado` = 1
GROUP BY `productos`.`id_producto`
HAVING `stock_total` > 0
ORDER BY `total_vendido` DESC
 LIMIT 12')
 3 SYSTEMPATH\Database\BaseBuilder.php(1616): CodeIgniter\Database\BaseConnection->query('SELECT `productos`.*, SUM(ventas_detalle.cantidad) as total_vendido, SUM(pd.stock) AS stock_total
FROM `productos`
JOIN `productos_detalle` ON `productos`.`id_producto` = `productos_detalle`.`producto_id`
JOIN `ventas_detalle` ON `productos_detalle`.`id_producto` = `ventas_detalle`.`producto_detalle_id`
WHERE `productos`.`estado` = :productos.estado:
GROUP BY `productos`.`id_producto`
HAVING `stock_total` > :stock_total:
ORDER BY `total_vendido` DESC
 LIMIT 12', [...], false)
 4 SYSTEMPATH\Model.php(243): CodeIgniter\Database\BaseBuilder->get()
 5 SYSTEMPATH\BaseModel.php(638): CodeIgniter\Model->doFindAll(12, 0)
 6 APPPATH\Models\producto_Model.php(60): CodeIgniter\BaseModel->findAll(12)
 7 APPPATH\Controllers\Home.php(21): App\Models\producto_Model->topProductosVendidos()
 8 SYSTEMPATH\CodeIgniter.php(943): App\Controllers\Home->inicio()
 9 SYSTEMPATH\CodeIgniter.php(503): CodeIgniter\CodeIgniter->runController(Object(App\Controllers\Home))
10 SYSTEMPATH\CodeIgniter.php(361): CodeIgniter\CodeIgniter->handleRequest(null, Object(Config\Cache), false)
11 FCPATH\index.php(79): CodeIgniter\CodeIgniter->run()
CRITICAL - 2026-03-03 23:44:51 --> [Caused by] mysqli_sql_exception: Unknown column 'pd.stock' in 'field list'
in SYSTEMPATH\Database\MySQLi\Connection.php on line 306.
 1 SYSTEMPATH\Database\MySQLi\Connection.php(306): mysqli->query('SELECT `productos`.*, SUM(ventas_detalle.cantidad) as total_vendido, SUM(pd.stock) AS stock_total
FROM `productos`
JOIN `productos_detalle` ON `productos`.`id_producto` = `productos_detalle`.`producto_id`
JOIN `ventas_detalle` ON `productos_detalle`.`id_producto` = `ventas_detalle`.`producto_detalle_id`
WHERE `productos`.`estado` = 1
GROUP BY `productos`.`id_producto`
HAVING `stock_total` > 0
ORDER BY `total_vendido` DESC
 LIMIT 12', 0)
 2 SYSTEMPATH\Database\BaseConnection.php(693): CodeIgniter\Database\MySQLi\Connection->execute('SELECT `productos`.*, SUM(ventas_detalle.cantidad) as total_vendido, SUM(pd.stock) AS stock_total
FROM `productos`
JOIN `productos_detalle` ON `productos`.`id_producto` = `productos_detalle`.`producto_id`
JOIN `ventas_detalle` ON `productos_detalle`.`id_producto` = `ventas_detalle`.`producto_detalle_id`
WHERE `productos`.`estado` = 1
GROUP BY `productos`.`id_producto`
HAVING `stock_total` > 0
ORDER BY `total_vendido` DESC
 LIMIT 12')
 3 SYSTEMPATH\Database\BaseConnection.php(607): CodeIgniter\Database\BaseConnection->simpleQuery('SELECT `productos`.*, SUM(ventas_detalle.cantidad) as total_vendido, SUM(pd.stock) AS stock_total
FROM `productos`
JOIN `productos_detalle` ON `productos`.`id_producto` = `productos_detalle`.`producto_id`
JOIN `ventas_detalle` ON `productos_detalle`.`id_producto` = `ventas_detalle`.`producto_detalle_id`
WHERE `productos`.`estado` = 1
GROUP BY `productos`.`id_producto`
HAVING `stock_total` > 0
ORDER BY `total_vendido` DESC
 LIMIT 12')
 4 SYSTEMPATH\Database\BaseBuilder.php(1616): CodeIgniter\Database\BaseConnection->query('SELECT `productos`.*, SUM(ventas_detalle.cantidad) as total_vendido, SUM(pd.stock) AS stock_total
FROM `productos`
JOIN `productos_detalle` ON `productos`.`id_producto` = `productos_detalle`.`producto_id`
JOIN `ventas_detalle` ON `productos_detalle`.`id_producto` = `ventas_detalle`.`producto_detalle_id`
WHERE `productos`.`estado` = :productos.estado:
GROUP BY `productos`.`id_producto`
HAVING `stock_total` > :stock_total:
ORDER BY `total_vendido` DESC
 LIMIT 12', [...], false)
 5 SYSTEMPATH\Model.php(243): CodeIgniter\Database\BaseBuilder->get()
 6 SYSTEMPATH\BaseModel.php(638): CodeIgniter\Model->doFindAll(12, 0)
 7 APPPATH\Models\producto_Model.php(60): CodeIgniter\BaseModel->findAll(12)
 8 APPPATH\Controllers\Home.php(21): App\Models\producto_Model->topProductosVendidos()
 9 SYSTEMPATH\CodeIgniter.php(943): App\Controllers\Home->inicio()
10 SYSTEMPATH\CodeIgniter.php(503): CodeIgniter\CodeIgniter->runController(Object(App\Controllers\Home))
11 SYSTEMPATH\CodeIgniter.php(361): CodeIgniter\CodeIgniter->handleRequest(null, Object(Config\Cache), false)
12 FCPATH\index.php(79): CodeIgniter\CodeIgniter->run()
WARNING - 2026-03-03 23:45:54 --> [DEPRECATED] Optional parameter $colores declared before required parameter $buscar is implicitly treated as a required parameter in APPPATH\Models\producto_Model.php on line 76.
 1 SYSTEMPATH\Autoloader\Autoloader.php(311): include_once('C:\\xampp\\htdocs\\proyecto_espinola_emilia\\system\\Debug\\Exceptions.php')
 2 SYSTEMPATH\Autoloader\Autoloader.php(290): CodeIgniter\Autoloader\Autoloader->includeFile('C:\\xampp\\htdocs\\proyecto_espinola_emilia\\app\\Models\\producto_Model.php')
 3 SYSTEMPATH\Autoloader\Autoloader.php(266): CodeIgniter\Autoloader\Autoloader->loadInNamespace('App\\Models\\producto_Model')
 4 APPPATH\Controllers\Home.php(17): CodeIgniter\Autoloader\Autoloader->loadClass('App\\Models\\producto_Model')
 5 SYSTEMPATH\CodeIgniter.php(943): App\Controllers\Home->inicio()
 6 SYSTEMPATH\CodeIgniter.php(503): CodeIgniter\CodeIgniter->runController(Object(App\Controllers\Home))
 7 SYSTEMPATH\CodeIgniter.php(361): CodeIgniter\CodeIgniter->handleRequest(null, Object(Config\Cache), false)
 8 FCPATH\index.php(79): CodeIgniter\CodeIgniter->run()
WARNING - 2026-03-03 23:45:54 --> [DEPRECATED] Optional parameter $talles declared before required parameter $buscar is implicitly treated as a required parameter in APPPATH\Models\producto_Model.php on line 0.
 1 SYSTEMPATH\Autoloader\Autoloader.php(311): include_once('C:\\xampp\\htdocs\\proyecto_espinola_emilia\\system\\Debug\\Exceptions.php')
 2 SYSTEMPATH\Autoloader\Autoloader.php(290): CodeIgniter\Autoloader\Autoloader->includeFile('C:\\xampp\\htdocs\\proyecto_espinola_emilia\\app\\Models\\producto_Model.php')
 3 SYSTEMPATH\Autoloader\Autoloader.php(266): CodeIgniter\Autoloader\Autoloader->loadInNamespace('App\\Models\\producto_Model')
 4 APPPATH\Controllers\Home.php(17): CodeIgniter\Autoloader\Autoloader->loadClass('App\\Models\\producto_Model')
 5 SYSTEMPATH\CodeIgniter.php(943): App\Controllers\Home->inicio()
 6 SYSTEMPATH\CodeIgniter.php(503): CodeIgniter\CodeIgniter->runController(Object(App\Controllers\Home))
 7 SYSTEMPATH\CodeIgniter.php(361): CodeIgniter\CodeIgniter->handleRequest(null, Object(Config\Cache), false)
 8 FCPATH\index.php(79): CodeIgniter\CodeIgniter->run()
WARNING - 2026-03-03 23:45:54 --> [DEPRECATED] Optional parameter $categoria_id declared before required parameter $buscar is implicitly treated as a required parameter in APPPATH\Models\producto_Model.php on line 0.
 1 SYSTEMPATH\Autoloader\Autoloader.php(311): include_once('C:\\xampp\\htdocs\\proyecto_espinola_emilia\\system\\Debug\\Exceptions.php')
 2 SYSTEMPATH\Autoloader\Autoloader.php(290): CodeIgniter\Autoloader\Autoloader->includeFile('C:\\xampp\\htdocs\\proyecto_espinola_emilia\\app\\Models\\producto_Model.php')
 3 SYSTEMPATH\Autoloader\Autoloader.php(266): CodeIgniter\Autoloader\Autoloader->loadInNamespace('App\\Models\\producto_Model')
 4 APPPATH\Controllers\Home.php(17): CodeIgniter\Autoloader\Autoloader->loadClass('App\\Models\\producto_Model')
 5 SYSTEMPATH\CodeIgniter.php(943): App\Controllers\Home->inicio()
 6 SYSTEMPATH\CodeIgniter.php(503): CodeIgniter\CodeIgniter->runController(Object(App\Controllers\Home))
 7 SYSTEMPATH\CodeIgniter.php(361): CodeIgniter\CodeIgniter->handleRequest(null, Object(Config\Cache), false)
 8 FCPATH\index.php(79): CodeIgniter\CodeIgniter->run()
ERROR - 2026-03-03 23:45:54 --> mysqli_sql_exception: Unknown column 'productos_detalle.producto_id' in 'on clause' in C:\xampp\htdocs\proyecto_espinola_emilia\system\Database\MySQLi\Connection.php:306
Stack trace:
#0 C:\xampp\htdocs\proyecto_espinola_emilia\system\Database\MySQLi\Connection.php(306): mysqli->query('SELECT `product...', 0)
#1 C:\xampp\htdocs\proyecto_espinola_emilia\system\Database\BaseConnection.php(693): CodeIgniter\Database\MySQLi\Connection->execute('SELECT `product...')
#2 C:\xampp\htdocs\proyecto_espinola_emilia\system\Database\BaseConnection.php(607): CodeIgniter\Database\BaseConnection->simpleQuery('SELECT `product...')
#3 C:\xampp\htdocs\proyecto_espinola_emilia\system\Database\BaseBuilder.php(1616): CodeIgniter\Database\BaseConnection->query('SELECT `product...', Array, false)
#4 C:\xampp\htdocs\proyecto_espinola_emilia\system\Model.php(243): CodeIgniter\Database\BaseBuilder->get()
#5 C:\xampp\htdocs\proyecto_espinola_emilia\system\BaseModel.php(638): CodeIgniter\Model->doFindAll(12, 0)
#6 C:\xampp\htdocs\proyecto_espinola_emilia\app\Models\producto_Model.php(60): CodeIgniter\BaseModel->findAll(12)
#7 C:\xampp\htdocs\proyecto_espinola_emilia\app\Controllers\Home.php(21): App\Models\producto_Model->topProductosVendidos()
#8 C:\xampp\htdocs\proyecto_espinola_emilia\system\CodeIgniter.php(943): App\Controllers\Home->inicio()
#9 C:\xampp\htdocs\proyecto_espinola_emilia\system\CodeIgniter.php(503): CodeIgniter\CodeIgniter->runController(Object(App\Controllers\Home))
#10 C:\xampp\htdocs\proyecto_espinola_emilia\system\CodeIgniter.php(361): CodeIgniter\CodeIgniter->handleRequest(NULL, Object(Config\Cache), false)
#11 C:\xampp\htdocs\proyecto_espinola_emilia\index.php(79): CodeIgniter\CodeIgniter->run()
#12 {main}
CRITICAL - 2026-03-03 23:45:54 --> CodeIgniter\Database\Exceptions\DatabaseException: Unknown column 'productos_detalle.producto_id' in 'on clause'
in SYSTEMPATH\Database\BaseConnection.php on line 647.
 1 SYSTEMPATH\Database\BaseBuilder.php(1616): CodeIgniter\Database\BaseConnection->query('SELECT `productos`.*, SUM(ventas_detalle.cantidad) as total_vendido, SUM(pd.stock) AS stock_total
FROM `productos`
JOIN `productos_detalle` `pd` ON `productos`.`id_producto` = `productos_detalle`.`producto_id`
JOIN `ventas_detalle` ON `productos_detalle`.`id_producto` = `ventas_detalle`.`producto_detalle_id`
WHERE `productos`.`estado` = :productos.estado:
GROUP BY `productos`.`id_producto`
HAVING `stock_total` > :stock_total:
ORDER BY `total_vendido` DESC
 LIMIT 12', [...], false)
 2 SYSTEMPATH\Model.php(243): CodeIgniter\Database\BaseBuilder->get()
 3 SYSTEMPATH\BaseModel.php(638): CodeIgniter\Model->doFindAll(12, 0)
 4 APPPATH\Models\producto_Model.php(60): CodeIgniter\BaseModel->findAll(12)
 5 APPPATH\Controllers\Home.php(21): App\Models\producto_Model->topProductosVendidos()
 6 SYSTEMPATH\CodeIgniter.php(943): App\Controllers\Home->inicio()
 7 SYSTEMPATH\CodeIgniter.php(503): CodeIgniter\CodeIgniter->runController(Object(App\Controllers\Home))
 8 SYSTEMPATH\CodeIgniter.php(361): CodeIgniter\CodeIgniter->handleRequest(null, Object(Config\Cache), false)
 9 FCPATH\index.php(79): CodeIgniter\CodeIgniter->run()
CRITICAL - 2026-03-03 23:45:54 --> [Caused by] CodeIgniter\Database\Exceptions\DatabaseException: Unknown column 'productos_detalle.producto_id' in 'on clause'
in SYSTEMPATH\Database\MySQLi\Connection.php on line 311.
 1 SYSTEMPATH\Database\BaseConnection.php(693): CodeIgniter\Database\MySQLi\Connection->execute('SELECT `productos`.*, SUM(ventas_detalle.cantidad) as total_vendido, SUM(pd.stock) AS stock_total
FROM `productos`
JOIN `productos_detalle` `pd` ON `productos`.`id_producto` = `productos_detalle`.`producto_id`
JOIN `ventas_detalle` ON `productos_detalle`.`id_producto` = `ventas_detalle`.`producto_detalle_id`
WHERE `productos`.`estado` = 1
GROUP BY `productos`.`id_producto`
HAVING `stock_total` > 0
ORDER BY `total_vendido` DESC
 LIMIT 12')
 2 SYSTEMPATH\Database\BaseConnection.php(607): CodeIgniter\Database\BaseConnection->simpleQuery('SELECT `productos`.*, SUM(ventas_detalle.cantidad) as total_vendido, SUM(pd.stock) AS stock_total
FROM `productos`
JOIN `productos_detalle` `pd` ON `productos`.`id_producto` = `productos_detalle`.`producto_id`
JOIN `ventas_detalle` ON `productos_detalle`.`id_producto` = `ventas_detalle`.`producto_detalle_id`
WHERE `productos`.`estado` = 1
GROUP BY `productos`.`id_producto`
HAVING `stock_total` > 0
ORDER BY `total_vendido` DESC
 LIMIT 12')
 3 SYSTEMPATH\Database\BaseBuilder.php(1616): CodeIgniter\Database\BaseConnection->query('SELECT `productos`.*, SUM(ventas_detalle.cantidad) as total_vendido, SUM(pd.stock) AS stock_total
FROM `productos`
JOIN `productos_detalle` `pd` ON `productos`.`id_producto` = `productos_detalle`.`producto_id`
JOIN `ventas_detalle` ON `productos_detalle`.`id_producto` = `ventas_detalle`.`producto_detalle_id`
WHERE `productos`.`estado` = :productos.estado:
GROUP BY `productos`.`id_producto`
HAVING `stock_total` > :stock_total:
ORDER BY `total_vendido` DESC
 LIMIT 12', [...], false)
 4 SYSTEMPATH\Model.php(243): CodeIgniter\Database\BaseBuilder->get()
 5 SYSTEMPATH\BaseModel.php(638): CodeIgniter\Model->doFindAll(12, 0)
 6 APPPATH\Models\producto_Model.php(60): CodeIgniter\BaseModel->findAll(12)
 7 APPPATH\Controllers\Home.php(21): App\Models\producto_Model->topProductosVendidos()
 8 SYSTEMPATH\CodeIgniter.php(943): App\Controllers\Home->inicio()
 9 SYSTEMPATH\CodeIgniter.php(503): CodeIgniter\CodeIgniter->runController(Object(App\Controllers\Home))
10 SYSTEMPATH\CodeIgniter.php(361): CodeIgniter\CodeIgniter->handleRequest(null, Object(Config\Cache), false)
11 FCPATH\index.php(79): CodeIgniter\CodeIgniter->run()
CRITICAL - 2026-03-03 23:45:54 --> [Caused by] mysqli_sql_exception: Unknown column 'productos_detalle.producto_id' in 'on clause'
in SYSTEMPATH\Database\MySQLi\Connection.php on line 306.
 1 SYSTEMPATH\Database\MySQLi\Connection.php(306): mysqli->query('SELECT `productos`.*, SUM(ventas_detalle.cantidad) as total_vendido, SUM(pd.stock) AS stock_total
FROM `productos`
JOIN `productos_detalle` `pd` ON `productos`.`id_producto` = `productos_detalle`.`producto_id`
JOIN `ventas_detalle` ON `productos_detalle`.`id_producto` = `ventas_detalle`.`producto_detalle_id`
WHERE `productos`.`estado` = 1
GROUP BY `productos`.`id_producto`
HAVING `stock_total` > 0
ORDER BY `total_vendido` DESC
 LIMIT 12', 0)
 2 SYSTEMPATH\Database\BaseConnection.php(693): CodeIgniter\Database\MySQLi\Connection->execute('SELECT `productos`.*, SUM(ventas_detalle.cantidad) as total_vendido, SUM(pd.stock) AS stock_total
FROM `productos`
JOIN `productos_detalle` `pd` ON `productos`.`id_producto` = `productos_detalle`.`producto_id`
JOIN `ventas_detalle` ON `productos_detalle`.`id_producto` = `ventas_detalle`.`producto_detalle_id`
WHERE `productos`.`estado` = 1
GROUP BY `productos`.`id_producto`
HAVING `stock_total` > 0
ORDER BY `total_vendido` DESC
 LIMIT 12')
 3 SYSTEMPATH\Database\BaseConnection.php(607): CodeIgniter\Database\BaseConnection->simpleQuery('SELECT `productos`.*, SUM(ventas_detalle.cantidad) as total_vendido, SUM(pd.stock) AS stock_total
FROM `productos`
JOIN `productos_detalle` `pd` ON `productos`.`id_producto` = `productos_detalle`.`producto_id`
JOIN `ventas_detalle` ON `productos_detalle`.`id_producto` = `ventas_detalle`.`producto_detalle_id`
WHERE `productos`.`estado` = 1
GROUP BY `productos`.`id_producto`
HAVING `stock_total` > 0
ORDER BY `total_vendido` DESC
 LIMIT 12')
 4 SYSTEMPATH\Database\BaseBuilder.php(1616): CodeIgniter\Database\BaseConnection->query('SELECT `productos`.*, SUM(ventas_detalle.cantidad) as total_vendido, SUM(pd.stock) AS stock_total
FROM `productos`
JOIN `productos_detalle` `pd` ON `productos`.`id_producto` = `productos_detalle`.`producto_id`
JOIN `ventas_detalle` ON `productos_detalle`.`id_producto` = `ventas_detalle`.`producto_detalle_id`
WHERE `productos`.`estado` = :productos.estado:
GROUP BY `productos`.`id_producto`
HAVING `stock_total` > :stock_total:
ORDER BY `total_vendido` DESC
 LIMIT 12', [...], false)
 5 SYSTEMPATH\Model.php(243): CodeIgniter\Database\BaseBuilder->get()
 6 SYSTEMPATH\BaseModel.php(638): CodeIgniter\Model->doFindAll(12, 0)
 7 APPPATH\Models\producto_Model.php(60): CodeIgniter\BaseModel->findAll(12)
 8 APPPATH\Controllers\Home.php(21): App\Models\producto_Model->topProductosVendidos()
 9 SYSTEMPATH\CodeIgniter.php(943): App\Controllers\Home->inicio()
10 SYSTEMPATH\CodeIgniter.php(503): CodeIgniter\CodeIgniter->runController(Object(App\Controllers\Home))
11 SYSTEMPATH\CodeIgniter.php(361): CodeIgniter\CodeIgniter->handleRequest(null, Object(Config\Cache), false)
12 FCPATH\index.php(79): CodeIgniter\CodeIgniter->run()
WARNING - 2026-03-03 23:46:09 --> [DEPRECATED] Optional parameter $colores declared before required parameter $buscar is implicitly treated as a required parameter in APPPATH\Models\producto_Model.php on line 76.
 1 SYSTEMPATH\Autoloader\Autoloader.php(311): include_once('C:\\xampp\\htdocs\\proyecto_espinola_emilia\\system\\Debug\\Exceptions.php')
 2 SYSTEMPATH\Autoloader\Autoloader.php(290): CodeIgniter\Autoloader\Autoloader->includeFile('C:\\xampp\\htdocs\\proyecto_espinola_emilia\\app\\Models\\producto_Model.php')
 3 SYSTEMPATH\Autoloader\Autoloader.php(266): CodeIgniter\Autoloader\Autoloader->loadInNamespace('App\\Models\\producto_Model')
 4 APPPATH\Controllers\Home.php(17): CodeIgniter\Autoloader\Autoloader->loadClass('App\\Models\\producto_Model')
 5 SYSTEMPATH\CodeIgniter.php(943): App\Controllers\Home->inicio()
 6 SYSTEMPATH\CodeIgniter.php(503): CodeIgniter\CodeIgniter->runController(Object(App\Controllers\Home))
 7 SYSTEMPATH\CodeIgniter.php(361): CodeIgniter\CodeIgniter->handleRequest(null, Object(Config\Cache), false)
 8 FCPATH\index.php(79): CodeIgniter\CodeIgniter->run()
WARNING - 2026-03-03 23:46:09 --> [DEPRECATED] Optional parameter $talles declared before required parameter $buscar is implicitly treated as a required parameter in APPPATH\Models\producto_Model.php on line 0.
 1 SYSTEMPATH\Autoloader\Autoloader.php(311): include_once('C:\\xampp\\htdocs\\proyecto_espinola_emilia\\system\\Debug\\Exceptions.php')
 2 SYSTEMPATH\Autoloader\Autoloader.php(290): CodeIgniter\Autoloader\Autoloader->includeFile('C:\\xampp\\htdocs\\proyecto_espinola_emilia\\app\\Models\\producto_Model.php')
 3 SYSTEMPATH\Autoloader\Autoloader.php(266): CodeIgniter\Autoloader\Autoloader->loadInNamespace('App\\Models\\producto_Model')
 4 APPPATH\Controllers\Home.php(17): CodeIgniter\Autoloader\Autoloader->loadClass('App\\Models\\producto_Model')
 5 SYSTEMPATH\CodeIgniter.php(943): App\Controllers\Home->inicio()
 6 SYSTEMPATH\CodeIgniter.php(503): CodeIgniter\CodeIgniter->runController(Object(App\Controllers\Home))
 7 SYSTEMPATH\CodeIgniter.php(361): CodeIgniter\CodeIgniter->handleRequest(null, Object(Config\Cache), false)
 8 FCPATH\index.php(79): CodeIgniter\CodeIgniter->run()
WARNING - 2026-03-03 23:46:09 --> [DEPRECATED] Optional parameter $categoria_id declared before required parameter $buscar is implicitly treated as a required parameter in APPPATH\Models\producto_Model.php on line 0.
 1 SYSTEMPATH\Autoloader\Autoloader.php(311): include_once('C:\\xampp\\htdocs\\proyecto_espinola_emilia\\system\\Debug\\Exceptions.php')
 2 SYSTEMPATH\Autoloader\Autoloader.php(290): CodeIgniter\Autoloader\Autoloader->includeFile('C:\\xampp\\htdocs\\proyecto_espinola_emilia\\app\\Models\\producto_Model.php')
 3 SYSTEMPATH\Autoloader\Autoloader.php(266): CodeIgniter\Autoloader\Autoloader->loadInNamespace('App\\Models\\producto_Model')
 4 APPPATH\Controllers\Home.php(17): CodeIgniter\Autoloader\Autoloader->loadClass('App\\Models\\producto_Model')
 5 SYSTEMPATH\CodeIgniter.php(943): App\Controllers\Home->inicio()
 6 SYSTEMPATH\CodeIgniter.php(503): CodeIgniter\CodeIgniter->runController(Object(App\Controllers\Home))
 7 SYSTEMPATH\CodeIgniter.php(361): CodeIgniter\CodeIgniter->handleRequest(null, Object(Config\Cache), false)
 8 FCPATH\index.php(79): CodeIgniter\CodeIgniter->run()
INFO - 2026-03-03 23:46:09 --> Session: Class initialized using 'CodeIgniter\Session\Handlers\FileHandler' driver.
CRITICAL - 2026-03-03 23:46:09 --> ErrorException: Undefined array key "stock"
in APPPATH\Views\cliente\principal.php on line 24.
 1 APPPATH\Views\cliente\principal.php(24): CodeIgniter\Debug\Exceptions->errorHandler(2, 'Undefined array key "stock"', 'C:\\xampp\\htdocs\\proyecto_espinola_emilia\\app\\Views\\cliente\\principal.php', 24)
 2 SYSTEMPATH\View\View.php(228): include('C:\\xampp\\htdocs\\proyecto_espinola_emilia\\app\\Views\\cliente\\principal.php')
 3 SYSTEMPATH\View\View.php(231): CodeIgniter\View\View->CodeIgniter\View\{closure}()
 4 SYSTEMPATH\Common.php(1178): CodeIgniter\View\View->render('cliente/principal', [], true)
 5 APPPATH\Controllers\Home.php(29): view('cliente/principal', [...])
 6 SYSTEMPATH\CodeIgniter.php(943): App\Controllers\Home->inicio()
 7 SYSTEMPATH\CodeIgniter.php(503): CodeIgniter\CodeIgniter->runController(Object(App\Controllers\Home))
 8 SYSTEMPATH\CodeIgniter.php(361): CodeIgniter\CodeIgniter->handleRequest(null, Object(Config\Cache), false)
 9 FCPATH\index.php(79): CodeIgniter\CodeIgniter->run()
WARNING - 2026-03-03 23:49:24 --> [DEPRECATED] Optional parameter $colores declared before required parameter $buscar is implicitly treated as a required parameter in APPPATH\Models\producto_Model.php on line 76.
 1 SYSTEMPATH\Autoloader\Autoloader.php(311): include_once('C:\\xampp\\htdocs\\proyecto_espinola_emilia\\system\\Debug\\Exceptions.php')
 2 SYSTEMPATH\Autoloader\Autoloader.php(290): CodeIgniter\Autoloader\Autoloader->includeFile('C:\\xampp\\htdocs\\proyecto_espinola_emilia\\app\\Models\\producto_Model.php')
 3 SYSTEMPATH\Autoloader\Autoloader.php(266): CodeIgniter\Autoloader\Autoloader->loadInNamespace('App\\Models\\producto_Model')
 4 APPPATH\Controllers\Home.php(17): CodeIgniter\Autoloader\Autoloader->loadClass('App\\Models\\producto_Model')
 5 SYSTEMPATH\CodeIgniter.php(943): App\Controllers\Home->inicio()
 6 SYSTEMPATH\CodeIgniter.php(503): CodeIgniter\CodeIgniter->runController(Object(App\Controllers\Home))
 7 SYSTEMPATH\CodeIgniter.php(361): CodeIgniter\CodeIgniter->handleRequest(null, Object(Config\Cache), false)
 8 FCPATH\index.php(79): CodeIgniter\CodeIgniter->run()
WARNING - 2026-03-03 23:49:24 --> [DEPRECATED] Optional parameter $talles declared before required parameter $buscar is implicitly treated as a required parameter in APPPATH\Models\producto_Model.php on line 0.
 1 SYSTEMPATH\Autoloader\Autoloader.php(311): include_once('C:\\xampp\\htdocs\\proyecto_espinola_emilia\\system\\Debug\\Exceptions.php')
 2 SYSTEMPATH\Autoloader\Autoloader.php(290): CodeIgniter\Autoloader\Autoloader->includeFile('C:\\xampp\\htdocs\\proyecto_espinola_emilia\\app\\Models\\producto_Model.php')
 3 SYSTEMPATH\Autoloader\Autoloader.php(266): CodeIgniter\Autoloader\Autoloader->loadInNamespace('App\\Models\\producto_Model')
 4 APPPATH\Controllers\Home.php(17): CodeIgniter\Autoloader\Autoloader->loadClass('App\\Models\\producto_Model')
 5 SYSTEMPATH\CodeIgniter.php(943): App\Controllers\Home->inicio()
 6 SYSTEMPATH\CodeIgniter.php(503): CodeIgniter\CodeIgniter->runController(Object(App\Controllers\Home))
 7 SYSTEMPATH\CodeIgniter.php(361): CodeIgniter\CodeIgniter->handleRequest(null, Object(Config\Cache), false)
 8 FCPATH\index.php(79): CodeIgniter\CodeIgniter->run()
WARNING - 2026-03-03 23:49:24 --> [DEPRECATED] Optional parameter $categoria_id declared before required parameter $buscar is implicitly treated as a required parameter in APPPATH\Models\producto_Model.php on line 0.
 1 SYSTEMPATH\Autoloader\Autoloader.php(311): include_once('C:\\xampp\\htdocs\\proyecto_espinola_emilia\\system\\Debug\\Exceptions.php')
 2 SYSTEMPATH\Autoloader\Autoloader.php(290): CodeIgniter\Autoloader\Autoloader->includeFile('C:\\xampp\\htdocs\\proyecto_espinola_emilia\\app\\Models\\producto_Model.php')
 3 SYSTEMPATH\Autoloader\Autoloader.php(266): CodeIgniter\Autoloader\Autoloader->loadInNamespace('App\\Models\\producto_Model')
 4 APPPATH\Controllers\Home.php(17): CodeIgniter\Autoloader\Autoloader->loadClass('App\\Models\\producto_Model')
 5 SYSTEMPATH\CodeIgniter.php(943): App\Controllers\Home->inicio()
 6 SYSTEMPATH\CodeIgniter.php(503): CodeIgniter\CodeIgniter->runController(Object(App\Controllers\Home))
 7 SYSTEMPATH\CodeIgniter.php(361): CodeIgniter\CodeIgniter->handleRequest(null, Object(Config\Cache), false)
 8 FCPATH\index.php(79): CodeIgniter\CodeIgniter->run()
INFO - 2026-03-03 23:49:24 --> Session: Class initialized using 'CodeIgniter\Session\Handlers\FileHandler' driver.
CRITICAL - 2026-03-03 23:49:24 --> ErrorException: Undefined array key "stock"
in APPPATH\Views\cliente\principal.php on line 24.
 1 APPPATH\Views\cliente\principal.php(24): CodeIgniter\Debug\Exceptions->errorHandler(2, 'Undefined array key "stock"', 'C:\\xampp\\htdocs\\proyecto_espinola_emilia\\app\\Views\\cliente\\principal.php', 24)
 2 SYSTEMPATH\View\View.php(228): include('C:\\xampp\\htdocs\\proyecto_espinola_emilia\\app\\Views\\cliente\\principal.php')
 3 SYSTEMPATH\View\View.php(231): CodeIgniter\View\View->CodeIgniter\View\{closure}()
 4 SYSTEMPATH\Common.php(1178): CodeIgniter\View\View->render('cliente/principal', [], true)
 5 APPPATH\Controllers\Home.php(29): view('cliente/principal', [...])
 6 SYSTEMPATH\CodeIgniter.php(943): App\Controllers\Home->inicio()
 7 SYSTEMPATH\CodeIgniter.php(503): CodeIgniter\CodeIgniter->runController(Object(App\Controllers\Home))
 8 SYSTEMPATH\CodeIgniter.php(361): CodeIgniter\CodeIgniter->handleRequest(null, Object(Config\Cache), false)
 9 FCPATH\index.php(79): CodeIgniter\CodeIgniter->run()
WARNING - 2026-03-03 23:50:25 --> [DEPRECATED] Optional parameter $colores declared before required parameter $buscar is implicitly treated as a required parameter in APPPATH\Models\producto_Model.php on line 76.
 1 SYSTEMPATH\Autoloader\Autoloader.php(311): include_once('C:\\xampp\\htdocs\\proyecto_espinola_emilia\\system\\Debug\\Exceptions.php')
 2 SYSTEMPATH\Autoloader\Autoloader.php(290): CodeIgniter\Autoloader\Autoloader->includeFile('C:\\xampp\\htdocs\\proyecto_espinola_emilia\\app\\Models\\producto_Model.php')
 3 SYSTEMPATH\Autoloader\Autoloader.php(266): CodeIgniter\Autoloader\Autoloader->loadInNamespace('App\\Models\\producto_Model')
 4 APPPATH\Controllers\Home.php(17): CodeIgniter\Autoloader\Autoloader->loadClass('App\\Models\\producto_Model')
 5 SYSTEMPATH\CodeIgniter.php(943): App\Controllers\Home->inicio()
 6 SYSTEMPATH\CodeIgniter.php(503): CodeIgniter\CodeIgniter->runController(Object(App\Controllers\Home))
 7 SYSTEMPATH\CodeIgniter.php(361): CodeIgniter\CodeIgniter->handleRequest(null, Object(Config\Cache), false)
 8 FCPATH\index.php(79): CodeIgniter\CodeIgniter->run()
WARNING - 2026-03-03 23:50:25 --> [DEPRECATED] Optional parameter $talles declared before required parameter $buscar is implicitly treated as a required parameter in APPPATH\Models\producto_Model.php on line 0.
 1 SYSTEMPATH\Autoloader\Autoloader.php(311): include_once('C:\\xampp\\htdocs\\proyecto_espinola_emilia\\system\\Debug\\Exceptions.php')
 2 SYSTEMPATH\Autoloader\Autoloader.php(290): CodeIgniter\Autoloader\Autoloader->includeFile('C:\\xampp\\htdocs\\proyecto_espinola_emilia\\app\\Models\\producto_Model.php')
 3 SYSTEMPATH\Autoloader\Autoloader.php(266): CodeIgniter\Autoloader\Autoloader->loadInNamespace('App\\Models\\producto_Model')
 4 APPPATH\Controllers\Home.php(17): CodeIgniter\Autoloader\Autoloader->loadClass('App\\Models\\producto_Model')
 5 SYSTEMPATH\CodeIgniter.php(943): App\Controllers\Home->inicio()
 6 SYSTEMPATH\CodeIgniter.php(503): CodeIgniter\CodeIgniter->runController(Object(App\Controllers\Home))
 7 SYSTEMPATH\CodeIgniter.php(361): CodeIgniter\CodeIgniter->handleRequest(null, Object(Config\Cache), false)
 8 FCPATH\index.php(79): CodeIgniter\CodeIgniter->run()
WARNING - 2026-03-03 23:50:25 --> [DEPRECATED] Optional parameter $categoria_id declared before required parameter $buscar is implicitly treated as a required parameter in APPPATH\Models\producto_Model.php on line 0.
 1 SYSTEMPATH\Autoloader\Autoloader.php(311): include_once('C:\\xampp\\htdocs\\proyecto_espinola_emilia\\system\\Debug\\Exceptions.php')
 2 SYSTEMPATH\Autoloader\Autoloader.php(290): CodeIgniter\Autoloader\Autoloader->includeFile('C:\\xampp\\htdocs\\proyecto_espinola_emilia\\app\\Models\\producto_Model.php')
 3 SYSTEMPATH\Autoloader\Autoloader.php(266): CodeIgniter\Autoloader\Autoloader->loadInNamespace('App\\Models\\producto_Model')
 4 APPPATH\Controllers\Home.php(17): CodeIgniter\Autoloader\Autoloader->loadClass('App\\Models\\producto_Model')
 5 SYSTEMPATH\CodeIgniter.php(943): App\Controllers\Home->inicio()
 6 SYSTEMPATH\CodeIgniter.php(503): CodeIgniter\CodeIgniter->runController(Object(App\Controllers\Home))
 7 SYSTEMPATH\CodeIgniter.php(361): CodeIgniter\CodeIgniter->handleRequest(null, Object(Config\Cache), false)
 8 FCPATH\index.php(79): CodeIgniter\CodeIgniter->run()
INFO - 2026-03-03 23:50:25 --> Session: Class initialized using 'CodeIgniter\Session\Handlers\FileHandler' driver.
CRITICAL - 2026-03-03 23:50:25 --> ErrorException: Undefined array key "stock"
in APPPATH\Views\cliente\principal.php on line 24.
 1 APPPATH\Views\cliente\principal.php(24): CodeIgniter\Debug\Exceptions->errorHandler(2, 'Undefined array key "stock"', 'C:\\xampp\\htdocs\\proyecto_espinola_emilia\\app\\Views\\cliente\\principal.php', 24)
 2 SYSTEMPATH\View\View.php(228): include('C:\\xampp\\htdocs\\proyecto_espinola_emilia\\app\\Views\\cliente\\principal.php')
 3 SYSTEMPATH\View\View.php(231): CodeIgniter\View\View->CodeIgniter\View\{closure}()
 4 SYSTEMPATH\Common.php(1178): CodeIgniter\View\View->render('cliente/principal', [], true)
 5 APPPATH\Controllers\Home.php(29): view('cliente/principal', [...])
 6 SYSTEMPATH\CodeIgniter.php(943): App\Controllers\Home->inicio()
 7 SYSTEMPATH\CodeIgniter.php(503): CodeIgniter\CodeIgniter->runController(Object(App\Controllers\Home))
 8 SYSTEMPATH\CodeIgniter.php(361): CodeIgniter\CodeIgniter->handleRequest(null, Object(Config\Cache), false)
 9 FCPATH\index.php(79): CodeIgniter\CodeIgniter->run()
WARNING - 2026-03-03 23:50:46 --> [DEPRECATED] Optional parameter $colores declared before required parameter $buscar is implicitly treated as a required parameter in APPPATH\Models\producto_Model.php on line 76.
 1 SYSTEMPATH\Autoloader\Autoloader.php(311): include_once('C:\\xampp\\htdocs\\proyecto_espinola_emilia\\system\\Debug\\Exceptions.php')
 2 SYSTEMPATH\Autoloader\Autoloader.php(290): CodeIgniter\Autoloader\Autoloader->includeFile('C:\\xampp\\htdocs\\proyecto_espinola_emilia\\app\\Models\\producto_Model.php')
 3 SYSTEMPATH\Autoloader\Autoloader.php(266): CodeIgniter\Autoloader\Autoloader->loadInNamespace('App\\Models\\producto_Model')
 4 APPPATH\Controllers\Home.php(17): CodeIgniter\Autoloader\Autoloader->loadClass('App\\Models\\producto_Model')
 5 SYSTEMPATH\CodeIgniter.php(943): App\Controllers\Home->inicio()
 6 SYSTEMPATH\CodeIgniter.php(503): CodeIgniter\CodeIgniter->runController(Object(App\Controllers\Home))
 7 SYSTEMPATH\CodeIgniter.php(361): CodeIgniter\CodeIgniter->handleRequest(null, Object(Config\Cache), false)
 8 FCPATH\index.php(79): CodeIgniter\CodeIgniter->run()
WARNING - 2026-03-03 23:50:46 --> [DEPRECATED] Optional parameter $talles declared before required parameter $buscar is implicitly treated as a required parameter in APPPATH\Models\producto_Model.php on line 0.
 1 SYSTEMPATH\Autoloader\Autoloader.php(311): include_once('C:\\xampp\\htdocs\\proyecto_espinola_emilia\\system\\Debug\\Exceptions.php')
 2 SYSTEMPATH\Autoloader\Autoloader.php(290): CodeIgniter\Autoloader\Autoloader->includeFile('C:\\xampp\\htdocs\\proyecto_espinola_emilia\\app\\Models\\producto_Model.php')
 3 SYSTEMPATH\Autoloader\Autoloader.php(266): CodeIgniter\Autoloader\Autoloader->loadInNamespace('App\\Models\\producto_Model')
 4 APPPATH\Controllers\Home.php(17): CodeIgniter\Autoloader\Autoloader->loadClass('App\\Models\\producto_Model')
 5 SYSTEMPATH\CodeIgniter.php(943): App\Controllers\Home->inicio()
 6 SYSTEMPATH\CodeIgniter.php(503): CodeIgniter\CodeIgniter->runController(Object(App\Controllers\Home))
 7 SYSTEMPATH\CodeIgniter.php(361): CodeIgniter\CodeIgniter->handleRequest(null, Object(Config\Cache), false)
 8 FCPATH\index.php(79): CodeIgniter\CodeIgniter->run()
WARNING - 2026-03-03 23:50:46 --> [DEPRECATED] Optional parameter $categoria_id declared before required parameter $buscar is implicitly treated as a required parameter in APPPATH\Models\producto_Model.php on line 0.
 1 SYSTEMPATH\Autoloader\Autoloader.php(311): include_once('C:\\xampp\\htdocs\\proyecto_espinola_emilia\\system\\Debug\\Exceptions.php')
 2 SYSTEMPATH\Autoloader\Autoloader.php(290): CodeIgniter\Autoloader\Autoloader->includeFile('C:\\xampp\\htdocs\\proyecto_espinola_emilia\\app\\Models\\producto_Model.php')
 3 SYSTEMPATH\Autoloader\Autoloader.php(266): CodeIgniter\Autoloader\Autoloader->loadInNamespace('App\\Models\\producto_Model')
 4 APPPATH\Controllers\Home.php(17): CodeIgniter\Autoloader\Autoloader->loadClass('App\\Models\\producto_Model')
 5 SYSTEMPATH\CodeIgniter.php(943): App\Controllers\Home->inicio()
 6 SYSTEMPATH\CodeIgniter.php(503): CodeIgniter\CodeIgniter->runController(Object(App\Controllers\Home))
 7 SYSTEMPATH\CodeIgniter.php(361): CodeIgniter\CodeIgniter->handleRequest(null, Object(Config\Cache), false)
 8 FCPATH\index.php(79): CodeIgniter\CodeIgniter->run()
INFO - 2026-03-03 23:50:46 --> Session: Class initialized using 'CodeIgniter\Session\Handlers\FileHandler' driver.
WARNING - 2026-03-03 23:50:54 --> [DEPRECATED] Optional parameter $colores declared before required parameter $buscar is implicitly treated as a required parameter in APPPATH\Models\producto_Model.php on line 76.
 1 SYSTEMPATH\Autoloader\Autoloader.php(311): include_once('C:\\xampp\\htdocs\\proyecto_espinola_emilia\\system\\Debug\\Exceptions.php')
 2 SYSTEMPATH\Autoloader\Autoloader.php(290): CodeIgniter\Autoloader\Autoloader->includeFile('C:\\xampp\\htdocs\\proyecto_espinola_emilia\\app\\Models\\producto_Model.php')
 3 SYSTEMPATH\Autoloader\Autoloader.php(266): CodeIgniter\Autoloader\Autoloader->loadInNamespace('App\\Models\\producto_Model')
 4 APPPATH\Controllers\producto_controller.php(327): CodeIgniter\Autoloader\Autoloader->loadClass('App\\Models\\producto_Model')
 5 SYSTEMPATH\CodeIgniter.php(943): App\Controllers\producto_controller->productos()
 6 SYSTEMPATH\CodeIgniter.php(503): CodeIgniter\CodeIgniter->runController(Object(App\Controllers\producto_controller))
 7 SYSTEMPATH\CodeIgniter.php(361): CodeIgniter\CodeIgniter->handleRequest(null, Object(Config\Cache), false)
 8 FCPATH\index.php(79): CodeIgniter\CodeIgniter->run()
WARNING - 2026-03-03 23:50:54 --> [DEPRECATED] Optional parameter $talles declared before required parameter $buscar is implicitly treated as a required parameter in APPPATH\Models\producto_Model.php on line 0.
 1 SYSTEMPATH\Autoloader\Autoloader.php(311): include_once('C:\\xampp\\htdocs\\proyecto_espinola_emilia\\system\\Debug\\Exceptions.php')
 2 SYSTEMPATH\Autoloader\Autoloader.php(290): CodeIgniter\Autoloader\Autoloader->includeFile('C:\\xampp\\htdocs\\proyecto_espinola_emilia\\app\\Models\\producto_Model.php')
 3 SYSTEMPATH\Autoloader\Autoloader.php(266): CodeIgniter\Autoloader\Autoloader->loadInNamespace('App\\Models\\producto_Model')
 4 APPPATH\Controllers\producto_controller.php(327): CodeIgniter\Autoloader\Autoloader->loadClass('App\\Models\\producto_Model')
 5 SYSTEMPATH\CodeIgniter.php(943): App\Controllers\producto_controller->productos()
 6 SYSTEMPATH\CodeIgniter.php(503): CodeIgniter\CodeIgniter->runController(Object(App\Controllers\producto_controller))
 7 SYSTEMPATH\CodeIgniter.php(361): CodeIgniter\CodeIgniter->handleRequest(null, Object(Config\Cache), false)
 8 FCPATH\index.php(79): CodeIgniter\CodeIgniter->run()
WARNING - 2026-03-03 23:50:54 --> [DEPRECATED] Optional parameter $categoria_id declared before required parameter $buscar is implicitly treated as a required parameter in APPPATH\Models\producto_Model.php on line 0.
 1 SYSTEMPATH\Autoloader\Autoloader.php(311): include_once('C:\\xampp\\htdocs\\proyecto_espinola_emilia\\system\\Debug\\Exceptions.php')
 2 SYSTEMPATH\Autoloader\Autoloader.php(290): CodeIgniter\Autoloader\Autoloader->includeFile('C:\\xampp\\htdocs\\proyecto_espinola_emilia\\app\\Models\\producto_Model.php')
 3 SYSTEMPATH\Autoloader\Autoloader.php(266): CodeIgniter\Autoloader\Autoloader->loadInNamespace('App\\Models\\producto_Model')
 4 APPPATH\Controllers\producto_controller.php(327): CodeIgniter\Autoloader\Autoloader->loadClass('App\\Models\\producto_Model')
 5 SYSTEMPATH\CodeIgniter.php(943): App\Controllers\producto_controller->productos()
 6 SYSTEMPATH\CodeIgniter.php(503): CodeIgniter\CodeIgniter->runController(Object(App\Controllers\producto_controller))
 7 SYSTEMPATH\CodeIgniter.php(361): CodeIgniter\CodeIgniter->handleRequest(null, Object(Config\Cache), false)
 8 FCPATH\index.php(79): CodeIgniter\CodeIgniter->run()
INFO - 2026-03-03 23:50:54 --> Session: Class initialized using 'CodeIgniter\Session\Handlers\FileHandler' driver.
CRITICAL - 2026-03-03 23:50:54 --> ErrorException: Undefined array key "stock"
in APPPATH\Views\cliente\galeria.php on line 3.
 1 APPPATH\Views\cliente\galeria.php(3): CodeIgniter\Debug\Exceptions->errorHandler(2, 'Undefined array key "stock"', 'C:\\xampp\\htdocs\\proyecto_espinola_emilia\\app\\Views\\cliente\\galeria.php', 3)
 2 SYSTEMPATH\View\View.php(228): include('C:\\xampp\\htdocs\\proyecto_espinola_emilia\\app\\Views\\cliente\\galeria.php')
 3 SYSTEMPATH\View\View.php(231): CodeIgniter\View\View->CodeIgniter\View\{closure}()
 4 SYSTEMPATH\Common.php(1178): CodeIgniter\View\View->render('cliente/galeria', [], true)
 5 APPPATH\Controllers\producto_controller.php(346): view('cliente/galeria', [...])
 6 SYSTEMPATH\CodeIgniter.php(943): App\Controllers\producto_controller->productos()
 7 SYSTEMPATH\CodeIgniter.php(503): CodeIgniter\CodeIgniter->runController(Object(App\Controllers\producto_controller))
 8 SYSTEMPATH\CodeIgniter.php(361): CodeIgniter\CodeIgniter->handleRequest(null, Object(Config\Cache), false)
 9 FCPATH\index.php(79): CodeIgniter\CodeIgniter->run()
WARNING - 2026-03-03 23:56:54 --> [DEPRECATED] Optional parameter $colores declared before required parameter $buscar is implicitly treated as a required parameter in APPPATH\Models\producto_Model.php on line 88.
 1 SYSTEMPATH\Autoloader\Autoloader.php(311): include_once('C:\\xampp\\htdocs\\proyecto_espinola_emilia\\system\\Debug\\Exceptions.php')
 2 SYSTEMPATH\Autoloader\Autoloader.php(290): CodeIgniter\Autoloader\Autoloader->includeFile('C:\\xampp\\htdocs\\proyecto_espinola_emilia\\app\\Models\\producto_Model.php')
 3 SYSTEMPATH\Autoloader\Autoloader.php(266): CodeIgniter\Autoloader\Autoloader->loadInNamespace('App\\Models\\producto_Model')
 4 APPPATH\Controllers\producto_controller.php(327): CodeIgniter\Autoloader\Autoloader->loadClass('App\\Models\\producto_Model')
 5 SYSTEMPATH\CodeIgniter.php(943): App\Controllers\producto_controller->productos()
 6 SYSTEMPATH\CodeIgniter.php(503): CodeIgniter\CodeIgniter->runController(Object(App\Controllers\producto_controller))
 7 SYSTEMPATH\CodeIgniter.php(361): CodeIgniter\CodeIgniter->handleRequest(null, Object(Config\Cache), false)
 8 FCPATH\index.php(79): CodeIgniter\CodeIgniter->run()
WARNING - 2026-03-03 23:56:54 --> [DEPRECATED] Optional parameter $talles declared before required parameter $buscar is implicitly treated as a required parameter in APPPATH\Models\producto_Model.php on line 0.
 1 SYSTEMPATH\Autoloader\Autoloader.php(311): include_once('C:\\xampp\\htdocs\\proyecto_espinola_emilia\\system\\Debug\\Exceptions.php')
 2 SYSTEMPATH\Autoloader\Autoloader.php(290): CodeIgniter\Autoloader\Autoloader->includeFile('C:\\xampp\\htdocs\\proyecto_espinola_emilia\\app\\Models\\producto_Model.php')
 3 SYSTEMPATH\Autoloader\Autoloader.php(266): CodeIgniter\Autoloader\Autoloader->loadInNamespace('App\\Models\\producto_Model')
 4 APPPATH\Controllers\producto_controller.php(327): CodeIgniter\Autoloader\Autoloader->loadClass('App\\Models\\producto_Model')
 5 SYSTEMPATH\CodeIgniter.php(943): App\Controllers\producto_controller->productos()
 6 SYSTEMPATH\CodeIgniter.php(503): CodeIgniter\CodeIgniter->runController(Object(App\Controllers\producto_controller))
 7 SYSTEMPATH\CodeIgniter.php(361): CodeIgniter\CodeIgniter->handleRequest(null, Object(Config\Cache), false)
 8 FCPATH\index.php(79): CodeIgniter\CodeIgniter->run()
WARNING - 2026-03-03 23:56:54 --> [DEPRECATED] Optional parameter $categoria_id declared before required parameter $buscar is implicitly treated as a required parameter in APPPATH\Models\producto_Model.php on line 0.
 1 SYSTEMPATH\Autoloader\Autoloader.php(311): include_once('C:\\xampp\\htdocs\\proyecto_espinola_emilia\\system\\Debug\\Exceptions.php')
 2 SYSTEMPATH\Autoloader\Autoloader.php(290): CodeIgniter\Autoloader\Autoloader->includeFile('C:\\xampp\\htdocs\\proyecto_espinola_emilia\\app\\Models\\producto_Model.php')
 3 SYSTEMPATH\Autoloader\Autoloader.php(266): CodeIgniter\Autoloader\Autoloader->loadInNamespace('App\\Models\\producto_Model')
 4 APPPATH\Controllers\producto_controller.php(327): CodeIgniter\Autoloader\Autoloader->loadClass('App\\Models\\producto_Model')
 5 SYSTEMPATH\CodeIgniter.php(943): App\Controllers\producto_controller->productos()
 6 SYSTEMPATH\CodeIgniter.php(503): CodeIgniter\CodeIgniter->runController(Object(App\Controllers\producto_controller))
 7 SYSTEMPATH\CodeIgniter.php(361): CodeIgniter\CodeIgniter->handleRequest(null, Object(Config\Cache), false)
 8 FCPATH\index.php(79): CodeIgniter\CodeIgniter->run()
ERROR - 2026-03-03 23:56:54 --> mysqli_sql_exception: Unknown column 'categoria.descripcion' in 'field list' in C:\xampp\htdocs\proyecto_espinola_emilia\system\Database\MySQLi\Connection.php:306
Stack trace:
#0 C:\xampp\htdocs\proyecto_espinola_emilia\system\Database\MySQLi\Connection.php(306): mysqli->query('SELECT `product...', 0)
#1 C:\xampp\htdocs\proyecto_espinola_emilia\system\Database\BaseConnection.php(693): CodeIgniter\Database\MySQLi\Connection->execute('SELECT `product...')
#2 C:\xampp\htdocs\proyecto_espinola_emilia\system\Database\BaseConnection.php(607): CodeIgniter\Database\BaseConnection->simpleQuery('SELECT `product...')
#3 C:\xampp\htdocs\proyecto_espinola_emilia\system\Database\BaseBuilder.php(1616): CodeIgniter\Database\BaseConnection->query('SELECT `product...', Array, false)
#4 C:\xampp\htdocs\proyecto_espinola_emilia\system\Model.php(243): CodeIgniter\Database\BaseBuilder->get()
#5 C:\xampp\htdocs\proyecto_espinola_emilia\system\BaseModel.php(638): CodeIgniter\Model->doFindAll(0, 0)
#6 C:\xampp\htdocs\proyecto_espinola_emilia\app\Models\producto_Model.php(18): CodeIgniter\BaseModel->findAll()
#7 C:\xampp\htdocs\proyecto_espinola_emilia\app\Controllers\producto_controller.php(329): App\Models\producto_Model->allProductos()
#8 C:\xampp\htdocs\proyecto_espinola_emilia\system\CodeIgniter.php(943): App\Controllers\producto_controller->productos()
#9 C:\xampp\htdocs\proyecto_espinola_emilia\system\CodeIgniter.php(503): CodeIgniter\CodeIgniter->runController(Object(App\Controllers\producto_controller))
#10 C:\xampp\htdocs\proyecto_espinola_emilia\system\CodeIgniter.php(361): CodeIgniter\CodeIgniter->handleRequest(NULL, Object(Config\Cache), false)
#11 C:\xampp\htdocs\proyecto_espinola_emilia\index.php(79): CodeIgniter\CodeIgniter->run()
#12 {main}
CRITICAL - 2026-03-03 23:56:54 --> CodeIgniter\Database\Exceptions\DatabaseException: Unknown column 'categoria.descripcion' in 'field list'
in SYSTEMPATH\Database\BaseConnection.php on line 647.
 1 SYSTEMPATH\Database\BaseBuilder.php(1616): CodeIgniter\Database\BaseConnection->query('SELECT `productos`.*, `categoria`.`descripcion` AS `categoria`, SUM(productos_detalle.stock) AS stock_total
FROM `productos`
JOIN `productos_detalle` ON `productos`.`id_producto` = `productos_detalle`.`producto_id`
WHERE `estado` = :estado:
GROUP BY `productos`.`id_producto`
HAVING `stock_total` > :stock_total:
ORDER BY `id_producto` ASC', [...], false)
 2 SYSTEMPATH\Model.php(243): CodeIgniter\Database\BaseBuilder->get()
 3 SYSTEMPATH\BaseModel.php(638): CodeIgniter\Model->doFindAll(0, 0)
 4 APPPATH\Models\producto_Model.php(18): CodeIgniter\BaseModel->findAll()
 5 APPPATH\Controllers\producto_controller.php(329): App\Models\producto_Model->allProductos()
 6 SYSTEMPATH\CodeIgniter.php(943): App\Controllers\producto_controller->productos()
 7 SYSTEMPATH\CodeIgniter.php(503): CodeIgniter\CodeIgniter->runController(Object(App\Controllers\producto_controller))
 8 SYSTEMPATH\CodeIgniter.php(361): CodeIgniter\CodeIgniter->handleRequest(null, Object(Config\Cache), false)
 9 FCPATH\index.php(79): CodeIgniter\CodeIgniter->run()
CRITICAL - 2026-03-03 23:56:54 --> [Caused by] CodeIgniter\Database\Exceptions\DatabaseException: Unknown column 'categoria.descripcion' in 'field list'
in SYSTEMPATH\Database\MySQLi\Connection.php on line 311.
 1 SYSTEMPATH\Database\BaseConnection.php(693): CodeIgniter\Database\MySQLi\Connection->execute('SELECT `productos`.*, `categoria`.`descripcion` AS `categoria`, SUM(productos_detalle.stock) AS stock_total
FROM `productos`
JOIN `productos_detalle` ON `productos`.`id_producto` = `productos_detalle`.`producto_id`
WHERE `estado` = 1
GROUP BY `productos`.`id_producto`
HAVING `stock_total` > 0
ORDER BY `id_producto` ASC')
 2 SYSTEMPATH\Database\BaseConnection.php(607): CodeIgniter\Database\BaseConnection->simpleQuery('SELECT `productos`.*, `categoria`.`descripcion` AS `categoria`, SUM(productos_detalle.stock) AS stock_total
FROM `productos`
JOIN `productos_detalle` ON `productos`.`id_producto` = `productos_detalle`.`producto_id`
WHERE `estado` = 1
GROUP BY `productos`.`id_producto`
HAVING `stock_total` > 0
ORDER BY `id_producto` ASC')
 3 SYSTEMPATH\Database\BaseBuilder.php(1616): CodeIgniter\Database\BaseConnection->query('SELECT `productos`.*, `categoria`.`descripcion` AS `categoria`, SUM(productos_detalle.stock) AS stock_total
FROM `productos`
JOIN `productos_detalle` ON `productos`.`id_producto` = `productos_detalle`.`producto_id`
WHERE `estado` = :estado:
GROUP BY `productos`.`id_producto`
HAVING `stock_total` > :stock_total:
ORDER BY `id_producto` ASC', [...], false)
 4 SYSTEMPATH\Model.php(243): CodeIgniter\Database\BaseBuilder->get()
 5 SYSTEMPATH\BaseModel.php(638): CodeIgniter\Model->doFindAll(0, 0)
 6 APPPATH\Models\producto_Model.php(18): CodeIgniter\BaseModel->findAll()
 7 APPPATH\Controllers\producto_controller.php(329): App\Models\producto_Model->allProductos()
 8 SYSTEMPATH\CodeIgniter.php(943): App\Controllers\producto_controller->productos()
 9 SYSTEMPATH\CodeIgniter.php(503): CodeIgniter\CodeIgniter->runController(Object(App\Controllers\producto_controller))
10 SYSTEMPATH\CodeIgniter.php(361): CodeIgniter\CodeIgniter->handleRequest(null, Object(Config\Cache), false)
11 FCPATH\index.php(79): CodeIgniter\CodeIgniter->run()
CRITICAL - 2026-03-03 23:56:54 --> [Caused by] mysqli_sql_exception: Unknown column 'categoria.descripcion' in 'field list'
in SYSTEMPATH\Database\MySQLi\Connection.php on line 306.
 1 SYSTEMPATH\Database\MySQLi\Connection.php(306): mysqli->query('SELECT `productos`.*, `categoria`.`descripcion` AS `categoria`, SUM(productos_detalle.stock) AS stock_total
FROM `productos`
JOIN `productos_detalle` ON `productos`.`id_producto` = `productos_detalle`.`producto_id`
WHERE `estado` = 1
GROUP BY `productos`.`id_producto`
HAVING `stock_total` > 0
ORDER BY `id_producto` ASC', 0)
 2 SYSTEMPATH\Database\BaseConnection.php(693): CodeIgniter\Database\MySQLi\Connection->execute('SELECT `productos`.*, `categoria`.`descripcion` AS `categoria`, SUM(productos_detalle.stock) AS stock_total
FROM `productos`
JOIN `productos_detalle` ON `productos`.`id_producto` = `productos_detalle`.`producto_id`
WHERE `estado` = 1
GROUP BY `productos`.`id_producto`
HAVING `stock_total` > 0
ORDER BY `id_producto` ASC')
 3 SYSTEMPATH\Database\BaseConnection.php(607): CodeIgniter\Database\BaseConnection->simpleQuery('SELECT `productos`.*, `categoria`.`descripcion` AS `categoria`, SUM(productos_detalle.stock) AS stock_total
FROM `productos`
JOIN `productos_detalle` ON `productos`.`id_producto` = `productos_detalle`.`producto_id`
WHERE `estado` = 1
GROUP BY `productos`.`id_producto`
HAVING `stock_total` > 0
ORDER BY `id_producto` ASC')
 4 SYSTEMPATH\Database\BaseBuilder.php(1616): CodeIgniter\Database\BaseConnection->query('SELECT `productos`.*, `categoria`.`descripcion` AS `categoria`, SUM(productos_detalle.stock) AS stock_total
FROM `productos`
JOIN `productos_detalle` ON `productos`.`id_producto` = `productos_detalle`.`producto_id`
WHERE `estado` = :estado:
GROUP BY `productos`.`id_producto`
HAVING `stock_total` > :stock_total:
ORDER BY `id_producto` ASC', [...], false)
 5 SYSTEMPATH\Model.php(243): CodeIgniter\Database\BaseBuilder->get()
 6 SYSTEMPATH\BaseModel.php(638): CodeIgniter\Model->doFindAll(0, 0)
 7 APPPATH\Models\producto_Model.php(18): CodeIgniter\BaseModel->findAll()
 8 APPPATH\Controllers\producto_controller.php(329): App\Models\producto_Model->allProductos()
 9 SYSTEMPATH\CodeIgniter.php(943): App\Controllers\producto_controller->productos()
10 SYSTEMPATH\CodeIgniter.php(503): CodeIgniter\CodeIgniter->runController(Object(App\Controllers\producto_controller))
11 SYSTEMPATH\CodeIgniter.php(361): CodeIgniter\CodeIgniter->handleRequest(null, Object(Config\Cache), false)
12 FCPATH\index.php(79): CodeIgniter\CodeIgniter->run()
