WARNING - 2026-03-02 19:53:30 --> [DEPRECATED] Optional parameter $colores declared before required parameter $buscar is implicitly treated as a required parameter in APPPATH\Models\producto_Model.php on line 76.
 1 SYSTEMPATH\Autoloader\Autoloader.php(311): include_once('C:\\xampp\\htdocs\\proyecto_espinola_emilia\\system\\Debug\\Exceptions.php')
 2 SYSTEMPATH\Autoloader\Autoloader.php(290): CodeIgniter\Autoloader\Autoloader->includeFile('C:\\xampp\\htdocs\\proyecto_espinola_emilia\\app\\Models\\producto_Model.php')
 3 SYSTEMPATH\Autoloader\Autoloader.php(266): CodeIgniter\Autoloader\Autoloader->loadInNamespace('App\\Models\\producto_Model')
 4 APPPATH\Controllers\Home.php(15): CodeIgniter\Autoloader\Autoloader->loadClass('App\\Models\\producto_Model')
 5 SYSTEMPATH\CodeIgniter.php(943): App\Controllers\Home->inicio()
 6 SYSTEMPATH\CodeIgniter.php(503): CodeIgniter\CodeIgniter->runController(Object(App\Controllers\Home))
 7 SYSTEMPATH\CodeIgniter.php(361): CodeIgniter\CodeIgniter->handleRequest(null, Object(Config\Cache), false)
 8 FCPATH\index.php(79): CodeIgniter\CodeIgniter->run()
WARNING - 2026-03-02 19:53:30 --> [DEPRECATED] Optional parameter $talles declared before required parameter $buscar is implicitly treated as a required parameter in APPPATH\Models\producto_Model.php on line 0.
 1 SYSTEMPATH\Autoloader\Autoloader.php(311): include_once('C:\\xampp\\htdocs\\proyecto_espinola_emilia\\system\\Debug\\Exceptions.php')
 2 SYSTEMPATH\Autoloader\Autoloader.php(290): CodeIgniter\Autoloader\Autoloader->includeFile('C:\\xampp\\htdocs\\proyecto_espinola_emilia\\app\\Models\\producto_Model.php')
 3 SYSTEMPATH\Autoloader\Autoloader.php(266): CodeIgniter\Autoloader\Autoloader->loadInNamespace('App\\Models\\producto_Model')
 4 APPPATH\Controllers\Home.php(15): CodeIgniter\Autoloader\Autoloader->loadClass('App\\Models\\producto_Model')
 5 SYSTEMPATH\CodeIgniter.php(943): App\Controllers\Home->inicio()
 6 SYSTEMPATH\CodeIgniter.php(503): CodeIgniter\CodeIgniter->runController(Object(App\Controllers\Home))
 7 SYSTEMPATH\CodeIgniter.php(361): CodeIgniter\CodeIgniter->handleRequest(null, Object(Config\Cache), false)
 8 FCPATH\index.php(79): CodeIgniter\CodeIgniter->run()
WARNING - 2026-03-02 19:53:30 --> [DEPRECATED] Optional parameter $categoria_id declared before required parameter $buscar is implicitly treated as a required parameter in APPPATH\Models\producto_Model.php on line 0.
 1 SYSTEMPATH\Autoloader\Autoloader.php(311): include_once('C:\\xampp\\htdocs\\proyecto_espinola_emilia\\system\\Debug\\Exceptions.php')
 2 SYSTEMPATH\Autoloader\Autoloader.php(290): CodeIgniter\Autoloader\Autoloader->includeFile('C:\\xampp\\htdocs\\proyecto_espinola_emilia\\app\\Models\\producto_Model.php')
 3 SYSTEMPATH\Autoloader\Autoloader.php(266): CodeIgniter\Autoloader\Autoloader->loadInNamespace('App\\Models\\producto_Model')
 4 APPPATH\Controllers\Home.php(15): CodeIgniter\Autoloader\Autoloader->loadClass('App\\Models\\producto_Model')
 5 SYSTEMPATH\CodeIgniter.php(943): App\Controllers\Home->inicio()
 6 SYSTEMPATH\CodeIgniter.php(503): CodeIgniter\CodeIgniter->runController(Object(App\Controllers\Home))
 7 SYSTEMPATH\CodeIgniter.php(361): CodeIgniter\CodeIgniter->handleRequest(null, Object(Config\Cache), false)
 8 FCPATH\index.php(79): CodeIgniter\CodeIgniter->run()
INFO - 2026-03-02 19:53:33 --> Session: Class initialized using 'CodeIgniter\Session\Handlers\FileHandler' driver.
INFO - 2026-03-02 19:53:52 --> Session: Class initialized using 'CodeIgniter\Session\Handlers\FileHandler' driver.
INFO - 2026-03-02 19:54:18 --> Session: Class initialized using 'CodeIgniter\Session\Handlers\FileHandler' driver.
INFO - 2026-03-02 19:54:29 --> Session: Class initialized using 'CodeIgniter\Session\Handlers\FileHandler' driver.
WARNING - 2026-03-02 19:54:29 --> [DEPRECATED] Optional parameter $colores declared before required parameter $buscar is implicitly treated as a required parameter in APPPATH\Models\producto_Model.php on line 76.
 1 SYSTEMPATH\Autoloader\Autoloader.php(311): include_once('C:\\xampp\\htdocs\\proyecto_espinola_emilia\\system\\Debug\\Exceptions.php')
 2 SYSTEMPATH\Autoloader\Autoloader.php(290): CodeIgniter\Autoloader\Autoloader->includeFile('C:\\xampp\\htdocs\\proyecto_espinola_emilia\\app\\Models\\producto_Model.php')
 3 SYSTEMPATH\Autoloader\Autoloader.php(266): CodeIgniter\Autoloader\Autoloader->loadInNamespace('App\\Models\\producto_Model')
 4 APPPATH\Controllers\Home.php(15): CodeIgniter\Autoloader\Autoloader->loadClass('App\\Models\\producto_Model')
 5 SYSTEMPATH\CodeIgniter.php(943): App\Controllers\Home->inicio()
 6 SYSTEMPATH\CodeIgniter.php(503): CodeIgniter\CodeIgniter->runController(Object(App\Controllers\Home))
 7 SYSTEMPATH\CodeIgniter.php(361): CodeIgniter\CodeIgniter->handleRequest(null, Object(Config\Cache), false)
 8 FCPATH\index.php(79): CodeIgniter\CodeIgniter->run()
WARNING - 2026-03-02 19:54:29 --> [DEPRECATED] Optional parameter $talles declared before required parameter $buscar is implicitly treated as a required parameter in APPPATH\Models\producto_Model.php on line 0.
 1 SYSTEMPATH\Autoloader\Autoloader.php(311): include_once('C:\\xampp\\htdocs\\proyecto_espinola_emilia\\system\\Debug\\Exceptions.php')
 2 SYSTEMPATH\Autoloader\Autoloader.php(290): CodeIgniter\Autoloader\Autoloader->includeFile('C:\\xampp\\htdocs\\proyecto_espinola_emilia\\app\\Models\\producto_Model.php')
 3 SYSTEMPATH\Autoloader\Autoloader.php(266): CodeIgniter\Autoloader\Autoloader->loadInNamespace('App\\Models\\producto_Model')
 4 APPPATH\Controllers\Home.php(15): CodeIgniter\Autoloader\Autoloader->loadClass('App\\Models\\producto_Model')
 5 SYSTEMPATH\CodeIgniter.php(943): App\Controllers\Home->inicio()
 6 SYSTEMPATH\CodeIgniter.php(503): CodeIgniter\CodeIgniter->runController(Object(App\Controllers\Home))
 7 SYSTEMPATH\CodeIgniter.php(361): CodeIgniter\CodeIgniter->handleRequest(null, Object(Config\Cache), false)
 8 FCPATH\index.php(79): CodeIgniter\CodeIgniter->run()
WARNING - 2026-03-02 19:54:29 --> [DEPRECATED] Optional parameter $categoria_id declared before required parameter $buscar is implicitly treated as a required parameter in APPPATH\Models\producto_Model.php on line 0.
 1 SYSTEMPATH\Autoloader\Autoloader.php(311): include_once('C:\\xampp\\htdocs\\proyecto_espinola_emilia\\system\\Debug\\Exceptions.php')
 2 SYSTEMPATH\Autoloader\Autoloader.php(290): CodeIgniter\Autoloader\Autoloader->includeFile('C:\\xampp\\htdocs\\proyecto_espinola_emilia\\app\\Models\\producto_Model.php')
 3 SYSTEMPATH\Autoloader\Autoloader.php(266): CodeIgniter\Autoloader\Autoloader->loadInNamespace('App\\Models\\producto_Model')
 4 APPPATH\Controllers\Home.php(15): CodeIgniter\Autoloader\Autoloader->loadClass('App\\Models\\producto_Model')
 5 SYSTEMPATH\CodeIgniter.php(943): App\Controllers\Home->inicio()
 6 SYSTEMPATH\CodeIgniter.php(503): CodeIgniter\CodeIgniter->runController(Object(App\Controllers\Home))
 7 SYSTEMPATH\CodeIgniter.php(361): CodeIgniter\CodeIgniter->handleRequest(null, Object(Config\Cache), false)
 8 FCPATH\index.php(79): CodeIgniter\CodeIgniter->run()
INFO - 2026-03-02 19:54:29 --> Session: Class initialized using 'CodeIgniter\Session\Handlers\FileHandler' driver.
WARNING - 2026-03-02 19:58:18 --> [DEPRECATED] Optional parameter $colores declared before required parameter $buscar is implicitly treated as a required parameter in APPPATH\Models\producto_Model.php on line 76.
 1 SYSTEMPATH\Autoloader\Autoloader.php(311): include_once('C:\\xampp\\htdocs\\proyecto_espinola_emilia\\system\\Debug\\Exceptions.php')
 2 SYSTEMPATH\Autoloader\Autoloader.php(290): CodeIgniter\Autoloader\Autoloader->includeFile('C:\\xampp\\htdocs\\proyecto_espinola_emilia\\app\\Models\\producto_Model.php')
 3 SYSTEMPATH\Autoloader\Autoloader.php(266): CodeIgniter\Autoloader\Autoloader->loadInNamespace('App\\Models\\producto_Model')
 4 APPPATH\Controllers\producto_controller.php(254): CodeIgniter\Autoloader\Autoloader->loadClass('App\\Models\\producto_Model')
 5 SYSTEMPATH\CodeIgniter.php(943): App\Controllers\producto_controller->detalle_producto('91')
 6 SYSTEMPATH\CodeIgniter.php(503): CodeIgniter\CodeIgniter->runController(Object(App\Controllers\producto_controller))
 7 SYSTEMPATH\CodeIgniter.php(361): CodeIgniter\CodeIgniter->handleRequest(null, Object(Config\Cache), false)
 8 FCPATH\index.php(79): CodeIgniter\CodeIgniter->run()
WARNING - 2026-03-02 19:58:18 --> [DEPRECATED] Optional parameter $talles declared before required parameter $buscar is implicitly treated as a required parameter in APPPATH\Models\producto_Model.php on line 0.
 1 SYSTEMPATH\Autoloader\Autoloader.php(311): include_once('C:\\xampp\\htdocs\\proyecto_espinola_emilia\\system\\Debug\\Exceptions.php')
 2 SYSTEMPATH\Autoloader\Autoloader.php(290): CodeIgniter\Autoloader\Autoloader->includeFile('C:\\xampp\\htdocs\\proyecto_espinola_emilia\\app\\Models\\producto_Model.php')
 3 SYSTEMPATH\Autoloader\Autoloader.php(266): CodeIgniter\Autoloader\Autoloader->loadInNamespace('App\\Models\\producto_Model')
 4 APPPATH\Controllers\producto_controller.php(254): CodeIgniter\Autoloader\Autoloader->loadClass('App\\Models\\producto_Model')
 5 SYSTEMPATH\CodeIgniter.php(943): App\Controllers\producto_controller->detalle_producto('91')
 6 SYSTEMPATH\CodeIgniter.php(503): CodeIgniter\CodeIgniter->runController(Object(App\Controllers\producto_controller))
 7 SYSTEMPATH\CodeIgniter.php(361): CodeIgniter\CodeIgniter->handleRequest(null, Object(Config\Cache), false)
 8 FCPATH\index.php(79): CodeIgniter\CodeIgniter->run()
WARNING - 2026-03-02 19:58:18 --> [DEPRECATED] Optional parameter $categoria_id declared before required parameter $buscar is implicitly treated as a required parameter in APPPATH\Models\producto_Model.php on line 0.
 1 SYSTEMPATH\Autoloader\Autoloader.php(311): include_once('C:\\xampp\\htdocs\\proyecto_espinola_emilia\\system\\Debug\\Exceptions.php')
 2 SYSTEMPATH\Autoloader\Autoloader.php(290): CodeIgniter\Autoloader\Autoloader->includeFile('C:\\xampp\\htdocs\\proyecto_espinola_emilia\\app\\Models\\producto_Model.php')
 3 SYSTEMPATH\Autoloader\Autoloader.php(266): CodeIgniter\Autoloader\Autoloader->loadInNamespace('App\\Models\\producto_Model')
 4 APPPATH\Controllers\producto_controller.php(254): CodeIgniter\Autoloader\Autoloader->loadClass('App\\Models\\producto_Model')
 5 SYSTEMPATH\CodeIgniter.php(943): App\Controllers\producto_controller->detalle_producto('91')
 6 SYSTEMPATH\CodeIgniter.php(503): CodeIgniter\CodeIgniter->runController(Object(App\Controllers\producto_controller))
 7 SYSTEMPATH\CodeIgniter.php(361): CodeIgniter\CodeIgniter->handleRequest(null, Object(Config\Cache), false)
 8 FCPATH\index.php(79): CodeIgniter\CodeIgniter->run()
WARNING - 2026-03-02 19:58:19 --> [DEPRECATED] Optional parameter $colores declared before required parameter $buscar is implicitly treated as a required parameter in APPPATH\Models\producto_Model.php on line 76.
 1 SYSTEMPATH\Autoloader\Autoloader.php(311): include_once('C:\\xampp\\htdocs\\proyecto_espinola_emilia\\system\\Debug\\Exceptions.php')
 2 SYSTEMPATH\Autoloader\Autoloader.php(290): CodeIgniter\Autoloader\Autoloader->includeFile('C:\\xampp\\htdocs\\proyecto_espinola_emilia\\app\\Models\\producto_Model.php')
 3 SYSTEMPATH\Autoloader\Autoloader.php(266): CodeIgniter\Autoloader\Autoloader->loadInNamespace('App\\Models\\producto_Model')
 4 APPPATH\Controllers\producto_controller.php(254): CodeIgniter\Autoloader\Autoloader->loadClass('App\\Models\\producto_Model')
 5 SYSTEMPATH\CodeIgniter.php(943): App\Controllers\producto_controller->detalle_producto('91')
 6 SYSTEMPATH\CodeIgniter.php(503): CodeIgniter\CodeIgniter->runController(Object(App\Controllers\producto_controller))
 7 SYSTEMPATH\CodeIgniter.php(361): CodeIgniter\CodeIgniter->handleRequest(null, Object(Config\Cache), false)
 8 FCPATH\index.php(79): CodeIgniter\CodeIgniter->run()
WARNING - 2026-03-02 19:58:19 --> [DEPRECATED] Optional parameter $talles declared before required parameter $buscar is implicitly treated as a required parameter in APPPATH\Models\producto_Model.php on line 0.
 1 SYSTEMPATH\Autoloader\Autoloader.php(311): include_once('C:\\xampp\\htdocs\\proyecto_espinola_emilia\\system\\Debug\\Exceptions.php')
 2 SYSTEMPATH\Autoloader\Autoloader.php(290): CodeIgniter\Autoloader\Autoloader->includeFile('C:\\xampp\\htdocs\\proyecto_espinola_emilia\\app\\Models\\producto_Model.php')
 3 SYSTEMPATH\Autoloader\Autoloader.php(266): CodeIgniter\Autoloader\Autoloader->loadInNamespace('App\\Models\\producto_Model')
 4 APPPATH\Controllers\producto_controller.php(254): CodeIgniter\Autoloader\Autoloader->loadClass('App\\Models\\producto_Model')
 5 SYSTEMPATH\CodeIgniter.php(943): App\Controllers\producto_controller->detalle_producto('91')
 6 SYSTEMPATH\CodeIgniter.php(503): CodeIgniter\CodeIgniter->runController(Object(App\Controllers\producto_controller))
 7 SYSTEMPATH\CodeIgniter.php(361): CodeIgniter\CodeIgniter->handleRequest(null, Object(Config\Cache), false)
 8 FCPATH\index.php(79): CodeIgniter\CodeIgniter->run()
WARNING - 2026-03-02 19:58:19 --> [DEPRECATED] Optional parameter $categoria_id declared before required parameter $buscar is implicitly treated as a required parameter in APPPATH\Models\producto_Model.php on line 0.
 1 SYSTEMPATH\Autoloader\Autoloader.php(311): include_once('C:\\xampp\\htdocs\\proyecto_espinola_emilia\\system\\Debug\\Exceptions.php')
 2 SYSTEMPATH\Autoloader\Autoloader.php(290): CodeIgniter\Autoloader\Autoloader->includeFile('C:\\xampp\\htdocs\\proyecto_espinola_emilia\\app\\Models\\producto_Model.php')
 3 SYSTEMPATH\Autoloader\Autoloader.php(266): CodeIgniter\Autoloader\Autoloader->loadInNamespace('App\\Models\\producto_Model')
 4 APPPATH\Controllers\producto_controller.php(254): CodeIgniter\Autoloader\Autoloader->loadClass('App\\Models\\producto_Model')
 5 SYSTEMPATH\CodeIgniter.php(943): App\Controllers\producto_controller->detalle_producto('91')
 6 SYSTEMPATH\CodeIgniter.php(503): CodeIgniter\CodeIgniter->runController(Object(App\Controllers\producto_controller))
 7 SYSTEMPATH\CodeIgniter.php(361): CodeIgniter\CodeIgniter->handleRequest(null, Object(Config\Cache), false)
 8 FCPATH\index.php(79): CodeIgniter\CodeIgniter->run()
WARNING - 2026-03-02 19:58:19 --> [DEPRECATED] Optional parameter $colores declared before required parameter $buscar is implicitly treated as a required parameter in APPPATH\Models\producto_Model.php on line 76.
 1 SYSTEMPATH\Autoloader\Autoloader.php(311): include_once('C:\\xampp\\htdocs\\proyecto_espinola_emilia\\system\\Debug\\Exceptions.php')
 2 SYSTEMPATH\Autoloader\Autoloader.php(290): CodeIgniter\Autoloader\Autoloader->includeFile('C:\\xampp\\htdocs\\proyecto_espinola_emilia\\app\\Models\\producto_Model.php')
 3 SYSTEMPATH\Autoloader\Autoloader.php(266): CodeIgniter\Autoloader\Autoloader->loadInNamespace('App\\Models\\producto_Model')
 4 APPPATH\Controllers\producto_controller.php(254): CodeIgniter\Autoloader\Autoloader->loadClass('App\\Models\\producto_Model')
 5 SYSTEMPATH\CodeIgniter.php(943): App\Controllers\producto_controller->detalle_producto('91')
 6 SYSTEMPATH\CodeIgniter.php(503): CodeIgniter\CodeIgniter->runController(Object(App\Controllers\producto_controller))
 7 SYSTEMPATH\CodeIgniter.php(361): CodeIgniter\CodeIgniter->handleRequest(null, Object(Config\Cache), false)
 8 FCPATH\index.php(79): CodeIgniter\CodeIgniter->run()
WARNING - 2026-03-02 19:58:19 --> [DEPRECATED] Optional parameter $talles declared before required parameter $buscar is implicitly treated as a required parameter in APPPATH\Models\producto_Model.php on line 0.
 1 SYSTEMPATH\Autoloader\Autoloader.php(311): include_once('C:\\xampp\\htdocs\\proyecto_espinola_emilia\\system\\Debug\\Exceptions.php')
 2 SYSTEMPATH\Autoloader\Autoloader.php(290): CodeIgniter\Autoloader\Autoloader->includeFile('C:\\xampp\\htdocs\\proyecto_espinola_emilia\\app\\Models\\producto_Model.php')
 3 SYSTEMPATH\Autoloader\Autoloader.php(266): CodeIgniter\Autoloader\Autoloader->loadInNamespace('App\\Models\\producto_Model')
 4 APPPATH\Controllers\producto_controller.php(254): CodeIgniter\Autoloader\Autoloader->loadClass('App\\Models\\producto_Model')
 5 SYSTEMPATH\CodeIgniter.php(943): App\Controllers\producto_controller->detalle_producto('91')
 6 SYSTEMPATH\CodeIgniter.php(503): CodeIgniter\CodeIgniter->runController(Object(App\Controllers\producto_controller))
 7 SYSTEMPATH\CodeIgniter.php(361): CodeIgniter\CodeIgniter->handleRequest(null, Object(Config\Cache), false)
 8 FCPATH\index.php(79): CodeIgniter\CodeIgniter->run()
WARNING - 2026-03-02 19:58:19 --> [DEPRECATED] Optional parameter $categoria_id declared before required parameter $buscar is implicitly treated as a required parameter in APPPATH\Models\producto_Model.php on line 0.
 1 SYSTEMPATH\Autoloader\Autoloader.php(311): include_once('C:\\xampp\\htdocs\\proyecto_espinola_emilia\\system\\Debug\\Exceptions.php')
 2 SYSTEMPATH\Autoloader\Autoloader.php(290): CodeIgniter\Autoloader\Autoloader->includeFile('C:\\xampp\\htdocs\\proyecto_espinola_emilia\\app\\Models\\producto_Model.php')
 3 SYSTEMPATH\Autoloader\Autoloader.php(266): CodeIgniter\Autoloader\Autoloader->loadInNamespace('App\\Models\\producto_Model')
 4 APPPATH\Controllers\producto_controller.php(254): CodeIgniter\Autoloader\Autoloader->loadClass('App\\Models\\producto_Model')
 5 SYSTEMPATH\CodeIgniter.php(943): App\Controllers\producto_controller->detalle_producto('91')
 6 SYSTEMPATH\CodeIgniter.php(503): CodeIgniter\CodeIgniter->runController(Object(App\Controllers\producto_controller))
 7 SYSTEMPATH\CodeIgniter.php(361): CodeIgniter\CodeIgniter->handleRequest(null, Object(Config\Cache), false)
 8 FCPATH\index.php(79): CodeIgniter\CodeIgniter->run()
WARNING - 2026-03-02 19:58:19 --> [DEPRECATED] Optional parameter $colores declared before required parameter $buscar is implicitly treated as a required parameter in APPPATH\Models\producto_Model.php on line 76.
 1 SYSTEMPATH\Autoloader\Autoloader.php(311): include_once('C:\\xampp\\htdocs\\proyecto_espinola_emilia\\system\\Debug\\Exceptions.php')
 2 SYSTEMPATH\Autoloader\Autoloader.php(290): CodeIgniter\Autoloader\Autoloader->includeFile('C:\\xampp\\htdocs\\proyecto_espinola_emilia\\app\\Models\\producto_Model.php')
 3 SYSTEMPATH\Autoloader\Autoloader.php(266): CodeIgniter\Autoloader\Autoloader->loadInNamespace('App\\Models\\producto_Model')
 4 APPPATH\Controllers\producto_controller.php(254): CodeIgniter\Autoloader\Autoloader->loadClass('App\\Models\\producto_Model')
 5 SYSTEMPATH\CodeIgniter.php(943): App\Controllers\producto_controller->detalle_producto('91')
 6 SYSTEMPATH\CodeIgniter.php(503): CodeIgniter\CodeIgniter->runController(Object(App\Controllers\producto_controller))
 7 SYSTEMPATH\CodeIgniter.php(361): CodeIgniter\CodeIgniter->handleRequest(null, Object(Config\Cache), false)
 8 FCPATH\index.php(79): CodeIgniter\CodeIgniter->run()
WARNING - 2026-03-02 19:58:19 --> [DEPRECATED] Optional parameter $talles declared before required parameter $buscar is implicitly treated as a required parameter in APPPATH\Models\producto_Model.php on line 0.
 1 SYSTEMPATH\Autoloader\Autoloader.php(311): include_once('C:\\xampp\\htdocs\\proyecto_espinola_emilia\\system\\Debug\\Exceptions.php')
 2 SYSTEMPATH\Autoloader\Autoloader.php(290): CodeIgniter\Autoloader\Autoloader->includeFile('C:\\xampp\\htdocs\\proyecto_espinola_emilia\\app\\Models\\producto_Model.php')
 3 SYSTEMPATH\Autoloader\Autoloader.php(266): CodeIgniter\Autoloader\Autoloader->loadInNamespace('App\\Models\\producto_Model')
 4 APPPATH\Controllers\producto_controller.php(254): CodeIgniter\Autoloader\Autoloader->loadClass('App\\Models\\producto_Model')
 5 SYSTEMPATH\CodeIgniter.php(943): App\Controllers\producto_controller->detalle_producto('91')
 6 SYSTEMPATH\CodeIgniter.php(503): CodeIgniter\CodeIgniter->runController(Object(App\Controllers\producto_controller))
 7 SYSTEMPATH\CodeIgniter.php(361): CodeIgniter\CodeIgniter->handleRequest(null, Object(Config\Cache), false)
 8 FCPATH\index.php(79): CodeIgniter\CodeIgniter->run()
WARNING - 2026-03-02 19:58:19 --> [DEPRECATED] Optional parameter $categoria_id declared before required parameter $buscar is implicitly treated as a required parameter in APPPATH\Models\producto_Model.php on line 0.
 1 SYSTEMPATH\Autoloader\Autoloader.php(311): include_once('C:\\xampp\\htdocs\\proyecto_espinola_emilia\\system\\Debug\\Exceptions.php')
 2 SYSTEMPATH\Autoloader\Autoloader.php(290): CodeIgniter\Autoloader\Autoloader->includeFile('C:\\xampp\\htdocs\\proyecto_espinola_emilia\\app\\Models\\producto_Model.php')
 3 SYSTEMPATH\Autoloader\Autoloader.php(266): CodeIgniter\Autoloader\Autoloader->loadInNamespace('App\\Models\\producto_Model')
 4 APPPATH\Controllers\producto_controller.php(254): CodeIgniter\Autoloader\Autoloader->loadClass('App\\Models\\producto_Model')
 5 SYSTEMPATH\CodeIgniter.php(943): App\Controllers\producto_controller->detalle_producto('91')
 6 SYSTEMPATH\CodeIgniter.php(503): CodeIgniter\CodeIgniter->runController(Object(App\Controllers\producto_controller))
 7 SYSTEMPATH\CodeIgniter.php(361): CodeIgniter\CodeIgniter->handleRequest(null, Object(Config\Cache), false)
 8 FCPATH\index.php(79): CodeIgniter\CodeIgniter->run()
INFO - 2026-03-02 19:58:20 --> Session: Class initialized using 'CodeIgniter\Session\Handlers\FileHandler' driver.
INFO - 2026-03-02 19:58:21 --> Session: Class initialized using 'CodeIgniter\Session\Handlers\FileHandler' driver.
INFO - 2026-03-02 19:58:21 --> Session: Class initialized using 'CodeIgniter\Session\Handlers\FileHandler' driver.
INFO - 2026-03-02 19:58:21 --> Session: Class initialized using 'CodeIgniter\Session\Handlers\FileHandler' driver.
WARNING - 2026-03-02 20:06:57 --> [DEPRECATED] Optional parameter $colores declared before required parameter $buscar is implicitly treated as a required parameter in APPPATH\Models\producto_Model.php on line 76.
 1 SYSTEMPATH\Autoloader\Autoloader.php(311): include_once('C:\\xampp\\htdocs\\proyecto_espinola_emilia\\system\\Debug\\Exceptions.php')
 2 SYSTEMPATH\Autoloader\Autoloader.php(290): CodeIgniter\Autoloader\Autoloader->includeFile('C:\\xampp\\htdocs\\proyecto_espinola_emilia\\app\\Models\\producto_Model.php')
 3 SYSTEMPATH\Autoloader\Autoloader.php(266): CodeIgniter\Autoloader\Autoloader->loadInNamespace('App\\Models\\producto_Model')
 4 APPPATH\Controllers\carrito_controller.php(21): CodeIgniter\Autoloader\Autoloader->loadClass('App\\Models\\producto_Model')
 5 SYSTEMPATH\CodeIgniter.php(915): App\Controllers\carrito_controller->__construct()
 6 SYSTEMPATH\CodeIgniter.php(494): CodeIgniter\CodeIgniter->createController()
 7 SYSTEMPATH\CodeIgniter.php(361): CodeIgniter\CodeIgniter->handleRequest(null, Object(Config\Cache), false)
 8 FCPATH\index.php(79): CodeIgniter\CodeIgniter->run()
WARNING - 2026-03-02 20:06:57 --> [DEPRECATED] Optional parameter $talles declared before required parameter $buscar is implicitly treated as a required parameter in APPPATH\Models\producto_Model.php on line 0.
 1 SYSTEMPATH\Autoloader\Autoloader.php(311): include_once('C:\\xampp\\htdocs\\proyecto_espinola_emilia\\system\\Debug\\Exceptions.php')
 2 SYSTEMPATH\Autoloader\Autoloader.php(290): CodeIgniter\Autoloader\Autoloader->includeFile('C:\\xampp\\htdocs\\proyecto_espinola_emilia\\app\\Models\\producto_Model.php')
 3 SYSTEMPATH\Autoloader\Autoloader.php(266): CodeIgniter\Autoloader\Autoloader->loadInNamespace('App\\Models\\producto_Model')
 4 APPPATH\Controllers\carrito_controller.php(21): CodeIgniter\Autoloader\Autoloader->loadClass('App\\Models\\producto_Model')
 5 SYSTEMPATH\CodeIgniter.php(915): App\Controllers\carrito_controller->__construct()
 6 SYSTEMPATH\CodeIgniter.php(494): CodeIgniter\CodeIgniter->createController()
 7 SYSTEMPATH\CodeIgniter.php(361): CodeIgniter\CodeIgniter->handleRequest(null, Object(Config\Cache), false)
 8 FCPATH\index.php(79): CodeIgniter\CodeIgniter->run()
WARNING - 2026-03-02 20:06:57 --> [DEPRECATED] Optional parameter $categoria_id declared before required parameter $buscar is implicitly treated as a required parameter in APPPATH\Models\producto_Model.php on line 0.
 1 SYSTEMPATH\Autoloader\Autoloader.php(311): include_once('C:\\xampp\\htdocs\\proyecto_espinola_emilia\\system\\Debug\\Exceptions.php')
 2 SYSTEMPATH\Autoloader\Autoloader.php(290): CodeIgniter\Autoloader\Autoloader->includeFile('C:\\xampp\\htdocs\\proyecto_espinola_emilia\\app\\Models\\producto_Model.php')
 3 SYSTEMPATH\Autoloader\Autoloader.php(266): CodeIgniter\Autoloader\Autoloader->loadInNamespace('App\\Models\\producto_Model')
 4 APPPATH\Controllers\carrito_controller.php(21): CodeIgniter\Autoloader\Autoloader->loadClass('App\\Models\\producto_Model')
 5 SYSTEMPATH\CodeIgniter.php(915): App\Controllers\carrito_controller->__construct()
 6 SYSTEMPATH\CodeIgniter.php(494): CodeIgniter\CodeIgniter->createController()
 7 SYSTEMPATH\CodeIgniter.php(361): CodeIgniter\CodeIgniter->handleRequest(null, Object(Config\Cache), false)
 8 FCPATH\index.php(79): CodeIgniter\CodeIgniter->run()
INFO - 2026-03-02 20:06:57 --> Session: Class initialized using 'CodeIgniter\Session\Handlers\FileHandler' driver.
WARNING - 2026-03-02 20:07:23 --> [DEPRECATED] Optional parameter $colores declared before required parameter $buscar is implicitly treated as a required parameter in APPPATH\Models\producto_Model.php on line 76.
 1 SYSTEMPATH\Autoloader\Autoloader.php(311): include_once('C:\\xampp\\htdocs\\proyecto_espinola_emilia\\system\\Debug\\Exceptions.php')
 2 SYSTEMPATH\Autoloader\Autoloader.php(290): CodeIgniter\Autoloader\Autoloader->includeFile('C:\\xampp\\htdocs\\proyecto_espinola_emilia\\app\\Models\\producto_Model.php')
 3 SYSTEMPATH\Autoloader\Autoloader.php(266): CodeIgniter\Autoloader\Autoloader->loadInNamespace('App\\Models\\producto_Model')
 4 APPPATH\Controllers\carrito_controller.php(21): CodeIgniter\Autoloader\Autoloader->loadClass('App\\Models\\producto_Model')
 5 SYSTEMPATH\CodeIgniter.php(915): App\Controllers\carrito_controller->__construct()
 6 SYSTEMPATH\CodeIgniter.php(494): CodeIgniter\CodeIgniter->createController()
 7 SYSTEMPATH\CodeIgniter.php(361): CodeIgniter\CodeIgniter->handleRequest(null, Object(Config\Cache), false)
 8 FCPATH\index.php(79): CodeIgniter\CodeIgniter->run()
WARNING - 2026-03-02 20:07:23 --> [DEPRECATED] Optional parameter $talles declared before required parameter $buscar is implicitly treated as a required parameter in APPPATH\Models\producto_Model.php on line 0.
 1 SYSTEMPATH\Autoloader\Autoloader.php(311): include_once('C:\\xampp\\htdocs\\proyecto_espinola_emilia\\system\\Debug\\Exceptions.php')
 2 SYSTEMPATH\Autoloader\Autoloader.php(290): CodeIgniter\Autoloader\Autoloader->includeFile('C:\\xampp\\htdocs\\proyecto_espinola_emilia\\app\\Models\\producto_Model.php')
 3 SYSTEMPATH\Autoloader\Autoloader.php(266): CodeIgniter\Autoloader\Autoloader->loadInNamespace('App\\Models\\producto_Model')
 4 APPPATH\Controllers\carrito_controller.php(21): CodeIgniter\Autoloader\Autoloader->loadClass('App\\Models\\producto_Model')
 5 SYSTEMPATH\CodeIgniter.php(915): App\Controllers\carrito_controller->__construct()
 6 SYSTEMPATH\CodeIgniter.php(494): CodeIgniter\CodeIgniter->createController()
 7 SYSTEMPATH\CodeIgniter.php(361): CodeIgniter\CodeIgniter->handleRequest(null, Object(Config\Cache), false)
 8 FCPATH\index.php(79): CodeIgniter\CodeIgniter->run()
WARNING - 2026-03-02 20:07:23 --> [DEPRECATED] Optional parameter $categoria_id declared before required parameter $buscar is implicitly treated as a required parameter in APPPATH\Models\producto_Model.php on line 0.
 1 SYSTEMPATH\Autoloader\Autoloader.php(311): include_once('C:\\xampp\\htdocs\\proyecto_espinola_emilia\\system\\Debug\\Exceptions.php')
 2 SYSTEMPATH\Autoloader\Autoloader.php(290): CodeIgniter\Autoloader\Autoloader->includeFile('C:\\xampp\\htdocs\\proyecto_espinola_emilia\\app\\Models\\producto_Model.php')
 3 SYSTEMPATH\Autoloader\Autoloader.php(266): CodeIgniter\Autoloader\Autoloader->loadInNamespace('App\\Models\\producto_Model')
 4 APPPATH\Controllers\carrito_controller.php(21): CodeIgniter\Autoloader\Autoloader->loadClass('App\\Models\\producto_Model')
 5 SYSTEMPATH\CodeIgniter.php(915): App\Controllers\carrito_controller->__construct()
 6 SYSTEMPATH\CodeIgniter.php(494): CodeIgniter\CodeIgniter->createController()
 7 SYSTEMPATH\CodeIgniter.php(361): CodeIgniter\CodeIgniter->handleRequest(null, Object(Config\Cache), false)
 8 FCPATH\index.php(79): CodeIgniter\CodeIgniter->run()
INFO - 2026-03-02 20:07:23 --> Session: Class initialized using 'CodeIgniter\Session\Handlers\FileHandler' driver.
WARNING - 2026-03-02 20:07:26 --> [DEPRECATED] Optional parameter $colores declared before required parameter $buscar is implicitly treated as a required parameter in APPPATH\Models\producto_Model.php on line 76.
 1 SYSTEMPATH\Autoloader\Autoloader.php(311): include_once('C:\\xampp\\htdocs\\proyecto_espinola_emilia\\system\\Debug\\Exceptions.php')
 2 SYSTEMPATH\Autoloader\Autoloader.php(290): CodeIgniter\Autoloader\Autoloader->includeFile('C:\\xampp\\htdocs\\proyecto_espinola_emilia\\app\\Models\\producto_Model.php')
 3 SYSTEMPATH\Autoloader\Autoloader.php(266): CodeIgniter\Autoloader\Autoloader->loadInNamespace('App\\Models\\producto_Model')
 4 APPPATH\Controllers\carrito_controller.php(21): CodeIgniter\Autoloader\Autoloader->loadClass('App\\Models\\producto_Model')
 5 SYSTEMPATH\CodeIgniter.php(915): App\Controllers\carrito_controller->__construct()
 6 SYSTEMPATH\CodeIgniter.php(494): CodeIgniter\CodeIgniter->createController()
 7 SYSTEMPATH\CodeIgniter.php(361): CodeIgniter\CodeIgniter->handleRequest(null, Object(Config\Cache), false)
 8 FCPATH\index.php(79): CodeIgniter\CodeIgniter->run()
WARNING - 2026-03-02 20:07:26 --> [DEPRECATED] Optional parameter $talles declared before required parameter $buscar is implicitly treated as a required parameter in APPPATH\Models\producto_Model.php on line 0.
 1 SYSTEMPATH\Autoloader\Autoloader.php(311): include_once('C:\\xampp\\htdocs\\proyecto_espinola_emilia\\system\\Debug\\Exceptions.php')
 2 SYSTEMPATH\Autoloader\Autoloader.php(290): CodeIgniter\Autoloader\Autoloader->includeFile('C:\\xampp\\htdocs\\proyecto_espinola_emilia\\app\\Models\\producto_Model.php')
 3 SYSTEMPATH\Autoloader\Autoloader.php(266): CodeIgniter\Autoloader\Autoloader->loadInNamespace('App\\Models\\producto_Model')
 4 APPPATH\Controllers\carrito_controller.php(21): CodeIgniter\Autoloader\Autoloader->loadClass('App\\Models\\producto_Model')
 5 SYSTEMPATH\CodeIgniter.php(915): App\Controllers\carrito_controller->__construct()
 6 SYSTEMPATH\CodeIgniter.php(494): CodeIgniter\CodeIgniter->createController()
 7 SYSTEMPATH\CodeIgniter.php(361): CodeIgniter\CodeIgniter->handleRequest(null, Object(Config\Cache), false)
 8 FCPATH\index.php(79): CodeIgniter\CodeIgniter->run()
WARNING - 2026-03-02 20:07:26 --> [DEPRECATED] Optional parameter $categoria_id declared before required parameter $buscar is implicitly treated as a required parameter in APPPATH\Models\producto_Model.php on line 0.
 1 SYSTEMPATH\Autoloader\Autoloader.php(311): include_once('C:\\xampp\\htdocs\\proyecto_espinola_emilia\\system\\Debug\\Exceptions.php')
 2 SYSTEMPATH\Autoloader\Autoloader.php(290): CodeIgniter\Autoloader\Autoloader->includeFile('C:\\xampp\\htdocs\\proyecto_espinola_emilia\\app\\Models\\producto_Model.php')
 3 SYSTEMPATH\Autoloader\Autoloader.php(266): CodeIgniter\Autoloader\Autoloader->loadInNamespace('App\\Models\\producto_Model')
 4 APPPATH\Controllers\carrito_controller.php(21): CodeIgniter\Autoloader\Autoloader->loadClass('App\\Models\\producto_Model')
 5 SYSTEMPATH\CodeIgniter.php(915): App\Controllers\carrito_controller->__construct()
 6 SYSTEMPATH\CodeIgniter.php(494): CodeIgniter\CodeIgniter->createController()
 7 SYSTEMPATH\CodeIgniter.php(361): CodeIgniter\CodeIgniter->handleRequest(null, Object(Config\Cache), false)
 8 FCPATH\index.php(79): CodeIgniter\CodeIgniter->run()
INFO - 2026-03-02 20:07:26 --> Session: Class initialized using 'CodeIgniter\Session\Handlers\FileHandler' driver.
WARNING - 2026-03-02 20:27:31 --> [DEPRECATED] Optional parameter $colores declared before required parameter $buscar is implicitly treated as a required parameter in APPPATH\Models\producto_Model.php on line 76.
 1 SYSTEMPATH\Autoloader\Autoloader.php(311): include_once('C:\\xampp\\htdocs\\proyecto_espinola_emilia\\system\\Debug\\Exceptions.php')
 2 SYSTEMPATH\Autoloader\Autoloader.php(290): CodeIgniter\Autoloader\Autoloader->includeFile('C:\\xampp\\htdocs\\proyecto_espinola_emilia\\app\\Models\\producto_Model.php')
 3 SYSTEMPATH\Autoloader\Autoloader.php(266): CodeIgniter\Autoloader\Autoloader->loadInNamespace('App\\Models\\producto_Model')
 4 APPPATH\Controllers\carrito_controller.php(21): CodeIgniter\Autoloader\Autoloader->loadClass('App\\Models\\producto_Model')
 5 SYSTEMPATH\CodeIgniter.php(915): App\Controllers\carrito_controller->__construct()
 6 SYSTEMPATH\CodeIgniter.php(494): CodeIgniter\CodeIgniter->createController()
 7 SYSTEMPATH\CodeIgniter.php(361): CodeIgniter\CodeIgniter->handleRequest(null, Object(Config\Cache), false)
 8 FCPATH\index.php(79): CodeIgniter\CodeIgniter->run()
WARNING - 2026-03-02 20:27:31 --> [DEPRECATED] Optional parameter $talles declared before required parameter $buscar is implicitly treated as a required parameter in APPPATH\Models\producto_Model.php on line 0.
 1 SYSTEMPATH\Autoloader\Autoloader.php(311): include_once('C:\\xampp\\htdocs\\proyecto_espinola_emilia\\system\\Debug\\Exceptions.php')
 2 SYSTEMPATH\Autoloader\Autoloader.php(290): CodeIgniter\Autoloader\Autoloader->includeFile('C:\\xampp\\htdocs\\proyecto_espinola_emilia\\app\\Models\\producto_Model.php')
 3 SYSTEMPATH\Autoloader\Autoloader.php(266): CodeIgniter\Autoloader\Autoloader->loadInNamespace('App\\Models\\producto_Model')
 4 APPPATH\Controllers\carrito_controller.php(21): CodeIgniter\Autoloader\Autoloader->loadClass('App\\Models\\producto_Model')
 5 SYSTEMPATH\CodeIgniter.php(915): App\Controllers\carrito_controller->__construct()
 6 SYSTEMPATH\CodeIgniter.php(494): CodeIgniter\CodeIgniter->createController()
 7 SYSTEMPATH\CodeIgniter.php(361): CodeIgniter\CodeIgniter->handleRequest(null, Object(Config\Cache), false)
 8 FCPATH\index.php(79): CodeIgniter\CodeIgniter->run()
WARNING - 2026-03-02 20:27:31 --> [DEPRECATED] Optional parameter $categoria_id declared before required parameter $buscar is implicitly treated as a required parameter in APPPATH\Models\producto_Model.php on line 0.
 1 SYSTEMPATH\Autoloader\Autoloader.php(311): include_once('C:\\xampp\\htdocs\\proyecto_espinola_emilia\\system\\Debug\\Exceptions.php')
 2 SYSTEMPATH\Autoloader\Autoloader.php(290): CodeIgniter\Autoloader\Autoloader->includeFile('C:\\xampp\\htdocs\\proyecto_espinola_emilia\\app\\Models\\producto_Model.php')
 3 SYSTEMPATH\Autoloader\Autoloader.php(266): CodeIgniter\Autoloader\Autoloader->loadInNamespace('App\\Models\\producto_Model')
 4 APPPATH\Controllers\carrito_controller.php(21): CodeIgniter\Autoloader\Autoloader->loadClass('App\\Models\\producto_Model')
 5 SYSTEMPATH\CodeIgniter.php(915): App\Controllers\carrito_controller->__construct()
 6 SYSTEMPATH\CodeIgniter.php(494): CodeIgniter\CodeIgniter->createController()
 7 SYSTEMPATH\CodeIgniter.php(361): CodeIgniter\CodeIgniter->handleRequest(null, Object(Config\Cache), false)
 8 FCPATH\index.php(79): CodeIgniter\CodeIgniter->run()
INFO - 2026-03-02 20:27:31 --> Session: Class initialized using 'CodeIgniter\Session\Handlers\FileHandler' driver.
WARNING - 2026-03-02 21:10:44 --> [DEPRECATED] Optional parameter $colores declared before required parameter $buscar is implicitly treated as a required parameter in APPPATH\Models\producto_Model.php on line 76.
 1 SYSTEMPATH\Autoloader\Autoloader.php(311): include_once('C:\\xampp\\htdocs\\proyecto_espinola_emilia\\system\\Debug\\Exceptions.php')
 2 SYSTEMPATH\Autoloader\Autoloader.php(290): CodeIgniter\Autoloader\Autoloader->includeFile('C:\\xampp\\htdocs\\proyecto_espinola_emilia\\app\\Models\\producto_Model.php')
 3 SYSTEMPATH\Autoloader\Autoloader.php(266): CodeIgniter\Autoloader\Autoloader->loadInNamespace('App\\Models\\producto_Model')
 4 APPPATH\Controllers\Home.php(15): CodeIgniter\Autoloader\Autoloader->loadClass('App\\Models\\producto_Model')
 5 SYSTEMPATH\CodeIgniter.php(943): App\Controllers\Home->inicio()
 6 SYSTEMPATH\CodeIgniter.php(503): CodeIgniter\CodeIgniter->runController(Object(App\Controllers\Home))
 7 SYSTEMPATH\CodeIgniter.php(361): CodeIgniter\CodeIgniter->handleRequest(null, Object(Config\Cache), false)
 8 FCPATH\index.php(79): CodeIgniter\CodeIgniter->run()
WARNING - 2026-03-02 21:10:44 --> [DEPRECATED] Optional parameter $talles declared before required parameter $buscar is implicitly treated as a required parameter in APPPATH\Models\producto_Model.php on line 0.
 1 SYSTEMPATH\Autoloader\Autoloader.php(311): include_once('C:\\xampp\\htdocs\\proyecto_espinola_emilia\\system\\Debug\\Exceptions.php')
 2 SYSTEMPATH\Autoloader\Autoloader.php(290): CodeIgniter\Autoloader\Autoloader->includeFile('C:\\xampp\\htdocs\\proyecto_espinola_emilia\\app\\Models\\producto_Model.php')
 3 SYSTEMPATH\Autoloader\Autoloader.php(266): CodeIgniter\Autoloader\Autoloader->loadInNamespace('App\\Models\\producto_Model')
 4 APPPATH\Controllers\Home.php(15): CodeIgniter\Autoloader\Autoloader->loadClass('App\\Models\\producto_Model')
 5 SYSTEMPATH\CodeIgniter.php(943): App\Controllers\Home->inicio()
 6 SYSTEMPATH\CodeIgniter.php(503): CodeIgniter\CodeIgniter->runController(Object(App\Controllers\Home))
 7 SYSTEMPATH\CodeIgniter.php(361): CodeIgniter\CodeIgniter->handleRequest(null, Object(Config\Cache), false)
 8 FCPATH\index.php(79): CodeIgniter\CodeIgniter->run()
WARNING - 2026-03-02 21:10:44 --> [DEPRECATED] Optional parameter $categoria_id declared before required parameter $buscar is implicitly treated as a required parameter in APPPATH\Models\producto_Model.php on line 0.
 1 SYSTEMPATH\Autoloader\Autoloader.php(311): include_once('C:\\xampp\\htdocs\\proyecto_espinola_emilia\\system\\Debug\\Exceptions.php')
 2 SYSTEMPATH\Autoloader\Autoloader.php(290): CodeIgniter\Autoloader\Autoloader->includeFile('C:\\xampp\\htdocs\\proyecto_espinola_emilia\\app\\Models\\producto_Model.php')
 3 SYSTEMPATH\Autoloader\Autoloader.php(266): CodeIgniter\Autoloader\Autoloader->loadInNamespace('App\\Models\\producto_Model')
 4 APPPATH\Controllers\Home.php(15): CodeIgniter\Autoloader\Autoloader->loadClass('App\\Models\\producto_Model')
 5 SYSTEMPATH\CodeIgniter.php(943): App\Controllers\Home->inicio()
 6 SYSTEMPATH\CodeIgniter.php(503): CodeIgniter\CodeIgniter->runController(Object(App\Controllers\Home))
 7 SYSTEMPATH\CodeIgniter.php(361): CodeIgniter\CodeIgniter->handleRequest(null, Object(Config\Cache), false)
 8 FCPATH\index.php(79): CodeIgniter\CodeIgniter->run()
INFO - 2026-03-02 21:10:44 --> Session: Class initialized using 'CodeIgniter\Session\Handlers\FileHandler' driver.
WARNING - 2026-03-02 21:10:46 --> [DEPRECATED] Optional parameter $colores declared before required parameter $buscar is implicitly treated as a required parameter in APPPATH\Models\producto_Model.php on line 76.
 1 SYSTEMPATH\Autoloader\Autoloader.php(311): include_once('C:\\xampp\\htdocs\\proyecto_espinola_emilia\\system\\Debug\\Exceptions.php')
 2 SYSTEMPATH\Autoloader\Autoloader.php(290): CodeIgniter\Autoloader\Autoloader->includeFile('C:\\xampp\\htdocs\\proyecto_espinola_emilia\\app\\Models\\producto_Model.php')
 3 SYSTEMPATH\Autoloader\Autoloader.php(266): CodeIgniter\Autoloader\Autoloader->loadInNamespace('App\\Models\\producto_Model')
 4 APPPATH\Controllers\producto_controller.php(254): CodeIgniter\Autoloader\Autoloader->loadClass('App\\Models\\producto_Model')
 5 SYSTEMPATH\CodeIgniter.php(943): App\Controllers\producto_controller->detalle_producto('80')
 6 SYSTEMPATH\CodeIgniter.php(503): CodeIgniter\CodeIgniter->runController(Object(App\Controllers\producto_controller))
 7 SYSTEMPATH\CodeIgniter.php(361): CodeIgniter\CodeIgniter->handleRequest(null, Object(Config\Cache), false)
 8 FCPATH\index.php(79): CodeIgniter\CodeIgniter->run()
WARNING - 2026-03-02 21:10:46 --> [DEPRECATED] Optional parameter $talles declared before required parameter $buscar is implicitly treated as a required parameter in APPPATH\Models\producto_Model.php on line 0.
 1 SYSTEMPATH\Autoloader\Autoloader.php(311): include_once('C:\\xampp\\htdocs\\proyecto_espinola_emilia\\system\\Debug\\Exceptions.php')
 2 SYSTEMPATH\Autoloader\Autoloader.php(290): CodeIgniter\Autoloader\Autoloader->includeFile('C:\\xampp\\htdocs\\proyecto_espinola_emilia\\app\\Models\\producto_Model.php')
 3 SYSTEMPATH\Autoloader\Autoloader.php(266): CodeIgniter\Autoloader\Autoloader->loadInNamespace('App\\Models\\producto_Model')
 4 APPPATH\Controllers\producto_controller.php(254): CodeIgniter\Autoloader\Autoloader->loadClass('App\\Models\\producto_Model')
 5 SYSTEMPATH\CodeIgniter.php(943): App\Controllers\producto_controller->detalle_producto('80')
 6 SYSTEMPATH\CodeIgniter.php(503): CodeIgniter\CodeIgniter->runController(Object(App\Controllers\producto_controller))
 7 SYSTEMPATH\CodeIgniter.php(361): CodeIgniter\CodeIgniter->handleRequest(null, Object(Config\Cache), false)
 8 FCPATH\index.php(79): CodeIgniter\CodeIgniter->run()
WARNING - 2026-03-02 21:10:46 --> [DEPRECATED] Optional parameter $categoria_id declared before required parameter $buscar is implicitly treated as a required parameter in APPPATH\Models\producto_Model.php on line 0.
 1 SYSTEMPATH\Autoloader\Autoloader.php(311): include_once('C:\\xampp\\htdocs\\proyecto_espinola_emilia\\system\\Debug\\Exceptions.php')
 2 SYSTEMPATH\Autoloader\Autoloader.php(290): CodeIgniter\Autoloader\Autoloader->includeFile('C:\\xampp\\htdocs\\proyecto_espinola_emilia\\app\\Models\\producto_Model.php')
 3 SYSTEMPATH\Autoloader\Autoloader.php(266): CodeIgniter\Autoloader\Autoloader->loadInNamespace('App\\Models\\producto_Model')
 4 APPPATH\Controllers\producto_controller.php(254): CodeIgniter\Autoloader\Autoloader->loadClass('App\\Models\\producto_Model')
 5 SYSTEMPATH\CodeIgniter.php(943): App\Controllers\producto_controller->detalle_producto('80')
 6 SYSTEMPATH\CodeIgniter.php(503): CodeIgniter\CodeIgniter->runController(Object(App\Controllers\producto_controller))
 7 SYSTEMPATH\CodeIgniter.php(361): CodeIgniter\CodeIgniter->handleRequest(null, Object(Config\Cache), false)
 8 FCPATH\index.php(79): CodeIgniter\CodeIgniter->run()
INFO - 2026-03-02 21:10:46 --> Session: Class initialized using 'CodeIgniter\Session\Handlers\FileHandler' driver.
WARNING - 2026-03-02 21:10:57 --> [DEPRECATED] Optional parameter $colores declared before required parameter $buscar is implicitly treated as a required parameter in APPPATH\Models\producto_Model.php on line 76.
 1 SYSTEMPATH\Autoloader\Autoloader.php(311): include_once('C:\\xampp\\htdocs\\proyecto_espinola_emilia\\system\\Debug\\Exceptions.php')
 2 SYSTEMPATH\Autoloader\Autoloader.php(290): CodeIgniter\Autoloader\Autoloader->includeFile('C:\\xampp\\htdocs\\proyecto_espinola_emilia\\app\\Models\\producto_Model.php')
 3 SYSTEMPATH\Autoloader\Autoloader.php(266): CodeIgniter\Autoloader\Autoloader->loadInNamespace('App\\Models\\producto_Model')
 4 APPPATH\Controllers\carrito_controller.php(21): CodeIgniter\Autoloader\Autoloader->loadClass('App\\Models\\producto_Model')
 5 SYSTEMPATH\CodeIgniter.php(915): App\Controllers\carrito_controller->__construct()
 6 SYSTEMPATH\CodeIgniter.php(494): CodeIgniter\CodeIgniter->createController()
 7 SYSTEMPATH\CodeIgniter.php(361): CodeIgniter\CodeIgniter->handleRequest(null, Object(Config\Cache), false)
 8 FCPATH\index.php(79): CodeIgniter\CodeIgniter->run()
WARNING - 2026-03-02 21:10:57 --> [DEPRECATED] Optional parameter $talles declared before required parameter $buscar is implicitly treated as a required parameter in APPPATH\Models\producto_Model.php on line 0.
 1 SYSTEMPATH\Autoloader\Autoloader.php(311): include_once('C:\\xampp\\htdocs\\proyecto_espinola_emilia\\system\\Debug\\Exceptions.php')
 2 SYSTEMPATH\Autoloader\Autoloader.php(290): CodeIgniter\Autoloader\Autoloader->includeFile('C:\\xampp\\htdocs\\proyecto_espinola_emilia\\app\\Models\\producto_Model.php')
 3 SYSTEMPATH\Autoloader\Autoloader.php(266): CodeIgniter\Autoloader\Autoloader->loadInNamespace('App\\Models\\producto_Model')
 4 APPPATH\Controllers\carrito_controller.php(21): CodeIgniter\Autoloader\Autoloader->loadClass('App\\Models\\producto_Model')
 5 SYSTEMPATH\CodeIgniter.php(915): App\Controllers\carrito_controller->__construct()
 6 SYSTEMPATH\CodeIgniter.php(494): CodeIgniter\CodeIgniter->createController()
 7 SYSTEMPATH\CodeIgniter.php(361): CodeIgniter\CodeIgniter->handleRequest(null, Object(Config\Cache), false)
 8 FCPATH\index.php(79): CodeIgniter\CodeIgniter->run()
WARNING - 2026-03-02 21:10:57 --> [DEPRECATED] Optional parameter $categoria_id declared before required parameter $buscar is implicitly treated as a required parameter in APPPATH\Models\producto_Model.php on line 0.
 1 SYSTEMPATH\Autoloader\Autoloader.php(311): include_once('C:\\xampp\\htdocs\\proyecto_espinola_emilia\\system\\Debug\\Exceptions.php')
 2 SYSTEMPATH\Autoloader\Autoloader.php(290): CodeIgniter\Autoloader\Autoloader->includeFile('C:\\xampp\\htdocs\\proyecto_espinola_emilia\\app\\Models\\producto_Model.php')
 3 SYSTEMPATH\Autoloader\Autoloader.php(266): CodeIgniter\Autoloader\Autoloader->loadInNamespace('App\\Models\\producto_Model')
 4 APPPATH\Controllers\carrito_controller.php(21): CodeIgniter\Autoloader\Autoloader->loadClass('App\\Models\\producto_Model')
 5 SYSTEMPATH\CodeIgniter.php(915): App\Controllers\carrito_controller->__construct()
 6 SYSTEMPATH\CodeIgniter.php(494): CodeIgniter\CodeIgniter->createController()
 7 SYSTEMPATH\CodeIgniter.php(361): CodeIgniter\CodeIgniter->handleRequest(null, Object(Config\Cache), false)
 8 FCPATH\index.php(79): CodeIgniter\CodeIgniter->run()
INFO - 2026-03-02 21:10:57 --> Session: Class initialized using 'CodeIgniter\Session\Handlers\FileHandler' driver.
WARNING - 2026-03-02 21:18:51 --> [DEPRECATED] Optional parameter $colores declared before required parameter $buscar is implicitly treated as a required parameter in APPPATH\Models\producto_Model.php on line 76.
 1 SYSTEMPATH\Autoloader\Autoloader.php(311): include_once('C:\\xampp\\htdocs\\proyecto_espinola_emilia\\system\\Debug\\Exceptions.php')
 2 SYSTEMPATH\Autoloader\Autoloader.php(290): CodeIgniter\Autoloader\Autoloader->includeFile('C:\\xampp\\htdocs\\proyecto_espinola_emilia\\app\\Models\\producto_Model.php')
 3 SYSTEMPATH\Autoloader\Autoloader.php(266): CodeIgniter\Autoloader\Autoloader->loadInNamespace('App\\Models\\producto_Model')
 4 APPPATH\Controllers\carrito_controller.php(21): CodeIgniter\Autoloader\Autoloader->loadClass('App\\Models\\producto_Model')
 5 SYSTEMPATH\CodeIgniter.php(915): App\Controllers\carrito_controller->__construct()
 6 SYSTEMPATH\CodeIgniter.php(494): CodeIgniter\CodeIgniter->createController()
 7 SYSTEMPATH\CodeIgniter.php(361): CodeIgniter\CodeIgniter->handleRequest(null, Object(Config\Cache), false)
 8 FCPATH\index.php(79): CodeIgniter\CodeIgniter->run()
WARNING - 2026-03-02 21:18:51 --> [DEPRECATED] Optional parameter $talles declared before required parameter $buscar is implicitly treated as a required parameter in APPPATH\Models\producto_Model.php on line 0.
 1 SYSTEMPATH\Autoloader\Autoloader.php(311): include_once('C:\\xampp\\htdocs\\proyecto_espinola_emilia\\system\\Debug\\Exceptions.php')
 2 SYSTEMPATH\Autoloader\Autoloader.php(290): CodeIgniter\Autoloader\Autoloader->includeFile('C:\\xampp\\htdocs\\proyecto_espinola_emilia\\app\\Models\\producto_Model.php')
 3 SYSTEMPATH\Autoloader\Autoloader.php(266): CodeIgniter\Autoloader\Autoloader->loadInNamespace('App\\Models\\producto_Model')
 4 APPPATH\Controllers\carrito_controller.php(21): CodeIgniter\Autoloader\Autoloader->loadClass('App\\Models\\producto_Model')
 5 SYSTEMPATH\CodeIgniter.php(915): App\Controllers\carrito_controller->__construct()
 6 SYSTEMPATH\CodeIgniter.php(494): CodeIgniter\CodeIgniter->createController()
 7 SYSTEMPATH\CodeIgniter.php(361): CodeIgniter\CodeIgniter->handleRequest(null, Object(Config\Cache), false)
 8 FCPATH\index.php(79): CodeIgniter\CodeIgniter->run()
WARNING - 2026-03-02 21:18:51 --> [DEPRECATED] Optional parameter $categoria_id declared before required parameter $buscar is implicitly treated as a required parameter in APPPATH\Models\producto_Model.php on line 0.
 1 SYSTEMPATH\Autoloader\Autoloader.php(311): include_once('C:\\xampp\\htdocs\\proyecto_espinola_emilia\\system\\Debug\\Exceptions.php')
 2 SYSTEMPATH\Autoloader\Autoloader.php(290): CodeIgniter\Autoloader\Autoloader->includeFile('C:\\xampp\\htdocs\\proyecto_espinola_emilia\\app\\Models\\producto_Model.php')
 3 SYSTEMPATH\Autoloader\Autoloader.php(266): CodeIgniter\Autoloader\Autoloader->loadInNamespace('App\\Models\\producto_Model')
 4 APPPATH\Controllers\carrito_controller.php(21): CodeIgniter\Autoloader\Autoloader->loadClass('App\\Models\\producto_Model')
 5 SYSTEMPATH\CodeIgniter.php(915): App\Controllers\carrito_controller->__construct()
 6 SYSTEMPATH\CodeIgniter.php(494): CodeIgniter\CodeIgniter->createController()
 7 SYSTEMPATH\CodeIgniter.php(361): CodeIgniter\CodeIgniter->handleRequest(null, Object(Config\Cache), false)
 8 FCPATH\index.php(79): CodeIgniter\CodeIgniter->run()
INFO - 2026-03-02 21:18:51 --> Session: Class initialized using 'CodeIgniter\Session\Handlers\FileHandler' driver.
WARNING - 2026-03-02 21:18:57 --> [DEPRECATED] Optional parameter $colores declared before required parameter $buscar is implicitly treated as a required parameter in APPPATH\Models\producto_Model.php on line 76.
 1 SYSTEMPATH\Autoloader\Autoloader.php(311): include_once('C:\\xampp\\htdocs\\proyecto_espinola_emilia\\system\\Debug\\Exceptions.php')
 2 SYSTEMPATH\Autoloader\Autoloader.php(290): CodeIgniter\Autoloader\Autoloader->includeFile('C:\\xampp\\htdocs\\proyecto_espinola_emilia\\app\\Models\\producto_Model.php')
 3 SYSTEMPATH\Autoloader\Autoloader.php(266): CodeIgniter\Autoloader\Autoloader->loadInNamespace('App\\Models\\producto_Model')
 4 APPPATH\Controllers\carrito_controller.php(21): CodeIgniter\Autoloader\Autoloader->loadClass('App\\Models\\producto_Model')
 5 SYSTEMPATH\CodeIgniter.php(915): App\Controllers\carrito_controller->__construct()
 6 SYSTEMPATH\CodeIgniter.php(494): CodeIgniter\CodeIgniter->createController()
 7 SYSTEMPATH\CodeIgniter.php(361): CodeIgniter\CodeIgniter->handleRequest(null, Object(Config\Cache), false)
 8 FCPATH\index.php(79): CodeIgniter\CodeIgniter->run()
WARNING - 2026-03-02 21:18:57 --> [DEPRECATED] Optional parameter $talles declared before required parameter $buscar is implicitly treated as a required parameter in APPPATH\Models\producto_Model.php on line 0.
 1 SYSTEMPATH\Autoloader\Autoloader.php(311): include_once('C:\\xampp\\htdocs\\proyecto_espinola_emilia\\system\\Debug\\Exceptions.php')
 2 SYSTEMPATH\Autoloader\Autoloader.php(290): CodeIgniter\Autoloader\Autoloader->includeFile('C:\\xampp\\htdocs\\proyecto_espinola_emilia\\app\\Models\\producto_Model.php')
 3 SYSTEMPATH\Autoloader\Autoloader.php(266): CodeIgniter\Autoloader\Autoloader->loadInNamespace('App\\Models\\producto_Model')
 4 APPPATH\Controllers\carrito_controller.php(21): CodeIgniter\Autoloader\Autoloader->loadClass('App\\Models\\producto_Model')
 5 SYSTEMPATH\CodeIgniter.php(915): App\Controllers\carrito_controller->__construct()
 6 SYSTEMPATH\CodeIgniter.php(494): CodeIgniter\CodeIgniter->createController()
 7 SYSTEMPATH\CodeIgniter.php(361): CodeIgniter\CodeIgniter->handleRequest(null, Object(Config\Cache), false)
 8 FCPATH\index.php(79): CodeIgniter\CodeIgniter->run()
WARNING - 2026-03-02 21:18:57 --> [DEPRECATED] Optional parameter $categoria_id declared before required parameter $buscar is implicitly treated as a required parameter in APPPATH\Models\producto_Model.php on line 0.
 1 SYSTEMPATH\Autoloader\Autoloader.php(311): include_once('C:\\xampp\\htdocs\\proyecto_espinola_emilia\\system\\Debug\\Exceptions.php')
 2 SYSTEMPATH\Autoloader\Autoloader.php(290): CodeIgniter\Autoloader\Autoloader->includeFile('C:\\xampp\\htdocs\\proyecto_espinola_emilia\\app\\Models\\producto_Model.php')
 3 SYSTEMPATH\Autoloader\Autoloader.php(266): CodeIgniter\Autoloader\Autoloader->loadInNamespace('App\\Models\\producto_Model')
 4 APPPATH\Controllers\carrito_controller.php(21): CodeIgniter\Autoloader\Autoloader->loadClass('App\\Models\\producto_Model')
 5 SYSTEMPATH\CodeIgniter.php(915): App\Controllers\carrito_controller->__construct()
 6 SYSTEMPATH\CodeIgniter.php(494): CodeIgniter\CodeIgniter->createController()
 7 SYSTEMPATH\CodeIgniter.php(361): CodeIgniter\CodeIgniter->handleRequest(null, Object(Config\Cache), false)
 8 FCPATH\index.php(79): CodeIgniter\CodeIgniter->run()
INFO - 2026-03-02 21:18:57 --> Session: Class initialized using 'CodeIgniter\Session\Handlers\FileHandler' driver.
WARNING - 2026-03-02 21:19:00 --> [DEPRECATED] Optional parameter $colores declared before required parameter $buscar is implicitly treated as a required parameter in APPPATH\Models\producto_Model.php on line 76.
 1 SYSTEMPATH\Autoloader\Autoloader.php(311): include_once('C:\\xampp\\htdocs\\proyecto_espinola_emilia\\system\\Debug\\Exceptions.php')
 2 SYSTEMPATH\Autoloader\Autoloader.php(290): CodeIgniter\Autoloader\Autoloader->includeFile('C:\\xampp\\htdocs\\proyecto_espinola_emilia\\app\\Models\\producto_Model.php')
 3 SYSTEMPATH\Autoloader\Autoloader.php(266): CodeIgniter\Autoloader\Autoloader->loadInNamespace('App\\Models\\producto_Model')
 4 APPPATH\Controllers\carrito_controller.php(21): CodeIgniter\Autoloader\Autoloader->loadClass('App\\Models\\producto_Model')
 5 SYSTEMPATH\CodeIgniter.php(915): App\Controllers\carrito_controller->__construct()
 6 SYSTEMPATH\CodeIgniter.php(494): CodeIgniter\CodeIgniter->createController()
 7 SYSTEMPATH\CodeIgniter.php(361): CodeIgniter\CodeIgniter->handleRequest(null, Object(Config\Cache), false)
 8 FCPATH\index.php(79): CodeIgniter\CodeIgniter->run()
WARNING - 2026-03-02 21:19:00 --> [DEPRECATED] Optional parameter $talles declared before required parameter $buscar is implicitly treated as a required parameter in APPPATH\Models\producto_Model.php on line 0.
 1 SYSTEMPATH\Autoloader\Autoloader.php(311): include_once('C:\\xampp\\htdocs\\proyecto_espinola_emilia\\system\\Debug\\Exceptions.php')
 2 SYSTEMPATH\Autoloader\Autoloader.php(290): CodeIgniter\Autoloader\Autoloader->includeFile('C:\\xampp\\htdocs\\proyecto_espinola_emilia\\app\\Models\\producto_Model.php')
 3 SYSTEMPATH\Autoloader\Autoloader.php(266): CodeIgniter\Autoloader\Autoloader->loadInNamespace('App\\Models\\producto_Model')
 4 APPPATH\Controllers\carrito_controller.php(21): CodeIgniter\Autoloader\Autoloader->loadClass('App\\Models\\producto_Model')
 5 SYSTEMPATH\CodeIgniter.php(915): App\Controllers\carrito_controller->__construct()
 6 SYSTEMPATH\CodeIgniter.php(494): CodeIgniter\CodeIgniter->createController()
 7 SYSTEMPATH\CodeIgniter.php(361): CodeIgniter\CodeIgniter->handleRequest(null, Object(Config\Cache), false)
 8 FCPATH\index.php(79): CodeIgniter\CodeIgniter->run()
WARNING - 2026-03-02 21:19:00 --> [DEPRECATED] Optional parameter $categoria_id declared before required parameter $buscar is implicitly treated as a required parameter in APPPATH\Models\producto_Model.php on line 0.
 1 SYSTEMPATH\Autoloader\Autoloader.php(311): include_once('C:\\xampp\\htdocs\\proyecto_espinola_emilia\\system\\Debug\\Exceptions.php')
 2 SYSTEMPATH\Autoloader\Autoloader.php(290): CodeIgniter\Autoloader\Autoloader->includeFile('C:\\xampp\\htdocs\\proyecto_espinola_emilia\\app\\Models\\producto_Model.php')
 3 SYSTEMPATH\Autoloader\Autoloader.php(266): CodeIgniter\Autoloader\Autoloader->loadInNamespace('App\\Models\\producto_Model')
 4 APPPATH\Controllers\carrito_controller.php(21): CodeIgniter\Autoloader\Autoloader->loadClass('App\\Models\\producto_Model')
 5 SYSTEMPATH\CodeIgniter.php(915): App\Controllers\carrito_controller->__construct()
 6 SYSTEMPATH\CodeIgniter.php(494): CodeIgniter\CodeIgniter->createController()
 7 SYSTEMPATH\CodeIgniter.php(361): CodeIgniter\CodeIgniter->handleRequest(null, Object(Config\Cache), false)
 8 FCPATH\index.php(79): CodeIgniter\CodeIgniter->run()
INFO - 2026-03-02 21:19:00 --> Session: Class initialized using 'CodeIgniter\Session\Handlers\FileHandler' driver.
WARNING - 2026-03-02 21:19:02 --> [DEPRECATED] Optional parameter $colores declared before required parameter $buscar is implicitly treated as a required parameter in APPPATH\Models\producto_Model.php on line 76.
 1 SYSTEMPATH\Autoloader\Autoloader.php(311): include_once('C:\\xampp\\htdocs\\proyecto_espinola_emilia\\system\\Debug\\Exceptions.php')
 2 SYSTEMPATH\Autoloader\Autoloader.php(290): CodeIgniter\Autoloader\Autoloader->includeFile('C:\\xampp\\htdocs\\proyecto_espinola_emilia\\app\\Models\\producto_Model.php')
 3 SYSTEMPATH\Autoloader\Autoloader.php(266): CodeIgniter\Autoloader\Autoloader->loadInNamespace('App\\Models\\producto_Model')
 4 APPPATH\Controllers\ventas_controller.php(23): CodeIgniter\Autoloader\Autoloader->loadClass('App\\Models\\producto_Model')
 5 SYSTEMPATH\CodeIgniter.php(915): App\Controllers\ventas_controller->__construct()
 6 SYSTEMPATH\CodeIgniter.php(494): CodeIgniter\CodeIgniter->createController()
 7 SYSTEMPATH\CodeIgniter.php(361): CodeIgniter\CodeIgniter->handleRequest(null, Object(Config\Cache), false)
 8 FCPATH\index.php(79): CodeIgniter\CodeIgniter->run()
WARNING - 2026-03-02 21:19:02 --> [DEPRECATED] Optional parameter $talles declared before required parameter $buscar is implicitly treated as a required parameter in APPPATH\Models\producto_Model.php on line 0.
 1 SYSTEMPATH\Autoloader\Autoloader.php(311): include_once('C:\\xampp\\htdocs\\proyecto_espinola_emilia\\system\\Debug\\Exceptions.php')
 2 SYSTEMPATH\Autoloader\Autoloader.php(290): CodeIgniter\Autoloader\Autoloader->includeFile('C:\\xampp\\htdocs\\proyecto_espinola_emilia\\app\\Models\\producto_Model.php')
 3 SYSTEMPATH\Autoloader\Autoloader.php(266): CodeIgniter\Autoloader\Autoloader->loadInNamespace('App\\Models\\producto_Model')
 4 APPPATH\Controllers\ventas_controller.php(23): CodeIgniter\Autoloader\Autoloader->loadClass('App\\Models\\producto_Model')
 5 SYSTEMPATH\CodeIgniter.php(915): App\Controllers\ventas_controller->__construct()
 6 SYSTEMPATH\CodeIgniter.php(494): CodeIgniter\CodeIgniter->createController()
 7 SYSTEMPATH\CodeIgniter.php(361): CodeIgniter\CodeIgniter->handleRequest(null, Object(Config\Cache), false)
 8 FCPATH\index.php(79): CodeIgniter\CodeIgniter->run()
WARNING - 2026-03-02 21:19:02 --> [DEPRECATED] Optional parameter $categoria_id declared before required parameter $buscar is implicitly treated as a required parameter in APPPATH\Models\producto_Model.php on line 0.
 1 SYSTEMPATH\Autoloader\Autoloader.php(311): include_once('C:\\xampp\\htdocs\\proyecto_espinola_emilia\\system\\Debug\\Exceptions.php')
 2 SYSTEMPATH\Autoloader\Autoloader.php(290): CodeIgniter\Autoloader\Autoloader->includeFile('C:\\xampp\\htdocs\\proyecto_espinola_emilia\\app\\Models\\producto_Model.php')
 3 SYSTEMPATH\Autoloader\Autoloader.php(266): CodeIgniter\Autoloader\Autoloader->loadInNamespace('App\\Models\\producto_Model')
 4 APPPATH\Controllers\ventas_controller.php(23): CodeIgniter\Autoloader\Autoloader->loadClass('App\\Models\\producto_Model')
 5 SYSTEMPATH\CodeIgniter.php(915): App\Controllers\ventas_controller->__construct()
 6 SYSTEMPATH\CodeIgniter.php(494): CodeIgniter\CodeIgniter->createController()
 7 SYSTEMPATH\CodeIgniter.php(361): CodeIgniter\CodeIgniter->handleRequest(null, Object(Config\Cache), false)
 8 FCPATH\index.php(79): CodeIgniter\CodeIgniter->run()
WARNING - 2026-03-02 21:19:02 --> [DEPRECATED] Creation of dynamic property App\Controllers\ventas_controller::$productosDetalle is deprecated in APPPATH\Controllers\ventas_controller.php on line 24.
 1 SYSTEMPATH\CodeIgniter.php(915): App\Controllers\ventas_controller->__construct()
 2 SYSTEMPATH\CodeIgniter.php(494): CodeIgniter\CodeIgniter->createController()
 3 SYSTEMPATH\CodeIgniter.php(361): CodeIgniter\CodeIgniter->handleRequest(null, Object(Config\Cache), false)
 4 FCPATH\index.php(79): CodeIgniter\CodeIgniter->run()
INFO - 2026-03-02 21:19:02 --> Session: Class initialized using 'CodeIgniter\Session\Handlers\FileHandler' driver.
WARNING - 2026-03-02 21:24:52 --> [DEPRECATED] Optional parameter $colores declared before required parameter $buscar is implicitly treated as a required parameter in APPPATH\Models\producto_Model.php on line 76.
 1 SYSTEMPATH\Autoloader\Autoloader.php(311): include_once('C:\\xampp\\htdocs\\proyecto_espinola_emilia\\system\\Debug\\Exceptions.php')
 2 SYSTEMPATH\Autoloader\Autoloader.php(290): CodeIgniter\Autoloader\Autoloader->includeFile('C:\\xampp\\htdocs\\proyecto_espinola_emilia\\app\\Models\\producto_Model.php')
 3 SYSTEMPATH\Autoloader\Autoloader.php(266): CodeIgniter\Autoloader\Autoloader->loadInNamespace('App\\Models\\producto_Model')
 4 APPPATH\Controllers\carrito_controller.php(21): CodeIgniter\Autoloader\Autoloader->loadClass('App\\Models\\producto_Model')
 5 SYSTEMPATH\CodeIgniter.php(915): App\Controllers\carrito_controller->__construct()
 6 SYSTEMPATH\CodeIgniter.php(494): CodeIgniter\CodeIgniter->createController()
 7 SYSTEMPATH\CodeIgniter.php(361): CodeIgniter\CodeIgniter->handleRequest(null, Object(Config\Cache), false)
 8 FCPATH\index.php(79): CodeIgniter\CodeIgniter->run()
WARNING - 2026-03-02 21:24:52 --> [DEPRECATED] Optional parameter $talles declared before required parameter $buscar is implicitly treated as a required parameter in APPPATH\Models\producto_Model.php on line 0.
 1 SYSTEMPATH\Autoloader\Autoloader.php(311): include_once('C:\\xampp\\htdocs\\proyecto_espinola_emilia\\system\\Debug\\Exceptions.php')
 2 SYSTEMPATH\Autoloader\Autoloader.php(290): CodeIgniter\Autoloader\Autoloader->includeFile('C:\\xampp\\htdocs\\proyecto_espinola_emilia\\app\\Models\\producto_Model.php')
 3 SYSTEMPATH\Autoloader\Autoloader.php(266): CodeIgniter\Autoloader\Autoloader->loadInNamespace('App\\Models\\producto_Model')
 4 APPPATH\Controllers\carrito_controller.php(21): CodeIgniter\Autoloader\Autoloader->loadClass('App\\Models\\producto_Model')
 5 SYSTEMPATH\CodeIgniter.php(915): App\Controllers\carrito_controller->__construct()
 6 SYSTEMPATH\CodeIgniter.php(494): CodeIgniter\CodeIgniter->createController()
 7 SYSTEMPATH\CodeIgniter.php(361): CodeIgniter\CodeIgniter->handleRequest(null, Object(Config\Cache), false)
 8 FCPATH\index.php(79): CodeIgniter\CodeIgniter->run()
WARNING - 2026-03-02 21:24:52 --> [DEPRECATED] Optional parameter $categoria_id declared before required parameter $buscar is implicitly treated as a required parameter in APPPATH\Models\producto_Model.php on line 0.
 1 SYSTEMPATH\Autoloader\Autoloader.php(311): include_once('C:\\xampp\\htdocs\\proyecto_espinola_emilia\\system\\Debug\\Exceptions.php')
 2 SYSTEMPATH\Autoloader\Autoloader.php(290): CodeIgniter\Autoloader\Autoloader->includeFile('C:\\xampp\\htdocs\\proyecto_espinola_emilia\\app\\Models\\producto_Model.php')
 3 SYSTEMPATH\Autoloader\Autoloader.php(266): CodeIgniter\Autoloader\Autoloader->loadInNamespace('App\\Models\\producto_Model')
 4 APPPATH\Controllers\carrito_controller.php(21): CodeIgniter\Autoloader\Autoloader->loadClass('App\\Models\\producto_Model')
 5 SYSTEMPATH\CodeIgniter.php(915): App\Controllers\carrito_controller->__construct()
 6 SYSTEMPATH\CodeIgniter.php(494): CodeIgniter\CodeIgniter->createController()
 7 SYSTEMPATH\CodeIgniter.php(361): CodeIgniter\CodeIgniter->handleRequest(null, Object(Config\Cache), false)
 8 FCPATH\index.php(79): CodeIgniter\CodeIgniter->run()
INFO - 2026-03-02 21:24:52 --> Session: Class initialized using 'CodeIgniter\Session\Handlers\FileHandler' driver.
WARNING - 2026-03-02 21:24:54 --> [DEPRECATED] Optional parameter $colores declared before required parameter $buscar is implicitly treated as a required parameter in APPPATH\Models\producto_Model.php on line 76.
 1 SYSTEMPATH\Autoloader\Autoloader.php(311): include_once('C:\\xampp\\htdocs\\proyecto_espinola_emilia\\system\\Debug\\Exceptions.php')
 2 SYSTEMPATH\Autoloader\Autoloader.php(290): CodeIgniter\Autoloader\Autoloader->includeFile('C:\\xampp\\htdocs\\proyecto_espinola_emilia\\app\\Models\\producto_Model.php')
 3 SYSTEMPATH\Autoloader\Autoloader.php(266): CodeIgniter\Autoloader\Autoloader->loadInNamespace('App\\Models\\producto_Model')
 4 APPPATH\Controllers\carrito_controller.php(21): CodeIgniter\Autoloader\Autoloader->loadClass('App\\Models\\producto_Model')
 5 SYSTEMPATH\CodeIgniter.php(915): App\Controllers\carrito_controller->__construct()
 6 SYSTEMPATH\CodeIgniter.php(494): CodeIgniter\CodeIgniter->createController()
 7 SYSTEMPATH\CodeIgniter.php(361): CodeIgniter\CodeIgniter->handleRequest(null, Object(Config\Cache), false)
 8 FCPATH\index.php(79): CodeIgniter\CodeIgniter->run()
WARNING - 2026-03-02 21:24:54 --> [DEPRECATED] Optional parameter $talles declared before required parameter $buscar is implicitly treated as a required parameter in APPPATH\Models\producto_Model.php on line 0.
 1 SYSTEMPATH\Autoloader\Autoloader.php(311): include_once('C:\\xampp\\htdocs\\proyecto_espinola_emilia\\system\\Debug\\Exceptions.php')
 2 SYSTEMPATH\Autoloader\Autoloader.php(290): CodeIgniter\Autoloader\Autoloader->includeFile('C:\\xampp\\htdocs\\proyecto_espinola_emilia\\app\\Models\\producto_Model.php')
 3 SYSTEMPATH\Autoloader\Autoloader.php(266): CodeIgniter\Autoloader\Autoloader->loadInNamespace('App\\Models\\producto_Model')
 4 APPPATH\Controllers\carrito_controller.php(21): CodeIgniter\Autoloader\Autoloader->loadClass('App\\Models\\producto_Model')
 5 SYSTEMPATH\CodeIgniter.php(915): App\Controllers\carrito_controller->__construct()
 6 SYSTEMPATH\CodeIgniter.php(494): CodeIgniter\CodeIgniter->createController()
 7 SYSTEMPATH\CodeIgniter.php(361): CodeIgniter\CodeIgniter->handleRequest(null, Object(Config\Cache), false)
 8 FCPATH\index.php(79): CodeIgniter\CodeIgniter->run()
WARNING - 2026-03-02 21:24:54 --> [DEPRECATED] Optional parameter $categoria_id declared before required parameter $buscar is implicitly treated as a required parameter in APPPATH\Models\producto_Model.php on line 0.
 1 SYSTEMPATH\Autoloader\Autoloader.php(311): include_once('C:\\xampp\\htdocs\\proyecto_espinola_emilia\\system\\Debug\\Exceptions.php')
 2 SYSTEMPATH\Autoloader\Autoloader.php(290): CodeIgniter\Autoloader\Autoloader->includeFile('C:\\xampp\\htdocs\\proyecto_espinola_emilia\\app\\Models\\producto_Model.php')
 3 SYSTEMPATH\Autoloader\Autoloader.php(266): CodeIgniter\Autoloader\Autoloader->loadInNamespace('App\\Models\\producto_Model')
 4 APPPATH\Controllers\carrito_controller.php(21): CodeIgniter\Autoloader\Autoloader->loadClass('App\\Models\\producto_Model')
 5 SYSTEMPATH\CodeIgniter.php(915): App\Controllers\carrito_controller->__construct()
 6 SYSTEMPATH\CodeIgniter.php(494): CodeIgniter\CodeIgniter->createController()
 7 SYSTEMPATH\CodeIgniter.php(361): CodeIgniter\CodeIgniter->handleRequest(null, Object(Config\Cache), false)
 8 FCPATH\index.php(79): CodeIgniter\CodeIgniter->run()
INFO - 2026-03-02 21:24:54 --> Session: Class initialized using 'CodeIgniter\Session\Handlers\FileHandler' driver.
WARNING - 2026-03-02 21:24:54 --> [DEPRECATED] Optional parameter $colores declared before required parameter $buscar is implicitly treated as a required parameter in APPPATH\Models\producto_Model.php on line 76.
 1 SYSTEMPATH\Autoloader\Autoloader.php(311): include_once('C:\\xampp\\htdocs\\proyecto_espinola_emilia\\system\\Debug\\Exceptions.php')
 2 SYSTEMPATH\Autoloader\Autoloader.php(290): CodeIgniter\Autoloader\Autoloader->includeFile('C:\\xampp\\htdocs\\proyecto_espinola_emilia\\app\\Models\\producto_Model.php')
 3 SYSTEMPATH\Autoloader\Autoloader.php(266): CodeIgniter\Autoloader\Autoloader->loadInNamespace('App\\Models\\producto_Model')
 4 APPPATH\Controllers\carrito_controller.php(21): CodeIgniter\Autoloader\Autoloader->loadClass('App\\Models\\producto_Model')
 5 SYSTEMPATH\CodeIgniter.php(915): App\Controllers\carrito_controller->__construct()
 6 SYSTEMPATH\CodeIgniter.php(494): CodeIgniter\CodeIgniter->createController()
 7 SYSTEMPATH\CodeIgniter.php(361): CodeIgniter\CodeIgniter->handleRequest(null, Object(Config\Cache), false)
 8 FCPATH\index.php(79): CodeIgniter\CodeIgniter->run()
WARNING - 2026-03-02 21:24:54 --> [DEPRECATED] Optional parameter $talles declared before required parameter $buscar is implicitly treated as a required parameter in APPPATH\Models\producto_Model.php on line 0.
 1 SYSTEMPATH\Autoloader\Autoloader.php(311): include_once('C:\\xampp\\htdocs\\proyecto_espinola_emilia\\system\\Debug\\Exceptions.php')
 2 SYSTEMPATH\Autoloader\Autoloader.php(290): CodeIgniter\Autoloader\Autoloader->includeFile('C:\\xampp\\htdocs\\proyecto_espinola_emilia\\app\\Models\\producto_Model.php')
 3 SYSTEMPATH\Autoloader\Autoloader.php(266): CodeIgniter\Autoloader\Autoloader->loadInNamespace('App\\Models\\producto_Model')
 4 APPPATH\Controllers\carrito_controller.php(21): CodeIgniter\Autoloader\Autoloader->loadClass('App\\Models\\producto_Model')
 5 SYSTEMPATH\CodeIgniter.php(915): App\Controllers\carrito_controller->__construct()
 6 SYSTEMPATH\CodeIgniter.php(494): CodeIgniter\CodeIgniter->createController()
 7 SYSTEMPATH\CodeIgniter.php(361): CodeIgniter\CodeIgniter->handleRequest(null, Object(Config\Cache), false)
 8 FCPATH\index.php(79): CodeIgniter\CodeIgniter->run()
WARNING - 2026-03-02 21:24:54 --> [DEPRECATED] Optional parameter $categoria_id declared before required parameter $buscar is implicitly treated as a required parameter in APPPATH\Models\producto_Model.php on line 0.
 1 SYSTEMPATH\Autoloader\Autoloader.php(311): include_once('C:\\xampp\\htdocs\\proyecto_espinola_emilia\\system\\Debug\\Exceptions.php')
 2 SYSTEMPATH\Autoloader\Autoloader.php(290): CodeIgniter\Autoloader\Autoloader->includeFile('C:\\xampp\\htdocs\\proyecto_espinola_emilia\\app\\Models\\producto_Model.php')
 3 SYSTEMPATH\Autoloader\Autoloader.php(266): CodeIgniter\Autoloader\Autoloader->loadInNamespace('App\\Models\\producto_Model')
 4 APPPATH\Controllers\carrito_controller.php(21): CodeIgniter\Autoloader\Autoloader->loadClass('App\\Models\\producto_Model')
 5 SYSTEMPATH\CodeIgniter.php(915): App\Controllers\carrito_controller->__construct()
 6 SYSTEMPATH\CodeIgniter.php(494): CodeIgniter\CodeIgniter->createController()
 7 SYSTEMPATH\CodeIgniter.php(361): CodeIgniter\CodeIgniter->handleRequest(null, Object(Config\Cache), false)
 8 FCPATH\index.php(79): CodeIgniter\CodeIgniter->run()
INFO - 2026-03-02 21:24:54 --> Session: Class initialized using 'CodeIgniter\Session\Handlers\FileHandler' driver.
WARNING - 2026-03-02 21:24:54 --> [DEPRECATED] Optional parameter $colores declared before required parameter $buscar is implicitly treated as a required parameter in APPPATH\Models\producto_Model.php on line 76.
 1 SYSTEMPATH\Autoloader\Autoloader.php(311): include_once('C:\\xampp\\htdocs\\proyecto_espinola_emilia\\system\\Debug\\Exceptions.php')
 2 SYSTEMPATH\Autoloader\Autoloader.php(290): CodeIgniter\Autoloader\Autoloader->includeFile('C:\\xampp\\htdocs\\proyecto_espinola_emilia\\app\\Models\\producto_Model.php')
 3 SYSTEMPATH\Autoloader\Autoloader.php(266): CodeIgniter\Autoloader\Autoloader->loadInNamespace('App\\Models\\producto_Model')
 4 APPPATH\Controllers\carrito_controller.php(21): CodeIgniter\Autoloader\Autoloader->loadClass('App\\Models\\producto_Model')
 5 SYSTEMPATH\CodeIgniter.php(915): App\Controllers\carrito_controller->__construct()
 6 SYSTEMPATH\CodeIgniter.php(494): CodeIgniter\CodeIgniter->createController()
 7 SYSTEMPATH\CodeIgniter.php(361): CodeIgniter\CodeIgniter->handleRequest(null, Object(Config\Cache), false)
 8 FCPATH\index.php(79): CodeIgniter\CodeIgniter->run()
WARNING - 2026-03-02 21:24:54 --> [DEPRECATED] Optional parameter $talles declared before required parameter $buscar is implicitly treated as a required parameter in APPPATH\Models\producto_Model.php on line 0.
 1 SYSTEMPATH\Autoloader\Autoloader.php(311): include_once('C:\\xampp\\htdocs\\proyecto_espinola_emilia\\system\\Debug\\Exceptions.php')
 2 SYSTEMPATH\Autoloader\Autoloader.php(290): CodeIgniter\Autoloader\Autoloader->includeFile('C:\\xampp\\htdocs\\proyecto_espinola_emilia\\app\\Models\\producto_Model.php')
 3 SYSTEMPATH\Autoloader\Autoloader.php(266): CodeIgniter\Autoloader\Autoloader->loadInNamespace('App\\Models\\producto_Model')
 4 APPPATH\Controllers\carrito_controller.php(21): CodeIgniter\Autoloader\Autoloader->loadClass('App\\Models\\producto_Model')
 5 SYSTEMPATH\CodeIgniter.php(915): App\Controllers\carrito_controller->__construct()
 6 SYSTEMPATH\CodeIgniter.php(494): CodeIgniter\CodeIgniter->createController()
 7 SYSTEMPATH\CodeIgniter.php(361): CodeIgniter\CodeIgniter->handleRequest(null, Object(Config\Cache), false)
 8 FCPATH\index.php(79): CodeIgniter\CodeIgniter->run()
WARNING - 2026-03-02 21:24:54 --> [DEPRECATED] Optional parameter $categoria_id declared before required parameter $buscar is implicitly treated as a required parameter in APPPATH\Models\producto_Model.php on line 0.
 1 SYSTEMPATH\Autoloader\Autoloader.php(311): include_once('C:\\xampp\\htdocs\\proyecto_espinola_emilia\\system\\Debug\\Exceptions.php')
 2 SYSTEMPATH\Autoloader\Autoloader.php(290): CodeIgniter\Autoloader\Autoloader->includeFile('C:\\xampp\\htdocs\\proyecto_espinola_emilia\\app\\Models\\producto_Model.php')
 3 SYSTEMPATH\Autoloader\Autoloader.php(266): CodeIgniter\Autoloader\Autoloader->loadInNamespace('App\\Models\\producto_Model')
 4 APPPATH\Controllers\carrito_controller.php(21): CodeIgniter\Autoloader\Autoloader->loadClass('App\\Models\\producto_Model')
 5 SYSTEMPATH\CodeIgniter.php(915): App\Controllers\carrito_controller->__construct()
 6 SYSTEMPATH\CodeIgniter.php(494): CodeIgniter\CodeIgniter->createController()
 7 SYSTEMPATH\CodeIgniter.php(361): CodeIgniter\CodeIgniter->handleRequest(null, Object(Config\Cache), false)
 8 FCPATH\index.php(79): CodeIgniter\CodeIgniter->run()
INFO - 2026-03-02 21:24:54 --> Session: Class initialized using 'CodeIgniter\Session\Handlers\FileHandler' driver.
WARNING - 2026-03-02 21:24:55 --> [DEPRECATED] Optional parameter $colores declared before required parameter $buscar is implicitly treated as a required parameter in APPPATH\Models\producto_Model.php on line 76.
 1 SYSTEMPATH\Autoloader\Autoloader.php(311): include_once('C:\\xampp\\htdocs\\proyecto_espinola_emilia\\system\\Debug\\Exceptions.php')
 2 SYSTEMPATH\Autoloader\Autoloader.php(290): CodeIgniter\Autoloader\Autoloader->includeFile('C:\\xampp\\htdocs\\proyecto_espinola_emilia\\app\\Models\\producto_Model.php')
 3 SYSTEMPATH\Autoloader\Autoloader.php(266): CodeIgniter\Autoloader\Autoloader->loadInNamespace('App\\Models\\producto_Model')
 4 APPPATH\Controllers\carrito_controller.php(21): CodeIgniter\Autoloader\Autoloader->loadClass('App\\Models\\producto_Model')
 5 SYSTEMPATH\CodeIgniter.php(915): App\Controllers\carrito_controller->__construct()
 6 SYSTEMPATH\CodeIgniter.php(494): CodeIgniter\CodeIgniter->createController()
 7 SYSTEMPATH\CodeIgniter.php(361): CodeIgniter\CodeIgniter->handleRequest(null, Object(Config\Cache), false)
 8 FCPATH\index.php(79): CodeIgniter\CodeIgniter->run()
WARNING - 2026-03-02 21:24:55 --> [DEPRECATED] Optional parameter $talles declared before required parameter $buscar is implicitly treated as a required parameter in APPPATH\Models\producto_Model.php on line 0.
 1 SYSTEMPATH\Autoloader\Autoloader.php(311): include_once('C:\\xampp\\htdocs\\proyecto_espinola_emilia\\system\\Debug\\Exceptions.php')
 2 SYSTEMPATH\Autoloader\Autoloader.php(290): CodeIgniter\Autoloader\Autoloader->includeFile('C:\\xampp\\htdocs\\proyecto_espinola_emilia\\app\\Models\\producto_Model.php')
 3 SYSTEMPATH\Autoloader\Autoloader.php(266): CodeIgniter\Autoloader\Autoloader->loadInNamespace('App\\Models\\producto_Model')
 4 APPPATH\Controllers\carrito_controller.php(21): CodeIgniter\Autoloader\Autoloader->loadClass('App\\Models\\producto_Model')
 5 SYSTEMPATH\CodeIgniter.php(915): App\Controllers\carrito_controller->__construct()
 6 SYSTEMPATH\CodeIgniter.php(494): CodeIgniter\CodeIgniter->createController()
 7 SYSTEMPATH\CodeIgniter.php(361): CodeIgniter\CodeIgniter->handleRequest(null, Object(Config\Cache), false)
 8 FCPATH\index.php(79): CodeIgniter\CodeIgniter->run()
WARNING - 2026-03-02 21:24:55 --> [DEPRECATED] Optional parameter $categoria_id declared before required parameter $buscar is implicitly treated as a required parameter in APPPATH\Models\producto_Model.php on line 0.
 1 SYSTEMPATH\Autoloader\Autoloader.php(311): include_once('C:\\xampp\\htdocs\\proyecto_espinola_emilia\\system\\Debug\\Exceptions.php')
 2 SYSTEMPATH\Autoloader\Autoloader.php(290): CodeIgniter\Autoloader\Autoloader->includeFile('C:\\xampp\\htdocs\\proyecto_espinola_emilia\\app\\Models\\producto_Model.php')
 3 SYSTEMPATH\Autoloader\Autoloader.php(266): CodeIgniter\Autoloader\Autoloader->loadInNamespace('App\\Models\\producto_Model')
 4 APPPATH\Controllers\carrito_controller.php(21): CodeIgniter\Autoloader\Autoloader->loadClass('App\\Models\\producto_Model')
 5 SYSTEMPATH\CodeIgniter.php(915): App\Controllers\carrito_controller->__construct()
 6 SYSTEMPATH\CodeIgniter.php(494): CodeIgniter\CodeIgniter->createController()
 7 SYSTEMPATH\CodeIgniter.php(361): CodeIgniter\CodeIgniter->handleRequest(null, Object(Config\Cache), false)
 8 FCPATH\index.php(79): CodeIgniter\CodeIgniter->run()
INFO - 2026-03-02 21:24:55 --> Session: Class initialized using 'CodeIgniter\Session\Handlers\FileHandler' driver.
WARNING - 2026-03-02 21:24:55 --> [DEPRECATED] Optional parameter $colores declared before required parameter $buscar is implicitly treated as a required parameter in APPPATH\Models\producto_Model.php on line 76.
 1 SYSTEMPATH\Autoloader\Autoloader.php(311): include_once('C:\\xampp\\htdocs\\proyecto_espinola_emilia\\system\\Debug\\Exceptions.php')
 2 SYSTEMPATH\Autoloader\Autoloader.php(290): CodeIgniter\Autoloader\Autoloader->includeFile('C:\\xampp\\htdocs\\proyecto_espinola_emilia\\app\\Models\\producto_Model.php')
 3 SYSTEMPATH\Autoloader\Autoloader.php(266): CodeIgniter\Autoloader\Autoloader->loadInNamespace('App\\Models\\producto_Model')
 4 APPPATH\Controllers\carrito_controller.php(21): CodeIgniter\Autoloader\Autoloader->loadClass('App\\Models\\producto_Model')
 5 SYSTEMPATH\CodeIgniter.php(915): App\Controllers\carrito_controller->__construct()
 6 SYSTEMPATH\CodeIgniter.php(494): CodeIgniter\CodeIgniter->createController()
 7 SYSTEMPATH\CodeIgniter.php(361): CodeIgniter\CodeIgniter->handleRequest(null, Object(Config\Cache), false)
 8 FCPATH\index.php(79): CodeIgniter\CodeIgniter->run()
WARNING - 2026-03-02 21:24:55 --> [DEPRECATED] Optional parameter $talles declared before required parameter $buscar is implicitly treated as a required parameter in APPPATH\Models\producto_Model.php on line 0.
 1 SYSTEMPATH\Autoloader\Autoloader.php(311): include_once('C:\\xampp\\htdocs\\proyecto_espinola_emilia\\system\\Debug\\Exceptions.php')
 2 SYSTEMPATH\Autoloader\Autoloader.php(290): CodeIgniter\Autoloader\Autoloader->includeFile('C:\\xampp\\htdocs\\proyecto_espinola_emilia\\app\\Models\\producto_Model.php')
 3 SYSTEMPATH\Autoloader\Autoloader.php(266): CodeIgniter\Autoloader\Autoloader->loadInNamespace('App\\Models\\producto_Model')
 4 APPPATH\Controllers\carrito_controller.php(21): CodeIgniter\Autoloader\Autoloader->loadClass('App\\Models\\producto_Model')
 5 SYSTEMPATH\CodeIgniter.php(915): App\Controllers\carrito_controller->__construct()
 6 SYSTEMPATH\CodeIgniter.php(494): CodeIgniter\CodeIgniter->createController()
 7 SYSTEMPATH\CodeIgniter.php(361): CodeIgniter\CodeIgniter->handleRequest(null, Object(Config\Cache), false)
 8 FCPATH\index.php(79): CodeIgniter\CodeIgniter->run()
WARNING - 2026-03-02 21:24:55 --> [DEPRECATED] Optional parameter $categoria_id declared before required parameter $buscar is implicitly treated as a required parameter in APPPATH\Models\producto_Model.php on line 0.
 1 SYSTEMPATH\Autoloader\Autoloader.php(311): include_once('C:\\xampp\\htdocs\\proyecto_espinola_emilia\\system\\Debug\\Exceptions.php')
 2 SYSTEMPATH\Autoloader\Autoloader.php(290): CodeIgniter\Autoloader\Autoloader->includeFile('C:\\xampp\\htdocs\\proyecto_espinola_emilia\\app\\Models\\producto_Model.php')
 3 SYSTEMPATH\Autoloader\Autoloader.php(266): CodeIgniter\Autoloader\Autoloader->loadInNamespace('App\\Models\\producto_Model')
 4 APPPATH\Controllers\carrito_controller.php(21): CodeIgniter\Autoloader\Autoloader->loadClass('App\\Models\\producto_Model')
 5 SYSTEMPATH\CodeIgniter.php(915): App\Controllers\carrito_controller->__construct()
 6 SYSTEMPATH\CodeIgniter.php(494): CodeIgniter\CodeIgniter->createController()
 7 SYSTEMPATH\CodeIgniter.php(361): CodeIgniter\CodeIgniter->handleRequest(null, Object(Config\Cache), false)
 8 FCPATH\index.php(79): CodeIgniter\CodeIgniter->run()
INFO - 2026-03-02 21:24:55 --> Session: Class initialized using 'CodeIgniter\Session\Handlers\FileHandler' driver.
WARNING - 2026-03-02 21:24:56 --> [DEPRECATED] Optional parameter $colores declared before required parameter $buscar is implicitly treated as a required parameter in APPPATH\Models\producto_Model.php on line 76.
 1 SYSTEMPATH\Autoloader\Autoloader.php(311): include_once('C:\\xampp\\htdocs\\proyecto_espinola_emilia\\system\\Debug\\Exceptions.php')
 2 SYSTEMPATH\Autoloader\Autoloader.php(290): CodeIgniter\Autoloader\Autoloader->includeFile('C:\\xampp\\htdocs\\proyecto_espinola_emilia\\app\\Models\\producto_Model.php')
 3 SYSTEMPATH\Autoloader\Autoloader.php(266): CodeIgniter\Autoloader\Autoloader->loadInNamespace('App\\Models\\producto_Model')
 4 APPPATH\Controllers\carrito_controller.php(21): CodeIgniter\Autoloader\Autoloader->loadClass('App\\Models\\producto_Model')
 5 SYSTEMPATH\CodeIgniter.php(915): App\Controllers\carrito_controller->__construct()
 6 SYSTEMPATH\CodeIgniter.php(494): CodeIgniter\CodeIgniter->createController()
 7 SYSTEMPATH\CodeIgniter.php(361): CodeIgniter\CodeIgniter->handleRequest(null, Object(Config\Cache), false)
 8 FCPATH\index.php(79): CodeIgniter\CodeIgniter->run()
WARNING - 2026-03-02 21:24:56 --> [DEPRECATED] Optional parameter $talles declared before required parameter $buscar is implicitly treated as a required parameter in APPPATH\Models\producto_Model.php on line 0.
 1 SYSTEMPATH\Autoloader\Autoloader.php(311): include_once('C:\\xampp\\htdocs\\proyecto_espinola_emilia\\system\\Debug\\Exceptions.php')
 2 SYSTEMPATH\Autoloader\Autoloader.php(290): CodeIgniter\Autoloader\Autoloader->includeFile('C:\\xampp\\htdocs\\proyecto_espinola_emilia\\app\\Models\\producto_Model.php')
 3 SYSTEMPATH\Autoloader\Autoloader.php(266): CodeIgniter\Autoloader\Autoloader->loadInNamespace('App\\Models\\producto_Model')
 4 APPPATH\Controllers\carrito_controller.php(21): CodeIgniter\Autoloader\Autoloader->loadClass('App\\Models\\producto_Model')
 5 SYSTEMPATH\CodeIgniter.php(915): App\Controllers\carrito_controller->__construct()
 6 SYSTEMPATH\CodeIgniter.php(494): CodeIgniter\CodeIgniter->createController()
 7 SYSTEMPATH\CodeIgniter.php(361): CodeIgniter\CodeIgniter->handleRequest(null, Object(Config\Cache), false)
 8 FCPATH\index.php(79): CodeIgniter\CodeIgniter->run()
WARNING - 2026-03-02 21:24:56 --> [DEPRECATED] Optional parameter $categoria_id declared before required parameter $buscar is implicitly treated as a required parameter in APPPATH\Models\producto_Model.php on line 0.
 1 SYSTEMPATH\Autoloader\Autoloader.php(311): include_once('C:\\xampp\\htdocs\\proyecto_espinola_emilia\\system\\Debug\\Exceptions.php')
 2 SYSTEMPATH\Autoloader\Autoloader.php(290): CodeIgniter\Autoloader\Autoloader->includeFile('C:\\xampp\\htdocs\\proyecto_espinola_emilia\\app\\Models\\producto_Model.php')
 3 SYSTEMPATH\Autoloader\Autoloader.php(266): CodeIgniter\Autoloader\Autoloader->loadInNamespace('App\\Models\\producto_Model')
 4 APPPATH\Controllers\carrito_controller.php(21): CodeIgniter\Autoloader\Autoloader->loadClass('App\\Models\\producto_Model')
 5 SYSTEMPATH\CodeIgniter.php(915): App\Controllers\carrito_controller->__construct()
 6 SYSTEMPATH\CodeIgniter.php(494): CodeIgniter\CodeIgniter->createController()
 7 SYSTEMPATH\CodeIgniter.php(361): CodeIgniter\CodeIgniter->handleRequest(null, Object(Config\Cache), false)
 8 FCPATH\index.php(79): CodeIgniter\CodeIgniter->run()
INFO - 2026-03-02 21:24:56 --> Session: Class initialized using 'CodeIgniter\Session\Handlers\FileHandler' driver.
WARNING - 2026-03-02 21:24:56 --> [DEPRECATED] Optional parameter $colores declared before required parameter $buscar is implicitly treated as a required parameter in APPPATH\Models\producto_Model.php on line 76.
 1 SYSTEMPATH\Autoloader\Autoloader.php(311): include_once('C:\\xampp\\htdocs\\proyecto_espinola_emilia\\system\\Debug\\Exceptions.php')
 2 SYSTEMPATH\Autoloader\Autoloader.php(290): CodeIgniter\Autoloader\Autoloader->includeFile('C:\\xampp\\htdocs\\proyecto_espinola_emilia\\app\\Models\\producto_Model.php')
 3 SYSTEMPATH\Autoloader\Autoloader.php(266): CodeIgniter\Autoloader\Autoloader->loadInNamespace('App\\Models\\producto_Model')
 4 APPPATH\Controllers\carrito_controller.php(21): CodeIgniter\Autoloader\Autoloader->loadClass('App\\Models\\producto_Model')
 5 SYSTEMPATH\CodeIgniter.php(915): App\Controllers\carrito_controller->__construct()
 6 SYSTEMPATH\CodeIgniter.php(494): CodeIgniter\CodeIgniter->createController()
 7 SYSTEMPATH\CodeIgniter.php(361): CodeIgniter\CodeIgniter->handleRequest(null, Object(Config\Cache), false)
 8 FCPATH\index.php(79): CodeIgniter\CodeIgniter->run()
WARNING - 2026-03-02 21:24:56 --> [DEPRECATED] Optional parameter $talles declared before required parameter $buscar is implicitly treated as a required parameter in APPPATH\Models\producto_Model.php on line 0.
 1 SYSTEMPATH\Autoloader\Autoloader.php(311): include_once('C:\\xampp\\htdocs\\proyecto_espinola_emilia\\system\\Debug\\Exceptions.php')
 2 SYSTEMPATH\Autoloader\Autoloader.php(290): CodeIgniter\Autoloader\Autoloader->includeFile('C:\\xampp\\htdocs\\proyecto_espinola_emilia\\app\\Models\\producto_Model.php')
 3 SYSTEMPATH\Autoloader\Autoloader.php(266): CodeIgniter\Autoloader\Autoloader->loadInNamespace('App\\Models\\producto_Model')
 4 APPPATH\Controllers\carrito_controller.php(21): CodeIgniter\Autoloader\Autoloader->loadClass('App\\Models\\producto_Model')
 5 SYSTEMPATH\CodeIgniter.php(915): App\Controllers\carrito_controller->__construct()
 6 SYSTEMPATH\CodeIgniter.php(494): CodeIgniter\CodeIgniter->createController()
 7 SYSTEMPATH\CodeIgniter.php(361): CodeIgniter\CodeIgniter->handleRequest(null, Object(Config\Cache), false)
 8 FCPATH\index.php(79): CodeIgniter\CodeIgniter->run()
WARNING - 2026-03-02 21:24:56 --> [DEPRECATED] Optional parameter $categoria_id declared before required parameter $buscar is implicitly treated as a required parameter in APPPATH\Models\producto_Model.php on line 0.
 1 SYSTEMPATH\Autoloader\Autoloader.php(311): include_once('C:\\xampp\\htdocs\\proyecto_espinola_emilia\\system\\Debug\\Exceptions.php')
 2 SYSTEMPATH\Autoloader\Autoloader.php(290): CodeIgniter\Autoloader\Autoloader->includeFile('C:\\xampp\\htdocs\\proyecto_espinola_emilia\\app\\Models\\producto_Model.php')
 3 SYSTEMPATH\Autoloader\Autoloader.php(266): CodeIgniter\Autoloader\Autoloader->loadInNamespace('App\\Models\\producto_Model')
 4 APPPATH\Controllers\carrito_controller.php(21): CodeIgniter\Autoloader\Autoloader->loadClass('App\\Models\\producto_Model')
 5 SYSTEMPATH\CodeIgniter.php(915): App\Controllers\carrito_controller->__construct()
 6 SYSTEMPATH\CodeIgniter.php(494): CodeIgniter\CodeIgniter->createController()
 7 SYSTEMPATH\CodeIgniter.php(361): CodeIgniter\CodeIgniter->handleRequest(null, Object(Config\Cache), false)
 8 FCPATH\index.php(79): CodeIgniter\CodeIgniter->run()
INFO - 2026-03-02 21:24:56 --> Session: Class initialized using 'CodeIgniter\Session\Handlers\FileHandler' driver.
WARNING - 2026-03-02 21:24:57 --> [DEPRECATED] Optional parameter $colores declared before required parameter $buscar is implicitly treated as a required parameter in APPPATH\Models\producto_Model.php on line 76.
 1 SYSTEMPATH\Autoloader\Autoloader.php(311): include_once('C:\\xampp\\htdocs\\proyecto_espinola_emilia\\system\\Debug\\Exceptions.php')
 2 SYSTEMPATH\Autoloader\Autoloader.php(290): CodeIgniter\Autoloader\Autoloader->includeFile('C:\\xampp\\htdocs\\proyecto_espinola_emilia\\app\\Models\\producto_Model.php')
 3 SYSTEMPATH\Autoloader\Autoloader.php(266): CodeIgniter\Autoloader\Autoloader->loadInNamespace('App\\Models\\producto_Model')
 4 APPPATH\Controllers\carrito_controller.php(21): CodeIgniter\Autoloader\Autoloader->loadClass('App\\Models\\producto_Model')
 5 SYSTEMPATH\CodeIgniter.php(915): App\Controllers\carrito_controller->__construct()
 6 SYSTEMPATH\CodeIgniter.php(494): CodeIgniter\CodeIgniter->createController()
 7 SYSTEMPATH\CodeIgniter.php(361): CodeIgniter\CodeIgniter->handleRequest(null, Object(Config\Cache), false)
 8 FCPATH\index.php(79): CodeIgniter\CodeIgniter->run()
WARNING - 2026-03-02 21:24:57 --> [DEPRECATED] Optional parameter $talles declared before required parameter $buscar is implicitly treated as a required parameter in APPPATH\Models\producto_Model.php on line 0.
 1 SYSTEMPATH\Autoloader\Autoloader.php(311): include_once('C:\\xampp\\htdocs\\proyecto_espinola_emilia\\system\\Debug\\Exceptions.php')
 2 SYSTEMPATH\Autoloader\Autoloader.php(290): CodeIgniter\Autoloader\Autoloader->includeFile('C:\\xampp\\htdocs\\proyecto_espinola_emilia\\app\\Models\\producto_Model.php')
 3 SYSTEMPATH\Autoloader\Autoloader.php(266): CodeIgniter\Autoloader\Autoloader->loadInNamespace('App\\Models\\producto_Model')
 4 APPPATH\Controllers\carrito_controller.php(21): CodeIgniter\Autoloader\Autoloader->loadClass('App\\Models\\producto_Model')
 5 SYSTEMPATH\CodeIgniter.php(915): App\Controllers\carrito_controller->__construct()
 6 SYSTEMPATH\CodeIgniter.php(494): CodeIgniter\CodeIgniter->createController()
 7 SYSTEMPATH\CodeIgniter.php(361): CodeIgniter\CodeIgniter->handleRequest(null, Object(Config\Cache), false)
 8 FCPATH\index.php(79): CodeIgniter\CodeIgniter->run()
WARNING - 2026-03-02 21:24:57 --> [DEPRECATED] Optional parameter $categoria_id declared before required parameter $buscar is implicitly treated as a required parameter in APPPATH\Models\producto_Model.php on line 0.
 1 SYSTEMPATH\Autoloader\Autoloader.php(311): include_once('C:\\xampp\\htdocs\\proyecto_espinola_emilia\\system\\Debug\\Exceptions.php')
 2 SYSTEMPATH\Autoloader\Autoloader.php(290): CodeIgniter\Autoloader\Autoloader->includeFile('C:\\xampp\\htdocs\\proyecto_espinola_emilia\\app\\Models\\producto_Model.php')
 3 SYSTEMPATH\Autoloader\Autoloader.php(266): CodeIgniter\Autoloader\Autoloader->loadInNamespace('App\\Models\\producto_Model')
 4 APPPATH\Controllers\carrito_controller.php(21): CodeIgniter\Autoloader\Autoloader->loadClass('App\\Models\\producto_Model')
 5 SYSTEMPATH\CodeIgniter.php(915): App\Controllers\carrito_controller->__construct()
 6 SYSTEMPATH\CodeIgniter.php(494): CodeIgniter\CodeIgniter->createController()
 7 SYSTEMPATH\CodeIgniter.php(361): CodeIgniter\CodeIgniter->handleRequest(null, Object(Config\Cache), false)
 8 FCPATH\index.php(79): CodeIgniter\CodeIgniter->run()
INFO - 2026-03-02 21:24:57 --> Session: Class initialized using 'CodeIgniter\Session\Handlers\FileHandler' driver.
WARNING - 2026-03-02 21:24:58 --> [DEPRECATED] Optional parameter $colores declared before required parameter $buscar is implicitly treated as a required parameter in APPPATH\Models\producto_Model.php on line 76.
 1 SYSTEMPATH\Autoloader\Autoloader.php(311): include_once('C:\\xampp\\htdocs\\proyecto_espinola_emilia\\system\\Debug\\Exceptions.php')
 2 SYSTEMPATH\Autoloader\Autoloader.php(290): CodeIgniter\Autoloader\Autoloader->includeFile('C:\\xampp\\htdocs\\proyecto_espinola_emilia\\app\\Models\\producto_Model.php')
 3 SYSTEMPATH\Autoloader\Autoloader.php(266): CodeIgniter\Autoloader\Autoloader->loadInNamespace('App\\Models\\producto_Model')
 4 APPPATH\Controllers\carrito_controller.php(21): CodeIgniter\Autoloader\Autoloader->loadClass('App\\Models\\producto_Model')
 5 SYSTEMPATH\CodeIgniter.php(915): App\Controllers\carrito_controller->__construct()
 6 SYSTEMPATH\CodeIgniter.php(494): CodeIgniter\CodeIgniter->createController()
 7 SYSTEMPATH\CodeIgniter.php(361): CodeIgniter\CodeIgniter->handleRequest(null, Object(Config\Cache), false)
 8 FCPATH\index.php(79): CodeIgniter\CodeIgniter->run()
WARNING - 2026-03-02 21:24:58 --> [DEPRECATED] Optional parameter $talles declared before required parameter $buscar is implicitly treated as a required parameter in APPPATH\Models\producto_Model.php on line 0.
 1 SYSTEMPATH\Autoloader\Autoloader.php(311): include_once('C:\\xampp\\htdocs\\proyecto_espinola_emilia\\system\\Debug\\Exceptions.php')
 2 SYSTEMPATH\Autoloader\Autoloader.php(290): CodeIgniter\Autoloader\Autoloader->includeFile('C:\\xampp\\htdocs\\proyecto_espinola_emilia\\app\\Models\\producto_Model.php')
 3 SYSTEMPATH\Autoloader\Autoloader.php(266): CodeIgniter\Autoloader\Autoloader->loadInNamespace('App\\Models\\producto_Model')
 4 APPPATH\Controllers\carrito_controller.php(21): CodeIgniter\Autoloader\Autoloader->loadClass('App\\Models\\producto_Model')
 5 SYSTEMPATH\CodeIgniter.php(915): App\Controllers\carrito_controller->__construct()
 6 SYSTEMPATH\CodeIgniter.php(494): CodeIgniter\CodeIgniter->createController()
 7 SYSTEMPATH\CodeIgniter.php(361): CodeIgniter\CodeIgniter->handleRequest(null, Object(Config\Cache), false)
 8 FCPATH\index.php(79): CodeIgniter\CodeIgniter->run()
WARNING - 2026-03-02 21:24:58 --> [DEPRECATED] Optional parameter $categoria_id declared before required parameter $buscar is implicitly treated as a required parameter in APPPATH\Models\producto_Model.php on line 0.
 1 SYSTEMPATH\Autoloader\Autoloader.php(311): include_once('C:\\xampp\\htdocs\\proyecto_espinola_emilia\\system\\Debug\\Exceptions.php')
 2 SYSTEMPATH\Autoloader\Autoloader.php(290): CodeIgniter\Autoloader\Autoloader->includeFile('C:\\xampp\\htdocs\\proyecto_espinola_emilia\\app\\Models\\producto_Model.php')
 3 SYSTEMPATH\Autoloader\Autoloader.php(266): CodeIgniter\Autoloader\Autoloader->loadInNamespace('App\\Models\\producto_Model')
 4 APPPATH\Controllers\carrito_controller.php(21): CodeIgniter\Autoloader\Autoloader->loadClass('App\\Models\\producto_Model')
 5 SYSTEMPATH\CodeIgniter.php(915): App\Controllers\carrito_controller->__construct()
 6 SYSTEMPATH\CodeIgniter.php(494): CodeIgniter\CodeIgniter->createController()
 7 SYSTEMPATH\CodeIgniter.php(361): CodeIgniter\CodeIgniter->handleRequest(null, Object(Config\Cache), false)
 8 FCPATH\index.php(79): CodeIgniter\CodeIgniter->run()
INFO - 2026-03-02 21:24:58 --> Session: Class initialized using 'CodeIgniter\Session\Handlers\FileHandler' driver.
WARNING - 2026-03-02 21:24:58 --> [DEPRECATED] Optional parameter $colores declared before required parameter $buscar is implicitly treated as a required parameter in APPPATH\Models\producto_Model.php on line 76.
 1 SYSTEMPATH\Autoloader\Autoloader.php(311): include_once('C:\\xampp\\htdocs\\proyecto_espinola_emilia\\system\\Debug\\Exceptions.php')
 2 SYSTEMPATH\Autoloader\Autoloader.php(290): CodeIgniter\Autoloader\Autoloader->includeFile('C:\\xampp\\htdocs\\proyecto_espinola_emilia\\app\\Models\\producto_Model.php')
 3 SYSTEMPATH\Autoloader\Autoloader.php(266): CodeIgniter\Autoloader\Autoloader->loadInNamespace('App\\Models\\producto_Model')
 4 APPPATH\Controllers\carrito_controller.php(21): CodeIgniter\Autoloader\Autoloader->loadClass('App\\Models\\producto_Model')
 5 SYSTEMPATH\CodeIgniter.php(915): App\Controllers\carrito_controller->__construct()
 6 SYSTEMPATH\CodeIgniter.php(494): CodeIgniter\CodeIgniter->createController()
 7 SYSTEMPATH\CodeIgniter.php(361): CodeIgniter\CodeIgniter->handleRequest(null, Object(Config\Cache), false)
 8 FCPATH\index.php(79): CodeIgniter\CodeIgniter->run()
WARNING - 2026-03-02 21:24:58 --> [DEPRECATED] Optional parameter $talles declared before required parameter $buscar is implicitly treated as a required parameter in APPPATH\Models\producto_Model.php on line 0.
 1 SYSTEMPATH\Autoloader\Autoloader.php(311): include_once('C:\\xampp\\htdocs\\proyecto_espinola_emilia\\system\\Debug\\Exceptions.php')
 2 SYSTEMPATH\Autoloader\Autoloader.php(290): CodeIgniter\Autoloader\Autoloader->includeFile('C:\\xampp\\htdocs\\proyecto_espinola_emilia\\app\\Models\\producto_Model.php')
 3 SYSTEMPATH\Autoloader\Autoloader.php(266): CodeIgniter\Autoloader\Autoloader->loadInNamespace('App\\Models\\producto_Model')
 4 APPPATH\Controllers\carrito_controller.php(21): CodeIgniter\Autoloader\Autoloader->loadClass('App\\Models\\producto_Model')
 5 SYSTEMPATH\CodeIgniter.php(915): App\Controllers\carrito_controller->__construct()
 6 SYSTEMPATH\CodeIgniter.php(494): CodeIgniter\CodeIgniter->createController()
 7 SYSTEMPATH\CodeIgniter.php(361): CodeIgniter\CodeIgniter->handleRequest(null, Object(Config\Cache), false)
 8 FCPATH\index.php(79): CodeIgniter\CodeIgniter->run()
WARNING - 2026-03-02 21:24:58 --> [DEPRECATED] Optional parameter $categoria_id declared before required parameter $buscar is implicitly treated as a required parameter in APPPATH\Models\producto_Model.php on line 0.
 1 SYSTEMPATH\Autoloader\Autoloader.php(311): include_once('C:\\xampp\\htdocs\\proyecto_espinola_emilia\\system\\Debug\\Exceptions.php')
 2 SYSTEMPATH\Autoloader\Autoloader.php(290): CodeIgniter\Autoloader\Autoloader->includeFile('C:\\xampp\\htdocs\\proyecto_espinola_emilia\\app\\Models\\producto_Model.php')
 3 SYSTEMPATH\Autoloader\Autoloader.php(266): CodeIgniter\Autoloader\Autoloader->loadInNamespace('App\\Models\\producto_Model')
 4 APPPATH\Controllers\carrito_controller.php(21): CodeIgniter\Autoloader\Autoloader->loadClass('App\\Models\\producto_Model')
 5 SYSTEMPATH\CodeIgniter.php(915): App\Controllers\carrito_controller->__construct()
 6 SYSTEMPATH\CodeIgniter.php(494): CodeIgniter\CodeIgniter->createController()
 7 SYSTEMPATH\CodeIgniter.php(361): CodeIgniter\CodeIgniter->handleRequest(null, Object(Config\Cache), false)
 8 FCPATH\index.php(79): CodeIgniter\CodeIgniter->run()
INFO - 2026-03-02 21:24:58 --> Session: Class initialized using 'CodeIgniter\Session\Handlers\FileHandler' driver.
WARNING - 2026-03-02 21:24:59 --> [DEPRECATED] Optional parameter $colores declared before required parameter $buscar is implicitly treated as a required parameter in APPPATH\Models\producto_Model.php on line 76.
 1 SYSTEMPATH\Autoloader\Autoloader.php(311): include_once('C:\\xampp\\htdocs\\proyecto_espinola_emilia\\system\\Debug\\Exceptions.php')
 2 SYSTEMPATH\Autoloader\Autoloader.php(290): CodeIgniter\Autoloader\Autoloader->includeFile('C:\\xampp\\htdocs\\proyecto_espinola_emilia\\app\\Models\\producto_Model.php')
 3 SYSTEMPATH\Autoloader\Autoloader.php(266): CodeIgniter\Autoloader\Autoloader->loadInNamespace('App\\Models\\producto_Model')
 4 APPPATH\Controllers\carrito_controller.php(21): CodeIgniter\Autoloader\Autoloader->loadClass('App\\Models\\producto_Model')
 5 SYSTEMPATH\CodeIgniter.php(915): App\Controllers\carrito_controller->__construct()
 6 SYSTEMPATH\CodeIgniter.php(494): CodeIgniter\CodeIgniter->createController()
 7 SYSTEMPATH\CodeIgniter.php(361): CodeIgniter\CodeIgniter->handleRequest(null, Object(Config\Cache), false)
 8 FCPATH\index.php(79): CodeIgniter\CodeIgniter->run()
WARNING - 2026-03-02 21:24:59 --> [DEPRECATED] Optional parameter $talles declared before required parameter $buscar is implicitly treated as a required parameter in APPPATH\Models\producto_Model.php on line 0.
 1 SYSTEMPATH\Autoloader\Autoloader.php(311): include_once('C:\\xampp\\htdocs\\proyecto_espinola_emilia\\system\\Debug\\Exceptions.php')
 2 SYSTEMPATH\Autoloader\Autoloader.php(290): CodeIgniter\Autoloader\Autoloader->includeFile('C:\\xampp\\htdocs\\proyecto_espinola_emilia\\app\\Models\\producto_Model.php')
 3 SYSTEMPATH\Autoloader\Autoloader.php(266): CodeIgniter\Autoloader\Autoloader->loadInNamespace('App\\Models\\producto_Model')
 4 APPPATH\Controllers\carrito_controller.php(21): CodeIgniter\Autoloader\Autoloader->loadClass('App\\Models\\producto_Model')
 5 SYSTEMPATH\CodeIgniter.php(915): App\Controllers\carrito_controller->__construct()
 6 SYSTEMPATH\CodeIgniter.php(494): CodeIgniter\CodeIgniter->createController()
 7 SYSTEMPATH\CodeIgniter.php(361): CodeIgniter\CodeIgniter->handleRequest(null, Object(Config\Cache), false)
 8 FCPATH\index.php(79): CodeIgniter\CodeIgniter->run()
WARNING - 2026-03-02 21:24:59 --> [DEPRECATED] Optional parameter $categoria_id declared before required parameter $buscar is implicitly treated as a required parameter in APPPATH\Models\producto_Model.php on line 0.
 1 SYSTEMPATH\Autoloader\Autoloader.php(311): include_once('C:\\xampp\\htdocs\\proyecto_espinola_emilia\\system\\Debug\\Exceptions.php')
 2 SYSTEMPATH\Autoloader\Autoloader.php(290): CodeIgniter\Autoloader\Autoloader->includeFile('C:\\xampp\\htdocs\\proyecto_espinola_emilia\\app\\Models\\producto_Model.php')
 3 SYSTEMPATH\Autoloader\Autoloader.php(266): CodeIgniter\Autoloader\Autoloader->loadInNamespace('App\\Models\\producto_Model')
 4 APPPATH\Controllers\carrito_controller.php(21): CodeIgniter\Autoloader\Autoloader->loadClass('App\\Models\\producto_Model')
 5 SYSTEMPATH\CodeIgniter.php(915): App\Controllers\carrito_controller->__construct()
 6 SYSTEMPATH\CodeIgniter.php(494): CodeIgniter\CodeIgniter->createController()
 7 SYSTEMPATH\CodeIgniter.php(361): CodeIgniter\CodeIgniter->handleRequest(null, Object(Config\Cache), false)
 8 FCPATH\index.php(79): CodeIgniter\CodeIgniter->run()
INFO - 2026-03-02 21:24:59 --> Session: Class initialized using 'CodeIgniter\Session\Handlers\FileHandler' driver.
WARNING - 2026-03-02 21:25:00 --> [DEPRECATED] Optional parameter $colores declared before required parameter $buscar is implicitly treated as a required parameter in APPPATH\Models\producto_Model.php on line 76.
 1 SYSTEMPATH\Autoloader\Autoloader.php(311): include_once('C:\\xampp\\htdocs\\proyecto_espinola_emilia\\system\\Debug\\Exceptions.php')
 2 SYSTEMPATH\Autoloader\Autoloader.php(290): CodeIgniter\Autoloader\Autoloader->includeFile('C:\\xampp\\htdocs\\proyecto_espinola_emilia\\app\\Models\\producto_Model.php')
 3 SYSTEMPATH\Autoloader\Autoloader.php(266): CodeIgniter\Autoloader\Autoloader->loadInNamespace('App\\Models\\producto_Model')
 4 APPPATH\Controllers\carrito_controller.php(21): CodeIgniter\Autoloader\Autoloader->loadClass('App\\Models\\producto_Model')
 5 SYSTEMPATH\CodeIgniter.php(915): App\Controllers\carrito_controller->__construct()
 6 SYSTEMPATH\CodeIgniter.php(494): CodeIgniter\CodeIgniter->createController()
 7 SYSTEMPATH\CodeIgniter.php(361): CodeIgniter\CodeIgniter->handleRequest(null, Object(Config\Cache), false)
 8 FCPATH\index.php(79): CodeIgniter\CodeIgniter->run()
WARNING - 2026-03-02 21:25:00 --> [DEPRECATED] Optional parameter $talles declared before required parameter $buscar is implicitly treated as a required parameter in APPPATH\Models\producto_Model.php on line 0.
 1 SYSTEMPATH\Autoloader\Autoloader.php(311): include_once('C:\\xampp\\htdocs\\proyecto_espinola_emilia\\system\\Debug\\Exceptions.php')
 2 SYSTEMPATH\Autoloader\Autoloader.php(290): CodeIgniter\Autoloader\Autoloader->includeFile('C:\\xampp\\htdocs\\proyecto_espinola_emilia\\app\\Models\\producto_Model.php')
 3 SYSTEMPATH\Autoloader\Autoloader.php(266): CodeIgniter\Autoloader\Autoloader->loadInNamespace('App\\Models\\producto_Model')
 4 APPPATH\Controllers\carrito_controller.php(21): CodeIgniter\Autoloader\Autoloader->loadClass('App\\Models\\producto_Model')
 5 SYSTEMPATH\CodeIgniter.php(915): App\Controllers\carrito_controller->__construct()
 6 SYSTEMPATH\CodeIgniter.php(494): CodeIgniter\CodeIgniter->createController()
 7 SYSTEMPATH\CodeIgniter.php(361): CodeIgniter\CodeIgniter->handleRequest(null, Object(Config\Cache), false)
 8 FCPATH\index.php(79): CodeIgniter\CodeIgniter->run()
WARNING - 2026-03-02 21:25:00 --> [DEPRECATED] Optional parameter $categoria_id declared before required parameter $buscar is implicitly treated as a required parameter in APPPATH\Models\producto_Model.php on line 0.
 1 SYSTEMPATH\Autoloader\Autoloader.php(311): include_once('C:\\xampp\\htdocs\\proyecto_espinola_emilia\\system\\Debug\\Exceptions.php')
 2 SYSTEMPATH\Autoloader\Autoloader.php(290): CodeIgniter\Autoloader\Autoloader->includeFile('C:\\xampp\\htdocs\\proyecto_espinola_emilia\\app\\Models\\producto_Model.php')
 3 SYSTEMPATH\Autoloader\Autoloader.php(266): CodeIgniter\Autoloader\Autoloader->loadInNamespace('App\\Models\\producto_Model')
 4 APPPATH\Controllers\carrito_controller.php(21): CodeIgniter\Autoloader\Autoloader->loadClass('App\\Models\\producto_Model')
 5 SYSTEMPATH\CodeIgniter.php(915): App\Controllers\carrito_controller->__construct()
 6 SYSTEMPATH\CodeIgniter.php(494): CodeIgniter\CodeIgniter->createController()
 7 SYSTEMPATH\CodeIgniter.php(361): CodeIgniter\CodeIgniter->handleRequest(null, Object(Config\Cache), false)
 8 FCPATH\index.php(79): CodeIgniter\CodeIgniter->run()
INFO - 2026-03-02 21:25:00 --> Session: Class initialized using 'CodeIgniter\Session\Handlers\FileHandler' driver.
WARNING - 2026-03-02 21:25:01 --> [DEPRECATED] Optional parameter $colores declared before required parameter $buscar is implicitly treated as a required parameter in APPPATH\Models\producto_Model.php on line 76.
 1 SYSTEMPATH\Autoloader\Autoloader.php(311): include_once('C:\\xampp\\htdocs\\proyecto_espinola_emilia\\system\\Debug\\Exceptions.php')
 2 SYSTEMPATH\Autoloader\Autoloader.php(290): CodeIgniter\Autoloader\Autoloader->includeFile('C:\\xampp\\htdocs\\proyecto_espinola_emilia\\app\\Models\\producto_Model.php')
 3 SYSTEMPATH\Autoloader\Autoloader.php(266): CodeIgniter\Autoloader\Autoloader->loadInNamespace('App\\Models\\producto_Model')
 4 APPPATH\Controllers\carrito_controller.php(21): CodeIgniter\Autoloader\Autoloader->loadClass('App\\Models\\producto_Model')
 5 SYSTEMPATH\CodeIgniter.php(915): App\Controllers\carrito_controller->__construct()
 6 SYSTEMPATH\CodeIgniter.php(494): CodeIgniter\CodeIgniter->createController()
 7 SYSTEMPATH\CodeIgniter.php(361): CodeIgniter\CodeIgniter->handleRequest(null, Object(Config\Cache), false)
 8 FCPATH\index.php(79): CodeIgniter\CodeIgniter->run()
WARNING - 2026-03-02 21:25:01 --> [DEPRECATED] Optional parameter $talles declared before required parameter $buscar is implicitly treated as a required parameter in APPPATH\Models\producto_Model.php on line 0.
 1 SYSTEMPATH\Autoloader\Autoloader.php(311): include_once('C:\\xampp\\htdocs\\proyecto_espinola_emilia\\system\\Debug\\Exceptions.php')
 2 SYSTEMPATH\Autoloader\Autoloader.php(290): CodeIgniter\Autoloader\Autoloader->includeFile('C:\\xampp\\htdocs\\proyecto_espinola_emilia\\app\\Models\\producto_Model.php')
 3 SYSTEMPATH\Autoloader\Autoloader.php(266): CodeIgniter\Autoloader\Autoloader->loadInNamespace('App\\Models\\producto_Model')
 4 APPPATH\Controllers\carrito_controller.php(21): CodeIgniter\Autoloader\Autoloader->loadClass('App\\Models\\producto_Model')
 5 SYSTEMPATH\CodeIgniter.php(915): App\Controllers\carrito_controller->__construct()
 6 SYSTEMPATH\CodeIgniter.php(494): CodeIgniter\CodeIgniter->createController()
 7 SYSTEMPATH\CodeIgniter.php(361): CodeIgniter\CodeIgniter->handleRequest(null, Object(Config\Cache), false)
 8 FCPATH\index.php(79): CodeIgniter\CodeIgniter->run()
WARNING - 2026-03-02 21:25:01 --> [DEPRECATED] Optional parameter $categoria_id declared before required parameter $buscar is implicitly treated as a required parameter in APPPATH\Models\producto_Model.php on line 0.
 1 SYSTEMPATH\Autoloader\Autoloader.php(311): include_once('C:\\xampp\\htdocs\\proyecto_espinola_emilia\\system\\Debug\\Exceptions.php')
 2 SYSTEMPATH\Autoloader\Autoloader.php(290): CodeIgniter\Autoloader\Autoloader->includeFile('C:\\xampp\\htdocs\\proyecto_espinola_emilia\\app\\Models\\producto_Model.php')
 3 SYSTEMPATH\Autoloader\Autoloader.php(266): CodeIgniter\Autoloader\Autoloader->loadInNamespace('App\\Models\\producto_Model')
 4 APPPATH\Controllers\carrito_controller.php(21): CodeIgniter\Autoloader\Autoloader->loadClass('App\\Models\\producto_Model')
 5 SYSTEMPATH\CodeIgniter.php(915): App\Controllers\carrito_controller->__construct()
 6 SYSTEMPATH\CodeIgniter.php(494): CodeIgniter\CodeIgniter->createController()
 7 SYSTEMPATH\CodeIgniter.php(361): CodeIgniter\CodeIgniter->handleRequest(null, Object(Config\Cache), false)
 8 FCPATH\index.php(79): CodeIgniter\CodeIgniter->run()
INFO - 2026-03-02 21:25:01 --> Session: Class initialized using 'CodeIgniter\Session\Handlers\FileHandler' driver.
WARNING - 2026-03-02 21:27:24 --> [DEPRECATED] Optional parameter $colores declared before required parameter $buscar is implicitly treated as a required parameter in APPPATH\Models\producto_Model.php on line 76.
 1 SYSTEMPATH\Autoloader\Autoloader.php(311): include_once('C:\\xampp\\htdocs\\proyecto_espinola_emilia\\system\\Debug\\Exceptions.php')
 2 SYSTEMPATH\Autoloader\Autoloader.php(290): CodeIgniter\Autoloader\Autoloader->includeFile('C:\\xampp\\htdocs\\proyecto_espinola_emilia\\app\\Models\\producto_Model.php')
 3 SYSTEMPATH\Autoloader\Autoloader.php(266): CodeIgniter\Autoloader\Autoloader->loadInNamespace('App\\Models\\producto_Model')
 4 APPPATH\Controllers\ventas_controller.php(23): CodeIgniter\Autoloader\Autoloader->loadClass('App\\Models\\producto_Model')
 5 SYSTEMPATH\CodeIgniter.php(915): App\Controllers\ventas_controller->__construct()
 6 SYSTEMPATH\CodeIgniter.php(494): CodeIgniter\CodeIgniter->createController()
 7 SYSTEMPATH\CodeIgniter.php(361): CodeIgniter\CodeIgniter->handleRequest(null, Object(Config\Cache), false)
 8 FCPATH\index.php(79): CodeIgniter\CodeIgniter->run()
WARNING - 2026-03-02 21:27:24 --> [DEPRECATED] Optional parameter $talles declared before required parameter $buscar is implicitly treated as a required parameter in APPPATH\Models\producto_Model.php on line 0.
 1 SYSTEMPATH\Autoloader\Autoloader.php(311): include_once('C:\\xampp\\htdocs\\proyecto_espinola_emilia\\system\\Debug\\Exceptions.php')
 2 SYSTEMPATH\Autoloader\Autoloader.php(290): CodeIgniter\Autoloader\Autoloader->includeFile('C:\\xampp\\htdocs\\proyecto_espinola_emilia\\app\\Models\\producto_Model.php')
 3 SYSTEMPATH\Autoloader\Autoloader.php(266): CodeIgniter\Autoloader\Autoloader->loadInNamespace('App\\Models\\producto_Model')
 4 APPPATH\Controllers\ventas_controller.php(23): CodeIgniter\Autoloader\Autoloader->loadClass('App\\Models\\producto_Model')
 5 SYSTEMPATH\CodeIgniter.php(915): App\Controllers\ventas_controller->__construct()
 6 SYSTEMPATH\CodeIgniter.php(494): CodeIgniter\CodeIgniter->createController()
 7 SYSTEMPATH\CodeIgniter.php(361): CodeIgniter\CodeIgniter->handleRequest(null, Object(Config\Cache), false)
 8 FCPATH\index.php(79): CodeIgniter\CodeIgniter->run()
WARNING - 2026-03-02 21:27:24 --> [DEPRECATED] Optional parameter $categoria_id declared before required parameter $buscar is implicitly treated as a required parameter in APPPATH\Models\producto_Model.php on line 0.
 1 SYSTEMPATH\Autoloader\Autoloader.php(311): include_once('C:\\xampp\\htdocs\\proyecto_espinola_emilia\\system\\Debug\\Exceptions.php')
 2 SYSTEMPATH\Autoloader\Autoloader.php(290): CodeIgniter\Autoloader\Autoloader->includeFile('C:\\xampp\\htdocs\\proyecto_espinola_emilia\\app\\Models\\producto_Model.php')
 3 SYSTEMPATH\Autoloader\Autoloader.php(266): CodeIgniter\Autoloader\Autoloader->loadInNamespace('App\\Models\\producto_Model')
 4 APPPATH\Controllers\ventas_controller.php(23): CodeIgniter\Autoloader\Autoloader->loadClass('App\\Models\\producto_Model')
 5 SYSTEMPATH\CodeIgniter.php(915): App\Controllers\ventas_controller->__construct()
 6 SYSTEMPATH\CodeIgniter.php(494): CodeIgniter\CodeIgniter->createController()
 7 SYSTEMPATH\CodeIgniter.php(361): CodeIgniter\CodeIgniter->handleRequest(null, Object(Config\Cache), false)
 8 FCPATH\index.php(79): CodeIgniter\CodeIgniter->run()
WARNING - 2026-03-02 21:27:24 --> [DEPRECATED] Creation of dynamic property App\Controllers\ventas_controller::$productosDetalle is deprecated in APPPATH\Controllers\ventas_controller.php on line 24.
 1 SYSTEMPATH\CodeIgniter.php(915): App\Controllers\ventas_controller->__construct()
 2 SYSTEMPATH\CodeIgniter.php(494): CodeIgniter\CodeIgniter->createController()
 3 SYSTEMPATH\CodeIgniter.php(361): CodeIgniter\CodeIgniter->handleRequest(null, Object(Config\Cache), false)
 4 FCPATH\index.php(79): CodeIgniter\CodeIgniter->run()
INFO - 2026-03-02 21:27:24 --> Session: Class initialized using 'CodeIgniter\Session\Handlers\FileHandler' driver.
WARNING - 2026-03-02 21:27:49 --> [DEPRECATED] Optional parameter $colores declared before required parameter $buscar is implicitly treated as a required parameter in APPPATH\Models\producto_Model.php on line 76.
 1 SYSTEMPATH\Autoloader\Autoloader.php(311): include_once('C:\\xampp\\htdocs\\proyecto_espinola_emilia\\system\\Debug\\Exceptions.php')
 2 SYSTEMPATH\Autoloader\Autoloader.php(290): CodeIgniter\Autoloader\Autoloader->includeFile('C:\\xampp\\htdocs\\proyecto_espinola_emilia\\app\\Models\\producto_Model.php')
 3 SYSTEMPATH\Autoloader\Autoloader.php(266): CodeIgniter\Autoloader\Autoloader->loadInNamespace('App\\Models\\producto_Model')
 4 APPPATH\Controllers\carrito_controller.php(21): CodeIgniter\Autoloader\Autoloader->loadClass('App\\Models\\producto_Model')
 5 SYSTEMPATH\CodeIgniter.php(915): App\Controllers\carrito_controller->__construct()
 6 SYSTEMPATH\CodeIgniter.php(494): CodeIgniter\CodeIgniter->createController()
 7 SYSTEMPATH\CodeIgniter.php(361): CodeIgniter\CodeIgniter->handleRequest(null, Object(Config\Cache), false)
 8 FCPATH\index.php(79): CodeIgniter\CodeIgniter->run()
WARNING - 2026-03-02 21:27:49 --> [DEPRECATED] Optional parameter $talles declared before required parameter $buscar is implicitly treated as a required parameter in APPPATH\Models\producto_Model.php on line 0.
 1 SYSTEMPATH\Autoloader\Autoloader.php(311): include_once('C:\\xampp\\htdocs\\proyecto_espinola_emilia\\system\\Debug\\Exceptions.php')
 2 SYSTEMPATH\Autoloader\Autoloader.php(290): CodeIgniter\Autoloader\Autoloader->includeFile('C:\\xampp\\htdocs\\proyecto_espinola_emilia\\app\\Models\\producto_Model.php')
 3 SYSTEMPATH\Autoloader\Autoloader.php(266): CodeIgniter\Autoloader\Autoloader->loadInNamespace('App\\Models\\producto_Model')
 4 APPPATH\Controllers\carrito_controller.php(21): CodeIgniter\Autoloader\Autoloader->loadClass('App\\Models\\producto_Model')
 5 SYSTEMPATH\CodeIgniter.php(915): App\Controllers\carrito_controller->__construct()
 6 SYSTEMPATH\CodeIgniter.php(494): CodeIgniter\CodeIgniter->createController()
 7 SYSTEMPATH\CodeIgniter.php(361): CodeIgniter\CodeIgniter->handleRequest(null, Object(Config\Cache), false)
 8 FCPATH\index.php(79): CodeIgniter\CodeIgniter->run()
WARNING - 2026-03-02 21:27:49 --> [DEPRECATED] Optional parameter $categoria_id declared before required parameter $buscar is implicitly treated as a required parameter in APPPATH\Models\producto_Model.php on line 0.
 1 SYSTEMPATH\Autoloader\Autoloader.php(311): include_once('C:\\xampp\\htdocs\\proyecto_espinola_emilia\\system\\Debug\\Exceptions.php')
 2 SYSTEMPATH\Autoloader\Autoloader.php(290): CodeIgniter\Autoloader\Autoloader->includeFile('C:\\xampp\\htdocs\\proyecto_espinola_emilia\\app\\Models\\producto_Model.php')
 3 SYSTEMPATH\Autoloader\Autoloader.php(266): CodeIgniter\Autoloader\Autoloader->loadInNamespace('App\\Models\\producto_Model')
 4 APPPATH\Controllers\carrito_controller.php(21): CodeIgniter\Autoloader\Autoloader->loadClass('App\\Models\\producto_Model')
 5 SYSTEMPATH\CodeIgniter.php(915): App\Controllers\carrito_controller->__construct()
 6 SYSTEMPATH\CodeIgniter.php(494): CodeIgniter\CodeIgniter->createController()
 7 SYSTEMPATH\CodeIgniter.php(361): CodeIgniter\CodeIgniter->handleRequest(null, Object(Config\Cache), false)
 8 FCPATH\index.php(79): CodeIgniter\CodeIgniter->run()
INFO - 2026-03-02 21:27:49 --> Session: Class initialized using 'CodeIgniter\Session\Handlers\FileHandler' driver.
WARNING - 2026-03-02 21:28:00 --> [DEPRECATED] Optional parameter $colores declared before required parameter $buscar is implicitly treated as a required parameter in APPPATH\Models\producto_Model.php on line 76.
 1 SYSTEMPATH\Autoloader\Autoloader.php(311): include_once('C:\\xampp\\htdocs\\proyecto_espinola_emilia\\system\\Debug\\Exceptions.php')
 2 SYSTEMPATH\Autoloader\Autoloader.php(290): CodeIgniter\Autoloader\Autoloader->includeFile('C:\\xampp\\htdocs\\proyecto_espinola_emilia\\app\\Models\\producto_Model.php')
 3 SYSTEMPATH\Autoloader\Autoloader.php(266): CodeIgniter\Autoloader\Autoloader->loadInNamespace('App\\Models\\producto_Model')
 4 APPPATH\Controllers\carrito_controller.php(21): CodeIgniter\Autoloader\Autoloader->loadClass('App\\Models\\producto_Model')
 5 SYSTEMPATH\CodeIgniter.php(915): App\Controllers\carrito_controller->__construct()
 6 SYSTEMPATH\CodeIgniter.php(494): CodeIgniter\CodeIgniter->createController()
 7 SYSTEMPATH\CodeIgniter.php(361): CodeIgniter\CodeIgniter->handleRequest(null, Object(Config\Cache), false)
 8 FCPATH\index.php(79): CodeIgniter\CodeIgniter->run()
WARNING - 2026-03-02 21:28:00 --> [DEPRECATED] Optional parameter $talles declared before required parameter $buscar is implicitly treated as a required parameter in APPPATH\Models\producto_Model.php on line 0.
 1 SYSTEMPATH\Autoloader\Autoloader.php(311): include_once('C:\\xampp\\htdocs\\proyecto_espinola_emilia\\system\\Debug\\Exceptions.php')
 2 SYSTEMPATH\Autoloader\Autoloader.php(290): CodeIgniter\Autoloader\Autoloader->includeFile('C:\\xampp\\htdocs\\proyecto_espinola_emilia\\app\\Models\\producto_Model.php')
 3 SYSTEMPATH\Autoloader\Autoloader.php(266): CodeIgniter\Autoloader\Autoloader->loadInNamespace('App\\Models\\producto_Model')
 4 APPPATH\Controllers\carrito_controller.php(21): CodeIgniter\Autoloader\Autoloader->loadClass('App\\Models\\producto_Model')
 5 SYSTEMPATH\CodeIgniter.php(915): App\Controllers\carrito_controller->__construct()
 6 SYSTEMPATH\CodeIgniter.php(494): CodeIgniter\CodeIgniter->createController()
 7 SYSTEMPATH\CodeIgniter.php(361): CodeIgniter\CodeIgniter->handleRequest(null, Object(Config\Cache), false)
 8 FCPATH\index.php(79): CodeIgniter\CodeIgniter->run()
WARNING - 2026-03-02 21:28:00 --> [DEPRECATED] Optional parameter $categoria_id declared before required parameter $buscar is implicitly treated as a required parameter in APPPATH\Models\producto_Model.php on line 0.
 1 SYSTEMPATH\Autoloader\Autoloader.php(311): include_once('C:\\xampp\\htdocs\\proyecto_espinola_emilia\\system\\Debug\\Exceptions.php')
 2 SYSTEMPATH\Autoloader\Autoloader.php(290): CodeIgniter\Autoloader\Autoloader->includeFile('C:\\xampp\\htdocs\\proyecto_espinola_emilia\\app\\Models\\producto_Model.php')
 3 SYSTEMPATH\Autoloader\Autoloader.php(266): CodeIgniter\Autoloader\Autoloader->loadInNamespace('App\\Models\\producto_Model')
 4 APPPATH\Controllers\carrito_controller.php(21): CodeIgniter\Autoloader\Autoloader->loadClass('App\\Models\\producto_Model')
 5 SYSTEMPATH\CodeIgniter.php(915): App\Controllers\carrito_controller->__construct()
 6 SYSTEMPATH\CodeIgniter.php(494): CodeIgniter\CodeIgniter->createController()
 7 SYSTEMPATH\CodeIgniter.php(361): CodeIgniter\CodeIgniter->handleRequest(null, Object(Config\Cache), false)
 8 FCPATH\index.php(79): CodeIgniter\CodeIgniter->run()
INFO - 2026-03-02 21:28:00 --> Session: Class initialized using 'CodeIgniter\Session\Handlers\FileHandler' driver.
WARNING - 2026-03-02 21:28:03 --> [DEPRECATED] Optional parameter $colores declared before required parameter $buscar is implicitly treated as a required parameter in APPPATH\Models\producto_Model.php on line 76.
 1 SYSTEMPATH\Autoloader\Autoloader.php(311): include_once('C:\\xampp\\htdocs\\proyecto_espinola_emilia\\system\\Debug\\Exceptions.php')
 2 SYSTEMPATH\Autoloader\Autoloader.php(290): CodeIgniter\Autoloader\Autoloader->includeFile('C:\\xampp\\htdocs\\proyecto_espinola_emilia\\app\\Models\\producto_Model.php')
 3 SYSTEMPATH\Autoloader\Autoloader.php(266): CodeIgniter\Autoloader\Autoloader->loadInNamespace('App\\Models\\producto_Model')
 4 APPPATH\Controllers\carrito_controller.php(21): CodeIgniter\Autoloader\Autoloader->loadClass('App\\Models\\producto_Model')
 5 SYSTEMPATH\CodeIgniter.php(915): App\Controllers\carrito_controller->__construct()
 6 SYSTEMPATH\CodeIgniter.php(494): CodeIgniter\CodeIgniter->createController()
 7 SYSTEMPATH\CodeIgniter.php(361): CodeIgniter\CodeIgniter->handleRequest(null, Object(Config\Cache), false)
 8 FCPATH\index.php(79): CodeIgniter\CodeIgniter->run()
WARNING - 2026-03-02 21:28:03 --> [DEPRECATED] Optional parameter $talles declared before required parameter $buscar is implicitly treated as a required parameter in APPPATH\Models\producto_Model.php on line 0.
 1 SYSTEMPATH\Autoloader\Autoloader.php(311): include_once('C:\\xampp\\htdocs\\proyecto_espinola_emilia\\system\\Debug\\Exceptions.php')
 2 SYSTEMPATH\Autoloader\Autoloader.php(290): CodeIgniter\Autoloader\Autoloader->includeFile('C:\\xampp\\htdocs\\proyecto_espinola_emilia\\app\\Models\\producto_Model.php')
 3 SYSTEMPATH\Autoloader\Autoloader.php(266): CodeIgniter\Autoloader\Autoloader->loadInNamespace('App\\Models\\producto_Model')
 4 APPPATH\Controllers\carrito_controller.php(21): CodeIgniter\Autoloader\Autoloader->loadClass('App\\Models\\producto_Model')
 5 SYSTEMPATH\CodeIgniter.php(915): App\Controllers\carrito_controller->__construct()
 6 SYSTEMPATH\CodeIgniter.php(494): CodeIgniter\CodeIgniter->createController()
 7 SYSTEMPATH\CodeIgniter.php(361): CodeIgniter\CodeIgniter->handleRequest(null, Object(Config\Cache), false)
 8 FCPATH\index.php(79): CodeIgniter\CodeIgniter->run()
WARNING - 2026-03-02 21:28:03 --> [DEPRECATED] Optional parameter $categoria_id declared before required parameter $buscar is implicitly treated as a required parameter in APPPATH\Models\producto_Model.php on line 0.
 1 SYSTEMPATH\Autoloader\Autoloader.php(311): include_once('C:\\xampp\\htdocs\\proyecto_espinola_emilia\\system\\Debug\\Exceptions.php')
 2 SYSTEMPATH\Autoloader\Autoloader.php(290): CodeIgniter\Autoloader\Autoloader->includeFile('C:\\xampp\\htdocs\\proyecto_espinola_emilia\\app\\Models\\producto_Model.php')
 3 SYSTEMPATH\Autoloader\Autoloader.php(266): CodeIgniter\Autoloader\Autoloader->loadInNamespace('App\\Models\\producto_Model')
 4 APPPATH\Controllers\carrito_controller.php(21): CodeIgniter\Autoloader\Autoloader->loadClass('App\\Models\\producto_Model')
 5 SYSTEMPATH\CodeIgniter.php(915): App\Controllers\carrito_controller->__construct()
 6 SYSTEMPATH\CodeIgniter.php(494): CodeIgniter\CodeIgniter->createController()
 7 SYSTEMPATH\CodeIgniter.php(361): CodeIgniter\CodeIgniter->handleRequest(null, Object(Config\Cache), false)
 8 FCPATH\index.php(79): CodeIgniter\CodeIgniter->run()
INFO - 2026-03-02 21:28:03 --> Session: Class initialized using 'CodeIgniter\Session\Handlers\FileHandler' driver.
WARNING - 2026-03-02 21:30:41 --> [DEPRECATED] Optional parameter $colores declared before required parameter $buscar is implicitly treated as a required parameter in APPPATH\Models\producto_Model.php on line 76.
 1 SYSTEMPATH\Autoloader\Autoloader.php(311): include_once('C:\\xampp\\htdocs\\proyecto_espinola_emilia\\system\\Debug\\Exceptions.php')
 2 SYSTEMPATH\Autoloader\Autoloader.php(290): CodeIgniter\Autoloader\Autoloader->includeFile('C:\\xampp\\htdocs\\proyecto_espinola_emilia\\app\\Models\\producto_Model.php')
 3 SYSTEMPATH\Autoloader\Autoloader.php(266): CodeIgniter\Autoloader\Autoloader->loadInNamespace('App\\Models\\producto_Model')
 4 APPPATH\Controllers\ventas_controller.php(23): CodeIgniter\Autoloader\Autoloader->loadClass('App\\Models\\producto_Model')
 5 SYSTEMPATH\CodeIgniter.php(915): App\Controllers\ventas_controller->__construct()
 6 SYSTEMPATH\CodeIgniter.php(494): CodeIgniter\CodeIgniter->createController()
 7 SYSTEMPATH\CodeIgniter.php(361): CodeIgniter\CodeIgniter->handleRequest(null, Object(Config\Cache), false)
 8 FCPATH\index.php(79): CodeIgniter\CodeIgniter->run()
WARNING - 2026-03-02 21:30:41 --> [DEPRECATED] Optional parameter $talles declared before required parameter $buscar is implicitly treated as a required parameter in APPPATH\Models\producto_Model.php on line 0.
 1 SYSTEMPATH\Autoloader\Autoloader.php(311): include_once('C:\\xampp\\htdocs\\proyecto_espinola_emilia\\system\\Debug\\Exceptions.php')
 2 SYSTEMPATH\Autoloader\Autoloader.php(290): CodeIgniter\Autoloader\Autoloader->includeFile('C:\\xampp\\htdocs\\proyecto_espinola_emilia\\app\\Models\\producto_Model.php')
 3 SYSTEMPATH\Autoloader\Autoloader.php(266): CodeIgniter\Autoloader\Autoloader->loadInNamespace('App\\Models\\producto_Model')
 4 APPPATH\Controllers\ventas_controller.php(23): CodeIgniter\Autoloader\Autoloader->loadClass('App\\Models\\producto_Model')
 5 SYSTEMPATH\CodeIgniter.php(915): App\Controllers\ventas_controller->__construct()
 6 SYSTEMPATH\CodeIgniter.php(494): CodeIgniter\CodeIgniter->createController()
 7 SYSTEMPATH\CodeIgniter.php(361): CodeIgniter\CodeIgniter->handleRequest(null, Object(Config\Cache), false)
 8 FCPATH\index.php(79): CodeIgniter\CodeIgniter->run()
WARNING - 2026-03-02 21:30:41 --> [DEPRECATED] Optional parameter $categoria_id declared before required parameter $buscar is implicitly treated as a required parameter in APPPATH\Models\producto_Model.php on line 0.
 1 SYSTEMPATH\Autoloader\Autoloader.php(311): include_once('C:\\xampp\\htdocs\\proyecto_espinola_emilia\\system\\Debug\\Exceptions.php')
 2 SYSTEMPATH\Autoloader\Autoloader.php(290): CodeIgniter\Autoloader\Autoloader->includeFile('C:\\xampp\\htdocs\\proyecto_espinola_emilia\\app\\Models\\producto_Model.php')
 3 SYSTEMPATH\Autoloader\Autoloader.php(266): CodeIgniter\Autoloader\Autoloader->loadInNamespace('App\\Models\\producto_Model')
 4 APPPATH\Controllers\ventas_controller.php(23): CodeIgniter\Autoloader\Autoloader->loadClass('App\\Models\\producto_Model')
 5 SYSTEMPATH\CodeIgniter.php(915): App\Controllers\ventas_controller->__construct()
 6 SYSTEMPATH\CodeIgniter.php(494): CodeIgniter\CodeIgniter->createController()
 7 SYSTEMPATH\CodeIgniter.php(361): CodeIgniter\CodeIgniter->handleRequest(null, Object(Config\Cache), false)
 8 FCPATH\index.php(79): CodeIgniter\CodeIgniter->run()
WARNING - 2026-03-02 21:30:41 --> [DEPRECATED] Creation of dynamic property App\Controllers\ventas_controller::$productosDetalle is deprecated in APPPATH\Controllers\ventas_controller.php on line 24.
 1 SYSTEMPATH\CodeIgniter.php(915): App\Controllers\ventas_controller->__construct()
 2 SYSTEMPATH\CodeIgniter.php(494): CodeIgniter\CodeIgniter->createController()
 3 SYSTEMPATH\CodeIgniter.php(361): CodeIgniter\CodeIgniter->handleRequest(null, Object(Config\Cache), false)
 4 FCPATH\index.php(79): CodeIgniter\CodeIgniter->run()
INFO - 2026-03-02 21:30:41 --> Session: Class initialized using 'CodeIgniter\Session\Handlers\FileHandler' driver.
INFO - 2026-03-02 23:26:24 --> Session: Class initialized using 'CodeIgniter\Session\Handlers\FileHandler' driver.
WARNING - 2026-03-02 23:26:24 --> [DEPRECATED] Optional parameter $colores declared before required parameter $buscar is implicitly treated as a required parameter in APPPATH\Models\producto_Model.php on line 76.
 1 SYSTEMPATH\Autoloader\Autoloader.php(311): include_once('C:\\xampp\\htdocs\\proyecto_espinola_emilia\\system\\Debug\\Exceptions.php')
 2 SYSTEMPATH\Autoloader\Autoloader.php(290): CodeIgniter\Autoloader\Autoloader->includeFile('C:\\xampp\\htdocs\\proyecto_espinola_emilia\\app\\Models\\producto_Model.php')
 3 SYSTEMPATH\Autoloader\Autoloader.php(266): CodeIgniter\Autoloader\Autoloader->loadInNamespace('App\\Models\\producto_Model')
 4 APPPATH\Controllers\Home.php(15): CodeIgniter\Autoloader\Autoloader->loadClass('App\\Models\\producto_Model')
 5 SYSTEMPATH\CodeIgniter.php(943): App\Controllers\Home->inicio()
 6 SYSTEMPATH\CodeIgniter.php(503): CodeIgniter\CodeIgniter->runController(Object(App\Controllers\Home))
 7 SYSTEMPATH\CodeIgniter.php(361): CodeIgniter\CodeIgniter->handleRequest(null, Object(Config\Cache), false)
 8 FCPATH\index.php(79): CodeIgniter\CodeIgniter->run()
WARNING - 2026-03-02 23:26:24 --> [DEPRECATED] Optional parameter $talles declared before required parameter $buscar is implicitly treated as a required parameter in APPPATH\Models\producto_Model.php on line 0.
 1 SYSTEMPATH\Autoloader\Autoloader.php(311): include_once('C:\\xampp\\htdocs\\proyecto_espinola_emilia\\system\\Debug\\Exceptions.php')
 2 SYSTEMPATH\Autoloader\Autoloader.php(290): CodeIgniter\Autoloader\Autoloader->includeFile('C:\\xampp\\htdocs\\proyecto_espinola_emilia\\app\\Models\\producto_Model.php')
 3 SYSTEMPATH\Autoloader\Autoloader.php(266): CodeIgniter\Autoloader\Autoloader->loadInNamespace('App\\Models\\producto_Model')
 4 APPPATH\Controllers\Home.php(15): CodeIgniter\Autoloader\Autoloader->loadClass('App\\Models\\producto_Model')
 5 SYSTEMPATH\CodeIgniter.php(943): App\Controllers\Home->inicio()
 6 SYSTEMPATH\CodeIgniter.php(503): CodeIgniter\CodeIgniter->runController(Object(App\Controllers\Home))
 7 SYSTEMPATH\CodeIgniter.php(361): CodeIgniter\CodeIgniter->handleRequest(null, Object(Config\Cache), false)
 8 FCPATH\index.php(79): CodeIgniter\CodeIgniter->run()
WARNING - 2026-03-02 23:26:24 --> [DEPRECATED] Optional parameter $categoria_id declared before required parameter $buscar is implicitly treated as a required parameter in APPPATH\Models\producto_Model.php on line 0.
 1 SYSTEMPATH\Autoloader\Autoloader.php(311): include_once('C:\\xampp\\htdocs\\proyecto_espinola_emilia\\system\\Debug\\Exceptions.php')
 2 SYSTEMPATH\Autoloader\Autoloader.php(290): CodeIgniter\Autoloader\Autoloader->includeFile('C:\\xampp\\htdocs\\proyecto_espinola_emilia\\app\\Models\\producto_Model.php')
 3 SYSTEMPATH\Autoloader\Autoloader.php(266): CodeIgniter\Autoloader\Autoloader->loadInNamespace('App\\Models\\producto_Model')
 4 APPPATH\Controllers\Home.php(15): CodeIgniter\Autoloader\Autoloader->loadClass('App\\Models\\producto_Model')
 5 SYSTEMPATH\CodeIgniter.php(943): App\Controllers\Home->inicio()
 6 SYSTEMPATH\CodeIgniter.php(503): CodeIgniter\CodeIgniter->runController(Object(App\Controllers\Home))
 7 SYSTEMPATH\CodeIgniter.php(361): CodeIgniter\CodeIgniter->handleRequest(null, Object(Config\Cache), false)
 8 FCPATH\index.php(79): CodeIgniter\CodeIgniter->run()
INFO - 2026-03-02 23:26:24 --> Session: Class initialized using 'CodeIgniter\Session\Handlers\FileHandler' driver.
INFO - 2026-03-02 23:26:37 --> Session: Class initialized using 'CodeIgniter\Session\Handlers\FileHandler' driver.
INFO - 2026-03-02 23:27:07 --> Session: Class initialized using 'CodeIgniter\Session\Handlers\FileHandler' driver.
INFO - 2026-03-02 23:27:23 --> Session: Class initialized using 'CodeIgniter\Session\Handlers\FileHandler' driver.
WARNING - 2026-03-02 23:27:23 --> [DEPRECATED] Optional parameter $colores declared before required parameter $buscar is implicitly treated as a required parameter in APPPATH\Models\producto_Model.php on line 76.
 1 SYSTEMPATH\Autoloader\Autoloader.php(311): include_once('C:\\xampp\\htdocs\\proyecto_espinola_emilia\\system\\Debug\\Exceptions.php')
 2 SYSTEMPATH\Autoloader\Autoloader.php(290): CodeIgniter\Autoloader\Autoloader->includeFile('C:\\xampp\\htdocs\\proyecto_espinola_emilia\\app\\Models\\producto_Model.php')
 3 SYSTEMPATH\Autoloader\Autoloader.php(266): CodeIgniter\Autoloader\Autoloader->loadInNamespace('App\\Models\\producto_Model')
 4 APPPATH\Controllers\Home.php(15): CodeIgniter\Autoloader\Autoloader->loadClass('App\\Models\\producto_Model')
 5 SYSTEMPATH\CodeIgniter.php(943): App\Controllers\Home->inicio()
 6 SYSTEMPATH\CodeIgniter.php(503): CodeIgniter\CodeIgniter->runController(Object(App\Controllers\Home))
 7 SYSTEMPATH\CodeIgniter.php(361): CodeIgniter\CodeIgniter->handleRequest(null, Object(Config\Cache), false)
 8 FCPATH\index.php(79): CodeIgniter\CodeIgniter->run()
WARNING - 2026-03-02 23:27:23 --> [DEPRECATED] Optional parameter $talles declared before required parameter $buscar is implicitly treated as a required parameter in APPPATH\Models\producto_Model.php on line 0.
 1 SYSTEMPATH\Autoloader\Autoloader.php(311): include_once('C:\\xampp\\htdocs\\proyecto_espinola_emilia\\system\\Debug\\Exceptions.php')
 2 SYSTEMPATH\Autoloader\Autoloader.php(290): CodeIgniter\Autoloader\Autoloader->includeFile('C:\\xampp\\htdocs\\proyecto_espinola_emilia\\app\\Models\\producto_Model.php')
 3 SYSTEMPATH\Autoloader\Autoloader.php(266): CodeIgniter\Autoloader\Autoloader->loadInNamespace('App\\Models\\producto_Model')
 4 APPPATH\Controllers\Home.php(15): CodeIgniter\Autoloader\Autoloader->loadClass('App\\Models\\producto_Model')
 5 SYSTEMPATH\CodeIgniter.php(943): App\Controllers\Home->inicio()
 6 SYSTEMPATH\CodeIgniter.php(503): CodeIgniter\CodeIgniter->runController(Object(App\Controllers\Home))
 7 SYSTEMPATH\CodeIgniter.php(361): CodeIgniter\CodeIgniter->handleRequest(null, Object(Config\Cache), false)
 8 FCPATH\index.php(79): CodeIgniter\CodeIgniter->run()
WARNING - 2026-03-02 23:27:23 --> [DEPRECATED] Optional parameter $categoria_id declared before required parameter $buscar is implicitly treated as a required parameter in APPPATH\Models\producto_Model.php on line 0.
 1 SYSTEMPATH\Autoloader\Autoloader.php(311): include_once('C:\\xampp\\htdocs\\proyecto_espinola_emilia\\system\\Debug\\Exceptions.php')
 2 SYSTEMPATH\Autoloader\Autoloader.php(290): CodeIgniter\Autoloader\Autoloader->includeFile('C:\\xampp\\htdocs\\proyecto_espinola_emilia\\app\\Models\\producto_Model.php')
 3 SYSTEMPATH\Autoloader\Autoloader.php(266): CodeIgniter\Autoloader\Autoloader->loadInNamespace('App\\Models\\producto_Model')
 4 APPPATH\Controllers\Home.php(15): CodeIgniter\Autoloader\Autoloader->loadClass('App\\Models\\producto_Model')
 5 SYSTEMPATH\CodeIgniter.php(943): App\Controllers\Home->inicio()
 6 SYSTEMPATH\CodeIgniter.php(503): CodeIgniter\CodeIgniter->runController(Object(App\Controllers\Home))
 7 SYSTEMPATH\CodeIgniter.php(361): CodeIgniter\CodeIgniter->handleRequest(null, Object(Config\Cache), false)
 8 FCPATH\index.php(79): CodeIgniter\CodeIgniter->run()
INFO - 2026-03-02 23:27:23 --> Session: Class initialized using 'CodeIgniter\Session\Handlers\FileHandler' driver.
INFO - 2026-03-02 23:27:39 --> Session: Class initialized using 'CodeIgniter\Session\Handlers\FileHandler' driver.
WARNING - 2026-03-02 23:27:39 --> [DEPRECATED] Optional parameter $colores declared before required parameter $buscar is implicitly treated as a required parameter in APPPATH\Models\producto_Model.php on line 76.
 1 SYSTEMPATH\Autoloader\Autoloader.php(311): include_once('C:\\xampp\\htdocs\\proyecto_espinola_emilia\\system\\Debug\\Exceptions.php')
 2 SYSTEMPATH\Autoloader\Autoloader.php(290): CodeIgniter\Autoloader\Autoloader->includeFile('C:\\xampp\\htdocs\\proyecto_espinola_emilia\\app\\Models\\producto_Model.php')
 3 SYSTEMPATH\Autoloader\Autoloader.php(266): CodeIgniter\Autoloader\Autoloader->loadInNamespace('App\\Models\\producto_Model')
 4 APPPATH\Controllers\Home.php(15): CodeIgniter\Autoloader\Autoloader->loadClass('App\\Models\\producto_Model')
 5 SYSTEMPATH\CodeIgniter.php(943): App\Controllers\Home->inicio()
 6 SYSTEMPATH\CodeIgniter.php(503): CodeIgniter\CodeIgniter->runController(Object(App\Controllers\Home))
 7 SYSTEMPATH\CodeIgniter.php(361): CodeIgniter\CodeIgniter->handleRequest(null, Object(Config\Cache), false)
 8 FCPATH\index.php(79): CodeIgniter\CodeIgniter->run()
WARNING - 2026-03-02 23:27:39 --> [DEPRECATED] Optional parameter $talles declared before required parameter $buscar is implicitly treated as a required parameter in APPPATH\Models\producto_Model.php on line 0.
 1 SYSTEMPATH\Autoloader\Autoloader.php(311): include_once('C:\\xampp\\htdocs\\proyecto_espinola_emilia\\system\\Debug\\Exceptions.php')
 2 SYSTEMPATH\Autoloader\Autoloader.php(290): CodeIgniter\Autoloader\Autoloader->includeFile('C:\\xampp\\htdocs\\proyecto_espinola_emilia\\app\\Models\\producto_Model.php')
 3 SYSTEMPATH\Autoloader\Autoloader.php(266): CodeIgniter\Autoloader\Autoloader->loadInNamespace('App\\Models\\producto_Model')
 4 APPPATH\Controllers\Home.php(15): CodeIgniter\Autoloader\Autoloader->loadClass('App\\Models\\producto_Model')
 5 SYSTEMPATH\CodeIgniter.php(943): App\Controllers\Home->inicio()
 6 SYSTEMPATH\CodeIgniter.php(503): CodeIgniter\CodeIgniter->runController(Object(App\Controllers\Home))
 7 SYSTEMPATH\CodeIgniter.php(361): CodeIgniter\CodeIgniter->handleRequest(null, Object(Config\Cache), false)
 8 FCPATH\index.php(79): CodeIgniter\CodeIgniter->run()
WARNING - 2026-03-02 23:27:39 --> [DEPRECATED] Optional parameter $categoria_id declared before required parameter $buscar is implicitly treated as a required parameter in APPPATH\Models\producto_Model.php on line 0.
 1 SYSTEMPATH\Autoloader\Autoloader.php(311): include_once('C:\\xampp\\htdocs\\proyecto_espinola_emilia\\system\\Debug\\Exceptions.php')
 2 SYSTEMPATH\Autoloader\Autoloader.php(290): CodeIgniter\Autoloader\Autoloader->includeFile('C:\\xampp\\htdocs\\proyecto_espinola_emilia\\app\\Models\\producto_Model.php')
 3 SYSTEMPATH\Autoloader\Autoloader.php(266): CodeIgniter\Autoloader\Autoloader->loadInNamespace('App\\Models\\producto_Model')
 4 APPPATH\Controllers\Home.php(15): CodeIgniter\Autoloader\Autoloader->loadClass('App\\Models\\producto_Model')
 5 SYSTEMPATH\CodeIgniter.php(943): App\Controllers\Home->inicio()
 6 SYSTEMPATH\CodeIgniter.php(503): CodeIgniter\CodeIgniter->runController(Object(App\Controllers\Home))
 7 SYSTEMPATH\CodeIgniter.php(361): CodeIgniter\CodeIgniter->handleRequest(null, Object(Config\Cache), false)
 8 FCPATH\index.php(79): CodeIgniter\CodeIgniter->run()
INFO - 2026-03-02 23:27:39 --> Session: Class initialized using 'CodeIgniter\Session\Handlers\FileHandler' driver.
INFO - 2026-03-02 23:27:44 --> Session: Class initialized using 'CodeIgniter\Session\Handlers\FileHandler' driver.
INFO - 2026-03-02 23:28:01 --> Session: Class initialized using 'CodeIgniter\Session\Handlers\FileHandler' driver.
