INFO - 2025-12-11 00:02:24 --> Session: Class initialized using 'CodeIgniter\Session\Handlers\FileHandler' driver.
WARNING - 2025-12-11 00:02:24 --> [DEPRECATED] Optional parameter $colores declared before required parameter $buscar is implicitly treated as a required parameter in APPPATH\Models\producto_Model.php on line 74.
 1 SYSTEMPATH\Autoloader\Autoloader.php(311): include_once('C:\\xampp\\htdocs\\proyecto_espinola_emilia\\system\\Debug\\Exceptions.php')
 2 SYSTEMPATH\Autoloader\Autoloader.php(290): CodeIgniter\Autoloader\Autoloader->includeFile('C:\\xampp\\htdocs\\proyecto_espinola_emilia\\app\\Models\\producto_Model.php')
 3 SYSTEMPATH\Autoloader\Autoloader.php(266): CodeIgniter\Autoloader\Autoloader->loadInNamespace('App\\Models\\producto_Model')
 4 APPPATH\Controllers\Home.php(12): CodeIgniter\Autoloader\Autoloader->loadClass('App\\Models\\producto_Model')
 5 SYSTEMPATH\CodeIgniter.php(943): App\Controllers\Home->inicio()
 6 SYSTEMPATH\CodeIgniter.php(503): CodeIgniter\CodeIgniter->runController(Object(App\Controllers\Home))
 7 SYSTEMPATH\CodeIgniter.php(361): CodeIgniter\CodeIgniter->handleRequest(null, Object(Config\Cache), false)
 8 FCPATH\index.php(79): CodeIgniter\CodeIgniter->run()
WARNING - 2025-12-11 00:02:24 --> [DEPRECATED] Optional parameter $talles declared before required parameter $buscar is implicitly treated as a required parameter in APPPATH\Models\producto_Model.php on line 0.
 1 SYSTEMPATH\Autoloader\Autoloader.php(311): include_once('C:\\xampp\\htdocs\\proyecto_espinola_emilia\\system\\Debug\\Exceptions.php')
 2 SYSTEMPATH\Autoloader\Autoloader.php(290): CodeIgniter\Autoloader\Autoloader->includeFile('C:\\xampp\\htdocs\\proyecto_espinola_emilia\\app\\Models\\producto_Model.php')
 3 SYSTEMPATH\Autoloader\Autoloader.php(266): CodeIgniter\Autoloader\Autoloader->loadInNamespace('App\\Models\\producto_Model')
 4 APPPATH\Controllers\Home.php(12): CodeIgniter\Autoloader\Autoloader->loadClass('App\\Models\\producto_Model')
 5 SYSTEMPATH\CodeIgniter.php(943): App\Controllers\Home->inicio()
 6 SYSTEMPATH\CodeIgniter.php(503): CodeIgniter\CodeIgniter->runController(Object(App\Controllers\Home))
 7 SYSTEMPATH\CodeIgniter.php(361): CodeIgniter\CodeIgniter->handleRequest(null, Object(Config\Cache), false)
 8 FCPATH\index.php(79): CodeIgniter\CodeIgniter->run()
WARNING - 2025-12-11 00:02:24 --> [DEPRECATED] Optional parameter $categoria_id declared before required parameter $buscar is implicitly treated as a required parameter in APPPATH\Models\producto_Model.php on line 0.
 1 SYSTEMPATH\Autoloader\Autoloader.php(311): include_once('C:\\xampp\\htdocs\\proyecto_espinola_emilia\\system\\Debug\\Exceptions.php')
 2 SYSTEMPATH\Autoloader\Autoloader.php(290): CodeIgniter\Autoloader\Autoloader->includeFile('C:\\xampp\\htdocs\\proyecto_espinola_emilia\\app\\Models\\producto_Model.php')
 3 SYSTEMPATH\Autoloader\Autoloader.php(266): CodeIgniter\Autoloader\Autoloader->loadInNamespace('App\\Models\\producto_Model')
 4 APPPATH\Controllers\Home.php(12): CodeIgniter\Autoloader\Autoloader->loadClass('App\\Models\\producto_Model')
 5 SYSTEMPATH\CodeIgniter.php(943): App\Controllers\Home->inicio()
 6 SYSTEMPATH\CodeIgniter.php(503): CodeIgniter\CodeIgniter->runController(Object(App\Controllers\Home))
 7 SYSTEMPATH\CodeIgniter.php(361): CodeIgniter\CodeIgniter->handleRequest(null, Object(Config\Cache), false)
 8 FCPATH\index.php(79): CodeIgniter\CodeIgniter->run()
INFO - 2025-12-11 00:02:25 --> Session: Class initialized using 'CodeIgniter\Session\Handlers\FileHandler' driver.
INFO - 2025-12-11 00:02:37 --> Session: Class initialized using 'CodeIgniter\Session\Handlers\FileHandler' driver.
INFO - 2025-12-11 00:03:00 --> Session: Class initialized using 'CodeIgniter\Session\Handlers\FileHandler' driver.
INFO - 2025-12-11 00:03:00 --> Session: Class initialized using 'CodeIgniter\Session\Handlers\FileHandler' driver.
WARNING - 2025-12-11 00:03:00 --> [DEPRECATED] Optional parameter $colores declared before required parameter $buscar is implicitly treated as a required parameter in APPPATH\Models\producto_Model.php on line 74.
 1 SYSTEMPATH\Autoloader\Autoloader.php(311): include_once('C:\\xampp\\htdocs\\proyecto_espinola_emilia\\system\\Debug\\Exceptions.php')
 2 SYSTEMPATH\Autoloader\Autoloader.php(290): CodeIgniter\Autoloader\Autoloader->includeFile('C:\\xampp\\htdocs\\proyecto_espinola_emilia\\app\\Models\\producto_Model.php')
 3 SYSTEMPATH\Autoloader\Autoloader.php(266): CodeIgniter\Autoloader\Autoloader->loadInNamespace('App\\Models\\producto_Model')
 4 APPPATH\Controllers\producto_controller.php(14): CodeIgniter\Autoloader\Autoloader->loadClass('App\\Models\\producto_Model')
 5 SYSTEMPATH\CodeIgniter.php(943): App\Controllers\producto_controller->index()
 6 SYSTEMPATH\CodeIgniter.php(503): CodeIgniter\CodeIgniter->runController(Object(App\Controllers\producto_controller))
 7 SYSTEMPATH\CodeIgniter.php(361): CodeIgniter\CodeIgniter->handleRequest(null, Object(Config\Cache), false)
 8 FCPATH\index.php(79): CodeIgniter\CodeIgniter->run()
WARNING - 2025-12-11 00:03:00 --> [DEPRECATED] Optional parameter $talles declared before required parameter $buscar is implicitly treated as a required parameter in APPPATH\Models\producto_Model.php on line 74.
 1 SYSTEMPATH\Autoloader\Autoloader.php(311): include_once('C:\\xampp\\htdocs\\proyecto_espinola_emilia\\system\\Debug\\Exceptions.php')
 2 SYSTEMPATH\Autoloader\Autoloader.php(290): CodeIgniter\Autoloader\Autoloader->includeFile('C:\\xampp\\htdocs\\proyecto_espinola_emilia\\app\\Models\\producto_Model.php')
 3 SYSTEMPATH\Autoloader\Autoloader.php(266): CodeIgniter\Autoloader\Autoloader->loadInNamespace('App\\Models\\producto_Model')
 4 APPPATH\Controllers\producto_controller.php(14): CodeIgniter\Autoloader\Autoloader->loadClass('App\\Models\\producto_Model')
 5 SYSTEMPATH\CodeIgniter.php(943): App\Controllers\producto_controller->index()
 6 SYSTEMPATH\CodeIgniter.php(503): CodeIgniter\CodeIgniter->runController(Object(App\Controllers\producto_controller))
 7 SYSTEMPATH\CodeIgniter.php(361): CodeIgniter\CodeIgniter->handleRequest(null, Object(Config\Cache), false)
 8 FCPATH\index.php(79): CodeIgniter\CodeIgniter->run()
WARNING - 2025-12-11 00:03:00 --> [DEPRECATED] Optional parameter $categoria_id declared before required parameter $buscar is implicitly treated as a required parameter in APPPATH\Models\producto_Model.php on line 74.
 1 SYSTEMPATH\Autoloader\Autoloader.php(311): include_once('C:\\xampp\\htdocs\\proyecto_espinola_emilia\\system\\Debug\\Exceptions.php')
 2 SYSTEMPATH\Autoloader\Autoloader.php(290): CodeIgniter\Autoloader\Autoloader->includeFile('C:\\xampp\\htdocs\\proyecto_espinola_emilia\\app\\Models\\producto_Model.php')
 3 SYSTEMPATH\Autoloader\Autoloader.php(266): CodeIgniter\Autoloader\Autoloader->loadInNamespace('App\\Models\\producto_Model')
 4 APPPATH\Controllers\producto_controller.php(14): CodeIgniter\Autoloader\Autoloader->loadClass('App\\Models\\producto_Model')
 5 SYSTEMPATH\CodeIgniter.php(943): App\Controllers\producto_controller->index()
 6 SYSTEMPATH\CodeIgniter.php(503): CodeIgniter\CodeIgniter->runController(Object(App\Controllers\producto_controller))
 7 SYSTEMPATH\CodeIgniter.php(361): CodeIgniter\CodeIgniter->handleRequest(null, Object(Config\Cache), false)
 8 FCPATH\index.php(79): CodeIgniter\CodeIgniter->run()
INFO - 2025-12-11 00:03:05 --> Session: Class initialized using 'CodeIgniter\Session\Handlers\FileHandler' driver.
WARNING - 2025-12-11 00:10:57 --> [DEPRECATED] Optional parameter $colores declared before required parameter $buscar is implicitly treated as a required parameter in APPPATH\Models\producto_Model.php on line 74.
 1 SYSTEMPATH\Autoloader\Autoloader.php(311): include_once('C:\\xampp\\htdocs\\proyecto_espinola_emilia\\system\\Debug\\Exceptions.php')
 2 SYSTEMPATH\Autoloader\Autoloader.php(290): CodeIgniter\Autoloader\Autoloader->includeFile('C:\\xampp\\htdocs\\proyecto_espinola_emilia\\app\\Models\\producto_Model.php')
 3 SYSTEMPATH\Autoloader\Autoloader.php(266): CodeIgniter\Autoloader\Autoloader->loadInNamespace('App\\Models\\producto_Model')
 4 APPPATH\Controllers\producto_controller.php(93): CodeIgniter\Autoloader\Autoloader->loadClass('App\\Models\\producto_Model')
 5 SYSTEMPATH\CodeIgniter.php(943): App\Controllers\producto_controller->create()
 6 SYSTEMPATH\CodeIgniter.php(503): CodeIgniter\CodeIgniter->runController(Object(App\Controllers\producto_controller))
 7 SYSTEMPATH\CodeIgniter.php(361): CodeIgniter\CodeIgniter->handleRequest(null, Object(Config\Cache), false)
 8 FCPATH\index.php(79): CodeIgniter\CodeIgniter->run()
WARNING - 2025-12-11 00:10:57 --> [DEPRECATED] Optional parameter $talles declared before required parameter $buscar is implicitly treated as a required parameter in APPPATH\Models\producto_Model.php on line 0.
 1 SYSTEMPATH\Autoloader\Autoloader.php(311): include_once('C:\\xampp\\htdocs\\proyecto_espinola_emilia\\system\\Debug\\Exceptions.php')
 2 SYSTEMPATH\Autoloader\Autoloader.php(290): CodeIgniter\Autoloader\Autoloader->includeFile('C:\\xampp\\htdocs\\proyecto_espinola_emilia\\app\\Models\\producto_Model.php')
 3 SYSTEMPATH\Autoloader\Autoloader.php(266): CodeIgniter\Autoloader\Autoloader->loadInNamespace('App\\Models\\producto_Model')
 4 APPPATH\Controllers\producto_controller.php(93): CodeIgniter\Autoloader\Autoloader->loadClass('App\\Models\\producto_Model')
 5 SYSTEMPATH\CodeIgniter.php(943): App\Controllers\producto_controller->create()
 6 SYSTEMPATH\CodeIgniter.php(503): CodeIgniter\CodeIgniter->runController(Object(App\Controllers\producto_controller))
 7 SYSTEMPATH\CodeIgniter.php(361): CodeIgniter\CodeIgniter->handleRequest(null, Object(Config\Cache), false)
 8 FCPATH\index.php(79): CodeIgniter\CodeIgniter->run()
WARNING - 2025-12-11 00:10:57 --> [DEPRECATED] Optional parameter $categoria_id declared before required parameter $buscar is implicitly treated as a required parameter in APPPATH\Models\producto_Model.php on line 0.
 1 SYSTEMPATH\Autoloader\Autoloader.php(311): include_once('C:\\xampp\\htdocs\\proyecto_espinola_emilia\\system\\Debug\\Exceptions.php')
 2 SYSTEMPATH\Autoloader\Autoloader.php(290): CodeIgniter\Autoloader\Autoloader->includeFile('C:\\xampp\\htdocs\\proyecto_espinola_emilia\\app\\Models\\producto_Model.php')
 3 SYSTEMPATH\Autoloader\Autoloader.php(266): CodeIgniter\Autoloader\Autoloader->loadInNamespace('App\\Models\\producto_Model')
 4 APPPATH\Controllers\producto_controller.php(93): CodeIgniter\Autoloader\Autoloader->loadClass('App\\Models\\producto_Model')
 5 SYSTEMPATH\CodeIgniter.php(943): App\Controllers\producto_controller->create()
 6 SYSTEMPATH\CodeIgniter.php(503): CodeIgniter\CodeIgniter->runController(Object(App\Controllers\producto_controller))
 7 SYSTEMPATH\CodeIgniter.php(361): CodeIgniter\CodeIgniter->handleRequest(null, Object(Config\Cache), false)
 8 FCPATH\index.php(79): CodeIgniter\CodeIgniter->run()
INFO - 2025-12-11 00:10:57 --> Session: Class initialized using 'CodeIgniter\Session\Handlers\FileHandler' driver.
WARNING - 2025-12-11 00:10:57 --> [DEPRECATED] Optional parameter $colores declared before required parameter $buscar is implicitly treated as a required parameter in APPPATH\Models\producto_Model.php on line 74.
 1 SYSTEMPATH\Autoloader\Autoloader.php(311): include_once('C:\\xampp\\htdocs\\proyecto_espinola_emilia\\system\\Debug\\Exceptions.php')
 2 SYSTEMPATH\Autoloader\Autoloader.php(290): CodeIgniter\Autoloader\Autoloader->includeFile('C:\\xampp\\htdocs\\proyecto_espinola_emilia\\app\\Models\\producto_Model.php')
 3 SYSTEMPATH\Autoloader\Autoloader.php(266): CodeIgniter\Autoloader\Autoloader->loadInNamespace('App\\Models\\producto_Model')
 4 APPPATH\Controllers\producto_controller.php(14): CodeIgniter\Autoloader\Autoloader->loadClass('App\\Models\\producto_Model')
 5 SYSTEMPATH\CodeIgniter.php(943): App\Controllers\producto_controller->index()
 6 SYSTEMPATH\CodeIgniter.php(503): CodeIgniter\CodeIgniter->runController(Object(App\Controllers\producto_controller))
 7 SYSTEMPATH\CodeIgniter.php(361): CodeIgniter\CodeIgniter->handleRequest(null, Object(Config\Cache), false)
 8 FCPATH\index.php(79): CodeIgniter\CodeIgniter->run()
WARNING - 2025-12-11 00:10:57 --> [DEPRECATED] Optional parameter $talles declared before required parameter $buscar is implicitly treated as a required parameter in APPPATH\Models\producto_Model.php on line 74.
 1 SYSTEMPATH\Autoloader\Autoloader.php(311): include_once('C:\\xampp\\htdocs\\proyecto_espinola_emilia\\system\\Debug\\Exceptions.php')
 2 SYSTEMPATH\Autoloader\Autoloader.php(290): CodeIgniter\Autoloader\Autoloader->includeFile('C:\\xampp\\htdocs\\proyecto_espinola_emilia\\app\\Models\\producto_Model.php')
 3 SYSTEMPATH\Autoloader\Autoloader.php(266): CodeIgniter\Autoloader\Autoloader->loadInNamespace('App\\Models\\producto_Model')
 4 APPPATH\Controllers\producto_controller.php(14): CodeIgniter\Autoloader\Autoloader->loadClass('App\\Models\\producto_Model')
 5 SYSTEMPATH\CodeIgniter.php(943): App\Controllers\producto_controller->index()
 6 SYSTEMPATH\CodeIgniter.php(503): CodeIgniter\CodeIgniter->runController(Object(App\Controllers\producto_controller))
 7 SYSTEMPATH\CodeIgniter.php(361): CodeIgniter\CodeIgniter->handleRequest(null, Object(Config\Cache), false)
 8 FCPATH\index.php(79): CodeIgniter\CodeIgniter->run()
WARNING - 2025-12-11 00:10:57 --> [DEPRECATED] Optional parameter $categoria_id declared before required parameter $buscar is implicitly treated as a required parameter in APPPATH\Models\producto_Model.php on line 74.
 1 SYSTEMPATH\Autoloader\Autoloader.php(311): include_once('C:\\xampp\\htdocs\\proyecto_espinola_emilia\\system\\Debug\\Exceptions.php')
 2 SYSTEMPATH\Autoloader\Autoloader.php(290): CodeIgniter\Autoloader\Autoloader->includeFile('C:\\xampp\\htdocs\\proyecto_espinola_emilia\\app\\Models\\producto_Model.php')
 3 SYSTEMPATH\Autoloader\Autoloader.php(266): CodeIgniter\Autoloader\Autoloader->loadInNamespace('App\\Models\\producto_Model')
 4 APPPATH\Controllers\producto_controller.php(14): CodeIgniter\Autoloader\Autoloader->loadClass('App\\Models\\producto_Model')
 5 SYSTEMPATH\CodeIgniter.php(943): App\Controllers\producto_controller->index()
 6 SYSTEMPATH\CodeIgniter.php(503): CodeIgniter\CodeIgniter->runController(Object(App\Controllers\producto_controller))
 7 SYSTEMPATH\CodeIgniter.php(361): CodeIgniter\CodeIgniter->handleRequest(null, Object(Config\Cache), false)
 8 FCPATH\index.php(79): CodeIgniter\CodeIgniter->run()
WARNING - 2025-12-11 00:18:18 --> [DEPRECATED] Optional parameter $colores declared before required parameter $buscar is implicitly treated as a required parameter in APPPATH\Models\producto_Model.php on line 74.
 1 SYSTEMPATH\Autoloader\Autoloader.php(311): include_once('C:\\xampp\\htdocs\\proyecto_espinola_emilia\\system\\Debug\\Exceptions.php')
 2 SYSTEMPATH\Autoloader\Autoloader.php(290): CodeIgniter\Autoloader\Autoloader->includeFile('C:\\xampp\\htdocs\\proyecto_espinola_emilia\\app\\Models\\producto_Model.php')
 3 SYSTEMPATH\Autoloader\Autoloader.php(266): CodeIgniter\Autoloader\Autoloader->loadInNamespace('App\\Models\\producto_Model')
 4 APPPATH\Controllers\producto_controller.php(119): CodeIgniter\Autoloader\Autoloader->loadClass('App\\Models\\producto_Model')
 5 SYSTEMPATH\CodeIgniter.php(943): App\Controllers\producto_controller->delete('103')
 6 SYSTEMPATH\CodeIgniter.php(503): CodeIgniter\CodeIgniter->runController(Object(App\Controllers\producto_controller))
 7 SYSTEMPATH\CodeIgniter.php(361): CodeIgniter\CodeIgniter->handleRequest(null, Object(Config\Cache), false)
 8 FCPATH\index.php(79): CodeIgniter\CodeIgniter->run()
WARNING - 2025-12-11 00:18:18 --> [DEPRECATED] Optional parameter $talles declared before required parameter $buscar is implicitly treated as a required parameter in APPPATH\Models\producto_Model.php on line 0.
 1 SYSTEMPATH\Autoloader\Autoloader.php(311): include_once('C:\\xampp\\htdocs\\proyecto_espinola_emilia\\system\\Debug\\Exceptions.php')
 2 SYSTEMPATH\Autoloader\Autoloader.php(290): CodeIgniter\Autoloader\Autoloader->includeFile('C:\\xampp\\htdocs\\proyecto_espinola_emilia\\app\\Models\\producto_Model.php')
 3 SYSTEMPATH\Autoloader\Autoloader.php(266): CodeIgniter\Autoloader\Autoloader->loadInNamespace('App\\Models\\producto_Model')
 4 APPPATH\Controllers\producto_controller.php(119): CodeIgniter\Autoloader\Autoloader->loadClass('App\\Models\\producto_Model')
 5 SYSTEMPATH\CodeIgniter.php(943): App\Controllers\producto_controller->delete('103')
 6 SYSTEMPATH\CodeIgniter.php(503): CodeIgniter\CodeIgniter->runController(Object(App\Controllers\producto_controller))
 7 SYSTEMPATH\CodeIgniter.php(361): CodeIgniter\CodeIgniter->handleRequest(null, Object(Config\Cache), false)
 8 FCPATH\index.php(79): CodeIgniter\CodeIgniter->run()
WARNING - 2025-12-11 00:18:18 --> [DEPRECATED] Optional parameter $categoria_id declared before required parameter $buscar is implicitly treated as a required parameter in APPPATH\Models\producto_Model.php on line 0.
 1 SYSTEMPATH\Autoloader\Autoloader.php(311): include_once('C:\\xampp\\htdocs\\proyecto_espinola_emilia\\system\\Debug\\Exceptions.php')
 2 SYSTEMPATH\Autoloader\Autoloader.php(290): CodeIgniter\Autoloader\Autoloader->includeFile('C:\\xampp\\htdocs\\proyecto_espinola_emilia\\app\\Models\\producto_Model.php')
 3 SYSTEMPATH\Autoloader\Autoloader.php(266): CodeIgniter\Autoloader\Autoloader->loadInNamespace('App\\Models\\producto_Model')
 4 APPPATH\Controllers\producto_controller.php(119): CodeIgniter\Autoloader\Autoloader->loadClass('App\\Models\\producto_Model')
 5 SYSTEMPATH\CodeIgniter.php(943): App\Controllers\producto_controller->delete('103')
 6 SYSTEMPATH\CodeIgniter.php(503): CodeIgniter\CodeIgniter->runController(Object(App\Controllers\producto_controller))
 7 SYSTEMPATH\CodeIgniter.php(361): CodeIgniter\CodeIgniter->handleRequest(null, Object(Config\Cache), false)
 8 FCPATH\index.php(79): CodeIgniter\CodeIgniter->run()
INFO - 2025-12-11 00:18:18 --> Session: Class initialized using 'CodeIgniter\Session\Handlers\FileHandler' driver.
WARNING - 2025-12-11 00:18:18 --> [DEPRECATED] Optional parameter $colores declared before required parameter $buscar is implicitly treated as a required parameter in APPPATH\Models\producto_Model.php on line 74.
 1 SYSTEMPATH\Autoloader\Autoloader.php(311): include_once('C:\\xampp\\htdocs\\proyecto_espinola_emilia\\system\\Debug\\Exceptions.php')
 2 SYSTEMPATH\Autoloader\Autoloader.php(290): CodeIgniter\Autoloader\Autoloader->includeFile('C:\\xampp\\htdocs\\proyecto_espinola_emilia\\app\\Models\\producto_Model.php')
 3 SYSTEMPATH\Autoloader\Autoloader.php(266): CodeIgniter\Autoloader\Autoloader->loadInNamespace('App\\Models\\producto_Model')
 4 APPPATH\Controllers\producto_controller.php(14): CodeIgniter\Autoloader\Autoloader->loadClass('App\\Models\\producto_Model')
 5 SYSTEMPATH\CodeIgniter.php(943): App\Controllers\producto_controller->index()
 6 SYSTEMPATH\CodeIgniter.php(503): CodeIgniter\CodeIgniter->runController(Object(App\Controllers\producto_controller))
 7 SYSTEMPATH\CodeIgniter.php(361): CodeIgniter\CodeIgniter->handleRequest(null, Object(Config\Cache), false)
 8 FCPATH\index.php(79): CodeIgniter\CodeIgniter->run()
WARNING - 2025-12-11 00:18:18 --> [DEPRECATED] Optional parameter $talles declared before required parameter $buscar is implicitly treated as a required parameter in APPPATH\Models\producto_Model.php on line 74.
 1 SYSTEMPATH\Autoloader\Autoloader.php(311): include_once('C:\\xampp\\htdocs\\proyecto_espinola_emilia\\system\\Debug\\Exceptions.php')
 2 SYSTEMPATH\Autoloader\Autoloader.php(290): CodeIgniter\Autoloader\Autoloader->includeFile('C:\\xampp\\htdocs\\proyecto_espinola_emilia\\app\\Models\\producto_Model.php')
 3 SYSTEMPATH\Autoloader\Autoloader.php(266): CodeIgniter\Autoloader\Autoloader->loadInNamespace('App\\Models\\producto_Model')
 4 APPPATH\Controllers\producto_controller.php(14): CodeIgniter\Autoloader\Autoloader->loadClass('App\\Models\\producto_Model')
 5 SYSTEMPATH\CodeIgniter.php(943): App\Controllers\producto_controller->index()
 6 SYSTEMPATH\CodeIgniter.php(503): CodeIgniter\CodeIgniter->runController(Object(App\Controllers\producto_controller))
 7 SYSTEMPATH\CodeIgniter.php(361): CodeIgniter\CodeIgniter->handleRequest(null, Object(Config\Cache), false)
 8 FCPATH\index.php(79): CodeIgniter\CodeIgniter->run()
WARNING - 2025-12-11 00:18:18 --> [DEPRECATED] Optional parameter $categoria_id declared before required parameter $buscar is implicitly treated as a required parameter in APPPATH\Models\producto_Model.php on line 74.
 1 SYSTEMPATH\Autoloader\Autoloader.php(311): include_once('C:\\xampp\\htdocs\\proyecto_espinola_emilia\\system\\Debug\\Exceptions.php')
 2 SYSTEMPATH\Autoloader\Autoloader.php(290): CodeIgniter\Autoloader\Autoloader->includeFile('C:\\xampp\\htdocs\\proyecto_espinola_emilia\\app\\Models\\producto_Model.php')
 3 SYSTEMPATH\Autoloader\Autoloader.php(266): CodeIgniter\Autoloader\Autoloader->loadInNamespace('App\\Models\\producto_Model')
 4 APPPATH\Controllers\producto_controller.php(14): CodeIgniter\Autoloader\Autoloader->loadClass('App\\Models\\producto_Model')
 5 SYSTEMPATH\CodeIgniter.php(943): App\Controllers\producto_controller->index()
 6 SYSTEMPATH\CodeIgniter.php(503): CodeIgniter\CodeIgniter->runController(Object(App\Controllers\producto_controller))
 7 SYSTEMPATH\CodeIgniter.php(361): CodeIgniter\CodeIgniter->handleRequest(null, Object(Config\Cache), false)
 8 FCPATH\index.php(79): CodeIgniter\CodeIgniter->run()
INFO - 2025-12-11 00:18:23 --> Session: Class initialized using 'CodeIgniter\Session\Handlers\FileHandler' driver.
INFO - 2025-12-11 00:18:36 --> Session: Class initialized using 'CodeIgniter\Session\Handlers\FileHandler' driver.
INFO - 2025-12-11 00:29:26 --> Session: Class initialized using 'CodeIgniter\Session\Handlers\FileHandler' driver.
INFO - 2025-12-11 00:30:00 --> Session: Class initialized using 'CodeIgniter\Session\Handlers\FileHandler' driver.
WARNING - 2025-12-11 00:31:36 --> [DEPRECATED] Optional parameter $colores declared before required parameter $buscar is implicitly treated as a required parameter in APPPATH\Models\producto_Model.php on line 74.
 1 SYSTEMPATH\Autoloader\Autoloader.php(311): include_once('C:\\xampp\\htdocs\\proyecto_espinola_emilia\\system\\Debug\\Exceptions.php')
 2 SYSTEMPATH\Autoloader\Autoloader.php(290): CodeIgniter\Autoloader\Autoloader->includeFile('C:\\xampp\\htdocs\\proyecto_espinola_emilia\\app\\Models\\producto_Model.php')
 3 SYSTEMPATH\Autoloader\Autoloader.php(266): CodeIgniter\Autoloader\Autoloader->loadInNamespace('App\\Models\\producto_Model')
 4 APPPATH\Controllers\producto_controller.php(93): CodeIgniter\Autoloader\Autoloader->loadClass('App\\Models\\producto_Model')
 5 SYSTEMPATH\CodeIgniter.php(943): App\Controllers\producto_controller->create()
 6 SYSTEMPATH\CodeIgniter.php(503): CodeIgniter\CodeIgniter->runController(Object(App\Controllers\producto_controller))
 7 SYSTEMPATH\CodeIgniter.php(361): CodeIgniter\CodeIgniter->handleRequest(null, Object(Config\Cache), false)
 8 FCPATH\index.php(79): CodeIgniter\CodeIgniter->run()
WARNING - 2025-12-11 00:31:36 --> [DEPRECATED] Optional parameter $talles declared before required parameter $buscar is implicitly treated as a required parameter in APPPATH\Models\producto_Model.php on line 0.
 1 SYSTEMPATH\Autoloader\Autoloader.php(311): include_once('C:\\xampp\\htdocs\\proyecto_espinola_emilia\\system\\Debug\\Exceptions.php')
 2 SYSTEMPATH\Autoloader\Autoloader.php(290): CodeIgniter\Autoloader\Autoloader->includeFile('C:\\xampp\\htdocs\\proyecto_espinola_emilia\\app\\Models\\producto_Model.php')
 3 SYSTEMPATH\Autoloader\Autoloader.php(266): CodeIgniter\Autoloader\Autoloader->loadInNamespace('App\\Models\\producto_Model')
 4 APPPATH\Controllers\producto_controller.php(93): CodeIgniter\Autoloader\Autoloader->loadClass('App\\Models\\producto_Model')
 5 SYSTEMPATH\CodeIgniter.php(943): App\Controllers\producto_controller->create()
 6 SYSTEMPATH\CodeIgniter.php(503): CodeIgniter\CodeIgniter->runController(Object(App\Controllers\producto_controller))
 7 SYSTEMPATH\CodeIgniter.php(361): CodeIgniter\CodeIgniter->handleRequest(null, Object(Config\Cache), false)
 8 FCPATH\index.php(79): CodeIgniter\CodeIgniter->run()
WARNING - 2025-12-11 00:31:36 --> [DEPRECATED] Optional parameter $categoria_id declared before required parameter $buscar is implicitly treated as a required parameter in APPPATH\Models\producto_Model.php on line 0.
 1 SYSTEMPATH\Autoloader\Autoloader.php(311): include_once('C:\\xampp\\htdocs\\proyecto_espinola_emilia\\system\\Debug\\Exceptions.php')
 2 SYSTEMPATH\Autoloader\Autoloader.php(290): CodeIgniter\Autoloader\Autoloader->includeFile('C:\\xampp\\htdocs\\proyecto_espinola_emilia\\app\\Models\\producto_Model.php')
 3 SYSTEMPATH\Autoloader\Autoloader.php(266): CodeIgniter\Autoloader\Autoloader->loadInNamespace('App\\Models\\producto_Model')
 4 APPPATH\Controllers\producto_controller.php(93): CodeIgniter\Autoloader\Autoloader->loadClass('App\\Models\\producto_Model')
 5 SYSTEMPATH\CodeIgniter.php(943): App\Controllers\producto_controller->create()
 6 SYSTEMPATH\CodeIgniter.php(503): CodeIgniter\CodeIgniter->runController(Object(App\Controllers\producto_controller))
 7 SYSTEMPATH\CodeIgniter.php(361): CodeIgniter\CodeIgniter->handleRequest(null, Object(Config\Cache), false)
 8 FCPATH\index.php(79): CodeIgniter\CodeIgniter->run()
INFO - 2025-12-11 00:31:36 --> Session: Class initialized using 'CodeIgniter\Session\Handlers\FileHandler' driver.
WARNING - 2025-12-11 00:31:36 --> [DEPRECATED] Optional parameter $colores declared before required parameter $buscar is implicitly treated as a required parameter in APPPATH\Models\producto_Model.php on line 74.
 1 SYSTEMPATH\Autoloader\Autoloader.php(311): include_once('C:\\xampp\\htdocs\\proyecto_espinola_emilia\\system\\Debug\\Exceptions.php')
 2 SYSTEMPATH\Autoloader\Autoloader.php(290): CodeIgniter\Autoloader\Autoloader->includeFile('C:\\xampp\\htdocs\\proyecto_espinola_emilia\\app\\Models\\producto_Model.php')
 3 SYSTEMPATH\Autoloader\Autoloader.php(266): CodeIgniter\Autoloader\Autoloader->loadInNamespace('App\\Models\\producto_Model')
 4 APPPATH\Controllers\producto_controller.php(14): CodeIgniter\Autoloader\Autoloader->loadClass('App\\Models\\producto_Model')
 5 SYSTEMPATH\CodeIgniter.php(943): App\Controllers\producto_controller->index()
 6 SYSTEMPATH\CodeIgniter.php(503): CodeIgniter\CodeIgniter->runController(Object(App\Controllers\producto_controller))
 7 SYSTEMPATH\CodeIgniter.php(361): CodeIgniter\CodeIgniter->handleRequest(null, Object(Config\Cache), false)
 8 FCPATH\index.php(79): CodeIgniter\CodeIgniter->run()
WARNING - 2025-12-11 00:31:36 --> [DEPRECATED] Optional parameter $talles declared before required parameter $buscar is implicitly treated as a required parameter in APPPATH\Models\producto_Model.php on line 74.
 1 SYSTEMPATH\Autoloader\Autoloader.php(311): include_once('C:\\xampp\\htdocs\\proyecto_espinola_emilia\\system\\Debug\\Exceptions.php')
 2 SYSTEMPATH\Autoloader\Autoloader.php(290): CodeIgniter\Autoloader\Autoloader->includeFile('C:\\xampp\\htdocs\\proyecto_espinola_emilia\\app\\Models\\producto_Model.php')
 3 SYSTEMPATH\Autoloader\Autoloader.php(266): CodeIgniter\Autoloader\Autoloader->loadInNamespace('App\\Models\\producto_Model')
 4 APPPATH\Controllers\producto_controller.php(14): CodeIgniter\Autoloader\Autoloader->loadClass('App\\Models\\producto_Model')
 5 SYSTEMPATH\CodeIgniter.php(943): App\Controllers\producto_controller->index()
 6 SYSTEMPATH\CodeIgniter.php(503): CodeIgniter\CodeIgniter->runController(Object(App\Controllers\producto_controller))
 7 SYSTEMPATH\CodeIgniter.php(361): CodeIgniter\CodeIgniter->handleRequest(null, Object(Config\Cache), false)
 8 FCPATH\index.php(79): CodeIgniter\CodeIgniter->run()
WARNING - 2025-12-11 00:31:36 --> [DEPRECATED] Optional parameter $categoria_id declared before required parameter $buscar is implicitly treated as a required parameter in APPPATH\Models\producto_Model.php on line 74.
 1 SYSTEMPATH\Autoloader\Autoloader.php(311): include_once('C:\\xampp\\htdocs\\proyecto_espinola_emilia\\system\\Debug\\Exceptions.php')
 2 SYSTEMPATH\Autoloader\Autoloader.php(290): CodeIgniter\Autoloader\Autoloader->includeFile('C:\\xampp\\htdocs\\proyecto_espinola_emilia\\app\\Models\\producto_Model.php')
 3 SYSTEMPATH\Autoloader\Autoloader.php(266): CodeIgniter\Autoloader\Autoloader->loadInNamespace('App\\Models\\producto_Model')
 4 APPPATH\Controllers\producto_controller.php(14): CodeIgniter\Autoloader\Autoloader->loadClass('App\\Models\\producto_Model')
 5 SYSTEMPATH\CodeIgniter.php(943): App\Controllers\producto_controller->index()
 6 SYSTEMPATH\CodeIgniter.php(503): CodeIgniter\CodeIgniter->runController(Object(App\Controllers\producto_controller))
 7 SYSTEMPATH\CodeIgniter.php(361): CodeIgniter\CodeIgniter->handleRequest(null, Object(Config\Cache), false)
 8 FCPATH\index.php(79): CodeIgniter\CodeIgniter->run()
WARNING - 2025-12-11 00:31:39 --> [DEPRECATED] Optional parameter $colores declared before required parameter $buscar is implicitly treated as a required parameter in APPPATH\Models\producto_Model.php on line 74.
 1 SYSTEMPATH\Autoloader\Autoloader.php(311): include_once('C:\\xampp\\htdocs\\proyecto_espinola_emilia\\system\\Debug\\Exceptions.php')
 2 SYSTEMPATH\Autoloader\Autoloader.php(290): CodeIgniter\Autoloader\Autoloader->includeFile('C:\\xampp\\htdocs\\proyecto_espinola_emilia\\app\\Models\\producto_Model.php')
 3 SYSTEMPATH\Autoloader\Autoloader.php(266): CodeIgniter\Autoloader\Autoloader->loadInNamespace('App\\Models\\producto_Model')
 4 APPPATH\Controllers\producto_controller.php(119): CodeIgniter\Autoloader\Autoloader->loadClass('App\\Models\\producto_Model')
 5 SYSTEMPATH\CodeIgniter.php(943): App\Controllers\producto_controller->delete('104')
 6 SYSTEMPATH\CodeIgniter.php(503): CodeIgniter\CodeIgniter->runController(Object(App\Controllers\producto_controller))
 7 SYSTEMPATH\CodeIgniter.php(361): CodeIgniter\CodeIgniter->handleRequest(null, Object(Config\Cache), false)
 8 FCPATH\index.php(79): CodeIgniter\CodeIgniter->run()
WARNING - 2025-12-11 00:31:39 --> [DEPRECATED] Optional parameter $talles declared before required parameter $buscar is implicitly treated as a required parameter in APPPATH\Models\producto_Model.php on line 0.
 1 SYSTEMPATH\Autoloader\Autoloader.php(311): include_once('C:\\xampp\\htdocs\\proyecto_espinola_emilia\\system\\Debug\\Exceptions.php')
 2 SYSTEMPATH\Autoloader\Autoloader.php(290): CodeIgniter\Autoloader\Autoloader->includeFile('C:\\xampp\\htdocs\\proyecto_espinola_emilia\\app\\Models\\producto_Model.php')
 3 SYSTEMPATH\Autoloader\Autoloader.php(266): CodeIgniter\Autoloader\Autoloader->loadInNamespace('App\\Models\\producto_Model')
 4 APPPATH\Controllers\producto_controller.php(119): CodeIgniter\Autoloader\Autoloader->loadClass('App\\Models\\producto_Model')
 5 SYSTEMPATH\CodeIgniter.php(943): App\Controllers\producto_controller->delete('104')
 6 SYSTEMPATH\CodeIgniter.php(503): CodeIgniter\CodeIgniter->runController(Object(App\Controllers\producto_controller))
 7 SYSTEMPATH\CodeIgniter.php(361): CodeIgniter\CodeIgniter->handleRequest(null, Object(Config\Cache), false)
 8 FCPATH\index.php(79): CodeIgniter\CodeIgniter->run()
WARNING - 2025-12-11 00:31:39 --> [DEPRECATED] Optional parameter $categoria_id declared before required parameter $buscar is implicitly treated as a required parameter in APPPATH\Models\producto_Model.php on line 0.
 1 SYSTEMPATH\Autoloader\Autoloader.php(311): include_once('C:\\xampp\\htdocs\\proyecto_espinola_emilia\\system\\Debug\\Exceptions.php')
 2 SYSTEMPATH\Autoloader\Autoloader.php(290): CodeIgniter\Autoloader\Autoloader->includeFile('C:\\xampp\\htdocs\\proyecto_espinola_emilia\\app\\Models\\producto_Model.php')
 3 SYSTEMPATH\Autoloader\Autoloader.php(266): CodeIgniter\Autoloader\Autoloader->loadInNamespace('App\\Models\\producto_Model')
 4 APPPATH\Controllers\producto_controller.php(119): CodeIgniter\Autoloader\Autoloader->loadClass('App\\Models\\producto_Model')
 5 SYSTEMPATH\CodeIgniter.php(943): App\Controllers\producto_controller->delete('104')
 6 SYSTEMPATH\CodeIgniter.php(503): CodeIgniter\CodeIgniter->runController(Object(App\Controllers\producto_controller))
 7 SYSTEMPATH\CodeIgniter.php(361): CodeIgniter\CodeIgniter->handleRequest(null, Object(Config\Cache), false)
 8 FCPATH\index.php(79): CodeIgniter\CodeIgniter->run()
INFO - 2025-12-11 00:31:40 --> Session: Class initialized using 'CodeIgniter\Session\Handlers\FileHandler' driver.
WARNING - 2025-12-11 00:31:40 --> [DEPRECATED] Optional parameter $colores declared before required parameter $buscar is implicitly treated as a required parameter in APPPATH\Models\producto_Model.php on line 74.
 1 SYSTEMPATH\Autoloader\Autoloader.php(311): include_once('C:\\xampp\\htdocs\\proyecto_espinola_emilia\\system\\Debug\\Exceptions.php')
 2 SYSTEMPATH\Autoloader\Autoloader.php(290): CodeIgniter\Autoloader\Autoloader->includeFile('C:\\xampp\\htdocs\\proyecto_espinola_emilia\\app\\Models\\producto_Model.php')
 3 SYSTEMPATH\Autoloader\Autoloader.php(266): CodeIgniter\Autoloader\Autoloader->loadInNamespace('App\\Models\\producto_Model')
 4 APPPATH\Controllers\producto_controller.php(14): CodeIgniter\Autoloader\Autoloader->loadClass('App\\Models\\producto_Model')
 5 SYSTEMPATH\CodeIgniter.php(943): App\Controllers\producto_controller->index()
 6 SYSTEMPATH\CodeIgniter.php(503): CodeIgniter\CodeIgniter->runController(Object(App\Controllers\producto_controller))
 7 SYSTEMPATH\CodeIgniter.php(361): CodeIgniter\CodeIgniter->handleRequest(null, Object(Config\Cache), false)
 8 FCPATH\index.php(79): CodeIgniter\CodeIgniter->run()
WARNING - 2025-12-11 00:31:40 --> [DEPRECATED] Optional parameter $talles declared before required parameter $buscar is implicitly treated as a required parameter in APPPATH\Models\producto_Model.php on line 74.
 1 SYSTEMPATH\Autoloader\Autoloader.php(311): include_once('C:\\xampp\\htdocs\\proyecto_espinola_emilia\\system\\Debug\\Exceptions.php')
 2 SYSTEMPATH\Autoloader\Autoloader.php(290): CodeIgniter\Autoloader\Autoloader->includeFile('C:\\xampp\\htdocs\\proyecto_espinola_emilia\\app\\Models\\producto_Model.php')
 3 SYSTEMPATH\Autoloader\Autoloader.php(266): CodeIgniter\Autoloader\Autoloader->loadInNamespace('App\\Models\\producto_Model')
 4 APPPATH\Controllers\producto_controller.php(14): CodeIgniter\Autoloader\Autoloader->loadClass('App\\Models\\producto_Model')
 5 SYSTEMPATH\CodeIgniter.php(943): App\Controllers\producto_controller->index()
 6 SYSTEMPATH\CodeIgniter.php(503): CodeIgniter\CodeIgniter->runController(Object(App\Controllers\producto_controller))
 7 SYSTEMPATH\CodeIgniter.php(361): CodeIgniter\CodeIgniter->handleRequest(null, Object(Config\Cache), false)
 8 FCPATH\index.php(79): CodeIgniter\CodeIgniter->run()
WARNING - 2025-12-11 00:31:40 --> [DEPRECATED] Optional parameter $categoria_id declared before required parameter $buscar is implicitly treated as a required parameter in APPPATH\Models\producto_Model.php on line 74.
 1 SYSTEMPATH\Autoloader\Autoloader.php(311): include_once('C:\\xampp\\htdocs\\proyecto_espinola_emilia\\system\\Debug\\Exceptions.php')
 2 SYSTEMPATH\Autoloader\Autoloader.php(290): CodeIgniter\Autoloader\Autoloader->includeFile('C:\\xampp\\htdocs\\proyecto_espinola_emilia\\app\\Models\\producto_Model.php')
 3 SYSTEMPATH\Autoloader\Autoloader.php(266): CodeIgniter\Autoloader\Autoloader->loadInNamespace('App\\Models\\producto_Model')
 4 APPPATH\Controllers\producto_controller.php(14): CodeIgniter\Autoloader\Autoloader->loadClass('App\\Models\\producto_Model')
 5 SYSTEMPATH\CodeIgniter.php(943): App\Controllers\producto_controller->index()
 6 SYSTEMPATH\CodeIgniter.php(503): CodeIgniter\CodeIgniter->runController(Object(App\Controllers\producto_controller))
 7 SYSTEMPATH\CodeIgniter.php(361): CodeIgniter\CodeIgniter->handleRequest(null, Object(Config\Cache), false)
 8 FCPATH\index.php(79): CodeIgniter\CodeIgniter->run()
INFO - 2025-12-11 00:31:47 --> Session: Class initialized using 'CodeIgniter\Session\Handlers\FileHandler' driver.
WARNING - 2025-12-11 00:32:27 --> [DEPRECATED] Optional parameter $colores declared before required parameter $buscar is implicitly treated as a required parameter in APPPATH\Models\producto_Model.php on line 74.
 1 SYSTEMPATH\Autoloader\Autoloader.php(311): include_once('C:\\xampp\\htdocs\\proyecto_espinola_emilia\\system\\Debug\\Exceptions.php')
 2 SYSTEMPATH\Autoloader\Autoloader.php(290): CodeIgniter\Autoloader\Autoloader->includeFile('C:\\xampp\\htdocs\\proyecto_espinola_emilia\\app\\Models\\producto_Model.php')
 3 SYSTEMPATH\Autoloader\Autoloader.php(266): CodeIgniter\Autoloader\Autoloader->loadInNamespace('App\\Models\\producto_Model')
 4 APPPATH\Controllers\producto_controller.php(93): CodeIgniter\Autoloader\Autoloader->loadClass('App\\Models\\producto_Model')
 5 SYSTEMPATH\CodeIgniter.php(943): App\Controllers\producto_controller->create()
 6 SYSTEMPATH\CodeIgniter.php(503): CodeIgniter\CodeIgniter->runController(Object(App\Controllers\producto_controller))
 7 SYSTEMPATH\CodeIgniter.php(361): CodeIgniter\CodeIgniter->handleRequest(null, Object(Config\Cache), false)
 8 FCPATH\index.php(79): CodeIgniter\CodeIgniter->run()
WARNING - 2025-12-11 00:32:27 --> [DEPRECATED] Optional parameter $talles declared before required parameter $buscar is implicitly treated as a required parameter in APPPATH\Models\producto_Model.php on line 0.
 1 SYSTEMPATH\Autoloader\Autoloader.php(311): include_once('C:\\xampp\\htdocs\\proyecto_espinola_emilia\\system\\Debug\\Exceptions.php')
 2 SYSTEMPATH\Autoloader\Autoloader.php(290): CodeIgniter\Autoloader\Autoloader->includeFile('C:\\xampp\\htdocs\\proyecto_espinola_emilia\\app\\Models\\producto_Model.php')
 3 SYSTEMPATH\Autoloader\Autoloader.php(266): CodeIgniter\Autoloader\Autoloader->loadInNamespace('App\\Models\\producto_Model')
 4 APPPATH\Controllers\producto_controller.php(93): CodeIgniter\Autoloader\Autoloader->loadClass('App\\Models\\producto_Model')
 5 SYSTEMPATH\CodeIgniter.php(943): App\Controllers\producto_controller->create()
 6 SYSTEMPATH\CodeIgniter.php(503): CodeIgniter\CodeIgniter->runController(Object(App\Controllers\producto_controller))
 7 SYSTEMPATH\CodeIgniter.php(361): CodeIgniter\CodeIgniter->handleRequest(null, Object(Config\Cache), false)
 8 FCPATH\index.php(79): CodeIgniter\CodeIgniter->run()
WARNING - 2025-12-11 00:32:27 --> [DEPRECATED] Optional parameter $categoria_id declared before required parameter $buscar is implicitly treated as a required parameter in APPPATH\Models\producto_Model.php on line 0.
 1 SYSTEMPATH\Autoloader\Autoloader.php(311): include_once('C:\\xampp\\htdocs\\proyecto_espinola_emilia\\system\\Debug\\Exceptions.php')
 2 SYSTEMPATH\Autoloader\Autoloader.php(290): CodeIgniter\Autoloader\Autoloader->includeFile('C:\\xampp\\htdocs\\proyecto_espinola_emilia\\app\\Models\\producto_Model.php')
 3 SYSTEMPATH\Autoloader\Autoloader.php(266): CodeIgniter\Autoloader\Autoloader->loadInNamespace('App\\Models\\producto_Model')
 4 APPPATH\Controllers\producto_controller.php(93): CodeIgniter\Autoloader\Autoloader->loadClass('App\\Models\\producto_Model')
 5 SYSTEMPATH\CodeIgniter.php(943): App\Controllers\producto_controller->create()
 6 SYSTEMPATH\CodeIgniter.php(503): CodeIgniter\CodeIgniter->runController(Object(App\Controllers\producto_controller))
 7 SYSTEMPATH\CodeIgniter.php(361): CodeIgniter\CodeIgniter->handleRequest(null, Object(Config\Cache), false)
 8 FCPATH\index.php(79): CodeIgniter\CodeIgniter->run()
INFO - 2025-12-11 00:32:27 --> Session: Class initialized using 'CodeIgniter\Session\Handlers\FileHandler' driver.
INFO - 2025-12-11 00:32:27 --> Session: Class initialized using 'CodeIgniter\Session\Handlers\FileHandler' driver.
WARNING - 2025-12-11 00:44:48 --> [DEPRECATED] Optional parameter $colores declared before required parameter $buscar is implicitly treated as a required parameter in APPPATH\Models\producto_Model.php on line 74.
 1 SYSTEMPATH\Autoloader\Autoloader.php(311): include_once('C:\\xampp\\htdocs\\proyecto_espinola_emilia\\system\\Debug\\Exceptions.php')
 2 SYSTEMPATH\Autoloader\Autoloader.php(290): CodeIgniter\Autoloader\Autoloader->includeFile('C:\\xampp\\htdocs\\proyecto_espinola_emilia\\app\\Models\\producto_Model.php')
 3 SYSTEMPATH\Autoloader\Autoloader.php(266): CodeIgniter\Autoloader\Autoloader->loadInNamespace('App\\Models\\producto_Model')
 4 APPPATH\Controllers\producto_controller.php(93): CodeIgniter\Autoloader\Autoloader->loadClass('App\\Models\\producto_Model')
 5 SYSTEMPATH\CodeIgniter.php(943): App\Controllers\producto_controller->create()
 6 SYSTEMPATH\CodeIgniter.php(503): CodeIgniter\CodeIgniter->runController(Object(App\Controllers\producto_controller))
 7 SYSTEMPATH\CodeIgniter.php(361): CodeIgniter\CodeIgniter->handleRequest(null, Object(Config\Cache), false)
 8 FCPATH\index.php(79): CodeIgniter\CodeIgniter->run()
WARNING - 2025-12-11 00:44:48 --> [DEPRECATED] Optional parameter $talles declared before required parameter $buscar is implicitly treated as a required parameter in APPPATH\Models\producto_Model.php on line 0.
 1 SYSTEMPATH\Autoloader\Autoloader.php(311): include_once('C:\\xampp\\htdocs\\proyecto_espinola_emilia\\system\\Debug\\Exceptions.php')
 2 SYSTEMPATH\Autoloader\Autoloader.php(290): CodeIgniter\Autoloader\Autoloader->includeFile('C:\\xampp\\htdocs\\proyecto_espinola_emilia\\app\\Models\\producto_Model.php')
 3 SYSTEMPATH\Autoloader\Autoloader.php(266): CodeIgniter\Autoloader\Autoloader->loadInNamespace('App\\Models\\producto_Model')
 4 APPPATH\Controllers\producto_controller.php(93): CodeIgniter\Autoloader\Autoloader->loadClass('App\\Models\\producto_Model')
 5 SYSTEMPATH\CodeIgniter.php(943): App\Controllers\producto_controller->create()
 6 SYSTEMPATH\CodeIgniter.php(503): CodeIgniter\CodeIgniter->runController(Object(App\Controllers\producto_controller))
 7 SYSTEMPATH\CodeIgniter.php(361): CodeIgniter\CodeIgniter->handleRequest(null, Object(Config\Cache), false)
 8 FCPATH\index.php(79): CodeIgniter\CodeIgniter->run()
WARNING - 2025-12-11 00:44:48 --> [DEPRECATED] Optional parameter $categoria_id declared before required parameter $buscar is implicitly treated as a required parameter in APPPATH\Models\producto_Model.php on line 0.
 1 SYSTEMPATH\Autoloader\Autoloader.php(311): include_once('C:\\xampp\\htdocs\\proyecto_espinola_emilia\\system\\Debug\\Exceptions.php')
 2 SYSTEMPATH\Autoloader\Autoloader.php(290): CodeIgniter\Autoloader\Autoloader->includeFile('C:\\xampp\\htdocs\\proyecto_espinola_emilia\\app\\Models\\producto_Model.php')
 3 SYSTEMPATH\Autoloader\Autoloader.php(266): CodeIgniter\Autoloader\Autoloader->loadInNamespace('App\\Models\\producto_Model')
 4 APPPATH\Controllers\producto_controller.php(93): CodeIgniter\Autoloader\Autoloader->loadClass('App\\Models\\producto_Model')
 5 SYSTEMPATH\CodeIgniter.php(943): App\Controllers\producto_controller->create()
 6 SYSTEMPATH\CodeIgniter.php(503): CodeIgniter\CodeIgniter->runController(Object(App\Controllers\producto_controller))
 7 SYSTEMPATH\CodeIgniter.php(361): CodeIgniter\CodeIgniter->handleRequest(null, Object(Config\Cache), false)
 8 FCPATH\index.php(79): CodeIgniter\CodeIgniter->run()
INFO - 2025-12-11 00:44:48 --> Session: Class initialized using 'CodeIgniter\Session\Handlers\FileHandler' driver.
WARNING - 2025-12-11 00:44:48 --> [DEPRECATED] Optional parameter $colores declared before required parameter $buscar is implicitly treated as a required parameter in APPPATH\Models\producto_Model.php on line 74.
 1 SYSTEMPATH\Autoloader\Autoloader.php(311): include_once('C:\\xampp\\htdocs\\proyecto_espinola_emilia\\system\\Debug\\Exceptions.php')
 2 SYSTEMPATH\Autoloader\Autoloader.php(290): CodeIgniter\Autoloader\Autoloader->includeFile('C:\\xampp\\htdocs\\proyecto_espinola_emilia\\app\\Models\\producto_Model.php')
 3 SYSTEMPATH\Autoloader\Autoloader.php(266): CodeIgniter\Autoloader\Autoloader->loadInNamespace('App\\Models\\producto_Model')
 4 APPPATH\Controllers\producto_controller.php(14): CodeIgniter\Autoloader\Autoloader->loadClass('App\\Models\\producto_Model')
 5 SYSTEMPATH\CodeIgniter.php(943): App\Controllers\producto_controller->index()
 6 SYSTEMPATH\CodeIgniter.php(503): CodeIgniter\CodeIgniter->runController(Object(App\Controllers\producto_controller))
 7 SYSTEMPATH\CodeIgniter.php(361): CodeIgniter\CodeIgniter->handleRequest(null, Object(Config\Cache), false)
 8 FCPATH\index.php(79): CodeIgniter\CodeIgniter->run()
WARNING - 2025-12-11 00:44:48 --> [DEPRECATED] Optional parameter $talles declared before required parameter $buscar is implicitly treated as a required parameter in APPPATH\Models\producto_Model.php on line 74.
 1 SYSTEMPATH\Autoloader\Autoloader.php(311): include_once('C:\\xampp\\htdocs\\proyecto_espinola_emilia\\system\\Debug\\Exceptions.php')
 2 SYSTEMPATH\Autoloader\Autoloader.php(290): CodeIgniter\Autoloader\Autoloader->includeFile('C:\\xampp\\htdocs\\proyecto_espinola_emilia\\app\\Models\\producto_Model.php')
 3 SYSTEMPATH\Autoloader\Autoloader.php(266): CodeIgniter\Autoloader\Autoloader->loadInNamespace('App\\Models\\producto_Model')
 4 APPPATH\Controllers\producto_controller.php(14): CodeIgniter\Autoloader\Autoloader->loadClass('App\\Models\\producto_Model')
 5 SYSTEMPATH\CodeIgniter.php(943): App\Controllers\producto_controller->index()
 6 SYSTEMPATH\CodeIgniter.php(503): CodeIgniter\CodeIgniter->runController(Object(App\Controllers\producto_controller))
 7 SYSTEMPATH\CodeIgniter.php(361): CodeIgniter\CodeIgniter->handleRequest(null, Object(Config\Cache), false)
 8 FCPATH\index.php(79): CodeIgniter\CodeIgniter->run()
WARNING - 2025-12-11 00:44:48 --> [DEPRECATED] Optional parameter $categoria_id declared before required parameter $buscar is implicitly treated as a required parameter in APPPATH\Models\producto_Model.php on line 74.
 1 SYSTEMPATH\Autoloader\Autoloader.php(311): include_once('C:\\xampp\\htdocs\\proyecto_espinola_emilia\\system\\Debug\\Exceptions.php')
 2 SYSTEMPATH\Autoloader\Autoloader.php(290): CodeIgniter\Autoloader\Autoloader->includeFile('C:\\xampp\\htdocs\\proyecto_espinola_emilia\\app\\Models\\producto_Model.php')
 3 SYSTEMPATH\Autoloader\Autoloader.php(266): CodeIgniter\Autoloader\Autoloader->loadInNamespace('App\\Models\\producto_Model')
 4 APPPATH\Controllers\producto_controller.php(14): CodeIgniter\Autoloader\Autoloader->loadClass('App\\Models\\producto_Model')
 5 SYSTEMPATH\CodeIgniter.php(943): App\Controllers\producto_controller->index()
 6 SYSTEMPATH\CodeIgniter.php(503): CodeIgniter\CodeIgniter->runController(Object(App\Controllers\producto_controller))
 7 SYSTEMPATH\CodeIgniter.php(361): CodeIgniter\CodeIgniter->handleRequest(null, Object(Config\Cache), false)
 8 FCPATH\index.php(79): CodeIgniter\CodeIgniter->run()
INFO - 2025-12-11 00:45:41 --> Session: Class initialized using 'CodeIgniter\Session\Handlers\FileHandler' driver.
WARNING - 2025-12-11 00:45:41 --> [DEPRECATED] Optional parameter $colores declared before required parameter $buscar is implicitly treated as a required parameter in APPPATH\Models\producto_Model.php on line 74.
 1 SYSTEMPATH\Autoloader\Autoloader.php(311): include_once('C:\\xampp\\htdocs\\proyecto_espinola_emilia\\system\\Debug\\Exceptions.php')
 2 SYSTEMPATH\Autoloader\Autoloader.php(290): CodeIgniter\Autoloader\Autoloader->includeFile('C:\\xampp\\htdocs\\proyecto_espinola_emilia\\app\\Models\\producto_Model.php')
 3 SYSTEMPATH\Autoloader\Autoloader.php(266): CodeIgniter\Autoloader\Autoloader->loadInNamespace('App\\Models\\producto_Model')
 4 APPPATH\Controllers\producto_controller.php(129): CodeIgniter\Autoloader\Autoloader->loadClass('App\\Models\\producto_Model')
 5 SYSTEMPATH\CodeIgniter.php(943): App\Controllers\producto_controller->edit('106')
 6 SYSTEMPATH\CodeIgniter.php(503): CodeIgniter\CodeIgniter->runController(Object(App\Controllers\producto_controller))
 7 SYSTEMPATH\CodeIgniter.php(361): CodeIgniter\CodeIgniter->handleRequest(null, Object(Config\Cache), false)
 8 FCPATH\index.php(79): CodeIgniter\CodeIgniter->run()
WARNING - 2025-12-11 00:45:41 --> [DEPRECATED] Optional parameter $talles declared before required parameter $buscar is implicitly treated as a required parameter in APPPATH\Models\producto_Model.php on line 74.
 1 SYSTEMPATH\Autoloader\Autoloader.php(311): include_once('C:\\xampp\\htdocs\\proyecto_espinola_emilia\\system\\Debug\\Exceptions.php')
 2 SYSTEMPATH\Autoloader\Autoloader.php(290): CodeIgniter\Autoloader\Autoloader->includeFile('C:\\xampp\\htdocs\\proyecto_espinola_emilia\\app\\Models\\producto_Model.php')
 3 SYSTEMPATH\Autoloader\Autoloader.php(266): CodeIgniter\Autoloader\Autoloader->loadInNamespace('App\\Models\\producto_Model')
 4 APPPATH\Controllers\producto_controller.php(129): CodeIgniter\Autoloader\Autoloader->loadClass('App\\Models\\producto_Model')
 5 SYSTEMPATH\CodeIgniter.php(943): App\Controllers\producto_controller->edit('106')
 6 SYSTEMPATH\CodeIgniter.php(503): CodeIgniter\CodeIgniter->runController(Object(App\Controllers\producto_controller))
 7 SYSTEMPATH\CodeIgniter.php(361): CodeIgniter\CodeIgniter->handleRequest(null, Object(Config\Cache), false)
 8 FCPATH\index.php(79): CodeIgniter\CodeIgniter->run()
WARNING - 2025-12-11 00:45:41 --> [DEPRECATED] Optional parameter $categoria_id declared before required parameter $buscar is implicitly treated as a required parameter in APPPATH\Models\producto_Model.php on line 74.
 1 SYSTEMPATH\Autoloader\Autoloader.php(311): include_once('C:\\xampp\\htdocs\\proyecto_espinola_emilia\\system\\Debug\\Exceptions.php')
 2 SYSTEMPATH\Autoloader\Autoloader.php(290): CodeIgniter\Autoloader\Autoloader->includeFile('C:\\xampp\\htdocs\\proyecto_espinola_emilia\\app\\Models\\producto_Model.php')
 3 SYSTEMPATH\Autoloader\Autoloader.php(266): CodeIgniter\Autoloader\Autoloader->loadInNamespace('App\\Models\\producto_Model')
 4 APPPATH\Controllers\producto_controller.php(129): CodeIgniter\Autoloader\Autoloader->loadClass('App\\Models\\producto_Model')
 5 SYSTEMPATH\CodeIgniter.php(943): App\Controllers\producto_controller->edit('106')
 6 SYSTEMPATH\CodeIgniter.php(503): CodeIgniter\CodeIgniter->runController(Object(App\Controllers\producto_controller))
 7 SYSTEMPATH\CodeIgniter.php(361): CodeIgniter\CodeIgniter->handleRequest(null, Object(Config\Cache), false)
 8 FCPATH\index.php(79): CodeIgniter\CodeIgniter->run()
INFO - 2025-12-11 00:46:52 --> Session: Class initialized using 'CodeIgniter\Session\Handlers\FileHandler' driver.
WARNING - 2025-12-11 00:46:52 --> [DEPRECATED] Optional parameter $colores declared before required parameter $buscar is implicitly treated as a required parameter in APPPATH\Models\producto_Model.php on line 74.
 1 SYSTEMPATH\Autoloader\Autoloader.php(311): include_once('C:\\xampp\\htdocs\\proyecto_espinola_emilia\\system\\Debug\\Exceptions.php')
 2 SYSTEMPATH\Autoloader\Autoloader.php(290): CodeIgniter\Autoloader\Autoloader->includeFile('C:\\xampp\\htdocs\\proyecto_espinola_emilia\\app\\Models\\producto_Model.php')
 3 SYSTEMPATH\Autoloader\Autoloader.php(266): CodeIgniter\Autoloader\Autoloader->loadInNamespace('App\\Models\\producto_Model')
 4 APPPATH\Controllers\producto_controller.php(14): CodeIgniter\Autoloader\Autoloader->loadClass('App\\Models\\producto_Model')
 5 SYSTEMPATH\CodeIgniter.php(943): App\Controllers\producto_controller->index()
 6 SYSTEMPATH\CodeIgniter.php(503): CodeIgniter\CodeIgniter->runController(Object(App\Controllers\producto_controller))
 7 SYSTEMPATH\CodeIgniter.php(361): CodeIgniter\CodeIgniter->handleRequest(null, Object(Config\Cache), false)
 8 FCPATH\index.php(79): CodeIgniter\CodeIgniter->run()
WARNING - 2025-12-11 00:46:52 --> [DEPRECATED] Optional parameter $talles declared before required parameter $buscar is implicitly treated as a required parameter in APPPATH\Models\producto_Model.php on line 74.
 1 SYSTEMPATH\Autoloader\Autoloader.php(311): include_once('C:\\xampp\\htdocs\\proyecto_espinola_emilia\\system\\Debug\\Exceptions.php')
 2 SYSTEMPATH\Autoloader\Autoloader.php(290): CodeIgniter\Autoloader\Autoloader->includeFile('C:\\xampp\\htdocs\\proyecto_espinola_emilia\\app\\Models\\producto_Model.php')
 3 SYSTEMPATH\Autoloader\Autoloader.php(266): CodeIgniter\Autoloader\Autoloader->loadInNamespace('App\\Models\\producto_Model')
 4 APPPATH\Controllers\producto_controller.php(14): CodeIgniter\Autoloader\Autoloader->loadClass('App\\Models\\producto_Model')
 5 SYSTEMPATH\CodeIgniter.php(943): App\Controllers\producto_controller->index()
 6 SYSTEMPATH\CodeIgniter.php(503): CodeIgniter\CodeIgniter->runController(Object(App\Controllers\producto_controller))
 7 SYSTEMPATH\CodeIgniter.php(361): CodeIgniter\CodeIgniter->handleRequest(null, Object(Config\Cache), false)
 8 FCPATH\index.php(79): CodeIgniter\CodeIgniter->run()
WARNING - 2025-12-11 00:46:52 --> [DEPRECATED] Optional parameter $categoria_id declared before required parameter $buscar is implicitly treated as a required parameter in APPPATH\Models\producto_Model.php on line 74.
 1 SYSTEMPATH\Autoloader\Autoloader.php(311): include_once('C:\\xampp\\htdocs\\proyecto_espinola_emilia\\system\\Debug\\Exceptions.php')
 2 SYSTEMPATH\Autoloader\Autoloader.php(290): CodeIgniter\Autoloader\Autoloader->includeFile('C:\\xampp\\htdocs\\proyecto_espinola_emilia\\app\\Models\\producto_Model.php')
 3 SYSTEMPATH\Autoloader\Autoloader.php(266): CodeIgniter\Autoloader\Autoloader->loadInNamespace('App\\Models\\producto_Model')
 4 APPPATH\Controllers\producto_controller.php(14): CodeIgniter\Autoloader\Autoloader->loadClass('App\\Models\\producto_Model')
 5 SYSTEMPATH\CodeIgniter.php(943): App\Controllers\producto_controller->index()
 6 SYSTEMPATH\CodeIgniter.php(503): CodeIgniter\CodeIgniter->runController(Object(App\Controllers\producto_controller))
 7 SYSTEMPATH\CodeIgniter.php(361): CodeIgniter\CodeIgniter->handleRequest(null, Object(Config\Cache), false)
 8 FCPATH\index.php(79): CodeIgniter\CodeIgniter->run()
WARNING - 2025-12-11 00:46:54 --> [DEPRECATED] Optional parameter $colores declared before required parameter $buscar is implicitly treated as a required parameter in APPPATH\Models\producto_Model.php on line 74.
 1 SYSTEMPATH\Autoloader\Autoloader.php(311): include_once('C:\\xampp\\htdocs\\proyecto_espinola_emilia\\system\\Debug\\Exceptions.php')
 2 SYSTEMPATH\Autoloader\Autoloader.php(290): CodeIgniter\Autoloader\Autoloader->includeFile('C:\\xampp\\htdocs\\proyecto_espinola_emilia\\app\\Models\\producto_Model.php')
 3 SYSTEMPATH\Autoloader\Autoloader.php(266): CodeIgniter\Autoloader\Autoloader->loadInNamespace('App\\Models\\producto_Model')
 4 APPPATH\Controllers\producto_controller.php(119): CodeIgniter\Autoloader\Autoloader->loadClass('App\\Models\\producto_Model')
 5 SYSTEMPATH\CodeIgniter.php(943): App\Controllers\producto_controller->delete('106')
 6 SYSTEMPATH\CodeIgniter.php(503): CodeIgniter\CodeIgniter->runController(Object(App\Controllers\producto_controller))
 7 SYSTEMPATH\CodeIgniter.php(361): CodeIgniter\CodeIgniter->handleRequest(null, Object(Config\Cache), false)
 8 FCPATH\index.php(79): CodeIgniter\CodeIgniter->run()
WARNING - 2025-12-11 00:46:54 --> [DEPRECATED] Optional parameter $talles declared before required parameter $buscar is implicitly treated as a required parameter in APPPATH\Models\producto_Model.php on line 0.
 1 SYSTEMPATH\Autoloader\Autoloader.php(311): include_once('C:\\xampp\\htdocs\\proyecto_espinola_emilia\\system\\Debug\\Exceptions.php')
 2 SYSTEMPATH\Autoloader\Autoloader.php(290): CodeIgniter\Autoloader\Autoloader->includeFile('C:\\xampp\\htdocs\\proyecto_espinola_emilia\\app\\Models\\producto_Model.php')
 3 SYSTEMPATH\Autoloader\Autoloader.php(266): CodeIgniter\Autoloader\Autoloader->loadInNamespace('App\\Models\\producto_Model')
 4 APPPATH\Controllers\producto_controller.php(119): CodeIgniter\Autoloader\Autoloader->loadClass('App\\Models\\producto_Model')
 5 SYSTEMPATH\CodeIgniter.php(943): App\Controllers\producto_controller->delete('106')
 6 SYSTEMPATH\CodeIgniter.php(503): CodeIgniter\CodeIgniter->runController(Object(App\Controllers\producto_controller))
 7 SYSTEMPATH\CodeIgniter.php(361): CodeIgniter\CodeIgniter->handleRequest(null, Object(Config\Cache), false)
 8 FCPATH\index.php(79): CodeIgniter\CodeIgniter->run()
WARNING - 2025-12-11 00:46:54 --> [DEPRECATED] Optional parameter $categoria_id declared before required parameter $buscar is implicitly treated as a required parameter in APPPATH\Models\producto_Model.php on line 0.
 1 SYSTEMPATH\Autoloader\Autoloader.php(311): include_once('C:\\xampp\\htdocs\\proyecto_espinola_emilia\\system\\Debug\\Exceptions.php')
 2 SYSTEMPATH\Autoloader\Autoloader.php(290): CodeIgniter\Autoloader\Autoloader->includeFile('C:\\xampp\\htdocs\\proyecto_espinola_emilia\\app\\Models\\producto_Model.php')
 3 SYSTEMPATH\Autoloader\Autoloader.php(266): CodeIgniter\Autoloader\Autoloader->loadInNamespace('App\\Models\\producto_Model')
 4 APPPATH\Controllers\producto_controller.php(119): CodeIgniter\Autoloader\Autoloader->loadClass('App\\Models\\producto_Model')
 5 SYSTEMPATH\CodeIgniter.php(943): App\Controllers\producto_controller->delete('106')
 6 SYSTEMPATH\CodeIgniter.php(503): CodeIgniter\CodeIgniter->runController(Object(App\Controllers\producto_controller))
 7 SYSTEMPATH\CodeIgniter.php(361): CodeIgniter\CodeIgniter->handleRequest(null, Object(Config\Cache), false)
 8 FCPATH\index.php(79): CodeIgniter\CodeIgniter->run()
INFO - 2025-12-11 00:46:54 --> Session: Class initialized using 'CodeIgniter\Session\Handlers\FileHandler' driver.
WARNING - 2025-12-11 00:46:54 --> [DEPRECATED] Optional parameter $colores declared before required parameter $buscar is implicitly treated as a required parameter in APPPATH\Models\producto_Model.php on line 74.
 1 SYSTEMPATH\Autoloader\Autoloader.php(311): include_once('C:\\xampp\\htdocs\\proyecto_espinola_emilia\\system\\Debug\\Exceptions.php')
 2 SYSTEMPATH\Autoloader\Autoloader.php(290): CodeIgniter\Autoloader\Autoloader->includeFile('C:\\xampp\\htdocs\\proyecto_espinola_emilia\\app\\Models\\producto_Model.php')
 3 SYSTEMPATH\Autoloader\Autoloader.php(266): CodeIgniter\Autoloader\Autoloader->loadInNamespace('App\\Models\\producto_Model')
 4 APPPATH\Controllers\producto_controller.php(14): CodeIgniter\Autoloader\Autoloader->loadClass('App\\Models\\producto_Model')
 5 SYSTEMPATH\CodeIgniter.php(943): App\Controllers\producto_controller->index()
 6 SYSTEMPATH\CodeIgniter.php(503): CodeIgniter\CodeIgniter->runController(Object(App\Controllers\producto_controller))
 7 SYSTEMPATH\CodeIgniter.php(361): CodeIgniter\CodeIgniter->handleRequest(null, Object(Config\Cache), false)
 8 FCPATH\index.php(79): CodeIgniter\CodeIgniter->run()
WARNING - 2025-12-11 00:46:54 --> [DEPRECATED] Optional parameter $talles declared before required parameter $buscar is implicitly treated as a required parameter in APPPATH\Models\producto_Model.php on line 74.
 1 SYSTEMPATH\Autoloader\Autoloader.php(311): include_once('C:\\xampp\\htdocs\\proyecto_espinola_emilia\\system\\Debug\\Exceptions.php')
 2 SYSTEMPATH\Autoloader\Autoloader.php(290): CodeIgniter\Autoloader\Autoloader->includeFile('C:\\xampp\\htdocs\\proyecto_espinola_emilia\\app\\Models\\producto_Model.php')
 3 SYSTEMPATH\Autoloader\Autoloader.php(266): CodeIgniter\Autoloader\Autoloader->loadInNamespace('App\\Models\\producto_Model')
 4 APPPATH\Controllers\producto_controller.php(14): CodeIgniter\Autoloader\Autoloader->loadClass('App\\Models\\producto_Model')
 5 SYSTEMPATH\CodeIgniter.php(943): App\Controllers\producto_controller->index()
 6 SYSTEMPATH\CodeIgniter.php(503): CodeIgniter\CodeIgniter->runController(Object(App\Controllers\producto_controller))
 7 SYSTEMPATH\CodeIgniter.php(361): CodeIgniter\CodeIgniter->handleRequest(null, Object(Config\Cache), false)
 8 FCPATH\index.php(79): CodeIgniter\CodeIgniter->run()
WARNING - 2025-12-11 00:46:54 --> [DEPRECATED] Optional parameter $categoria_id declared before required parameter $buscar is implicitly treated as a required parameter in APPPATH\Models\producto_Model.php on line 74.
 1 SYSTEMPATH\Autoloader\Autoloader.php(311): include_once('C:\\xampp\\htdocs\\proyecto_espinola_emilia\\system\\Debug\\Exceptions.php')
 2 SYSTEMPATH\Autoloader\Autoloader.php(290): CodeIgniter\Autoloader\Autoloader->includeFile('C:\\xampp\\htdocs\\proyecto_espinola_emilia\\app\\Models\\producto_Model.php')
 3 SYSTEMPATH\Autoloader\Autoloader.php(266): CodeIgniter\Autoloader\Autoloader->loadInNamespace('App\\Models\\producto_Model')
 4 APPPATH\Controllers\producto_controller.php(14): CodeIgniter\Autoloader\Autoloader->loadClass('App\\Models\\producto_Model')
 5 SYSTEMPATH\CodeIgniter.php(943): App\Controllers\producto_controller->index()
 6 SYSTEMPATH\CodeIgniter.php(503): CodeIgniter\CodeIgniter->runController(Object(App\Controllers\producto_controller))
 7 SYSTEMPATH\CodeIgniter.php(361): CodeIgniter\CodeIgniter->handleRequest(null, Object(Config\Cache), false)
 8 FCPATH\index.php(79): CodeIgniter\CodeIgniter->run()
INFO - 2025-12-11 00:58:38 --> Session: Class initialized using 'CodeIgniter\Session\Handlers\FileHandler' driver.
WARNING - 2025-12-11 00:58:38 --> [DEPRECATED] Optional parameter $colores declared before required parameter $buscar is implicitly treated as a required parameter in APPPATH\Models\producto_Model.php on line 74.
 1 SYSTEMPATH\Autoloader\Autoloader.php(311): include_once('C:\\xampp\\htdocs\\proyecto_espinola_emilia\\system\\Debug\\Exceptions.php')
 2 SYSTEMPATH\Autoloader\Autoloader.php(290): CodeIgniter\Autoloader\Autoloader->includeFile('C:\\xampp\\htdocs\\proyecto_espinola_emilia\\app\\Models\\producto_Model.php')
 3 SYSTEMPATH\Autoloader\Autoloader.php(266): CodeIgniter\Autoloader\Autoloader->loadInNamespace('App\\Models\\producto_Model')
 4 APPPATH\Controllers\Home.php(12): CodeIgniter\Autoloader\Autoloader->loadClass('App\\Models\\producto_Model')
 5 SYSTEMPATH\CodeIgniter.php(943): App\Controllers\Home->inicio()
 6 SYSTEMPATH\CodeIgniter.php(503): CodeIgniter\CodeIgniter->runController(Object(App\Controllers\Home))
 7 SYSTEMPATH\CodeIgniter.php(361): CodeIgniter\CodeIgniter->handleRequest(null, Object(Config\Cache), false)
 8 FCPATH\index.php(79): CodeIgniter\CodeIgniter->run()
WARNING - 2025-12-11 00:58:38 --> [DEPRECATED] Optional parameter $talles declared before required parameter $buscar is implicitly treated as a required parameter in APPPATH\Models\producto_Model.php on line 0.
 1 SYSTEMPATH\Autoloader\Autoloader.php(311): include_once('C:\\xampp\\htdocs\\proyecto_espinola_emilia\\system\\Debug\\Exceptions.php')
 2 SYSTEMPATH\Autoloader\Autoloader.php(290): CodeIgniter\Autoloader\Autoloader->includeFile('C:\\xampp\\htdocs\\proyecto_espinola_emilia\\app\\Models\\producto_Model.php')
 3 SYSTEMPATH\Autoloader\Autoloader.php(266): CodeIgniter\Autoloader\Autoloader->loadInNamespace('App\\Models\\producto_Model')
 4 APPPATH\Controllers\Home.php(12): CodeIgniter\Autoloader\Autoloader->loadClass('App\\Models\\producto_Model')
 5 SYSTEMPATH\CodeIgniter.php(943): App\Controllers\Home->inicio()
 6 SYSTEMPATH\CodeIgniter.php(503): CodeIgniter\CodeIgniter->runController(Object(App\Controllers\Home))
 7 SYSTEMPATH\CodeIgniter.php(361): CodeIgniter\CodeIgniter->handleRequest(null, Object(Config\Cache), false)
 8 FCPATH\index.php(79): CodeIgniter\CodeIgniter->run()
WARNING - 2025-12-11 00:58:38 --> [DEPRECATED] Optional parameter $categoria_id declared before required parameter $buscar is implicitly treated as a required parameter in APPPATH\Models\producto_Model.php on line 0.
 1 SYSTEMPATH\Autoloader\Autoloader.php(311): include_once('C:\\xampp\\htdocs\\proyecto_espinola_emilia\\system\\Debug\\Exceptions.php')
 2 SYSTEMPATH\Autoloader\Autoloader.php(290): CodeIgniter\Autoloader\Autoloader->includeFile('C:\\xampp\\htdocs\\proyecto_espinola_emilia\\app\\Models\\producto_Model.php')
 3 SYSTEMPATH\Autoloader\Autoloader.php(266): CodeIgniter\Autoloader\Autoloader->loadInNamespace('App\\Models\\producto_Model')
 4 APPPATH\Controllers\Home.php(12): CodeIgniter\Autoloader\Autoloader->loadClass('App\\Models\\producto_Model')
 5 SYSTEMPATH\CodeIgniter.php(943): App\Controllers\Home->inicio()
 6 SYSTEMPATH\CodeIgniter.php(503): CodeIgniter\CodeIgniter->runController(Object(App\Controllers\Home))
 7 SYSTEMPATH\CodeIgniter.php(361): CodeIgniter\CodeIgniter->handleRequest(null, Object(Config\Cache), false)
 8 FCPATH\index.php(79): CodeIgniter\CodeIgniter->run()
INFO - 2025-12-11 00:58:38 --> Session: Class initialized using 'CodeIgniter\Session\Handlers\FileHandler' driver.
INFO - 2025-12-11 00:59:00 --> Session: Class initialized using 'CodeIgniter\Session\Handlers\FileHandler' driver.
INFO - 2025-12-11 01:01:58 --> Session: Class initialized using 'CodeIgniter\Session\Handlers\FileHandler' driver.
INFO - 2025-12-11 01:12:41 --> Session: Class initialized using 'CodeIgniter\Session\Handlers\FileHandler' driver.
INFO - 2025-12-11 01:12:45 --> Session: Class initialized using 'CodeIgniter\Session\Handlers\FileHandler' driver.
INFO - 2025-12-11 01:12:52 --> Session: Class initialized using 'CodeIgniter\Session\Handlers\FileHandler' driver.
INFO - 2025-12-11 01:12:56 --> Session: Class initialized using 'CodeIgniter\Session\Handlers\FileHandler' driver.
INFO - 2025-12-11 01:12:59 --> Session: Class initialized using 'CodeIgniter\Session\Handlers\FileHandler' driver.
INFO - 2025-12-11 01:13:06 --> Session: Class initialized using 'CodeIgniter\Session\Handlers\FileHandler' driver.
INFO - 2025-12-11 01:13:13 --> Session: Class initialized using 'CodeIgniter\Session\Handlers\FileHandler' driver.
INFO - 2025-12-11 01:13:19 --> Session: Class initialized using 'CodeIgniter\Session\Handlers\FileHandler' driver.
INFO - 2025-12-11 01:13:21 --> Session: Class initialized using 'CodeIgniter\Session\Handlers\FileHandler' driver.
INFO - 2025-12-11 01:13:24 --> Session: Class initialized using 'CodeIgniter\Session\Handlers\FileHandler' driver.
INFO - 2025-12-11 01:15:41 --> Session: Class initialized using 'CodeIgniter\Session\Handlers\FileHandler' driver.
INFO - 2025-12-11 01:15:42 --> Session: Class initialized using 'CodeIgniter\Session\Handlers\FileHandler' driver.
INFO - 2025-12-11 01:15:47 --> Session: Class initialized using 'CodeIgniter\Session\Handlers\FileHandler' driver.
INFO - 2025-12-11 01:16:20 --> Session: Class initialized using 'CodeIgniter\Session\Handlers\FileHandler' driver.
INFO - 2025-12-11 01:20:39 --> Session: Class initialized using 'CodeIgniter\Session\Handlers\FileHandler' driver.
INFO - 2025-12-11 01:28:54 --> Session: Class initialized using 'CodeIgniter\Session\Handlers\FileHandler' driver.
INFO - 2025-12-11 02:34:54 --> Session: Class initialized using 'CodeIgniter\Session\Handlers\FileHandler' driver.
INFO - 2025-12-11 02:45:02 --> Session: Class initialized using 'CodeIgniter\Session\Handlers\FileHandler' driver.
INFO - 2025-12-11 02:45:02 --> Session: Class initialized using 'CodeIgniter\Session\Handlers\FileHandler' driver.
INFO - 2025-12-11 03:16:17 --> Session: Class initialized using 'CodeIgniter\Session\Handlers\FileHandler' driver.
INFO - 2025-12-11 03:16:17 --> Session: Class initialized using 'CodeIgniter\Session\Handlers\FileHandler' driver.
INFO - 2025-12-11 03:24:52 --> Session: Class initialized using 'CodeIgniter\Session\Handlers\FileHandler' driver.
INFO - 2025-12-11 03:24:53 --> Session: Class initialized using 'CodeIgniter\Session\Handlers\FileHandler' driver.
INFO - 2025-12-11 05:48:08 --> Session: Class initialized using 'CodeIgniter\Session\Handlers\FileHandler' driver.
INFO - 2025-12-11 05:48:11 --> Session: Class initialized using 'CodeIgniter\Session\Handlers\FileHandler' driver.
INFO - 2025-12-11 05:56:49 --> Session: Class initialized using 'CodeIgniter\Session\Handlers\FileHandler' driver.
INFO - 2025-12-11 06:04:31 --> Session: Class initialized using 'CodeIgniter\Session\Handlers\FileHandler' driver.
INFO - 2025-12-11 06:04:31 --> Session: Class initialized using 'CodeIgniter\Session\Handlers\FileHandler' driver.
WARNING - 2025-12-11 06:04:31 --> [DEPRECATED] Optional parameter $colores declared before required parameter $buscar is implicitly treated as a required parameter in APPPATH\Models\producto_Model.php on line 74.
 1 SYSTEMPATH\Autoloader\Autoloader.php(311): include_once('C:\\xampp\\htdocs\\proyecto_espinola_emilia\\system\\Debug\\Exceptions.php')
 2 SYSTEMPATH\Autoloader\Autoloader.php(290): CodeIgniter\Autoloader\Autoloader->includeFile('C:\\xampp\\htdocs\\proyecto_espinola_emilia\\app\\Models\\producto_Model.php')
 3 SYSTEMPATH\Autoloader\Autoloader.php(266): CodeIgniter\Autoloader\Autoloader->loadInNamespace('App\\Models\\producto_Model')
 4 APPPATH\Controllers\producto_controller.php(14): CodeIgniter\Autoloader\Autoloader->loadClass('App\\Models\\producto_Model')
 5 SYSTEMPATH\CodeIgniter.php(943): App\Controllers\producto_controller->index()
 6 SYSTEMPATH\CodeIgniter.php(503): CodeIgniter\CodeIgniter->runController(Object(App\Controllers\producto_controller))
 7 SYSTEMPATH\CodeIgniter.php(361): CodeIgniter\CodeIgniter->handleRequest(null, Object(Config\Cache), false)
 8 FCPATH\index.php(79): CodeIgniter\CodeIgniter->run()
WARNING - 2025-12-11 06:04:31 --> [DEPRECATED] Optional parameter $talles declared before required parameter $buscar is implicitly treated as a required parameter in APPPATH\Models\producto_Model.php on line 74.
 1 SYSTEMPATH\Autoloader\Autoloader.php(311): include_once('C:\\xampp\\htdocs\\proyecto_espinola_emilia\\system\\Debug\\Exceptions.php')
 2 SYSTEMPATH\Autoloader\Autoloader.php(290): CodeIgniter\Autoloader\Autoloader->includeFile('C:\\xampp\\htdocs\\proyecto_espinola_emilia\\app\\Models\\producto_Model.php')
 3 SYSTEMPATH\Autoloader\Autoloader.php(266): CodeIgniter\Autoloader\Autoloader->loadInNamespace('App\\Models\\producto_Model')
 4 APPPATH\Controllers\producto_controller.php(14): CodeIgniter\Autoloader\Autoloader->loadClass('App\\Models\\producto_Model')
 5 SYSTEMPATH\CodeIgniter.php(943): App\Controllers\producto_controller->index()
 6 SYSTEMPATH\CodeIgniter.php(503): CodeIgniter\CodeIgniter->runController(Object(App\Controllers\producto_controller))
 7 SYSTEMPATH\CodeIgniter.php(361): CodeIgniter\CodeIgniter->handleRequest(null, Object(Config\Cache), false)
 8 FCPATH\index.php(79): CodeIgniter\CodeIgniter->run()
WARNING - 2025-12-11 06:04:31 --> [DEPRECATED] Optional parameter $categoria_id declared before required parameter $buscar is implicitly treated as a required parameter in APPPATH\Models\producto_Model.php on line 74.
 1 SYSTEMPATH\Autoloader\Autoloader.php(311): include_once('C:\\xampp\\htdocs\\proyecto_espinola_emilia\\system\\Debug\\Exceptions.php')
 2 SYSTEMPATH\Autoloader\Autoloader.php(290): CodeIgniter\Autoloader\Autoloader->includeFile('C:\\xampp\\htdocs\\proyecto_espinola_emilia\\app\\Models\\producto_Model.php')
 3 SYSTEMPATH\Autoloader\Autoloader.php(266): CodeIgniter\Autoloader\Autoloader->loadInNamespace('App\\Models\\producto_Model')
 4 APPPATH\Controllers\producto_controller.php(14): CodeIgniter\Autoloader\Autoloader->loadClass('App\\Models\\producto_Model')
 5 SYSTEMPATH\CodeIgniter.php(943): App\Controllers\producto_controller->index()
 6 SYSTEMPATH\CodeIgniter.php(503): CodeIgniter\CodeIgniter->runController(Object(App\Controllers\producto_controller))
 7 SYSTEMPATH\CodeIgniter.php(361): CodeIgniter\CodeIgniter->handleRequest(null, Object(Config\Cache), false)
 8 FCPATH\index.php(79): CodeIgniter\CodeIgniter->run()
INFO - 2025-12-11 06:04:36 --> Session: Class initialized using 'CodeIgniter\Session\Handlers\FileHandler' driver.
INFO - 2025-12-11 06:04:41 --> Session: Class initialized using 'CodeIgniter\Session\Handlers\FileHandler' driver.
WARNING - 2025-12-11 06:04:41 --> [DEPRECATED] Optional parameter $colores declared before required parameter $buscar is implicitly treated as a required parameter in APPPATH\Models\producto_Model.php on line 74.
 1 SYSTEMPATH\Autoloader\Autoloader.php(311): include_once('C:\\xampp\\htdocs\\proyecto_espinola_emilia\\system\\Debug\\Exceptions.php')
 2 SYSTEMPATH\Autoloader\Autoloader.php(290): CodeIgniter\Autoloader\Autoloader->includeFile('C:\\xampp\\htdocs\\proyecto_espinola_emilia\\app\\Models\\producto_Model.php')
 3 SYSTEMPATH\Autoloader\Autoloader.php(266): CodeIgniter\Autoloader\Autoloader->loadInNamespace('App\\Models\\producto_Model')
 4 APPPATH\Controllers\producto_controller.php(14): CodeIgniter\Autoloader\Autoloader->loadClass('App\\Models\\producto_Model')
 5 SYSTEMPATH\CodeIgniter.php(943): App\Controllers\producto_controller->index()
 6 SYSTEMPATH\CodeIgniter.php(503): CodeIgniter\CodeIgniter->runController(Object(App\Controllers\producto_controller))
 7 SYSTEMPATH\CodeIgniter.php(361): CodeIgniter\CodeIgniter->handleRequest(null, Object(Config\Cache), false)
 8 FCPATH\index.php(79): CodeIgniter\CodeIgniter->run()
WARNING - 2025-12-11 06:04:41 --> [DEPRECATED] Optional parameter $talles declared before required parameter $buscar is implicitly treated as a required parameter in APPPATH\Models\producto_Model.php on line 74.
 1 SYSTEMPATH\Autoloader\Autoloader.php(311): include_once('C:\\xampp\\htdocs\\proyecto_espinola_emilia\\system\\Debug\\Exceptions.php')
 2 SYSTEMPATH\Autoloader\Autoloader.php(290): CodeIgniter\Autoloader\Autoloader->includeFile('C:\\xampp\\htdocs\\proyecto_espinola_emilia\\app\\Models\\producto_Model.php')
 3 SYSTEMPATH\Autoloader\Autoloader.php(266): CodeIgniter\Autoloader\Autoloader->loadInNamespace('App\\Models\\producto_Model')
 4 APPPATH\Controllers\producto_controller.php(14): CodeIgniter\Autoloader\Autoloader->loadClass('App\\Models\\producto_Model')
 5 SYSTEMPATH\CodeIgniter.php(943): App\Controllers\producto_controller->index()
 6 SYSTEMPATH\CodeIgniter.php(503): CodeIgniter\CodeIgniter->runController(Object(App\Controllers\producto_controller))
 7 SYSTEMPATH\CodeIgniter.php(361): CodeIgniter\CodeIgniter->handleRequest(null, Object(Config\Cache), false)
 8 FCPATH\index.php(79): CodeIgniter\CodeIgniter->run()
WARNING - 2025-12-11 06:04:41 --> [DEPRECATED] Optional parameter $categoria_id declared before required parameter $buscar is implicitly treated as a required parameter in APPPATH\Models\producto_Model.php on line 74.
 1 SYSTEMPATH\Autoloader\Autoloader.php(311): include_once('C:\\xampp\\htdocs\\proyecto_espinola_emilia\\system\\Debug\\Exceptions.php')
 2 SYSTEMPATH\Autoloader\Autoloader.php(290): CodeIgniter\Autoloader\Autoloader->includeFile('C:\\xampp\\htdocs\\proyecto_espinola_emilia\\app\\Models\\producto_Model.php')
 3 SYSTEMPATH\Autoloader\Autoloader.php(266): CodeIgniter\Autoloader\Autoloader->loadInNamespace('App\\Models\\producto_Model')
 4 APPPATH\Controllers\producto_controller.php(14): CodeIgniter\Autoloader\Autoloader->loadClass('App\\Models\\producto_Model')
 5 SYSTEMPATH\CodeIgniter.php(943): App\Controllers\producto_controller->index()
 6 SYSTEMPATH\CodeIgniter.php(503): CodeIgniter\CodeIgniter->runController(Object(App\Controllers\producto_controller))
 7 SYSTEMPATH\CodeIgniter.php(361): CodeIgniter\CodeIgniter->handleRequest(null, Object(Config\Cache), false)
 8 FCPATH\index.php(79): CodeIgniter\CodeIgniter->run()
INFO - 2025-12-11 06:04:43 --> Session: Class initialized using 'CodeIgniter\Session\Handlers\FileHandler' driver.
INFO - 2025-12-11 06:04:50 --> Session: Class initialized using 'CodeIgniter\Session\Handlers\FileHandler' driver.
WARNING - 2025-12-11 06:04:50 --> [DEPRECATED] Optional parameter $colores declared before required parameter $buscar is implicitly treated as a required parameter in APPPATH\Models\producto_Model.php on line 74.
 1 SYSTEMPATH\Autoloader\Autoloader.php(311): include_once('C:\\xampp\\htdocs\\proyecto_espinola_emilia\\system\\Debug\\Exceptions.php')
 2 SYSTEMPATH\Autoloader\Autoloader.php(290): CodeIgniter\Autoloader\Autoloader->includeFile('C:\\xampp\\htdocs\\proyecto_espinola_emilia\\app\\Models\\producto_Model.php')
 3 SYSTEMPATH\Autoloader\Autoloader.php(266): CodeIgniter\Autoloader\Autoloader->loadInNamespace('App\\Models\\producto_Model')
 4 APPPATH\Controllers\producto_controller.php(14): CodeIgniter\Autoloader\Autoloader->loadClass('App\\Models\\producto_Model')
 5 SYSTEMPATH\CodeIgniter.php(943): App\Controllers\producto_controller->index()
 6 SYSTEMPATH\CodeIgniter.php(503): CodeIgniter\CodeIgniter->runController(Object(App\Controllers\producto_controller))
 7 SYSTEMPATH\CodeIgniter.php(361): CodeIgniter\CodeIgniter->handleRequest(null, Object(Config\Cache), false)
 8 FCPATH\index.php(79): CodeIgniter\CodeIgniter->run()
WARNING - 2025-12-11 06:04:50 --> [DEPRECATED] Optional parameter $talles declared before required parameter $buscar is implicitly treated as a required parameter in APPPATH\Models\producto_Model.php on line 74.
 1 SYSTEMPATH\Autoloader\Autoloader.php(311): include_once('C:\\xampp\\htdocs\\proyecto_espinola_emilia\\system\\Debug\\Exceptions.php')
 2 SYSTEMPATH\Autoloader\Autoloader.php(290): CodeIgniter\Autoloader\Autoloader->includeFile('C:\\xampp\\htdocs\\proyecto_espinola_emilia\\app\\Models\\producto_Model.php')
 3 SYSTEMPATH\Autoloader\Autoloader.php(266): CodeIgniter\Autoloader\Autoloader->loadInNamespace('App\\Models\\producto_Model')
 4 APPPATH\Controllers\producto_controller.php(14): CodeIgniter\Autoloader\Autoloader->loadClass('App\\Models\\producto_Model')
 5 SYSTEMPATH\CodeIgniter.php(943): App\Controllers\producto_controller->index()
 6 SYSTEMPATH\CodeIgniter.php(503): CodeIgniter\CodeIgniter->runController(Object(App\Controllers\producto_controller))
 7 SYSTEMPATH\CodeIgniter.php(361): CodeIgniter\CodeIgniter->handleRequest(null, Object(Config\Cache), false)
 8 FCPATH\index.php(79): CodeIgniter\CodeIgniter->run()
WARNING - 2025-12-11 06:04:50 --> [DEPRECATED] Optional parameter $categoria_id declared before required parameter $buscar is implicitly treated as a required parameter in APPPATH\Models\producto_Model.php on line 74.
 1 SYSTEMPATH\Autoloader\Autoloader.php(311): include_once('C:\\xampp\\htdocs\\proyecto_espinola_emilia\\system\\Debug\\Exceptions.php')
 2 SYSTEMPATH\Autoloader\Autoloader.php(290): CodeIgniter\Autoloader\Autoloader->includeFile('C:\\xampp\\htdocs\\proyecto_espinola_emilia\\app\\Models\\producto_Model.php')
 3 SYSTEMPATH\Autoloader\Autoloader.php(266): CodeIgniter\Autoloader\Autoloader->loadInNamespace('App\\Models\\producto_Model')
 4 APPPATH\Controllers\producto_controller.php(14): CodeIgniter\Autoloader\Autoloader->loadClass('App\\Models\\producto_Model')
 5 SYSTEMPATH\CodeIgniter.php(943): App\Controllers\producto_controller->index()
 6 SYSTEMPATH\CodeIgniter.php(503): CodeIgniter\CodeIgniter->runController(Object(App\Controllers\producto_controller))
 7 SYSTEMPATH\CodeIgniter.php(361): CodeIgniter\CodeIgniter->handleRequest(null, Object(Config\Cache), false)
 8 FCPATH\index.php(79): CodeIgniter\CodeIgniter->run()
INFO - 2025-12-11 06:04:52 --> Session: Class initialized using 'CodeIgniter\Session\Handlers\FileHandler' driver.
INFO - 2025-12-11 06:04:55 --> Session: Class initialized using 'CodeIgniter\Session\Handlers\FileHandler' driver.
WARNING - 2025-12-11 06:04:55 --> [DEPRECATED] Optional parameter $colores declared before required parameter $buscar is implicitly treated as a required parameter in APPPATH\Models\producto_Model.php on line 74.
 1 SYSTEMPATH\Autoloader\Autoloader.php(311): include_once('C:\\xampp\\htdocs\\proyecto_espinola_emilia\\system\\Debug\\Exceptions.php')
 2 SYSTEMPATH\Autoloader\Autoloader.php(290): CodeIgniter\Autoloader\Autoloader->includeFile('C:\\xampp\\htdocs\\proyecto_espinola_emilia\\app\\Models\\producto_Model.php')
 3 SYSTEMPATH\Autoloader\Autoloader.php(266): CodeIgniter\Autoloader\Autoloader->loadInNamespace('App\\Models\\producto_Model')
 4 APPPATH\Controllers\producto_controller.php(14): CodeIgniter\Autoloader\Autoloader->loadClass('App\\Models\\producto_Model')
 5 SYSTEMPATH\CodeIgniter.php(943): App\Controllers\producto_controller->index()
 6 SYSTEMPATH\CodeIgniter.php(503): CodeIgniter\CodeIgniter->runController(Object(App\Controllers\producto_controller))
 7 SYSTEMPATH\CodeIgniter.php(361): CodeIgniter\CodeIgniter->handleRequest(null, Object(Config\Cache), false)
 8 FCPATH\index.php(79): CodeIgniter\CodeIgniter->run()
WARNING - 2025-12-11 06:04:55 --> [DEPRECATED] Optional parameter $talles declared before required parameter $buscar is implicitly treated as a required parameter in APPPATH\Models\producto_Model.php on line 74.
 1 SYSTEMPATH\Autoloader\Autoloader.php(311): include_once('C:\\xampp\\htdocs\\proyecto_espinola_emilia\\system\\Debug\\Exceptions.php')
 2 SYSTEMPATH\Autoloader\Autoloader.php(290): CodeIgniter\Autoloader\Autoloader->includeFile('C:\\xampp\\htdocs\\proyecto_espinola_emilia\\app\\Models\\producto_Model.php')
 3 SYSTEMPATH\Autoloader\Autoloader.php(266): CodeIgniter\Autoloader\Autoloader->loadInNamespace('App\\Models\\producto_Model')
 4 APPPATH\Controllers\producto_controller.php(14): CodeIgniter\Autoloader\Autoloader->loadClass('App\\Models\\producto_Model')
 5 SYSTEMPATH\CodeIgniter.php(943): App\Controllers\producto_controller->index()
 6 SYSTEMPATH\CodeIgniter.php(503): CodeIgniter\CodeIgniter->runController(Object(App\Controllers\producto_controller))
 7 SYSTEMPATH\CodeIgniter.php(361): CodeIgniter\CodeIgniter->handleRequest(null, Object(Config\Cache), false)
 8 FCPATH\index.php(79): CodeIgniter\CodeIgniter->run()
WARNING - 2025-12-11 06:04:55 --> [DEPRECATED] Optional parameter $categoria_id declared before required parameter $buscar is implicitly treated as a required parameter in APPPATH\Models\producto_Model.php on line 74.
 1 SYSTEMPATH\Autoloader\Autoloader.php(311): include_once('C:\\xampp\\htdocs\\proyecto_espinola_emilia\\system\\Debug\\Exceptions.php')
 2 SYSTEMPATH\Autoloader\Autoloader.php(290): CodeIgniter\Autoloader\Autoloader->includeFile('C:\\xampp\\htdocs\\proyecto_espinola_emilia\\app\\Models\\producto_Model.php')
 3 SYSTEMPATH\Autoloader\Autoloader.php(266): CodeIgniter\Autoloader\Autoloader->loadInNamespace('App\\Models\\producto_Model')
 4 APPPATH\Controllers\producto_controller.php(14): CodeIgniter\Autoloader\Autoloader->loadClass('App\\Models\\producto_Model')
 5 SYSTEMPATH\CodeIgniter.php(943): App\Controllers\producto_controller->index()
 6 SYSTEMPATH\CodeIgniter.php(503): CodeIgniter\CodeIgniter->runController(Object(App\Controllers\producto_controller))
 7 SYSTEMPATH\CodeIgniter.php(361): CodeIgniter\CodeIgniter->handleRequest(null, Object(Config\Cache), false)
 8 FCPATH\index.php(79): CodeIgniter\CodeIgniter->run()
INFO - 2025-12-11 06:04:57 --> Session: Class initialized using 'CodeIgniter\Session\Handlers\FileHandler' driver.
INFO - 2025-12-11 06:16:15 --> Session: Class initialized using 'CodeIgniter\Session\Handlers\FileHandler' driver.
WARNING - 2025-12-11 06:16:15 --> [DEPRECATED] Optional parameter $colores declared before required parameter $buscar is implicitly treated as a required parameter in APPPATH\Models\producto_Model.php on line 74.
 1 SYSTEMPATH\Autoloader\Autoloader.php(311): include_once('C:\\xampp\\htdocs\\proyecto_espinola_emilia\\system\\Debug\\Exceptions.php')
 2 SYSTEMPATH\Autoloader\Autoloader.php(290): CodeIgniter\Autoloader\Autoloader->includeFile('C:\\xampp\\htdocs\\proyecto_espinola_emilia\\app\\Models\\producto_Model.php')
 3 SYSTEMPATH\Autoloader\Autoloader.php(266): CodeIgniter\Autoloader\Autoloader->loadInNamespace('App\\Models\\producto_Model')
 4 APPPATH\Controllers\producto_controller.php(14): CodeIgniter\Autoloader\Autoloader->loadClass('App\\Models\\producto_Model')
 5 SYSTEMPATH\CodeIgniter.php(943): App\Controllers\producto_controller->index()
 6 SYSTEMPATH\CodeIgniter.php(503): CodeIgniter\CodeIgniter->runController(Object(App\Controllers\producto_controller))
 7 SYSTEMPATH\CodeIgniter.php(361): CodeIgniter\CodeIgniter->handleRequest(null, Object(Config\Cache), false)
 8 FCPATH\index.php(79): CodeIgniter\CodeIgniter->run()
WARNING - 2025-12-11 06:16:15 --> [DEPRECATED] Optional parameter $talles declared before required parameter $buscar is implicitly treated as a required parameter in APPPATH\Models\producto_Model.php on line 74.
 1 SYSTEMPATH\Autoloader\Autoloader.php(311): include_once('C:\\xampp\\htdocs\\proyecto_espinola_emilia\\system\\Debug\\Exceptions.php')
 2 SYSTEMPATH\Autoloader\Autoloader.php(290): CodeIgniter\Autoloader\Autoloader->includeFile('C:\\xampp\\htdocs\\proyecto_espinola_emilia\\app\\Models\\producto_Model.php')
 3 SYSTEMPATH\Autoloader\Autoloader.php(266): CodeIgniter\Autoloader\Autoloader->loadInNamespace('App\\Models\\producto_Model')
 4 APPPATH\Controllers\producto_controller.php(14): CodeIgniter\Autoloader\Autoloader->loadClass('App\\Models\\producto_Model')
 5 SYSTEMPATH\CodeIgniter.php(943): App\Controllers\producto_controller->index()
 6 SYSTEMPATH\CodeIgniter.php(503): CodeIgniter\CodeIgniter->runController(Object(App\Controllers\producto_controller))
 7 SYSTEMPATH\CodeIgniter.php(361): CodeIgniter\CodeIgniter->handleRequest(null, Object(Config\Cache), false)
 8 FCPATH\index.php(79): CodeIgniter\CodeIgniter->run()
WARNING - 2025-12-11 06:16:15 --> [DEPRECATED] Optional parameter $categoria_id declared before required parameter $buscar is implicitly treated as a required parameter in APPPATH\Models\producto_Model.php on line 74.
 1 SYSTEMPATH\Autoloader\Autoloader.php(311): include_once('C:\\xampp\\htdocs\\proyecto_espinola_emilia\\system\\Debug\\Exceptions.php')
 2 SYSTEMPATH\Autoloader\Autoloader.php(290): CodeIgniter\Autoloader\Autoloader->includeFile('C:\\xampp\\htdocs\\proyecto_espinola_emilia\\app\\Models\\producto_Model.php')
 3 SYSTEMPATH\Autoloader\Autoloader.php(266): CodeIgniter\Autoloader\Autoloader->loadInNamespace('App\\Models\\producto_Model')
 4 APPPATH\Controllers\producto_controller.php(14): CodeIgniter\Autoloader\Autoloader->loadClass('App\\Models\\producto_Model')
 5 SYSTEMPATH\CodeIgniter.php(943): App\Controllers\producto_controller->index()
 6 SYSTEMPATH\CodeIgniter.php(503): CodeIgniter\CodeIgniter->runController(Object(App\Controllers\producto_controller))
 7 SYSTEMPATH\CodeIgniter.php(361): CodeIgniter\CodeIgniter->handleRequest(null, Object(Config\Cache), false)
 8 FCPATH\index.php(79): CodeIgniter\CodeIgniter->run()
WARNING - 2025-12-11 06:16:22 --> [DEPRECATED] Optional parameter $colores declared before required parameter $buscar is implicitly treated as a required parameter in APPPATH\Models\producto_Model.php on line 74.
 1 SYSTEMPATH\Autoloader\Autoloader.php(311): include_once('C:\\xampp\\htdocs\\proyecto_espinola_emilia\\system\\Debug\\Exceptions.php')
 2 SYSTEMPATH\Autoloader\Autoloader.php(290): CodeIgniter\Autoloader\Autoloader->includeFile('C:\\xampp\\htdocs\\proyecto_espinola_emilia\\app\\Models\\producto_Model.php')
 3 SYSTEMPATH\Autoloader\Autoloader.php(266): CodeIgniter\Autoloader\Autoloader->loadInNamespace('App\\Models\\producto_Model')
 4 APPPATH\Controllers\producto_controller.php(119): CodeIgniter\Autoloader\Autoloader->loadClass('App\\Models\\producto_Model')
 5 SYSTEMPATH\CodeIgniter.php(943): App\Controllers\producto_controller->delete('77')
 6 SYSTEMPATH\CodeIgniter.php(503): CodeIgniter\CodeIgniter->runController(Object(App\Controllers\producto_controller))
 7 SYSTEMPATH\CodeIgniter.php(361): CodeIgniter\CodeIgniter->handleRequest(null, Object(Config\Cache), false)
 8 FCPATH\index.php(79): CodeIgniter\CodeIgniter->run()
WARNING - 2025-12-11 06:16:22 --> [DEPRECATED] Optional parameter $talles declared before required parameter $buscar is implicitly treated as a required parameter in APPPATH\Models\producto_Model.php on line 0.
 1 SYSTEMPATH\Autoloader\Autoloader.php(311): include_once('C:\\xampp\\htdocs\\proyecto_espinola_emilia\\system\\Debug\\Exceptions.php')
 2 SYSTEMPATH\Autoloader\Autoloader.php(290): CodeIgniter\Autoloader\Autoloader->includeFile('C:\\xampp\\htdocs\\proyecto_espinola_emilia\\app\\Models\\producto_Model.php')
 3 SYSTEMPATH\Autoloader\Autoloader.php(266): CodeIgniter\Autoloader\Autoloader->loadInNamespace('App\\Models\\producto_Model')
 4 APPPATH\Controllers\producto_controller.php(119): CodeIgniter\Autoloader\Autoloader->loadClass('App\\Models\\producto_Model')
 5 SYSTEMPATH\CodeIgniter.php(943): App\Controllers\producto_controller->delete('77')
 6 SYSTEMPATH\CodeIgniter.php(503): CodeIgniter\CodeIgniter->runController(Object(App\Controllers\producto_controller))
 7 SYSTEMPATH\CodeIgniter.php(361): CodeIgniter\CodeIgniter->handleRequest(null, Object(Config\Cache), false)
 8 FCPATH\index.php(79): CodeIgniter\CodeIgniter->run()
WARNING - 2025-12-11 06:16:22 --> [DEPRECATED] Optional parameter $categoria_id declared before required parameter $buscar is implicitly treated as a required parameter in APPPATH\Models\producto_Model.php on line 0.
 1 SYSTEMPATH\Autoloader\Autoloader.php(311): include_once('C:\\xampp\\htdocs\\proyecto_espinola_emilia\\system\\Debug\\Exceptions.php')
 2 SYSTEMPATH\Autoloader\Autoloader.php(290): CodeIgniter\Autoloader\Autoloader->includeFile('C:\\xampp\\htdocs\\proyecto_espinola_emilia\\app\\Models\\producto_Model.php')
 3 SYSTEMPATH\Autoloader\Autoloader.php(266): CodeIgniter\Autoloader\Autoloader->loadInNamespace('App\\Models\\producto_Model')
 4 APPPATH\Controllers\producto_controller.php(119): CodeIgniter\Autoloader\Autoloader->loadClass('App\\Models\\producto_Model')
 5 SYSTEMPATH\CodeIgniter.php(943): App\Controllers\producto_controller->delete('77')
 6 SYSTEMPATH\CodeIgniter.php(503): CodeIgniter\CodeIgniter->runController(Object(App\Controllers\producto_controller))
 7 SYSTEMPATH\CodeIgniter.php(361): CodeIgniter\CodeIgniter->handleRequest(null, Object(Config\Cache), false)
 8 FCPATH\index.php(79): CodeIgniter\CodeIgniter->run()
INFO - 2025-12-11 06:16:22 --> Session: Class initialized using 'CodeIgniter\Session\Handlers\FileHandler' driver.
WARNING - 2025-12-11 06:16:22 --> [DEPRECATED] Optional parameter $colores declared before required parameter $buscar is implicitly treated as a required parameter in APPPATH\Models\producto_Model.php on line 74.
 1 SYSTEMPATH\Autoloader\Autoloader.php(311): include_once('C:\\xampp\\htdocs\\proyecto_espinola_emilia\\system\\Debug\\Exceptions.php')
 2 SYSTEMPATH\Autoloader\Autoloader.php(290): CodeIgniter\Autoloader\Autoloader->includeFile('C:\\xampp\\htdocs\\proyecto_espinola_emilia\\app\\Models\\producto_Model.php')
 3 SYSTEMPATH\Autoloader\Autoloader.php(266): CodeIgniter\Autoloader\Autoloader->loadInNamespace('App\\Models\\producto_Model')
 4 APPPATH\Controllers\producto_controller.php(14): CodeIgniter\Autoloader\Autoloader->loadClass('App\\Models\\producto_Model')
 5 SYSTEMPATH\CodeIgniter.php(943): App\Controllers\producto_controller->index()
 6 SYSTEMPATH\CodeIgniter.php(503): CodeIgniter\CodeIgniter->runController(Object(App\Controllers\producto_controller))
 7 SYSTEMPATH\CodeIgniter.php(361): CodeIgniter\CodeIgniter->handleRequest(null, Object(Config\Cache), false)
 8 FCPATH\index.php(79): CodeIgniter\CodeIgniter->run()
WARNING - 2025-12-11 06:16:22 --> [DEPRECATED] Optional parameter $talles declared before required parameter $buscar is implicitly treated as a required parameter in APPPATH\Models\producto_Model.php on line 74.
 1 SYSTEMPATH\Autoloader\Autoloader.php(311): include_once('C:\\xampp\\htdocs\\proyecto_espinola_emilia\\system\\Debug\\Exceptions.php')
 2 SYSTEMPATH\Autoloader\Autoloader.php(290): CodeIgniter\Autoloader\Autoloader->includeFile('C:\\xampp\\htdocs\\proyecto_espinola_emilia\\app\\Models\\producto_Model.php')
 3 SYSTEMPATH\Autoloader\Autoloader.php(266): CodeIgniter\Autoloader\Autoloader->loadInNamespace('App\\Models\\producto_Model')
 4 APPPATH\Controllers\producto_controller.php(14): CodeIgniter\Autoloader\Autoloader->loadClass('App\\Models\\producto_Model')
 5 SYSTEMPATH\CodeIgniter.php(943): App\Controllers\producto_controller->index()
 6 SYSTEMPATH\CodeIgniter.php(503): CodeIgniter\CodeIgniter->runController(Object(App\Controllers\producto_controller))
 7 SYSTEMPATH\CodeIgniter.php(361): CodeIgniter\CodeIgniter->handleRequest(null, Object(Config\Cache), false)
 8 FCPATH\index.php(79): CodeIgniter\CodeIgniter->run()
WARNING - 2025-12-11 06:16:22 --> [DEPRECATED] Optional parameter $categoria_id declared before required parameter $buscar is implicitly treated as a required parameter in APPPATH\Models\producto_Model.php on line 74.
 1 SYSTEMPATH\Autoloader\Autoloader.php(311): include_once('C:\\xampp\\htdocs\\proyecto_espinola_emilia\\system\\Debug\\Exceptions.php')
 2 SYSTEMPATH\Autoloader\Autoloader.php(290): CodeIgniter\Autoloader\Autoloader->includeFile('C:\\xampp\\htdocs\\proyecto_espinola_emilia\\app\\Models\\producto_Model.php')
 3 SYSTEMPATH\Autoloader\Autoloader.php(266): CodeIgniter\Autoloader\Autoloader->loadInNamespace('App\\Models\\producto_Model')
 4 APPPATH\Controllers\producto_controller.php(14): CodeIgniter\Autoloader\Autoloader->loadClass('App\\Models\\producto_Model')
 5 SYSTEMPATH\CodeIgniter.php(943): App\Controllers\producto_controller->index()
 6 SYSTEMPATH\CodeIgniter.php(503): CodeIgniter\CodeIgniter->runController(Object(App\Controllers\producto_controller))
 7 SYSTEMPATH\CodeIgniter.php(361): CodeIgniter\CodeIgniter->handleRequest(null, Object(Config\Cache), false)
 8 FCPATH\index.php(79): CodeIgniter\CodeIgniter->run()
WARNING - 2025-12-11 06:16:24 --> [DEPRECATED] Optional parameter $colores declared before required parameter $buscar is implicitly treated as a required parameter in APPPATH\Models\producto_Model.php on line 74.
 1 SYSTEMPATH\Autoloader\Autoloader.php(311): include_once('C:\\xampp\\htdocs\\proyecto_espinola_emilia\\system\\Debug\\Exceptions.php')
 2 SYSTEMPATH\Autoloader\Autoloader.php(290): CodeIgniter\Autoloader\Autoloader->includeFile('C:\\xampp\\htdocs\\proyecto_espinola_emilia\\app\\Models\\producto_Model.php')
 3 SYSTEMPATH\Autoloader\Autoloader.php(266): CodeIgniter\Autoloader\Autoloader->loadInNamespace('App\\Models\\producto_Model')
 4 APPPATH\Controllers\producto_controller.php(119): CodeIgniter\Autoloader\Autoloader->loadClass('App\\Models\\producto_Model')
 5 SYSTEMPATH\CodeIgniter.php(943): App\Controllers\producto_controller->delete('82')
 6 SYSTEMPATH\CodeIgniter.php(503): CodeIgniter\CodeIgniter->runController(Object(App\Controllers\producto_controller))
 7 SYSTEMPATH\CodeIgniter.php(361): CodeIgniter\CodeIgniter->handleRequest(null, Object(Config\Cache), false)
 8 FCPATH\index.php(79): CodeIgniter\CodeIgniter->run()
WARNING - 2025-12-11 06:16:24 --> [DEPRECATED] Optional parameter $talles declared before required parameter $buscar is implicitly treated as a required parameter in APPPATH\Models\producto_Model.php on line 0.
 1 SYSTEMPATH\Autoloader\Autoloader.php(311): include_once('C:\\xampp\\htdocs\\proyecto_espinola_emilia\\system\\Debug\\Exceptions.php')
 2 SYSTEMPATH\Autoloader\Autoloader.php(290): CodeIgniter\Autoloader\Autoloader->includeFile('C:\\xampp\\htdocs\\proyecto_espinola_emilia\\app\\Models\\producto_Model.php')
 3 SYSTEMPATH\Autoloader\Autoloader.php(266): CodeIgniter\Autoloader\Autoloader->loadInNamespace('App\\Models\\producto_Model')
 4 APPPATH\Controllers\producto_controller.php(119): CodeIgniter\Autoloader\Autoloader->loadClass('App\\Models\\producto_Model')
 5 SYSTEMPATH\CodeIgniter.php(943): App\Controllers\producto_controller->delete('82')
 6 SYSTEMPATH\CodeIgniter.php(503): CodeIgniter\CodeIgniter->runController(Object(App\Controllers\producto_controller))
 7 SYSTEMPATH\CodeIgniter.php(361): CodeIgniter\CodeIgniter->handleRequest(null, Object(Config\Cache), false)
 8 FCPATH\index.php(79): CodeIgniter\CodeIgniter->run()
WARNING - 2025-12-11 06:16:24 --> [DEPRECATED] Optional parameter $categoria_id declared before required parameter $buscar is implicitly treated as a required parameter in APPPATH\Models\producto_Model.php on line 0.
 1 SYSTEMPATH\Autoloader\Autoloader.php(311): include_once('C:\\xampp\\htdocs\\proyecto_espinola_emilia\\system\\Debug\\Exceptions.php')
 2 SYSTEMPATH\Autoloader\Autoloader.php(290): CodeIgniter\Autoloader\Autoloader->includeFile('C:\\xampp\\htdocs\\proyecto_espinola_emilia\\app\\Models\\producto_Model.php')
 3 SYSTEMPATH\Autoloader\Autoloader.php(266): CodeIgniter\Autoloader\Autoloader->loadInNamespace('App\\Models\\producto_Model')
 4 APPPATH\Controllers\producto_controller.php(119): CodeIgniter\Autoloader\Autoloader->loadClass('App\\Models\\producto_Model')
 5 SYSTEMPATH\CodeIgniter.php(943): App\Controllers\producto_controller->delete('82')
 6 SYSTEMPATH\CodeIgniter.php(503): CodeIgniter\CodeIgniter->runController(Object(App\Controllers\producto_controller))
 7 SYSTEMPATH\CodeIgniter.php(361): CodeIgniter\CodeIgniter->handleRequest(null, Object(Config\Cache), false)
 8 FCPATH\index.php(79): CodeIgniter\CodeIgniter->run()
INFO - 2025-12-11 06:16:25 --> Session: Class initialized using 'CodeIgniter\Session\Handlers\FileHandler' driver.
WARNING - 2025-12-11 06:16:25 --> [DEPRECATED] Optional parameter $colores declared before required parameter $buscar is implicitly treated as a required parameter in APPPATH\Models\producto_Model.php on line 74.
 1 SYSTEMPATH\Autoloader\Autoloader.php(311): include_once('C:\\xampp\\htdocs\\proyecto_espinola_emilia\\system\\Debug\\Exceptions.php')
 2 SYSTEMPATH\Autoloader\Autoloader.php(290): CodeIgniter\Autoloader\Autoloader->includeFile('C:\\xampp\\htdocs\\proyecto_espinola_emilia\\app\\Models\\producto_Model.php')
 3 SYSTEMPATH\Autoloader\Autoloader.php(266): CodeIgniter\Autoloader\Autoloader->loadInNamespace('App\\Models\\producto_Model')
 4 APPPATH\Controllers\producto_controller.php(14): CodeIgniter\Autoloader\Autoloader->loadClass('App\\Models\\producto_Model')
 5 SYSTEMPATH\CodeIgniter.php(943): App\Controllers\producto_controller->index()
 6 SYSTEMPATH\CodeIgniter.php(503): CodeIgniter\CodeIgniter->runController(Object(App\Controllers\producto_controller))
 7 SYSTEMPATH\CodeIgniter.php(361): CodeIgniter\CodeIgniter->handleRequest(null, Object(Config\Cache), false)
 8 FCPATH\index.php(79): CodeIgniter\CodeIgniter->run()
WARNING - 2025-12-11 06:16:25 --> [DEPRECATED] Optional parameter $talles declared before required parameter $buscar is implicitly treated as a required parameter in APPPATH\Models\producto_Model.php on line 74.
 1 SYSTEMPATH\Autoloader\Autoloader.php(311): include_once('C:\\xampp\\htdocs\\proyecto_espinola_emilia\\system\\Debug\\Exceptions.php')
 2 SYSTEMPATH\Autoloader\Autoloader.php(290): CodeIgniter\Autoloader\Autoloader->includeFile('C:\\xampp\\htdocs\\proyecto_espinola_emilia\\app\\Models\\producto_Model.php')
 3 SYSTEMPATH\Autoloader\Autoloader.php(266): CodeIgniter\Autoloader\Autoloader->loadInNamespace('App\\Models\\producto_Model')
 4 APPPATH\Controllers\producto_controller.php(14): CodeIgniter\Autoloader\Autoloader->loadClass('App\\Models\\producto_Model')
 5 SYSTEMPATH\CodeIgniter.php(943): App\Controllers\producto_controller->index()
 6 SYSTEMPATH\CodeIgniter.php(503): CodeIgniter\CodeIgniter->runController(Object(App\Controllers\producto_controller))
 7 SYSTEMPATH\CodeIgniter.php(361): CodeIgniter\CodeIgniter->handleRequest(null, Object(Config\Cache), false)
 8 FCPATH\index.php(79): CodeIgniter\CodeIgniter->run()
WARNING - 2025-12-11 06:16:25 --> [DEPRECATED] Optional parameter $categoria_id declared before required parameter $buscar is implicitly treated as a required parameter in APPPATH\Models\producto_Model.php on line 74.
 1 SYSTEMPATH\Autoloader\Autoloader.php(311): include_once('C:\\xampp\\htdocs\\proyecto_espinola_emilia\\system\\Debug\\Exceptions.php')
 2 SYSTEMPATH\Autoloader\Autoloader.php(290): CodeIgniter\Autoloader\Autoloader->includeFile('C:\\xampp\\htdocs\\proyecto_espinola_emilia\\app\\Models\\producto_Model.php')
 3 SYSTEMPATH\Autoloader\Autoloader.php(266): CodeIgniter\Autoloader\Autoloader->loadInNamespace('App\\Models\\producto_Model')
 4 APPPATH\Controllers\producto_controller.php(14): CodeIgniter\Autoloader\Autoloader->loadClass('App\\Models\\producto_Model')
 5 SYSTEMPATH\CodeIgniter.php(943): App\Controllers\producto_controller->index()
 6 SYSTEMPATH\CodeIgniter.php(503): CodeIgniter\CodeIgniter->runController(Object(App\Controllers\producto_controller))
 7 SYSTEMPATH\CodeIgniter.php(361): CodeIgniter\CodeIgniter->handleRequest(null, Object(Config\Cache), false)
 8 FCPATH\index.php(79): CodeIgniter\CodeIgniter->run()
WARNING - 2025-12-11 06:16:27 --> [DEPRECATED] Optional parameter $colores declared before required parameter $buscar is implicitly treated as a required parameter in APPPATH\Models\producto_Model.php on line 74.
 1 SYSTEMPATH\Autoloader\Autoloader.php(311): include_once('C:\\xampp\\htdocs\\proyecto_espinola_emilia\\system\\Debug\\Exceptions.php')
 2 SYSTEMPATH\Autoloader\Autoloader.php(290): CodeIgniter\Autoloader\Autoloader->includeFile('C:\\xampp\\htdocs\\proyecto_espinola_emilia\\app\\Models\\producto_Model.php')
 3 SYSTEMPATH\Autoloader\Autoloader.php(266): CodeIgniter\Autoloader\Autoloader->loadInNamespace('App\\Models\\producto_Model')
 4 APPPATH\Controllers\producto_controller.php(119): CodeIgniter\Autoloader\Autoloader->loadClass('App\\Models\\producto_Model')
 5 SYSTEMPATH\CodeIgniter.php(943): App\Controllers\producto_controller->delete('79')
 6 SYSTEMPATH\CodeIgniter.php(503): CodeIgniter\CodeIgniter->runController(Object(App\Controllers\producto_controller))
 7 SYSTEMPATH\CodeIgniter.php(361): CodeIgniter\CodeIgniter->handleRequest(null, Object(Config\Cache), false)
 8 FCPATH\index.php(79): CodeIgniter\CodeIgniter->run()
WARNING - 2025-12-11 06:16:27 --> [DEPRECATED] Optional parameter $talles declared before required parameter $buscar is implicitly treated as a required parameter in APPPATH\Models\producto_Model.php on line 0.
 1 SYSTEMPATH\Autoloader\Autoloader.php(311): include_once('C:\\xampp\\htdocs\\proyecto_espinola_emilia\\system\\Debug\\Exceptions.php')
 2 SYSTEMPATH\Autoloader\Autoloader.php(290): CodeIgniter\Autoloader\Autoloader->includeFile('C:\\xampp\\htdocs\\proyecto_espinola_emilia\\app\\Models\\producto_Model.php')
 3 SYSTEMPATH\Autoloader\Autoloader.php(266): CodeIgniter\Autoloader\Autoloader->loadInNamespace('App\\Models\\producto_Model')
 4 APPPATH\Controllers\producto_controller.php(119): CodeIgniter\Autoloader\Autoloader->loadClass('App\\Models\\producto_Model')
 5 SYSTEMPATH\CodeIgniter.php(943): App\Controllers\producto_controller->delete('79')
 6 SYSTEMPATH\CodeIgniter.php(503): CodeIgniter\CodeIgniter->runController(Object(App\Controllers\producto_controller))
 7 SYSTEMPATH\CodeIgniter.php(361): CodeIgniter\CodeIgniter->handleRequest(null, Object(Config\Cache), false)
 8 FCPATH\index.php(79): CodeIgniter\CodeIgniter->run()
WARNING - 2025-12-11 06:16:27 --> [DEPRECATED] Optional parameter $categoria_id declared before required parameter $buscar is implicitly treated as a required parameter in APPPATH\Models\producto_Model.php on line 0.
 1 SYSTEMPATH\Autoloader\Autoloader.php(311): include_once('C:\\xampp\\htdocs\\proyecto_espinola_emilia\\system\\Debug\\Exceptions.php')
 2 SYSTEMPATH\Autoloader\Autoloader.php(290): CodeIgniter\Autoloader\Autoloader->includeFile('C:\\xampp\\htdocs\\proyecto_espinola_emilia\\app\\Models\\producto_Model.php')
 3 SYSTEMPATH\Autoloader\Autoloader.php(266): CodeIgniter\Autoloader\Autoloader->loadInNamespace('App\\Models\\producto_Model')
 4 APPPATH\Controllers\producto_controller.php(119): CodeIgniter\Autoloader\Autoloader->loadClass('App\\Models\\producto_Model')
 5 SYSTEMPATH\CodeIgniter.php(943): App\Controllers\producto_controller->delete('79')
 6 SYSTEMPATH\CodeIgniter.php(503): CodeIgniter\CodeIgniter->runController(Object(App\Controllers\producto_controller))
 7 SYSTEMPATH\CodeIgniter.php(361): CodeIgniter\CodeIgniter->handleRequest(null, Object(Config\Cache), false)
 8 FCPATH\index.php(79): CodeIgniter\CodeIgniter->run()
INFO - 2025-12-11 06:16:28 --> Session: Class initialized using 'CodeIgniter\Session\Handlers\FileHandler' driver.
WARNING - 2025-12-11 06:16:28 --> [DEPRECATED] Optional parameter $colores declared before required parameter $buscar is implicitly treated as a required parameter in APPPATH\Models\producto_Model.php on line 74.
 1 SYSTEMPATH\Autoloader\Autoloader.php(311): include_once('C:\\xampp\\htdocs\\proyecto_espinola_emilia\\system\\Debug\\Exceptions.php')
 2 SYSTEMPATH\Autoloader\Autoloader.php(290): CodeIgniter\Autoloader\Autoloader->includeFile('C:\\xampp\\htdocs\\proyecto_espinola_emilia\\app\\Models\\producto_Model.php')
 3 SYSTEMPATH\Autoloader\Autoloader.php(266): CodeIgniter\Autoloader\Autoloader->loadInNamespace('App\\Models\\producto_Model')
 4 APPPATH\Controllers\producto_controller.php(14): CodeIgniter\Autoloader\Autoloader->loadClass('App\\Models\\producto_Model')
 5 SYSTEMPATH\CodeIgniter.php(943): App\Controllers\producto_controller->index()
 6 SYSTEMPATH\CodeIgniter.php(503): CodeIgniter\CodeIgniter->runController(Object(App\Controllers\producto_controller))
 7 SYSTEMPATH\CodeIgniter.php(361): CodeIgniter\CodeIgniter->handleRequest(null, Object(Config\Cache), false)
 8 FCPATH\index.php(79): CodeIgniter\CodeIgniter->run()
WARNING - 2025-12-11 06:16:28 --> [DEPRECATED] Optional parameter $talles declared before required parameter $buscar is implicitly treated as a required parameter in APPPATH\Models\producto_Model.php on line 74.
 1 SYSTEMPATH\Autoloader\Autoloader.php(311): include_once('C:\\xampp\\htdocs\\proyecto_espinola_emilia\\system\\Debug\\Exceptions.php')
 2 SYSTEMPATH\Autoloader\Autoloader.php(290): CodeIgniter\Autoloader\Autoloader->includeFile('C:\\xampp\\htdocs\\proyecto_espinola_emilia\\app\\Models\\producto_Model.php')
 3 SYSTEMPATH\Autoloader\Autoloader.php(266): CodeIgniter\Autoloader\Autoloader->loadInNamespace('App\\Models\\producto_Model')
 4 APPPATH\Controllers\producto_controller.php(14): CodeIgniter\Autoloader\Autoloader->loadClass('App\\Models\\producto_Model')
 5 SYSTEMPATH\CodeIgniter.php(943): App\Controllers\producto_controller->index()
 6 SYSTEMPATH\CodeIgniter.php(503): CodeIgniter\CodeIgniter->runController(Object(App\Controllers\producto_controller))
 7 SYSTEMPATH\CodeIgniter.php(361): CodeIgniter\CodeIgniter->handleRequest(null, Object(Config\Cache), false)
 8 FCPATH\index.php(79): CodeIgniter\CodeIgniter->run()
WARNING - 2025-12-11 06:16:28 --> [DEPRECATED] Optional parameter $categoria_id declared before required parameter $buscar is implicitly treated as a required parameter in APPPATH\Models\producto_Model.php on line 74.
 1 SYSTEMPATH\Autoloader\Autoloader.php(311): include_once('C:\\xampp\\htdocs\\proyecto_espinola_emilia\\system\\Debug\\Exceptions.php')
 2 SYSTEMPATH\Autoloader\Autoloader.php(290): CodeIgniter\Autoloader\Autoloader->includeFile('C:\\xampp\\htdocs\\proyecto_espinola_emilia\\app\\Models\\producto_Model.php')
 3 SYSTEMPATH\Autoloader\Autoloader.php(266): CodeIgniter\Autoloader\Autoloader->loadInNamespace('App\\Models\\producto_Model')
 4 APPPATH\Controllers\producto_controller.php(14): CodeIgniter\Autoloader\Autoloader->loadClass('App\\Models\\producto_Model')
 5 SYSTEMPATH\CodeIgniter.php(943): App\Controllers\producto_controller->index()
 6 SYSTEMPATH\CodeIgniter.php(503): CodeIgniter\CodeIgniter->runController(Object(App\Controllers\producto_controller))
 7 SYSTEMPATH\CodeIgniter.php(361): CodeIgniter\CodeIgniter->handleRequest(null, Object(Config\Cache), false)
 8 FCPATH\index.php(79): CodeIgniter\CodeIgniter->run()
INFO - 2025-12-11 06:22:55 --> Session: Class initialized using 'CodeIgniter\Session\Handlers\FileHandler' driver.
WARNING - 2025-12-11 06:22:55 --> [DEPRECATED] Optional parameter $colores declared before required parameter $buscar is implicitly treated as a required parameter in APPPATH\Models\producto_Model.php on line 74.
 1 SYSTEMPATH\Autoloader\Autoloader.php(311): include_once('C:\\xampp\\htdocs\\proyecto_espinola_emilia\\system\\Debug\\Exceptions.php')
 2 SYSTEMPATH\Autoloader\Autoloader.php(290): CodeIgniter\Autoloader\Autoloader->includeFile('C:\\xampp\\htdocs\\proyecto_espinola_emilia\\app\\Models\\producto_Model.php')
 3 SYSTEMPATH\Autoloader\Autoloader.php(266): CodeIgniter\Autoloader\Autoloader->loadInNamespace('App\\Models\\producto_Model')
 4 APPPATH\Controllers\producto_controller.php(129): CodeIgniter\Autoloader\Autoloader->loadClass('App\\Models\\producto_Model')
 5 SYSTEMPATH\CodeIgniter.php(943): App\Controllers\producto_controller->edit('75')
 6 SYSTEMPATH\CodeIgniter.php(503): CodeIgniter\CodeIgniter->runController(Object(App\Controllers\producto_controller))
 7 SYSTEMPATH\CodeIgniter.php(361): CodeIgniter\CodeIgniter->handleRequest(null, Object(Config\Cache), false)
 8 FCPATH\index.php(79): CodeIgniter\CodeIgniter->run()
WARNING - 2025-12-11 06:22:55 --> [DEPRECATED] Optional parameter $talles declared before required parameter $buscar is implicitly treated as a required parameter in APPPATH\Models\producto_Model.php on line 74.
 1 SYSTEMPATH\Autoloader\Autoloader.php(311): include_once('C:\\xampp\\htdocs\\proyecto_espinola_emilia\\system\\Debug\\Exceptions.php')
 2 SYSTEMPATH\Autoloader\Autoloader.php(290): CodeIgniter\Autoloader\Autoloader->includeFile('C:\\xampp\\htdocs\\proyecto_espinola_emilia\\app\\Models\\producto_Model.php')
 3 SYSTEMPATH\Autoloader\Autoloader.php(266): CodeIgniter\Autoloader\Autoloader->loadInNamespace('App\\Models\\producto_Model')
 4 APPPATH\Controllers\producto_controller.php(129): CodeIgniter\Autoloader\Autoloader->loadClass('App\\Models\\producto_Model')
 5 SYSTEMPATH\CodeIgniter.php(943): App\Controllers\producto_controller->edit('75')
 6 SYSTEMPATH\CodeIgniter.php(503): CodeIgniter\CodeIgniter->runController(Object(App\Controllers\producto_controller))
 7 SYSTEMPATH\CodeIgniter.php(361): CodeIgniter\CodeIgniter->handleRequest(null, Object(Config\Cache), false)
 8 FCPATH\index.php(79): CodeIgniter\CodeIgniter->run()
WARNING - 2025-12-11 06:22:55 --> [DEPRECATED] Optional parameter $categoria_id declared before required parameter $buscar is implicitly treated as a required parameter in APPPATH\Models\producto_Model.php on line 74.
 1 SYSTEMPATH\Autoloader\Autoloader.php(311): include_once('C:\\xampp\\htdocs\\proyecto_espinola_emilia\\system\\Debug\\Exceptions.php')
 2 SYSTEMPATH\Autoloader\Autoloader.php(290): CodeIgniter\Autoloader\Autoloader->includeFile('C:\\xampp\\htdocs\\proyecto_espinola_emilia\\app\\Models\\producto_Model.php')
 3 SYSTEMPATH\Autoloader\Autoloader.php(266): CodeIgniter\Autoloader\Autoloader->loadInNamespace('App\\Models\\producto_Model')
 4 APPPATH\Controllers\producto_controller.php(129): CodeIgniter\Autoloader\Autoloader->loadClass('App\\Models\\producto_Model')
 5 SYSTEMPATH\CodeIgniter.php(943): App\Controllers\producto_controller->edit('75')
 6 SYSTEMPATH\CodeIgniter.php(503): CodeIgniter\CodeIgniter->runController(Object(App\Controllers\producto_controller))
 7 SYSTEMPATH\CodeIgniter.php(361): CodeIgniter\CodeIgniter->handleRequest(null, Object(Config\Cache), false)
 8 FCPATH\index.php(79): CodeIgniter\CodeIgniter->run()
INFO - 2025-12-11 06:22:57 --> Session: Class initialized using 'CodeIgniter\Session\Handlers\FileHandler' driver.
WARNING - 2025-12-11 06:22:57 --> [DEPRECATED] Optional parameter $colores declared before required parameter $buscar is implicitly treated as a required parameter in APPPATH\Models\producto_Model.php on line 74.
 1 SYSTEMPATH\Autoloader\Autoloader.php(311): include_once('C:\\xampp\\htdocs\\proyecto_espinola_emilia\\system\\Debug\\Exceptions.php')
 2 SYSTEMPATH\Autoloader\Autoloader.php(290): CodeIgniter\Autoloader\Autoloader->includeFile('C:\\xampp\\htdocs\\proyecto_espinola_emilia\\app\\Models\\producto_Model.php')
 3 SYSTEMPATH\Autoloader\Autoloader.php(266): CodeIgniter\Autoloader\Autoloader->loadInNamespace('App\\Models\\producto_Model')
 4 APPPATH\Controllers\producto_controller.php(14): CodeIgniter\Autoloader\Autoloader->loadClass('App\\Models\\producto_Model')
 5 SYSTEMPATH\CodeIgniter.php(943): App\Controllers\producto_controller->index()
 6 SYSTEMPATH\CodeIgniter.php(503): CodeIgniter\CodeIgniter->runController(Object(App\Controllers\producto_controller))
 7 SYSTEMPATH\CodeIgniter.php(361): CodeIgniter\CodeIgniter->handleRequest(null, Object(Config\Cache), false)
 8 FCPATH\index.php(79): CodeIgniter\CodeIgniter->run()
WARNING - 2025-12-11 06:22:57 --> [DEPRECATED] Optional parameter $talles declared before required parameter $buscar is implicitly treated as a required parameter in APPPATH\Models\producto_Model.php on line 74.
 1 SYSTEMPATH\Autoloader\Autoloader.php(311): include_once('C:\\xampp\\htdocs\\proyecto_espinola_emilia\\system\\Debug\\Exceptions.php')
 2 SYSTEMPATH\Autoloader\Autoloader.php(290): CodeIgniter\Autoloader\Autoloader->includeFile('C:\\xampp\\htdocs\\proyecto_espinola_emilia\\app\\Models\\producto_Model.php')
 3 SYSTEMPATH\Autoloader\Autoloader.php(266): CodeIgniter\Autoloader\Autoloader->loadInNamespace('App\\Models\\producto_Model')
 4 APPPATH\Controllers\producto_controller.php(14): CodeIgniter\Autoloader\Autoloader->loadClass('App\\Models\\producto_Model')
 5 SYSTEMPATH\CodeIgniter.php(943): App\Controllers\producto_controller->index()
 6 SYSTEMPATH\CodeIgniter.php(503): CodeIgniter\CodeIgniter->runController(Object(App\Controllers\producto_controller))
 7 SYSTEMPATH\CodeIgniter.php(361): CodeIgniter\CodeIgniter->handleRequest(null, Object(Config\Cache), false)
 8 FCPATH\index.php(79): CodeIgniter\CodeIgniter->run()
WARNING - 2025-12-11 06:22:57 --> [DEPRECATED] Optional parameter $categoria_id declared before required parameter $buscar is implicitly treated as a required parameter in APPPATH\Models\producto_Model.php on line 74.
 1 SYSTEMPATH\Autoloader\Autoloader.php(311): include_once('C:\\xampp\\htdocs\\proyecto_espinola_emilia\\system\\Debug\\Exceptions.php')
 2 SYSTEMPATH\Autoloader\Autoloader.php(290): CodeIgniter\Autoloader\Autoloader->includeFile('C:\\xampp\\htdocs\\proyecto_espinola_emilia\\app\\Models\\producto_Model.php')
 3 SYSTEMPATH\Autoloader\Autoloader.php(266): CodeIgniter\Autoloader\Autoloader->loadInNamespace('App\\Models\\producto_Model')
 4 APPPATH\Controllers\producto_controller.php(14): CodeIgniter\Autoloader\Autoloader->loadClass('App\\Models\\producto_Model')
 5 SYSTEMPATH\CodeIgniter.php(943): App\Controllers\producto_controller->index()
 6 SYSTEMPATH\CodeIgniter.php(503): CodeIgniter\CodeIgniter->runController(Object(App\Controllers\producto_controller))
 7 SYSTEMPATH\CodeIgniter.php(361): CodeIgniter\CodeIgniter->handleRequest(null, Object(Config\Cache), false)
 8 FCPATH\index.php(79): CodeIgniter\CodeIgniter->run()
INFO - 2025-12-11 06:23:00 --> Session: Class initialized using 'CodeIgniter\Session\Handlers\FileHandler' driver.
WARNING - 2025-12-11 06:23:00 --> [DEPRECATED] Optional parameter $colores declared before required parameter $buscar is implicitly treated as a required parameter in APPPATH\Models\producto_Model.php on line 74.
 1 SYSTEMPATH\Autoloader\Autoloader.php(311): include_once('C:\\xampp\\htdocs\\proyecto_espinola_emilia\\system\\Debug\\Exceptions.php')
 2 SYSTEMPATH\Autoloader\Autoloader.php(290): CodeIgniter\Autoloader\Autoloader->includeFile('C:\\xampp\\htdocs\\proyecto_espinola_emilia\\app\\Models\\producto_Model.php')
 3 SYSTEMPATH\Autoloader\Autoloader.php(266): CodeIgniter\Autoloader\Autoloader->loadInNamespace('App\\Models\\producto_Model')
 4 APPPATH\Controllers\producto_controller.php(129): CodeIgniter\Autoloader\Autoloader->loadClass('App\\Models\\producto_Model')
 5 SYSTEMPATH\CodeIgniter.php(943): App\Controllers\producto_controller->edit('76')
 6 SYSTEMPATH\CodeIgniter.php(503): CodeIgniter\CodeIgniter->runController(Object(App\Controllers\producto_controller))
 7 SYSTEMPATH\CodeIgniter.php(361): CodeIgniter\CodeIgniter->handleRequest(null, Object(Config\Cache), false)
 8 FCPATH\index.php(79): CodeIgniter\CodeIgniter->run()
WARNING - 2025-12-11 06:23:00 --> [DEPRECATED] Optional parameter $talles declared before required parameter $buscar is implicitly treated as a required parameter in APPPATH\Models\producto_Model.php on line 74.
 1 SYSTEMPATH\Autoloader\Autoloader.php(311): include_once('C:\\xampp\\htdocs\\proyecto_espinola_emilia\\system\\Debug\\Exceptions.php')
 2 SYSTEMPATH\Autoloader\Autoloader.php(290): CodeIgniter\Autoloader\Autoloader->includeFile('C:\\xampp\\htdocs\\proyecto_espinola_emilia\\app\\Models\\producto_Model.php')
 3 SYSTEMPATH\Autoloader\Autoloader.php(266): CodeIgniter\Autoloader\Autoloader->loadInNamespace('App\\Models\\producto_Model')
 4 APPPATH\Controllers\producto_controller.php(129): CodeIgniter\Autoloader\Autoloader->loadClass('App\\Models\\producto_Model')
 5 SYSTEMPATH\CodeIgniter.php(943): App\Controllers\producto_controller->edit('76')
 6 SYSTEMPATH\CodeIgniter.php(503): CodeIgniter\CodeIgniter->runController(Object(App\Controllers\producto_controller))
 7 SYSTEMPATH\CodeIgniter.php(361): CodeIgniter\CodeIgniter->handleRequest(null, Object(Config\Cache), false)
 8 FCPATH\index.php(79): CodeIgniter\CodeIgniter->run()
WARNING - 2025-12-11 06:23:00 --> [DEPRECATED] Optional parameter $categoria_id declared before required parameter $buscar is implicitly treated as a required parameter in APPPATH\Models\producto_Model.php on line 74.
 1 SYSTEMPATH\Autoloader\Autoloader.php(311): include_once('C:\\xampp\\htdocs\\proyecto_espinola_emilia\\system\\Debug\\Exceptions.php')
 2 SYSTEMPATH\Autoloader\Autoloader.php(290): CodeIgniter\Autoloader\Autoloader->includeFile('C:\\xampp\\htdocs\\proyecto_espinola_emilia\\app\\Models\\producto_Model.php')
 3 SYSTEMPATH\Autoloader\Autoloader.php(266): CodeIgniter\Autoloader\Autoloader->loadInNamespace('App\\Models\\producto_Model')
 4 APPPATH\Controllers\producto_controller.php(129): CodeIgniter\Autoloader\Autoloader->loadClass('App\\Models\\producto_Model')
 5 SYSTEMPATH\CodeIgniter.php(943): App\Controllers\producto_controller->edit('76')
 6 SYSTEMPATH\CodeIgniter.php(503): CodeIgniter\CodeIgniter->runController(Object(App\Controllers\producto_controller))
 7 SYSTEMPATH\CodeIgniter.php(361): CodeIgniter\CodeIgniter->handleRequest(null, Object(Config\Cache), false)
 8 FCPATH\index.php(79): CodeIgniter\CodeIgniter->run()
INFO - 2025-12-11 06:29:53 --> Session: Class initialized using 'CodeIgniter\Session\Handlers\FileHandler' driver.
WARNING - 2025-12-11 06:29:53 --> [DEPRECATED] Optional parameter $colores declared before required parameter $buscar is implicitly treated as a required parameter in APPPATH\Models\producto_Model.php on line 74.
 1 SYSTEMPATH\Autoloader\Autoloader.php(311): include_once('C:\\xampp\\htdocs\\proyecto_espinola_emilia\\system\\Debug\\Exceptions.php')
 2 SYSTEMPATH\Autoloader\Autoloader.php(290): CodeIgniter\Autoloader\Autoloader->includeFile('C:\\xampp\\htdocs\\proyecto_espinola_emilia\\app\\Models\\producto_Model.php')
 3 SYSTEMPATH\Autoloader\Autoloader.php(266): CodeIgniter\Autoloader\Autoloader->loadInNamespace('App\\Models\\producto_Model')
 4 APPPATH\Controllers\producto_controller.php(14): CodeIgniter\Autoloader\Autoloader->loadClass('App\\Models\\producto_Model')
 5 SYSTEMPATH\CodeIgniter.php(943): App\Controllers\producto_controller->index()
 6 SYSTEMPATH\CodeIgniter.php(503): CodeIgniter\CodeIgniter->runController(Object(App\Controllers\producto_controller))
 7 SYSTEMPATH\CodeIgniter.php(361): CodeIgniter\CodeIgniter->handleRequest(null, Object(Config\Cache), false)
 8 FCPATH\index.php(79): CodeIgniter\CodeIgniter->run()
WARNING - 2025-12-11 06:29:53 --> [DEPRECATED] Optional parameter $talles declared before required parameter $buscar is implicitly treated as a required parameter in APPPATH\Models\producto_Model.php on line 74.
 1 SYSTEMPATH\Autoloader\Autoloader.php(311): include_once('C:\\xampp\\htdocs\\proyecto_espinola_emilia\\system\\Debug\\Exceptions.php')
 2 SYSTEMPATH\Autoloader\Autoloader.php(290): CodeIgniter\Autoloader\Autoloader->includeFile('C:\\xampp\\htdocs\\proyecto_espinola_emilia\\app\\Models\\producto_Model.php')
 3 SYSTEMPATH\Autoloader\Autoloader.php(266): CodeIgniter\Autoloader\Autoloader->loadInNamespace('App\\Models\\producto_Model')
 4 APPPATH\Controllers\producto_controller.php(14): CodeIgniter\Autoloader\Autoloader->loadClass('App\\Models\\producto_Model')
 5 SYSTEMPATH\CodeIgniter.php(943): App\Controllers\producto_controller->index()
 6 SYSTEMPATH\CodeIgniter.php(503): CodeIgniter\CodeIgniter->runController(Object(App\Controllers\producto_controller))
 7 SYSTEMPATH\CodeIgniter.php(361): CodeIgniter\CodeIgniter->handleRequest(null, Object(Config\Cache), false)
 8 FCPATH\index.php(79): CodeIgniter\CodeIgniter->run()
WARNING - 2025-12-11 06:29:53 --> [DEPRECATED] Optional parameter $categoria_id declared before required parameter $buscar is implicitly treated as a required parameter in APPPATH\Models\producto_Model.php on line 74.
 1 SYSTEMPATH\Autoloader\Autoloader.php(311): include_once('C:\\xampp\\htdocs\\proyecto_espinola_emilia\\system\\Debug\\Exceptions.php')
 2 SYSTEMPATH\Autoloader\Autoloader.php(290): CodeIgniter\Autoloader\Autoloader->includeFile('C:\\xampp\\htdocs\\proyecto_espinola_emilia\\app\\Models\\producto_Model.php')
 3 SYSTEMPATH\Autoloader\Autoloader.php(266): CodeIgniter\Autoloader\Autoloader->loadInNamespace('App\\Models\\producto_Model')
 4 APPPATH\Controllers\producto_controller.php(14): CodeIgniter\Autoloader\Autoloader->loadClass('App\\Models\\producto_Model')
 5 SYSTEMPATH\CodeIgniter.php(943): App\Controllers\producto_controller->index()
 6 SYSTEMPATH\CodeIgniter.php(503): CodeIgniter\CodeIgniter->runController(Object(App\Controllers\producto_controller))
 7 SYSTEMPATH\CodeIgniter.php(361): CodeIgniter\CodeIgniter->handleRequest(null, Object(Config\Cache), false)
 8 FCPATH\index.php(79): CodeIgniter\CodeIgniter->run()
WARNING - 2025-12-11 06:32:32 --> [DEPRECATED] Optional parameter $colores declared before required parameter $buscar is implicitly treated as a required parameter in APPPATH\Models\producto_Model.php on line 74.
 1 SYSTEMPATH\Autoloader\Autoloader.php(311): include_once('C:\\xampp\\htdocs\\proyecto_espinola_emilia\\system\\Debug\\Exceptions.php')
 2 SYSTEMPATH\Autoloader\Autoloader.php(290): CodeIgniter\Autoloader\Autoloader->includeFile('C:\\xampp\\htdocs\\proyecto_espinola_emilia\\app\\Models\\producto_Model.php')
 3 SYSTEMPATH\Autoloader\Autoloader.php(266): CodeIgniter\Autoloader\Autoloader->loadInNamespace('App\\Models\\producto_Model')
 4 APPPATH\Controllers\producto_controller.php(119): CodeIgniter\Autoloader\Autoloader->loadClass('App\\Models\\producto_Model')
 5 SYSTEMPATH\CodeIgniter.php(943): App\Controllers\producto_controller->delete('75')
 6 SYSTEMPATH\CodeIgniter.php(503): CodeIgniter\CodeIgniter->runController(Object(App\Controllers\producto_controller))
 7 SYSTEMPATH\CodeIgniter.php(361): CodeIgniter\CodeIgniter->handleRequest(null, Object(Config\Cache), false)
 8 FCPATH\index.php(79): CodeIgniter\CodeIgniter->run()
WARNING - 2025-12-11 06:32:32 --> [DEPRECATED] Optional parameter $talles declared before required parameter $buscar is implicitly treated as a required parameter in APPPATH\Models\producto_Model.php on line 0.
 1 SYSTEMPATH\Autoloader\Autoloader.php(311): include_once('C:\\xampp\\htdocs\\proyecto_espinola_emilia\\system\\Debug\\Exceptions.php')
 2 SYSTEMPATH\Autoloader\Autoloader.php(290): CodeIgniter\Autoloader\Autoloader->includeFile('C:\\xampp\\htdocs\\proyecto_espinola_emilia\\app\\Models\\producto_Model.php')
 3 SYSTEMPATH\Autoloader\Autoloader.php(266): CodeIgniter\Autoloader\Autoloader->loadInNamespace('App\\Models\\producto_Model')
 4 APPPATH\Controllers\producto_controller.php(119): CodeIgniter\Autoloader\Autoloader->loadClass('App\\Models\\producto_Model')
 5 SYSTEMPATH\CodeIgniter.php(943): App\Controllers\producto_controller->delete('75')
 6 SYSTEMPATH\CodeIgniter.php(503): CodeIgniter\CodeIgniter->runController(Object(App\Controllers\producto_controller))
 7 SYSTEMPATH\CodeIgniter.php(361): CodeIgniter\CodeIgniter->handleRequest(null, Object(Config\Cache), false)
 8 FCPATH\index.php(79): CodeIgniter\CodeIgniter->run()
WARNING - 2025-12-11 06:32:32 --> [DEPRECATED] Optional parameter $categoria_id declared before required parameter $buscar is implicitly treated as a required parameter in APPPATH\Models\producto_Model.php on line 0.
 1 SYSTEMPATH\Autoloader\Autoloader.php(311): include_once('C:\\xampp\\htdocs\\proyecto_espinola_emilia\\system\\Debug\\Exceptions.php')
 2 SYSTEMPATH\Autoloader\Autoloader.php(290): CodeIgniter\Autoloader\Autoloader->includeFile('C:\\xampp\\htdocs\\proyecto_espinola_emilia\\app\\Models\\producto_Model.php')
 3 SYSTEMPATH\Autoloader\Autoloader.php(266): CodeIgniter\Autoloader\Autoloader->loadInNamespace('App\\Models\\producto_Model')
 4 APPPATH\Controllers\producto_controller.php(119): CodeIgniter\Autoloader\Autoloader->loadClass('App\\Models\\producto_Model')
 5 SYSTEMPATH\CodeIgniter.php(943): App\Controllers\producto_controller->delete('75')
 6 SYSTEMPATH\CodeIgniter.php(503): CodeIgniter\CodeIgniter->runController(Object(App\Controllers\producto_controller))
 7 SYSTEMPATH\CodeIgniter.php(361): CodeIgniter\CodeIgniter->handleRequest(null, Object(Config\Cache), false)
 8 FCPATH\index.php(79): CodeIgniter\CodeIgniter->run()
INFO - 2025-12-11 06:32:33 --> Session: Class initialized using 'CodeIgniter\Session\Handlers\FileHandler' driver.
WARNING - 2025-12-11 06:32:33 --> [DEPRECATED] Optional parameter $colores declared before required parameter $buscar is implicitly treated as a required parameter in APPPATH\Models\producto_Model.php on line 74.
 1 SYSTEMPATH\Autoloader\Autoloader.php(311): include_once('C:\\xampp\\htdocs\\proyecto_espinola_emilia\\system\\Debug\\Exceptions.php')
 2 SYSTEMPATH\Autoloader\Autoloader.php(290): CodeIgniter\Autoloader\Autoloader->includeFile('C:\\xampp\\htdocs\\proyecto_espinola_emilia\\app\\Models\\producto_Model.php')
 3 SYSTEMPATH\Autoloader\Autoloader.php(266): CodeIgniter\Autoloader\Autoloader->loadInNamespace('App\\Models\\producto_Model')
 4 APPPATH\Controllers\producto_controller.php(14): CodeIgniter\Autoloader\Autoloader->loadClass('App\\Models\\producto_Model')
 5 SYSTEMPATH\CodeIgniter.php(943): App\Controllers\producto_controller->index()
 6 SYSTEMPATH\CodeIgniter.php(503): CodeIgniter\CodeIgniter->runController(Object(App\Controllers\producto_controller))
 7 SYSTEMPATH\CodeIgniter.php(361): CodeIgniter\CodeIgniter->handleRequest(null, Object(Config\Cache), false)
 8 FCPATH\index.php(79): CodeIgniter\CodeIgniter->run()
WARNING - 2025-12-11 06:32:33 --> [DEPRECATED] Optional parameter $talles declared before required parameter $buscar is implicitly treated as a required parameter in APPPATH\Models\producto_Model.php on line 74.
 1 SYSTEMPATH\Autoloader\Autoloader.php(311): include_once('C:\\xampp\\htdocs\\proyecto_espinola_emilia\\system\\Debug\\Exceptions.php')
 2 SYSTEMPATH\Autoloader\Autoloader.php(290): CodeIgniter\Autoloader\Autoloader->includeFile('C:\\xampp\\htdocs\\proyecto_espinola_emilia\\app\\Models\\producto_Model.php')
 3 SYSTEMPATH\Autoloader\Autoloader.php(266): CodeIgniter\Autoloader\Autoloader->loadInNamespace('App\\Models\\producto_Model')
 4 APPPATH\Controllers\producto_controller.php(14): CodeIgniter\Autoloader\Autoloader->loadClass('App\\Models\\producto_Model')
 5 SYSTEMPATH\CodeIgniter.php(943): App\Controllers\producto_controller->index()
 6 SYSTEMPATH\CodeIgniter.php(503): CodeIgniter\CodeIgniter->runController(Object(App\Controllers\producto_controller))
 7 SYSTEMPATH\CodeIgniter.php(361): CodeIgniter\CodeIgniter->handleRequest(null, Object(Config\Cache), false)
 8 FCPATH\index.php(79): CodeIgniter\CodeIgniter->run()
WARNING - 2025-12-11 06:32:33 --> [DEPRECATED] Optional parameter $categoria_id declared before required parameter $buscar is implicitly treated as a required parameter in APPPATH\Models\producto_Model.php on line 74.
 1 SYSTEMPATH\Autoloader\Autoloader.php(311): include_once('C:\\xampp\\htdocs\\proyecto_espinola_emilia\\system\\Debug\\Exceptions.php')
 2 SYSTEMPATH\Autoloader\Autoloader.php(290): CodeIgniter\Autoloader\Autoloader->includeFile('C:\\xampp\\htdocs\\proyecto_espinola_emilia\\app\\Models\\producto_Model.php')
 3 SYSTEMPATH\Autoloader\Autoloader.php(266): CodeIgniter\Autoloader\Autoloader->loadInNamespace('App\\Models\\producto_Model')
 4 APPPATH\Controllers\producto_controller.php(14): CodeIgniter\Autoloader\Autoloader->loadClass('App\\Models\\producto_Model')
 5 SYSTEMPATH\CodeIgniter.php(943): App\Controllers\producto_controller->index()
 6 SYSTEMPATH\CodeIgniter.php(503): CodeIgniter\CodeIgniter->runController(Object(App\Controllers\producto_controller))
 7 SYSTEMPATH\CodeIgniter.php(361): CodeIgniter\CodeIgniter->handleRequest(null, Object(Config\Cache), false)
 8 FCPATH\index.php(79): CodeIgniter\CodeIgniter->run()
WARNING - 2025-12-11 23:11:36 --> [DEPRECATED] Optional parameter $colores declared before required parameter $buscar is implicitly treated as a required parameter in APPPATH\Models\producto_Model.php on line 74.
 1 SYSTEMPATH\Autoloader\Autoloader.php(311): include_once('C:\\xampp\\htdocs\\proyecto_espinola_emilia\\system\\Debug\\Exceptions.php')
 2 SYSTEMPATH\Autoloader\Autoloader.php(290): CodeIgniter\Autoloader\Autoloader->includeFile('C:\\xampp\\htdocs\\proyecto_espinola_emilia\\app\\Models\\producto_Model.php')
 3 SYSTEMPATH\Autoloader\Autoloader.php(266): CodeIgniter\Autoloader\Autoloader->loadInNamespace('App\\Models\\producto_Model')
 4 APPPATH\Controllers\Home.php(12): CodeIgniter\Autoloader\Autoloader->loadClass('App\\Models\\producto_Model')
 5 SYSTEMPATH\CodeIgniter.php(943): App\Controllers\Home->inicio()
 6 SYSTEMPATH\CodeIgniter.php(503): CodeIgniter\CodeIgniter->runController(Object(App\Controllers\Home))
 7 SYSTEMPATH\CodeIgniter.php(361): CodeIgniter\CodeIgniter->handleRequest(null, Object(Config\Cache), false)
 8 FCPATH\index.php(79): CodeIgniter\CodeIgniter->run()
WARNING - 2025-12-11 23:11:36 --> [DEPRECATED] Optional parameter $talles declared before required parameter $buscar is implicitly treated as a required parameter in APPPATH\Models\producto_Model.php on line 0.
 1 SYSTEMPATH\Autoloader\Autoloader.php(311): include_once('C:\\xampp\\htdocs\\proyecto_espinola_emilia\\system\\Debug\\Exceptions.php')
 2 SYSTEMPATH\Autoloader\Autoloader.php(290): CodeIgniter\Autoloader\Autoloader->includeFile('C:\\xampp\\htdocs\\proyecto_espinola_emilia\\app\\Models\\producto_Model.php')
 3 SYSTEMPATH\Autoloader\Autoloader.php(266): CodeIgniter\Autoloader\Autoloader->loadInNamespace('App\\Models\\producto_Model')
 4 APPPATH\Controllers\Home.php(12): CodeIgniter\Autoloader\Autoloader->loadClass('App\\Models\\producto_Model')
 5 SYSTEMPATH\CodeIgniter.php(943): App\Controllers\Home->inicio()
 6 SYSTEMPATH\CodeIgniter.php(503): CodeIgniter\CodeIgniter->runController(Object(App\Controllers\Home))
 7 SYSTEMPATH\CodeIgniter.php(361): CodeIgniter\CodeIgniter->handleRequest(null, Object(Config\Cache), false)
 8 FCPATH\index.php(79): CodeIgniter\CodeIgniter->run()
WARNING - 2025-12-11 23:11:36 --> [DEPRECATED] Optional parameter $categoria_id declared before required parameter $buscar is implicitly treated as a required parameter in APPPATH\Models\producto_Model.php on line 0.
 1 SYSTEMPATH\Autoloader\Autoloader.php(311): include_once('C:\\xampp\\htdocs\\proyecto_espinola_emilia\\system\\Debug\\Exceptions.php')
 2 SYSTEMPATH\Autoloader\Autoloader.php(290): CodeIgniter\Autoloader\Autoloader->includeFile('C:\\xampp\\htdocs\\proyecto_espinola_emilia\\app\\Models\\producto_Model.php')
 3 SYSTEMPATH\Autoloader\Autoloader.php(266): CodeIgniter\Autoloader\Autoloader->loadInNamespace('App\\Models\\producto_Model')
 4 APPPATH\Controllers\Home.php(12): CodeIgniter\Autoloader\Autoloader->loadClass('App\\Models\\producto_Model')
 5 SYSTEMPATH\CodeIgniter.php(943): App\Controllers\Home->inicio()
 6 SYSTEMPATH\CodeIgniter.php(503): CodeIgniter\CodeIgniter->runController(Object(App\Controllers\Home))
 7 SYSTEMPATH\CodeIgniter.php(361): CodeIgniter\CodeIgniter->handleRequest(null, Object(Config\Cache), false)
 8 FCPATH\index.php(79): CodeIgniter\CodeIgniter->run()
INFO - 2025-12-11 23:11:38 --> Session: Class initialized using 'CodeIgniter\Session\Handlers\FileHandler' driver.
INFO - 2025-12-11 23:12:29 --> Session: Class initialized using 'CodeIgniter\Session\Handlers\FileHandler' driver.
INFO - 2025-12-11 23:12:32 --> Session: Class initialized using 'CodeIgniter\Session\Handlers\FileHandler' driver.
INFO - 2025-12-11 23:13:55 --> Session: Class initialized using 'CodeIgniter\Session\Handlers\FileHandler' driver.
INFO - 2025-12-11 23:13:55 --> Session: Class initialized using 'CodeIgniter\Session\Handlers\FileHandler' driver.
WARNING - 2025-12-11 23:13:55 --> [DEPRECATED] Optional parameter $colores declared before required parameter $buscar is implicitly treated as a required parameter in APPPATH\Models\producto_Model.php on line 74.
 1 SYSTEMPATH\Autoloader\Autoloader.php(311): include_once('C:\\xampp\\htdocs\\proyecto_espinola_emilia\\system\\Debug\\Exceptions.php')
 2 SYSTEMPATH\Autoloader\Autoloader.php(290): CodeIgniter\Autoloader\Autoloader->includeFile('C:\\xampp\\htdocs\\proyecto_espinola_emilia\\app\\Models\\producto_Model.php')
 3 SYSTEMPATH\Autoloader\Autoloader.php(266): CodeIgniter\Autoloader\Autoloader->loadInNamespace('App\\Models\\producto_Model')
 4 APPPATH\Controllers\producto_controller.php(14): CodeIgniter\Autoloader\Autoloader->loadClass('App\\Models\\producto_Model')
 5 SYSTEMPATH\CodeIgniter.php(943): App\Controllers\producto_controller->index()
 6 SYSTEMPATH\CodeIgniter.php(503): CodeIgniter\CodeIgniter->runController(Object(App\Controllers\producto_controller))
 7 SYSTEMPATH\CodeIgniter.php(361): CodeIgniter\CodeIgniter->handleRequest(null, Object(Config\Cache), false)
 8 FCPATH\index.php(79): CodeIgniter\CodeIgniter->run()
WARNING - 2025-12-11 23:13:55 --> [DEPRECATED] Optional parameter $talles declared before required parameter $buscar is implicitly treated as a required parameter in APPPATH\Models\producto_Model.php on line 74.
 1 SYSTEMPATH\Autoloader\Autoloader.php(311): include_once('C:\\xampp\\htdocs\\proyecto_espinola_emilia\\system\\Debug\\Exceptions.php')
 2 SYSTEMPATH\Autoloader\Autoloader.php(290): CodeIgniter\Autoloader\Autoloader->includeFile('C:\\xampp\\htdocs\\proyecto_espinola_emilia\\app\\Models\\producto_Model.php')
 3 SYSTEMPATH\Autoloader\Autoloader.php(266): CodeIgniter\Autoloader\Autoloader->loadInNamespace('App\\Models\\producto_Model')
 4 APPPATH\Controllers\producto_controller.php(14): CodeIgniter\Autoloader\Autoloader->loadClass('App\\Models\\producto_Model')
 5 SYSTEMPATH\CodeIgniter.php(943): App\Controllers\producto_controller->index()
 6 SYSTEMPATH\CodeIgniter.php(503): CodeIgniter\CodeIgniter->runController(Object(App\Controllers\producto_controller))
 7 SYSTEMPATH\CodeIgniter.php(361): CodeIgniter\CodeIgniter->handleRequest(null, Object(Config\Cache), false)
 8 FCPATH\index.php(79): CodeIgniter\CodeIgniter->run()
WARNING - 2025-12-11 23:13:55 --> [DEPRECATED] Optional parameter $categoria_id declared before required parameter $buscar is implicitly treated as a required parameter in APPPATH\Models\producto_Model.php on line 74.
 1 SYSTEMPATH\Autoloader\Autoloader.php(311): include_once('C:\\xampp\\htdocs\\proyecto_espinola_emilia\\system\\Debug\\Exceptions.php')
 2 SYSTEMPATH\Autoloader\Autoloader.php(290): CodeIgniter\Autoloader\Autoloader->includeFile('C:\\xampp\\htdocs\\proyecto_espinola_emilia\\app\\Models\\producto_Model.php')
 3 SYSTEMPATH\Autoloader\Autoloader.php(266): CodeIgniter\Autoloader\Autoloader->loadInNamespace('App\\Models\\producto_Model')
 4 APPPATH\Controllers\producto_controller.php(14): CodeIgniter\Autoloader\Autoloader->loadClass('App\\Models\\producto_Model')
 5 SYSTEMPATH\CodeIgniter.php(943): App\Controllers\producto_controller->index()
 6 SYSTEMPATH\CodeIgniter.php(503): CodeIgniter\CodeIgniter->runController(Object(App\Controllers\producto_controller))
 7 SYSTEMPATH\CodeIgniter.php(361): CodeIgniter\CodeIgniter->handleRequest(null, Object(Config\Cache), false)
 8 FCPATH\index.php(79): CodeIgniter\CodeIgniter->run()
INFO - 2025-12-11 23:14:58 --> Session: Class initialized using 'CodeIgniter\Session\Handlers\FileHandler' driver.
WARNING - 2025-12-11 23:14:58 --> [DEPRECATED] Optional parameter $colores declared before required parameter $buscar is implicitly treated as a required parameter in APPPATH\Models\producto_Model.php on line 74.
 1 SYSTEMPATH\Autoloader\Autoloader.php(311): include_once('C:\\xampp\\htdocs\\proyecto_espinola_emilia\\system\\Debug\\Exceptions.php')
 2 SYSTEMPATH\Autoloader\Autoloader.php(290): CodeIgniter\Autoloader\Autoloader->includeFile('C:\\xampp\\htdocs\\proyecto_espinola_emilia\\app\\Models\\producto_Model.php')
 3 SYSTEMPATH\Autoloader\Autoloader.php(266): CodeIgniter\Autoloader\Autoloader->loadInNamespace('App\\Models\\producto_Model')
 4 APPPATH\Controllers\ventas_controller.php(23): CodeIgniter\Autoloader\Autoloader->loadClass('App\\Models\\producto_Model')
 5 SYSTEMPATH\CodeIgniter.php(915): App\Controllers\ventas_controller->__construct()
 6 SYSTEMPATH\CodeIgniter.php(494): CodeIgniter\CodeIgniter->createController()
 7 SYSTEMPATH\CodeIgniter.php(361): CodeIgniter\CodeIgniter->handleRequest(null, Object(Config\Cache), false)
 8 FCPATH\index.php(79): CodeIgniter\CodeIgniter->run()
WARNING - 2025-12-11 23:14:58 --> [DEPRECATED] Optional parameter $talles declared before required parameter $buscar is implicitly treated as a required parameter in APPPATH\Models\producto_Model.php on line 74.
 1 SYSTEMPATH\Autoloader\Autoloader.php(311): include_once('C:\\xampp\\htdocs\\proyecto_espinola_emilia\\system\\Debug\\Exceptions.php')
 2 SYSTEMPATH\Autoloader\Autoloader.php(290): CodeIgniter\Autoloader\Autoloader->includeFile('C:\\xampp\\htdocs\\proyecto_espinola_emilia\\app\\Models\\producto_Model.php')
 3 SYSTEMPATH\Autoloader\Autoloader.php(266): CodeIgniter\Autoloader\Autoloader->loadInNamespace('App\\Models\\producto_Model')
 4 APPPATH\Controllers\ventas_controller.php(23): CodeIgniter\Autoloader\Autoloader->loadClass('App\\Models\\producto_Model')
 5 SYSTEMPATH\CodeIgniter.php(915): App\Controllers\ventas_controller->__construct()
 6 SYSTEMPATH\CodeIgniter.php(494): CodeIgniter\CodeIgniter->createController()
 7 SYSTEMPATH\CodeIgniter.php(361): CodeIgniter\CodeIgniter->handleRequest(null, Object(Config\Cache), false)
 8 FCPATH\index.php(79): CodeIgniter\CodeIgniter->run()
WARNING - 2025-12-11 23:14:58 --> [DEPRECATED] Optional parameter $categoria_id declared before required parameter $buscar is implicitly treated as a required parameter in APPPATH\Models\producto_Model.php on line 74.
 1 SYSTEMPATH\Autoloader\Autoloader.php(311): include_once('C:\\xampp\\htdocs\\proyecto_espinola_emilia\\system\\Debug\\Exceptions.php')
 2 SYSTEMPATH\Autoloader\Autoloader.php(290): CodeIgniter\Autoloader\Autoloader->includeFile('C:\\xampp\\htdocs\\proyecto_espinola_emilia\\app\\Models\\producto_Model.php')
 3 SYSTEMPATH\Autoloader\Autoloader.php(266): CodeIgniter\Autoloader\Autoloader->loadInNamespace('App\\Models\\producto_Model')
 4 APPPATH\Controllers\ventas_controller.php(23): CodeIgniter\Autoloader\Autoloader->loadClass('App\\Models\\producto_Model')
 5 SYSTEMPATH\CodeIgniter.php(915): App\Controllers\ventas_controller->__construct()
 6 SYSTEMPATH\CodeIgniter.php(494): CodeIgniter\CodeIgniter->createController()
 7 SYSTEMPATH\CodeIgniter.php(361): CodeIgniter\CodeIgniter->handleRequest(null, Object(Config\Cache), false)
 8 FCPATH\index.php(79): CodeIgniter\CodeIgniter->run()
WARNING - 2025-12-11 23:14:58 --> [DEPRECATED] Creation of dynamic property App\Controllers\ventas_controller::$productosDetalle is deprecated in APPPATH\Controllers\ventas_controller.php on line 24.
 1 SYSTEMPATH\CodeIgniter.php(915): App\Controllers\ventas_controller->__construct()
 2 SYSTEMPATH\CodeIgniter.php(494): CodeIgniter\CodeIgniter->createController()
 3 SYSTEMPATH\CodeIgniter.php(361): CodeIgniter\CodeIgniter->handleRequest(null, Object(Config\Cache), false)
 4 FCPATH\index.php(79): CodeIgniter\CodeIgniter->run()
INFO - 2025-12-11 23:15:00 --> Session: Class initialized using 'CodeIgniter\Session\Handlers\FileHandler' driver.
WARNING - 2025-12-11 23:15:00 --> [DEPRECATED] Optional parameter $colores declared before required parameter $buscar is implicitly treated as a required parameter in APPPATH\Models\producto_Model.php on line 74.
 1 SYSTEMPATH\Autoloader\Autoloader.php(311): include_once('C:\\xampp\\htdocs\\proyecto_espinola_emilia\\system\\Debug\\Exceptions.php')
 2 SYSTEMPATH\Autoloader\Autoloader.php(290): CodeIgniter\Autoloader\Autoloader->includeFile('C:\\xampp\\htdocs\\proyecto_espinola_emilia\\app\\Models\\producto_Model.php')
 3 SYSTEMPATH\Autoloader\Autoloader.php(266): CodeIgniter\Autoloader\Autoloader->loadInNamespace('App\\Models\\producto_Model')
 4 APPPATH\Controllers\ventas_controller.php(23): CodeIgniter\Autoloader\Autoloader->loadClass('App\\Models\\producto_Model')
 5 SYSTEMPATH\CodeIgniter.php(915): App\Controllers\ventas_controller->__construct()
 6 SYSTEMPATH\CodeIgniter.php(494): CodeIgniter\CodeIgniter->createController()
 7 SYSTEMPATH\CodeIgniter.php(361): CodeIgniter\CodeIgniter->handleRequest(null, Object(Config\Cache), false)
 8 FCPATH\index.php(79): CodeIgniter\CodeIgniter->run()
WARNING - 2025-12-11 23:15:00 --> [DEPRECATED] Optional parameter $talles declared before required parameter $buscar is implicitly treated as a required parameter in APPPATH\Models\producto_Model.php on line 74.
 1 SYSTEMPATH\Autoloader\Autoloader.php(311): include_once('C:\\xampp\\htdocs\\proyecto_espinola_emilia\\system\\Debug\\Exceptions.php')
 2 SYSTEMPATH\Autoloader\Autoloader.php(290): CodeIgniter\Autoloader\Autoloader->includeFile('C:\\xampp\\htdocs\\proyecto_espinola_emilia\\app\\Models\\producto_Model.php')
 3 SYSTEMPATH\Autoloader\Autoloader.php(266): CodeIgniter\Autoloader\Autoloader->loadInNamespace('App\\Models\\producto_Model')
 4 APPPATH\Controllers\ventas_controller.php(23): CodeIgniter\Autoloader\Autoloader->loadClass('App\\Models\\producto_Model')
 5 SYSTEMPATH\CodeIgniter.php(915): App\Controllers\ventas_controller->__construct()
 6 SYSTEMPATH\CodeIgniter.php(494): CodeIgniter\CodeIgniter->createController()
 7 SYSTEMPATH\CodeIgniter.php(361): CodeIgniter\CodeIgniter->handleRequest(null, Object(Config\Cache), false)
 8 FCPATH\index.php(79): CodeIgniter\CodeIgniter->run()
WARNING - 2025-12-11 23:15:00 --> [DEPRECATED] Optional parameter $categoria_id declared before required parameter $buscar is implicitly treated as a required parameter in APPPATH\Models\producto_Model.php on line 74.
 1 SYSTEMPATH\Autoloader\Autoloader.php(311): include_once('C:\\xampp\\htdocs\\proyecto_espinola_emilia\\system\\Debug\\Exceptions.php')
 2 SYSTEMPATH\Autoloader\Autoloader.php(290): CodeIgniter\Autoloader\Autoloader->includeFile('C:\\xampp\\htdocs\\proyecto_espinola_emilia\\app\\Models\\producto_Model.php')
 3 SYSTEMPATH\Autoloader\Autoloader.php(266): CodeIgniter\Autoloader\Autoloader->loadInNamespace('App\\Models\\producto_Model')
 4 APPPATH\Controllers\ventas_controller.php(23): CodeIgniter\Autoloader\Autoloader->loadClass('App\\Models\\producto_Model')
 5 SYSTEMPATH\CodeIgniter.php(915): App\Controllers\ventas_controller->__construct()
 6 SYSTEMPATH\CodeIgniter.php(494): CodeIgniter\CodeIgniter->createController()
 7 SYSTEMPATH\CodeIgniter.php(361): CodeIgniter\CodeIgniter->handleRequest(null, Object(Config\Cache), false)
 8 FCPATH\index.php(79): CodeIgniter\CodeIgniter->run()
WARNING - 2025-12-11 23:15:00 --> [DEPRECATED] Creation of dynamic property App\Controllers\ventas_controller::$productosDetalle is deprecated in APPPATH\Controllers\ventas_controller.php on line 24.
 1 SYSTEMPATH\CodeIgniter.php(915): App\Controllers\ventas_controller->__construct()
 2 SYSTEMPATH\CodeIgniter.php(494): CodeIgniter\CodeIgniter->createController()
 3 SYSTEMPATH\CodeIgniter.php(361): CodeIgniter\CodeIgniter->handleRequest(null, Object(Config\Cache), false)
 4 FCPATH\index.php(79): CodeIgniter\CodeIgniter->run()
